transaction_id,label
146559,0.011952
44130,0.0154
186330,0.024848
94174,0.013873
42754,0.021901
29539,0.012083
78283,0.021067
227959,0.014495
85734,0.011646
62281,0.011729
97218,0.013334
130812,0.024934
79205,0.021467
236873,0.016496
72413,0.017639
167589,0.016608
189812,0.011691
84140,0.016361
46799,0.015455
85574,0.015328
23364,0.015858
72659,0.021103
23839,0.016139
129247,0.015123
181451,0.012854
195334,0.017733
96480,0.017022
239065,0.027227
185164,0.01752
204849,0.015606
217366,0.01656
86375,0.020704
92363,0.014853
123004,0.016955
177771,0.022047
238771,0.016441
228989,0.017933
142960,0.013607
80474,0.016323
137844,0.013649
189797,0.012914
78559,0.013032
142724,0.017928
111711,0.014294
163791,0.017686
205748,0.0132
9495,0.011352
76725,0.0149
248637,0.013743
96652,0.018498
192025,0.019659
99498,0.011194
40537,0.019008
15009,0.01681
76557,0.013099
144675,0.015264
139032,0.014733
52932,0.013804
45410,0.018602
221434,0.018643
164403,0.013567
75304,0.018557
179473,0.013058
46275,0.012308
13686,0.015244
196307,0.020317
178244,0.01394
116960,0.013187
80281,0.023399
173878,0.012092
191190,0.022256
200652,0.018979
6041,0.021512
114373,0.0179
211023,0.017198
67456,0.014812
107479,0.017526
65871,0.019712
107029,0.014589
45706,0.015364
183951,0.023287
116793,0.020773
191028,0.020785
101247,0.013014
221998,0.013436
178997,0.02064
210617,0.017158
52486,0.017739
124363,0.018079
7524,0.016348
64776,0.01631
142791,0.00937
13505,0.019383
134005,0.016039
162540,0.019213
220589,0.013449
46209,0.008938
21687,0.01479
245122,0.021205
164694,0.016264
96893,0.013136
162193,0.015997
203135,0.015857
208843,0.012524
195543,0.016462
223897,0.016123
48535,0.015759
51949,0.02385
86620,0.02368
69918,0.015304
95222,0.016332
149984,0.015077
35533,0.020791
175595,0.018459
54678,0.018422
153413,0.01618
214886,0.019807
46762,0.009719
60166,0.019174
18126,0.014572
212100,0.024995
27639,0.019578
185427,0.012362
3552,0.021078
176849,0.014236
20993,0.022072
3956,0.016691
138017,0.015436
70997,0.018242
123973,0.012024
40509,0.020106
117264,0.022455
92512,0.019315
51049,0.013037
104231,0.010914
56511,0.016816
203003,0.029739
75099,0.014707
145793,0.016337
85201,0.018754
195337,0.012609
134567,0.021311
89954,0.012179
155265,0.016891
30991,0.011061
129556,0.01713
239265,0.024067
95581,0.01376
2819,0.017082
142673,0.016884
63466,0.012505
179660,0.015452
33641,0.024166
24926,0.009415
22622,0.015405
137891,0.01169
8714,0.015596
50386,0.025631
42679,0.014554
205307,0.012025
17906,0.020403
131308,0.015418
151165,0.012655
187006,0.012736
101004,0.014273
30039,0.018385
79805,0.015227
237080,0.01217
131953,0.014573
32295,0.01206
204823,0.015806
155808,0.013208
46198,0.016783
190297,0.01347
12645,0.015803
4469,0.029306
7566,0.011036
7281,0.012454
101417,0.011286
22961,0.010491
232513,0.015529
155684,0.013991
156464,0.01353
55033,0.0157
193911,0.014609
174837,0.008305
54167,0.017814
138179,0.01907
54273,0.017186
85922,0.015998
120202,0.017856
22807,0.018734
66210,0.023344
35582,0.021755
58193,0.019402
159059,0.017558
119989,0.018177
242476,0.01377
24435,0.016133
78831,0.019688
140821,0.022892
159634,0.012618
146910,0.020177
125217,0.024865
75024,0.016221
123388,0.02859
36257,0.02206
81902,0.019306
62908,0.009649
225542,0.01925
138428,0.019352
102619,0.020788
45708,0.015681
101594,0.024571
110653,0.017571
93192,0.012822
158337,0.019075
77301,0.009032
54249,0.013218
40081,0.014759
161623,0.015538
72358,0.021802
187121,0.011639
69885,0.015301
187425,0.013633
136402,0.011314
9710,0.014148
229135,0.017671
98580,0.018118
47860,0.015731
128409,0.016464
80084,0.019836
114244,0.011101
177738,0.022809
2152,0.01177
78960,0.016518
134397,0.018004
83375,0.011525
55533,0.018351
97231,0.018368
171394,0.021009
105701,0.015856
43484,0.016908
239107,0.015104
204242,0.013918
143020,0.012848
156953,0.019939
121392,0.014006
98372,0.015666
236428,0.021069
205173,0.01652
163744,0.019623
102939,0.020485
16553,0.014047
8572,0.00957
54799,0.010969
57186,0.019841
93374,0.016738
67437,0.012967
114427,0.014652
193303,0.021045
164571,0.013141
171387,0.012744
115804,0.015194
31624,0.014281
150093,0.018291
45798,0.014251
174103,0.018866
64635,0.017001
81362,0.01595
63659,0.01102
129521,0.009729
114378,0.017096
154042,0.017156
65668,0.016685
211494,0.016527
174682,0.011708
15968,0.018806
126833,0.016517
144993,0.014213
197355,0.018945
36213,0.018124
79698,0.031019
143188,0.014172
128349,0.015478
45612,0.016451
90269,0.017018
131035,0.013621
130048,0.018729
179497,0.017872
213455,0.017611
138521,0.013455
200906,0.019263
7799,0.016391
24017,0.015863
3312,0.020643
207653,0.014512
155063,0.016377
130715,0.017584
213558,0.013499
150918,0.014129
111742,0.015772
91607,0.013339
176510,0.018763
119718,0.0199
102449,0.018245
18273,0.019358
21471,0.014227
116122,0.017661
61389,0.016339
83670,0.013913
182717,0.009439
146687,0.016092
159772,0.016792
181214,0.012785
177964,0.010891
118919,0.013837
8369,0.011662
146904,0.017
190860,0.013046
36879,0.018163
60362,0.020191
14790,0.024658
59402,0.015001
234252,0.018213
242402,0.015034
118166,0.017143
151858,0.013062
172907,0.018043
41640,0.01733
106270,0.01498
212057,0.018992
183854,0.016493
125583,0.012041
183986,0.021879
248244,0.017321
39431,0.011846
65830,0.01614
65503,0.018894
165292,0.012518
190541,0.0147
91573,0.016603
193229,0.012913
146953,0.013476
108165,0.015833
69711,0.010532
208397,0.022419
110247,0.022084
183042,0.010621
193307,0.022879
90434,0.012335
245938,0.021656
222529,0.019598
60943,0.01465
130951,0.019723
176321,0.018505
24660,0.009274
119940,0.017297
222653,0.017637
224820,0.012866
115703,0.012545
241046,0.010077
94343,0.018945
228359,0.018811
55555,0.012811
91495,0.019799
162774,0.019634
23365,0.015768
87659,0.018531
145691,0.013857
72862,0.018121
81725,0.017172
223544,0.016215
745,0.01782
69531,0.017617
106701,0.012891
182673,0.011315
54571,0.016672
69295,0.017663
137826,0.016572
68207,0.016634
7636,0.019881
86154,0.016138
98820,0.017354
16155,0.020981
54667,0.019891
215262,0.020675
120445,0.015213
234919,0.015623
79262,0.016647
238935,0.01789
217997,0.013124
14451,0.012565
172268,0.015119
203181,0.017973
236751,0.016167
241196,0.018819
180678,0.012515
188966,0.017781
149655,0.013439
13079,0.024822
102404,0.017386
75768,0.014394
155879,0.019273
136383,0.012301
235478,0.012234
70957,0.014016
42944,0.014264
91484,0.017755
61354,0.012358
81647,0.014155
12035,0.018696
176357,0.026905
245230,0.023699
12192,0.021423
215330,0.019282
35579,0.023785
221902,0.020884
169113,0.014364
99788,0.015166
222292,0.01256
23986,0.024362
32851,0.015844
127968,0.01086
202418,0.015299
244732,0.020832
2108,0.017766
44448,0.010666
117300,0.018316
176878,0.015036
155435,0.017974
210769,0.012604
44007,0.011446
7824,0.020188
193300,0.018033
230250,0.021209
124795,0.015739
176055,0.015515
203757,0.012847
4098,0.015227
203861,0.016446
80499,0.019406
111599,0.024743
48157,0.01123
155707,0.015664
139455,0.01968
13663,0.021987
133241,0.022351
166781,0.016174
174921,0.009339
77378,0.016759
211477,0.014834
169263,0.020209
75588,0.014037
17242,0.015133
72498,0.025976
234364,0.016638
165939,0.013795
74096,0.014292
16797,0.014835
209258,0.014678
109774,0.016637
75431,0.013346
15078,0.021584
219537,0.017697
8736,0.015609
78127,0.018113
150372,0.014334
150197,0.013198
2917,0.015927
186408,0.019208
122726,0.014092
67120,0.018649
147222,0.020586
102574,0.011673
108864,0.012388
84516,0.0146
111079,0.025965
50011,0.02486
58667,0.015849
160266,0.019124
99536,0.012787
62966,0.013899
72212,0.019531
225564,0.018258
87452,0.015471
170076,0.024766
59702,0.010892
177499,0.020328
89342,0.024148
244217,0.017349
159357,0.01542
14030,0.019221
18958,0.020471
119564,0.011139
233858,0.01619
2849,0.0187
88789,0.017039
186088,0.019192
158682,0.013849
142574,0.015036
41931,0.021861
32689,0.017775
203149,0.015587
216813,0.014652
219977,0.018168
225864,0.013531
25003,0.011067
35671,0.018822
155235,0.020711
56541,0.024952
200655,0.022046
164948,0.013809
21593,0.011291
165367,0.020769
39140,0.014088
84726,0.014406
61041,0.014989
137718,0.011806
70249,0.013268
174090,0.012159
139345,0.017161
204603,0.012768
67772,0.0147
96091,0.012288
111328,0.019762
175256,0.012891
181032,0.011817
10674,0.0116
242475,0.021137
131920,0.015515
114243,0.019872
22476,0.017813
200342,0.020415
101507,0.021452
27986,0.017751
5502,0.02131
239428,0.012601
175957,0.016659
196967,0.01229
246908,0.020162
24662,0.014075
210761,0.010182
228671,0.017032
76649,0.020176
128467,0.013776
46383,0.013018
32022,0.01793
62957,0.011521
167797,0.015626
204300,0.013139
7985,0.016272
80158,0.012805
190086,0.016594
96037,0.017564
188042,0.009907
195804,0.011738
74829,0.017838
76397,0.010853
20655,0.013886
43781,0.023291
224115,0.019928
4259,0.016618
130847,0.013129
45879,0.01698
52728,0.020057
226991,0.015808
111987,0.01843
7657,0.010596
65639,0.014221
3370,0.015497
91455,0.016065
78875,0.019636
159779,0.01093
68246,0.021367
75948,0.010774
5626,0.014347
166816,0.014634
80154,0.019753
114712,0.018964
3154,0.016729
140623,0.020225
193428,0.01461
52331,0.016184
49332,0.018535
212785,0.015908
146732,0.013257
27326,0.015938
109902,0.013513
52724,0.017482
52571,0.013168
96140,0.017784
77168,0.013968
171141,0.018304
214804,0.020618
85134,0.015552
182369,0.014824
139609,0.01695
145156,0.015268
248680,0.01
30630,0.009401
224818,0.020856
181783,0.017472
179316,0.016457
26059,0.012809
38763,0.010575
129479,0.014841
47041,0.016592
184361,0.013774
235131,0.01703
62589,0.010151
215750,0.020173
205975,0.01399
216635,0.010904
230372,0.024781
11848,0.01534
6466,0.023097
4941,0.020692
46737,0.016271
164071,0.023732
242212,0.014325
160039,0.013166
133371,0.012579
122351,0.017388
18282,0.025245
116778,0.019211
202792,0.01961
34021,0.017917
101421,0.018729
23313,0.016238
100115,0.014531
119963,0.014531
128446,0.010813
96887,0.010781
111934,0.015857
130527,0.011095
159324,0.017919
83938,0.020206
74552,0.019143
18090,0.022546
154010,0.019103
41660,0.020836
67237,0.017072
188611,0.018791
61845,0.0206
110578,0.019175
112312,0.013815
202848,0.015057
92774,0.011553
221490,0.015997
12228,0.012078
179526,0.017359
206755,0.014389
43043,0.020306
224249,0.011936
544,0.014957
226468,0.01504
173722,0.016156
53439,0.011645
219773,0.014988
206979,0.019864
51155,0.01409
14281,0.020683
117494,0.021675
126238,0.018289
80522,0.018057
239490,0.021626
69813,0.016374
123297,0.017446
156166,0.01408
126018,0.015663
209270,0.016297
215714,0.021931
122524,0.009738
148701,0.01851
229567,0.018107
124655,0.016195
110194,0.02224
31750,0.018225
150499,0.009437
231660,0.015841
45050,0.015862
143199,0.017069
146460,0.017915
107384,0.019085
177135,0.018359
34294,0.01694
174304,0.014762
101718,0.019516
98568,0.015944
3435,0.015986
90530,0.0169
213591,0.021365
54621,0.010922
160459,0.010254
152673,0.01855
213365,0.011993
151220,0.013877
93754,0.019467
162754,0.01598
236006,0.015352
109256,0.020701
186258,0.014449
20279,0.019023
72883,0.017693
134444,0.014473
226711,0.01505
241822,0.015018
41662,0.022834
26756,0.017798
181637,0.011438
159299,0.013679
46698,0.011175
54772,0.017669
238121,0.024791
225040,0.017083
29986,0.017083
201335,0.017052
136355,0.009466
240089,0.013718
238084,0.012581
136400,0.010087
240513,0.016476
150697,0.017884
29337,0.018924
187348,0.018003
117678,0.017565
27454,0.018644
219041,0.016363
79476,0.017395
233345,0.016027
239179,0.019906
127692,0.014977
115654,0.018057
84110,0.018693
89982,0.013082
90794,0.012098
106427,0.01395
95615,0.023391
193122,0.017881
210701,0.01214
234896,0.017635
5036,0.021993
204346,0.012004
77629,0.020317
191013,0.015838
48983,0.022343
174073,0.01806
35494,0.012713
138563,0.013953
224581,0.021079
18091,0.012755
34353,0.021031
148381,0.018806
74253,0.024422
180662,0.010381
82556,0.016123
4959,0.012106
206044,0.01352
126292,0.018217
230078,0.019956
195791,0.015756
217108,0.016311
43080,0.017758
86864,0.018719
45541,0.020802
60345,0.021
229265,0.022934
89140,0.022285
77166,0.017019
92030,0.018574
238478,0.013931
93239,0.010602
7136,0.015001
42843,0.025816
61252,0.020035
8664,0.012828
105495,0.01401
210783,0.009713
214188,0.015912
243310,0.015285
38923,0.015709
48633,0.017489
129359,0.016696
178215,0.022772
209745,0.016167
93830,0.020572
195127,0.012332
75810,0.013276
1720,0.019518
118934,0.014169
113071,0.021733
210055,0.013036
151760,0.010342
5156,0.014745
114840,0.017852
240497,0.015843
238382,0.014554
21515,0.025188
104574,0.015403
23362,0.023145
121843,0.014365
52798,0.017066
118939,0.014196
79942,0.018735
157467,0.015743
177676,0.018847
241624,0.016529
156014,0.02082
65572,0.022126
249915,0.016667
13244,0.020234
245535,0.014327
182571,0.015429
241141,0.020346
133854,0.012188
35833,0.019768
85954,0.02274
176694,0.02173
166986,0.013666
93118,0.017637
15816,0.010749
120208,0.012846
151461,0.018585
149224,0.018782
71348,0.017668
173157,0.017562
168570,0.020608
185607,0.016719
112056,0.021534
75050,0.014818
77874,0.016471
44446,0.016732
84845,0.015568
104144,0.017803
201222,0.018579
71892,0.019124
238825,0.014013
230011,0.016985
26136,0.01374
168737,0.014661
74937,0.013771
165791,0.01138
188328,0.018032
33447,0.01957
150147,0.015959
196215,0.010555
187228,0.014876
200323,0.019048
125711,0.016181
19679,0.020405
25868,0.013525
204452,0.012753
247128,0.012512
97201,0.014847
85868,0.020207
71677,0.018835
132222,0.015828
127938,0.013512
83891,0.012074
157840,0.013817
31072,0.015154
241178,0.017638
139636,0.020195
182762,0.017886
66731,0.017571
148313,0.017572
237401,0.024975
101661,0.020286
187643,0.014904
163954,0.01691
130681,0.02294
212789,0.020102
51192,0.011846
24090,0.013551
66511,0.013186
200385,0.02074
106590,0.009247
21463,0.017753
226438,0.011284
79321,0.015912
212944,0.013836
12482,0.015983
95777,0.01893
199476,0.02035
18699,0.015428
181142,0.018063
215075,0.016203
98670,0.013739
11207,0.016305
145422,0.011704
200348,0.019105
28382,0.013703
56015,0.020314
127386,0.011958
122491,0.016022
186180,0.019563
62750,0.020525
78797,0.023799
127225,0.016361
241671,0.009892
54741,0.011108
103321,0.023151
45889,0.016041
16604,0.015137
248511,0.010919
187813,0.0167
165901,0.017217
196060,0.01659
191163,0.014614
163546,0.017592
23021,0.01686
203494,0.015477
164907,0.015656
232937,0.013699
171225,0.020503
139610,0.015676
205879,0.014315
177875,0.016465
170179,0.014995
84898,0.01181
63358,0.015664
135921,0.012159
221260,0.017938
58509,0.013928
47323,0.013861
96537,0.020791
100185,0.01493
127339,0.016254
98190,0.018774
170279,0.019133
57918,0.017884
105252,0.017943
83495,0.019233
65958,0.024823
230780,0.020129
87573,0.022105
225652,0.018742
110985,0.015295
38065,0.014975
22500,0.015843
4779,0.023203
27885,0.020743
187042,0.015645
113520,0.014134
111183,0.01255
118814,0.021844
188796,0.009498
173558,0.016953
247256,0.015689
197924,0.019156
94505,0.020496
25072,0.014496
90693,0.014239
156052,0.021943
151483,0.014355
62125,0.017569
74692,0.011089
196836,0.016961
222386,0.020271
237182,0.021572
201824,0.011897
189276,0.018112
80054,0.020516
4714,0.017331
210848,0.009953
245491,0.019817
122843,0.022041
248621,0.017779
59348,0.01627
4848,0.022809
98776,0.014371
124816,0.017939
35101,0.020539
139817,0.017651
126169,0.019248
29906,0.013162
83802,0.010507
134890,0.013684
37842,0.016824
19692,0.023435
225190,0.019817
225709,0.013099
192429,0.021706
188273,0.013193
227119,0.013634
34502,0.021238
246523,0.013322
241517,0.013367
36523,0.012997
125424,0.015759
217427,0.016326
131334,0.022176
52918,0.019798
151380,0.016041
184092,0.016235
93661,0.01927
95328,0.021001
30387,0.017125
248086,0.015124
168746,0.012393
40601,0.015216
239624,0.016296
90554,0.01631
145077,0.010612
100932,0.015595
187970,0.018755
77871,0.019262
202987,0.01206
240213,0.012996
210862,0.017879
161095,0.019128
191271,0.018258
226370,0.012818
202442,0.012725
152216,0.010963
232003,0.013186
135218,0.010292
31204,0.011919
121914,0.012643
52391,0.01781
98877,0.010186
156521,0.011629
226131,0.014478
10949,0.017044
121468,0.014279
220640,0.016828
51430,0.015138
117945,0.019432
200658,0.020321
131378,0.015659
134914,0.01791
66959,0.014608
90367,0.018096
119499,0.022048
26708,0.011959
15452,0.019564
51478,0.017833
249086,0.018943
196793,0.016684
147341,0.020388
249837,0.016041
72038,0.021029
143463,0.014447
30794,0.018149
135068,0.014329
223663,0.015069
165646,0.011485
9221,0.015835
63688,0.018129
34385,0.020866
183395,0.019334
26320,0.0187
196556,0.01457
213497,0.019983
200332,0.013267
91692,0.016438
144874,0.014206
126264,0.016145
199860,0.016272
224906,0.017909
1390,0.012903
12689,0.022395
53978,0.015122
157118,0.012585
2285,0.017149
191426,0.019531
147608,0.016189
90999,0.011503
65421,0.012969
247426,0.015124
10788,0.016437
206137,0.01763
204168,0.015508
48258,0.017123
247977,0.016065
13351,0.012493
19341,0.016245
79752,0.016923
109833,0.016017
130515,0.016988
133800,0.01704
96895,0.013776
225424,0.013956
213601,0.010315
202979,0.024526
82661,0.013839
78577,0.021031
101650,0.016673
153499,0.016272
62964,0.012376
33057,0.010006
27722,0.015863
106623,0.011967
222947,0.01384
176642,0.021806
93520,0.013706
164080,0.011332
192842,0.020665
194830,0.013385
42055,0.02157
214285,0.015782
108845,0.020782
105878,0.012708
172125,0.01417
125521,0.010762
157443,0.020971
53465,0.017391
227597,0.010045
192497,0.016626
242977,0.016658
66158,0.020774
132981,0.018788
171967,0.012452
3818,0.016161
179677,0.020064
244446,0.022212
126765,0.015663
134901,0.019756
15166,0.013003
49998,0.013866
230140,0.021595
12125,0.019377
127543,0.019451
192485,0.021756
155180,0.019758
227824,0.018385
3927,0.013841
217217,0.014218
134091,0.019251
228325,0.015922
132694,0.011689
178284,0.017193
100279,0.015028
100138,0.019705
171326,0.019404
52651,0.014763
183548,0.016963
44175,0.012309
229932,0.015422
190835,0.012697
160527,0.022012
165854,0.011184
228809,0.015003
15843,0.012295
67610,0.019438
150928,0.015289
192545,0.020484
163940,0.02325
85332,0.013937
237413,0.015124
79320,0.020583
17183,0.012094
230549,0.020129
56318,0.0136
236301,0.01553
37232,0.010414
171610,0.023651
109146,0.015948
219548,0.017698
171520,0.017478
149176,0.015912
21922,0.016589
119792,0.016633
85092,0.014681
55325,0.021891
167289,0.013813
192001,0.010694
94874,0.019719
185875,0.018814
181928,0.01358
65625,0.020132
11469,0.016597
227420,0.017876
153797,0.024934
245805,0.01551
226596,0.014793
30690,0.013365
155627,0.01334
321,0.015271
206244,0.014912
84275,0.016535
229010,0.012893
91435,0.017511
52702,0.016625
140042,0.019626
12090,0.02163
55917,0.018983
67711,0.01664
45682,0.015522
211869,0.014546
31544,0.01389
85238,0.011692
96214,0.020796
234087,0.010627
1538,0.015945
1437,0.017091
97182,0.020911
178894,0.027065
48646,0.014681
190927,0.01701
34799,0.017993
6343,0.015887
218951,0.017218
54660,0.013832
220805,0.010198
233251,0.013193
41300,0.014038
245354,0.01527
190857,0.017415
109747,0.021552
111296,0.014745
69952,0.015858
218919,0.012556
121301,0.012083
55151,0.01209
80279,0.018527
33216,0.015455
92068,0.012704
149262,0.020105
246925,0.016496
110641,0.016339
172955,0.01509
45243,0.018174
153953,0.016161
123929,0.02159
24834,0.01736
122417,0.015591
118588,0.012874
74832,0.017866
58215,0.011309
170455,0.025862
198320,0.020324
102179,0.017918
91524,0.017706
118574,0.018117
249922,0.016494
196888,0.009504
18277,0.015309
90616,0.014644
243437,0.017788
104399,0.014579
234697,0.016322
239251,0.018968
246219,0.015963
191843,0.014391
18895,0.012131
56039,0.009818
30031,0.015079
233006,0.013513
174121,0.01429
154043,0.017786
78837,0.019342
9111,0.020147
175479,0.017792
230157,0.014524
120452,0.012595
69846,0.009828
153392,0.020409
219602,0.012721
173507,0.014041
155735,0.022231
118811,0.020265
52787,0.01488
146161,0.020853
111572,0.017396
162406,0.021753
15802,0.009401
230400,0.017929
114909,0.018069
166203,0.013472
24730,0.017166
103172,0.02034
179876,0.018796
147336,0.024361
19401,0.010998
105119,0.016561
237667,0.027561
92780,0.012051
204557,0.0149
229306,0.011883
71610,0.029172
10893,0.018429
14382,0.020982
245116,0.01391
22282,0.014997
105512,0.018454
159522,0.019761
170411,0.015428
19273,0.016194
2565,0.012257
228552,0.01448
1351,0.012684
107240,0.021175
13928,0.020355
180146,0.015644
188119,0.017631
51108,0.012088
142193,0.019688
168833,0.018596
96722,0.01716
50104,0.02633
239128,0.018625
209494,0.014177
249805,0.015763
191629,0.017864
27627,0.019024
210755,0.012483
33480,0.020386
43233,0.021802
242639,0.013441
50631,0.012945
242513,0.016051
133839,0.019905
155145,0.024413
74312,0.017443
29177,0.013961
116962,0.022711
234234,0.011558
43389,0.014553
16563,0.016382
14446,0.020859
44227,0.017777
100887,0.01916
67202,0.018396
238455,0.017605
128545,0.013959
54386,0.014715
32090,0.013977
20851,0.013792
79024,0.020683
108600,0.013876
190795,0.013637
62280,0.014959
227739,0.017901
3037,0.02164
95820,0.012479
215984,0.016241
28349,0.014616
78182,0.010193
104609,0.01591
115361,0.012315
139025,0.016704
46570,0.013312
141978,0.011638
222467,0.018769
212175,0.015029
17749,0.014297
98728,0.017095
51763,0.019945
236538,0.018358
191533,0.018251
103089,0.013176
61592,0.013251
83838,0.018378
73920,0.022508
203603,0.013268
135063,0.017209
132717,0.021368
74369,0.011531
207413,0.022077
189897,0.016002
175073,0.014807
73125,0.02019
138234,0.013882
209529,0.016071
34163,0.017772
108891,0.020165
78552,0.01472
155622,0.017155
74886,0.018086
176298,0.015719
219595,0.013876
32862,0.012496
232905,0.019574
135332,0.016367
220395,0.011277
14424,0.016813
237797,0.020871
93856,0.024085
106700,0.014068
121485,0.011854
141004,0.016854
138208,0.013668
227257,0.017841
158765,0.018024
84159,0.017189
55431,0.012663
79639,0.018806
243903,0.020447
73801,0.019612
211415,0.011459
115920,0.015993
86493,0.011098
186838,0.019105
146723,0.019583
11625,0.020481
41875,0.021783
118750,0.019652
213629,0.019188
107671,0.018659
139101,0.01843
52577,0.018321
110570,0.014391
168079,0.014558
127671,0.017161
62323,0.010665
127646,0.01703
211579,0.020306
32803,0.012109
173005,0.014542
146342,0.012644
59802,0.018695
232390,0.019449
136636,0.018439
124238,0.022571
221023,0.023305
112728,0.012494
42499,0.018774
241167,0.013569
217317,0.021895
11811,0.020389
231648,0.016779
190412,0.018484
189287,0.019668
57768,0.014477
163740,0.0163
118557,0.023369
154575,0.021934
78511,0.016365
130869,0.023035
103065,0.017234
188121,0.016326
246701,0.01613
153875,0.018563
162142,0.019813
79515,0.015175
20183,0.021467
94844,0.017457
20766,0.015227
49664,0.014483
17877,0.013864
238090,0.020237
232296,0.016372
84143,0.016117
90102,0.016879
217890,0.01322
47918,0.020707
38068,0.015137
224344,0.01428
91352,0.012771
119927,0.013563
213233,0.013494
249232,0.016276
141177,0.015631
30477,0.012006
25031,0.01488
151279,0.012947
167116,0.015973
180446,0.02371
175094,0.01744
160365,0.014453
55110,0.011724
64057,0.021774
4537,0.01511
239218,0.018071
58389,0.015967
162964,0.025759
183693,0.017647
235402,0.01049
190696,0.016945
40235,0.021445
208156,0.023247
49908,0.018836
89936,0.015772
71964,0.019333
159808,0.023112
178390,0.017137
137884,0.016847
8991,0.014722
41733,0.02283
125,0.017845
195520,0.015295
183666,0.022476
155978,0.017552
123713,0.011804
52638,0.016496
90364,0.013956
227804,0.014148
80938,0.018758
142041,0.01302
63925,0.011007
79145,0.014001
96052,0.014196
53379,0.015121
83085,0.018306
225762,0.011947
119286,0.017922
76880,0.013015
38661,0.010842
201838,0.016447
79963,0.018498
33466,0.012021
126739,0.025393
238224,0.014522
49547,0.01723
109030,0.019026
244374,0.011941
130557,0.017782
81799,0.015025
126872,0.01257
35218,0.015369
974,0.019215
136479,0.01362
98230,0.014253
43539,0.01647
174156,0.010241
216856,0.015393
86167,0.017107
111136,0.0219
4728,0.017949
195170,0.02571
153868,0.016132
183035,0.01536
20730,0.015979
183694,0.015579
42427,0.021984
25286,0.017244
34374,0.019637
82747,0.015975
195023,0.014962
248676,0.018926
72639,0.022731
72720,0.021618
224205,0.020637
62353,0.013106
8458,0.017209
203371,0.009532
241940,0.014347
7016,0.017465
70564,0.017538
117290,0.01358
965,0.01506
42236,0.015785
21525,0.020061
100370,0.013987
105172,0.009826
129148,0.018379
212418,0.010851
5041,0.023293
107608,0.015018
24056,0.014724
166817,0.012323
185585,0.021772
141335,0.021324
2045,0.012274
6163,0.030447
186423,0.022263
108460,0.019442
223476,0.021356
10612,0.014789
201400,0.020697
51597,0.014241
67705,0.015189
117514,0.016648
163625,0.024161
155529,0.026127
98110,0.012426
195222,0.01803
28140,0.018765
236471,0.020394
230946,0.021874
169874,0.014114
206559,0.020942
78624,0.013527
4303,0.015381
63275,0.012289
5014,0.025822
108793,0.020583
130449,0.019249
203125,0.021213
218154,0.015352
178619,0.016591
40005,0.013648
241303,0.010466
143597,0.015269
44098,0.015403
228280,0.018047
122688,0.017853
126783,0.015117
172333,0.019363
119093,0.016127
234092,0.015104
168547,0.014013
204650,0.009761
160134,0.016018
108427,0.017062
232646,0.020018
47850,0.018567
159699,0.015221
70439,0.018133
99913,0.019522
188841,0.015145
158393,0.01364
210582,0.020599
3326,0.019813
246166,0.026332
215224,0.013202
187365,0.014967
224834,0.01762
86910,0.014458
80699,0.013208
249567,0.018108
216826,0.023544
124534,0.015585
8085,0.023064
242257,0.013204
135533,0.011476
191462,0.012347
144839,0.015426
229599,0.018932
111659,0.013092
94741,0.022882
167591,0.010974
73830,0.018535
238443,0.020682
40238,0.010309
71963,0.017992
241219,0.014539
127335,0.022206
66459,0.021043
74799,0.014945
248368,0.016322
184187,0.015988
114131,0.013553
1403,0.015329
51774,0.019639
152436,0.016961
201571,0.02411
117712,0.021865
211684,0.016486
243218,0.017657
223877,0.021397
17967,0.013355
67047,0.015003
224937,0.017563
51270,0.019005
221017,0.010901
44873,0.012443
152525,0.012477
16442,0.01207
206312,0.017909
181459,0.011776
145941,0.015845
95677,0.018477
157067,0.015786
161437,0.01213
115280,0.01486
249726,0.011991
75478,0.015686
185302,0.022792
4638,0.016632
34109,0.015844
113306,0.01641
56527,0.019028
9234,0.012539
164876,0.015775
50583,0.015319
8859,0.021615
241520,0.014462
70470,0.011659
61118,0.016893
128846,0.009684
100846,0.019026
49412,0.01592
128154,0.017935
168839,0.020666
133990,0.021667
1451,0.015038
135672,0.012941
45321,0.013598
156270,0.018148
165261,0.011563
245852,0.024969
187089,0.016757
9380,0.018293
174923,0.014099
2213,0.01653
153230,0.02069
197093,0.019284
110520,0.018499
47776,0.013828
213019,0.013643
177953,0.01675
65149,0.018931
189341,0.014454
241752,0.011051
150923,0.025668
224088,0.024357
115548,0.011054
241744,0.011987
152359,0.011699
111791,0.02186
205299,0.015271
139227,0.015714
52686,0.012167
179712,0.015233
186083,0.015644
232020,0.024368
59558,0.015024
94270,0.019353
243406,0.016916
143168,0.019374
177723,0.024786
202495,0.016112
161036,0.014228
193621,0.01723
126702,0.017149
121807,0.010332
51684,0.018174
160771,0.01344
224777,0.020692
145417,0.015915
121052,0.015614
132198,0.015506
3963,0.018232
225086,0.012924
132187,0.021379
116767,0.022625
199203,0.013975
22869,0.014248
75951,0.016937
208716,0.01474
228082,0.013569
91578,0.016076
116313,0.018958
1497,0.018164
874,0.016789
99337,0.011491
176952,0.014425
230,0.018994
108326,0.020187
157696,0.02136
157144,0.017039
121362,0.018659
117325,0.022109
129495,0.013402
223365,0.017207
10338,0.017778
111523,0.010638
166379,0.020125
248752,0.017685
160249,0.014238
73933,0.01389
108815,0.025244
176365,0.012857
85007,0.011308
134163,0.012356
231405,0.023278
148489,0.025432
163074,0.022477
200072,0.02045
240386,0.014184
93459,0.019584
167952,0.015212
107868,0.015039
73432,0.018502
108831,0.019067
70703,0.021719
112673,0.017556
156561,0.019693
100090,0.018417
25438,0.014798
221368,0.01775
34232,0.019412
119247,0.018821
181099,0.020945
136906,0.016794
52128,0.020708
214303,0.019689
162346,0.02211
74719,0.015739
60679,0.010328
37773,0.016231
185366,0.013123
112565,0.011389
107258,0.011563
80321,0.021199
106501,0.016165
18171,0.010774
10605,0.015718
194769,0.01537
159381,0.012831
53396,0.012725
109360,0.01793
153448,0.015146
184280,0.022585
90130,0.017102
155243,0.01869
143553,0.017964
162511,0.0206
149541,0.014726
224985,0.011832
198913,0.019366
114180,0.012515
102354,0.020598
208309,0.019278
163556,0.019895
73292,0.011259
45774,0.019911
233218,0.019729
105182,0.00974
199090,0.011352
219674,0.017445
196163,0.015104
82983,0.011804
69247,0.01574
123177,0.016442
98062,0.021257
168090,0.013577
187052,0.017931
242594,0.014071
168868,0.020455
211327,0.016661
69157,0.018224
892,0.013669
240015,0.017136
204466,0.014905
164053,0.021859
108939,0.021099
212014,0.011568
94226,0.01225
175339,0.014512
3455,0.016295
226894,0.013598
240609,0.020864
236608,0.018759
93724,0.015405
181175,0.015719
78485,0.012028
146659,0.017218
91367,0.018637
216861,0.02162
142375,0.011343
115955,0.019204
111106,0.020804
27217,0.016213
226509,0.01288
158063,0.011892
81306,0.019138
243629,0.017806
122026,0.014159
189254,0.013978
121427,0.016422
31788,0.015765
85875,0.02138
206411,0.02102
182224,0.016858
94745,0.021557
83996,0.016429
222821,0.021582
63354,0.010252
143649,0.015546
99686,0.013808
224887,0.018941
158304,0.017128
159100,0.012889
157242,0.017
22629,0.015808
55980,0.022941
222371,0.018864
8590,0.016332
141682,0.020984
89436,0.015693
60981,0.018116
136822,0.012797
225483,0.016121
7230,0.020905
203966,0.01597
125405,0.014488
17949,0.019177
155103,0.01853
164935,0.014049
140877,0.020002
156103,0.021264
85343,0.010941
228361,0.01665
158089,0.014448
130032,0.010922
134514,0.015882
244213,0.017634
94978,0.019979
90690,0.013057
216066,0.016625
216342,0.018617
69387,0.015957
144695,0.010465
69296,0.015749
232940,0.026832
114649,0.021062
227157,0.009337
142753,0.012787
225766,0.020516
134,0.022149
101660,0.01407
243252,0.020004
164206,0.015885
205739,0.015174
115582,0.019065
180917,0.010983
237451,0.019265
34587,0.022356
234397,0.018287
209092,0.014542
12641,0.023364
12845,0.018544
189729,0.011878
179563,0.013542
203948,0.016812
2921,0.015414
55032,0.011339
149622,0.013667
63370,0.011742
129597,0.013698
218381,0.017807
156491,0.01934
183578,0.016431
224460,0.019438
224240,0.021849
29857,0.013575
187202,0.017396
88077,0.020339
140852,0.017214
114260,0.013246
144915,0.015946
202379,0.01446
84795,0.016665
27604,0.012611
205545,0.015669
15676,0.010911
65169,0.017237
38812,0.017476
16316,0.009485
183369,0.013302
86700,0.014274
133350,0.01616
224757,0.011906
240985,0.017439
131252,0.023782
227166,0.014336
198614,0.013151
234865,0.014457
247699,0.021168
55341,0.017971
51553,0.019259
301,0.017345
124652,0.014704
95713,0.015112
5238,0.02329
20250,0.023209
124041,0.011984
241315,0.014657
100231,0.010874
38108,0.018157
134526,0.011836
6654,0.014932
195961,0.019376
91180,0.013268
240115,0.015996
82311,0.015426
100353,0.017652
55585,0.019023
112235,0.020133
114737,0.01533
186389,0.017255
77962,0.013843
15687,0.016759
69741,0.014994
43847,0.021233
117379,0.019845
28663,0.016351
79375,0.012887
13813,0.015807
38951,0.011459
47833,0.016796
169521,0.0207
132617,0.016056
105347,0.018375
135399,0.013818
130125,0.015886
106658,0.018167
85449,0.012566
102256,0.016204
212529,0.014947
241618,0.015927
46574,0.014002
221189,0.016517
234956,0.017918
180949,0.013487
70261,0.018411
26770,0.021969
146713,0.019785
19827,0.023146
25252,0.016631
169535,0.019258
121926,0.016385
69482,0.018837
118691,0.013657
132305,0.02143
188521,0.0189
135133,0.014007
111242,0.021491
184951,0.018232
104989,0.016265
164286,0.017754
108334,0.02068
218869,0.010517
13616,0.023326
239841,0.012117
141385,0.01533
80992,0.013732
80509,0.020289
16920,0.02033
116819,0.011106
60321,0.016891
223320,0.014164
147787,0.014707
106698,0.015754
244303,0.018039
187985,0.013653
73466,0.017493
249830,0.017126
203027,0.010233
217203,0.01764
35394,0.017161
22820,0.015529
227262,0.010958
15695,0.015181
56274,0.012586
133963,0.014601
170397,0.017261
122651,0.014106
237328,0.018807
163038,0.021221
117065,0.011613
73218,0.019507
125603,0.02789
13003,0.017795
138986,0.018265
66749,0.014005
40432,0.015575
9736,0.019341
102388,0.015714
186877,0.017558
213022,0.018882
76599,0.0145
198461,0.013051
126185,0.018681
64695,0.021599
53405,0.014027
50285,0.013212
94538,0.02102
199423,0.023635
46058,0.013875
8900,0.010955
31167,0.015092
133433,0.017035
87952,0.016919
99132,0.014464
212201,0.020304
218769,0.018826
115338,0.015602
64203,0.019637
8617,0.017266
91021,0.016943
205548,0.014753
23656,0.014146
237119,0.024534
125966,0.01224
14202,0.017929
50272,0.020299
195674,0.017731
71007,0.015637
106853,0.013957
34332,0.018515
182660,0.016475
112362,0.015436
114409,0.021331
105838,0.012104
137028,0.020152
62584,0.012398
247214,0.021469
55186,0.018073
201365,0.014358
80779,0.016121
130051,0.010339
98260,0.01012
217691,0.012168
109459,0.011713
74898,0.011828
169151,0.020368
150128,0.011405
127307,0.016715
88285,0.013689
40888,0.017033
7689,0.018484
5866,0.0171
4323,0.023039
201378,0.016088
10426,0.016911
30906,0.010536
155270,0.022269
157422,0.013978
249122,0.014975
101853,0.018238
191756,0.015321
116260,0.018523
247444,0.015613
58608,0.016909
86660,0.016403
37328,0.020362
34833,0.016123
228893,0.010915
167829,0.016933
144133,0.025824
29697,0.019779
138173,0.015475
131784,0.017897
115925,0.017876
223065,0.019298
164181,0.01891
201575,0.014751
15082,0.01002
107385,0.014586
178970,0.015867
58575,0.018679
227730,0.01785
52917,0.011182
83116,0.020246
75609,0.011632
36409,0.01914
205812,0.010533
90352,0.016097
40603,0.014383
157977,0.013241
197095,0.019279
100787,0.014028
56588,0.013303
247511,0.012653
178330,0.019645
105239,0.017546
45408,0.011551
6754,0.016902
23787,0.008869
130093,0.019619
78737,0.021645
234909,0.012671
34951,0.016325
29021,0.016446
972,0.017003
133642,0.020961
22865,0.012289
144658,0.009655
57967,0.017217
121079,0.019769
238426,0.01631
239847,0.015093
168501,0.016389
33855,0.021885
116117,0.017818
246664,0.025904
95195,0.020845
144190,0.014214
119551,0.02504
96001,0.022389
130584,0.013342
212952,0.015966
45275,0.022877
214440,0.025313
165991,0.012122
195490,0.015609
38321,0.020456
243061,0.017924
183287,0.018201
213359,0.016027
191901,0.017313
160787,0.014482
199784,0.020174
51160,0.019229
5556,0.016133
23524,0.010591
162452,0.018914
10293,0.015278
225070,0.015816
187588,0.015385
112862,0.012432
134809,0.010006
93223,0.018324
175148,0.018695
139214,0.017929
228191,0.015198
76103,0.015108
5682,0.016537
82264,0.022443
51630,0.014931
167361,0.016157
205412,0.014391
205050,0.018451
39357,0.015241
228497,0.0218
83360,0.009925
89564,0.014911
202768,0.010503
200936,0.019727
212396,0.01086
245347,0.017451
19304,0.016695
26084,0.016271
95623,0.019681
108672,0.018568
219675,0.013049
196875,0.017486
195668,0.019255
73930,0.011965
115156,0.010762
52848,0.016163
109210,0.015248
58463,0.011959
37,0.013782
231446,0.014536
46164,0.015766
34944,0.018749
115209,0.014275
231058,0.019269
187048,0.017516
162746,0.012977
30375,0.013131
217447,0.015539
211717,0.021234
82076,0.009311
248657,0.013404
61794,0.013257
65289,0.016176
24432,0.013475
113832,0.017741
173646,0.015771
249535,0.018768
108235,0.019894
210696,0.015007
225053,0.020608
16871,0.020318
124174,0.021603
20017,0.014492
41136,0.018502
208424,0.012286
4377,0.016486
104799,0.018716
99968,0.013806
17698,0.015883
8989,0.017876
217628,0.016182
174487,0.013294
138615,0.015939
70793,0.015613
37908,0.02904
40199,0.016158
123167,0.018394
113406,0.012879
2530,0.013835
204113,0.018322
29828,0.0119
2583,0.022682
246642,0.012621
60414,0.016984
36502,0.022608
19839,0.014344
206661,0.021694
62129,0.01367
109144,0.016237
22440,0.015102
109065,0.02543
79279,0.017997
50281,0.02047
30908,0.012977
115376,0.021796
150166,0.012051
72782,0.018461
55878,0.020962
47683,0.018949
91185,0.014649
1299,0.016946
149483,0.015727
4692,0.022332
88468,0.025002
237236,0.020558
110461,0.014398
117688,0.015776
144432,0.018606
45572,0.013189
104444,0.018725
30328,0.018698
235319,0.014559
229494,0.017558
86272,0.018902
240192,0.021795
233732,0.020326
58605,0.019557
121130,0.019775
25200,0.016025
100834,0.015289
126324,0.013603
232192,0.022902
93936,0.021956
18192,0.013057
10736,0.014359
177530,0.023296
106869,0.013377
235321,0.011037
113764,0.013277
12886,0.0165
161111,0.011452
101891,0.017909
110901,0.014364
132080,0.01715
132456,0.023275
174031,0.011119
189766,0.01485
72102,0.019821
142771,0.01678
56493,0.014255
144088,0.016088
2625,0.014131
240041,0.017894
103418,0.010165
104782,0.016817
100841,0.021277
152008,0.013088
157477,0.011401
25669,0.018484
223880,0.019598
171108,0.026314
9265,0.018522
31970,0.015003
34373,0.022061
227688,0.015887
139699,0.016468
110691,0.021597
85330,0.018045
31718,0.012981
139024,0.013386
218954,0.01295
136674,0.01171
25225,0.023219
69717,0.019212
239603,0.015456
19584,0.017261
6337,0.016473
41036,0.018217
191474,0.012647
6224,0.024206
94035,0.024193
121602,0.015802
47127,0.017993
170319,0.015832
169269,0.016953
49396,0.021058
54531,0.013345
31667,0.011139
247996,0.018098
199749,0.012334
195661,0.016755
178889,0.010832
101312,0.014369
145020,0.020469
27054,0.015627
200019,0.019512
40814,0.010631
186912,0.032066
51968,0.021043
53183,0.015902
192116,0.012878
219082,0.015662
69081,0.017291
97859,0.016891
214057,0.020532
36467,0.01813
112096,0.010432
205227,0.01725
64559,0.015017
27707,0.016367
211650,0.015559
49175,0.018258
25375,0.016558
8532,0.013713
105231,0.014293
167146,0.01376
242447,0.01339
36764,0.019098
107768,0.017176
83635,0.015627
18013,0.017514
101539,0.024816
121146,0.020867
190540,0.016624
7199,0.01584
85661,0.014648
17276,0.012045
60671,0.01371
118396,0.0123
67105,0.010976
151372,0.013744
147371,0.017971
93175,0.014379
189179,0.016004
90605,0.014649
35655,0.022829
98198,0.015101
129346,0.016458
145681,0.019393
30441,0.020097
240580,0.015439
144163,0.012716
216833,0.018915
15478,0.013717
102755,0.016075
143632,0.014029
186624,0.017718
4950,0.015927
31066,0.015992
238015,0.024176
15535,0.014647
75204,0.020322
97327,0.0162
223559,0.021568
10855,0.015934
81130,0.014221
71471,0.016394
239121,0.014581
130639,0.016946
130398,0.012688
12357,0.022159
32466,0.02106
93637,0.017788
108494,0.024749
93650,0.024212
83545,0.019758
98734,0.012896
109370,0.012251
30229,0.019601
215356,0.014811
153611,0.016117
71051,0.016461
227673,0.011517
198789,0.020168
151886,0.013277
94468,0.020002
130046,0.014869
162038,0.018654
14118,0.015194
240242,0.014896
76683,0.012614
27238,0.022911
209265,0.015801
240892,0.015563
108766,0.018205
208976,0.01952
206010,0.021249
154011,0.018418
62141,0.018483
45630,0.018764
52619,0.016904
19789,0.02069
81033,0.024116
50863,0.020931
185849,0.023624
45079,0.008774
124058,0.021112
215940,0.018657
57553,0.019244
25081,0.012241
57281,0.01749
34606,0.015229
231379,0.023737
85658,0.012875
189487,0.020127
50480,0.011188
69459,0.015319
190693,0.014257
45700,0.017803
153588,0.015794
105869,0.010293
147676,0.025542
145552,0.011648
63556,0.020427
55258,0.016933
124216,0.019164
87070,0.034009
42569,0.022535
212920,0.013005
171822,0.042474
157720,0.012361
89445,0.015299
200274,0.01616
53519,0.012577
17902,0.015012
134876,0.012275
77571,0.0148
212834,0.018555
127545,0.017728
73425,0.021705
86924,0.0144
35971,0.021845
210359,0.022942
84599,0.016329
230042,0.017672
173039,0.019322
170848,0.021202
88632,0.014625
97803,0.017264
20950,0.012247
39172,0.010669
131396,0.01544
248948,0.014597
162331,0.025211
132640,0.017329
5776,0.020848
73350,0.01757
173496,0.016801
48862,0.019556
13742,0.019222
125728,0.020706
202339,0.012616
210417,0.020425
107428,0.014407
182450,0.021789
126639,0.021078
156133,0.014118
99879,0.013137
117523,0.014144
186454,0.013045
150566,0.018762
63661,0.010482
102258,0.020669
168338,0.018059
109041,0.018645
18741,0.01423
89995,0.020409
120176,0.013166
195482,0.011936
188246,0.016802
1731,0.014682
47376,0.012492
221763,0.016321
139891,0.020157
113808,0.013606
117173,0.020038
135870,0.013576
223464,0.020085
160919,0.017284
208401,0.012287
107955,0.016388
207384,0.016612
149992,0.01437
57205,0.023923
110680,0.016654
243409,0.020196
242346,0.014514
81435,0.015893
62802,0.012666
192145,0.020804
48585,0.01177
205485,0.017502
217948,0.019886
199444,0.02013
107416,0.016295
19221,0.017425
33923,0.018006
163708,0.020044
72456,0.018905
68401,0.017744
40547,0.013792
92679,0.017261
106505,0.016553
236403,0.01112
81890,0.021074
76404,0.016122
172296,0.009855
40289,0.017836
232593,0.022344
7561,0.022956
90068,0.018159
217884,0.017849
174749,0.020201
249072,0.016572
223642,0.015307
168056,0.009717
241677,0.012388
61309,0.015554
150607,0.011937
167623,0.019335
176560,0.015394
89586,0.014254
156605,0.014212
152464,0.013874
158491,0.012457
204672,0.01179
41563,0.017573
165438,0.010775
153490,0.012223
64148,0.020887
191199,0.017144
174175,0.014719
47820,0.014557
16732,0.015787
114315,0.010561
16772,0.013499
111326,0.021752
75391,0.014765
131652,0.016829
136096,0.017824
75857,0.017108
223841,0.020481
173465,0.015479
70304,0.017258
54608,0.009501
88891,0.018254
212897,0.019767
146726,0.017117
192868,0.01928
26981,0.015677
200898,0.018753
31312,0.016123
173336,0.016781
221607,0.023743
234514,0.012326
169595,0.021627
17969,0.017201
14605,0.017763
165133,0.014298
174222,0.013407
91981,0.012887
204631,0.016304
243273,0.015115
28193,0.020557
174269,0.016292
142336,0.022269
82078,0.018611
90488,0.01654
86317,0.02277
106831,0.015763
212051,0.010245
136010,0.017543
195141,0.015405
126365,0.024397
128699,0.019302
239962,0.019713
230199,0.016966
137570,0.018624
106086,0.015425
194520,0.01752
84312,0.01568
135262,0.014161
212025,0.012804
188380,0.010099
27868,0.013929
104730,0.017941
165902,0.014007
83273,0.012649
148695,0.014607
66174,0.015682
200361,0.021632
199061,0.012973
118217,0.020294
109603,0.019164
80255,0.021061
193460,0.014493
196,0.022443
182218,0.01349
138245,0.0129
65392,0.020906
54877,0.012162
134748,0.018217
28244,0.016343
132585,0.015325
77680,0.017732
94110,0.022133
220048,0.018576
53908,0.012344
219958,0.014231
68863,0.019074
50527,0.016624
99551,0.01654
161613,0.0201
81481,0.022282
143838,0.013958
229319,0.024227
16610,0.016448
198882,0.015507
19308,0.016631
78253,0.019104
51,0.018248
191648,0.015324
6736,0.017774
76231,0.018581
209502,0.0163
231137,0.024413
82317,0.019498
120899,0.014823
103854,0.013186
145176,0.016282
193458,0.024049
59874,0.017676
247297,0.013964
211424,0.014112
179714,0.021558
214409,0.018559
209143,0.013135
135603,0.014901
73745,0.016955
248595,0.011722
156046,0.022125
90706,0.022029
100946,0.015615
212435,0.013761
37277,0.017126
61523,0.0132
215556,0.024775
54361,0.016013
222550,0.017438
165406,0.01696
23192,0.019821
135947,0.012155
239750,0.018031
18067,0.015911
117929,0.019867
106941,0.020973
21065,0.015911
132396,0.012423
55951,0.011674
34664,0.018487
241343,0.01774
167574,0.016401
88557,0.02027
45644,0.015974
67884,0.018753
128443,0.013423
121398,0.009851
149462,0.015448
230251,0.017132
220202,0.010649
69948,0.015354
13097,0.021357
148806,0.021421
196737,0.011994
83144,0.017938
171080,0.01722
222733,0.017302
207927,0.016498
53941,0.012974
185108,0.016133
11243,0.016016
217405,0.018992
220161,0.015491
115530,0.010859
189512,0.013902
22921,0.020254
247481,0.018625
188141,0.015126
213091,0.017957
139007,0.022496
243853,0.018507
130469,0.021186
234241,0.013486
11512,0.02117
156485,0.018938
208917,0.016392
107041,0.018865
31195,0.014475
93758,0.015757
34734,0.017282
29983,0.019798
205498,0.018647
88313,0.01324
49015,0.01417
143624,0.014692
150203,0.020094
81774,0.019027
212586,0.014876
200882,0.020639
41337,0.020676
81448,0.014981
115861,0.020457
141260,0.012869
33825,0.019796
96938,0.017473
245518,0.020786
138504,0.016586
196289,0.01217
227416,0.018961
42359,0.022403
173765,0.01046
203583,0.016246
152962,0.017391
118197,0.01574
200396,0.022795
193994,0.020872
54806,0.012086
147967,0.015797
246420,0.023282
132994,0.012187
2846,0.016827
144761,0.015356
79718,0.018415
96155,0.020548
152579,0.008544
127823,0.018097
30699,0.009184
187999,0.014687
153660,0.021029
106024,0.011765
89935,0.020512
131775,0.01982
231440,0.020806
143015,0.013417
234131,0.021631
74831,0.018395
215884,0.019084
121556,0.017124
110531,0.01411
221578,0.011956
71542,0.019249
213954,0.01707
99325,0.01582
36474,0.017973
156169,0.018827
187884,0.01399
100699,0.019568
34770,0.02327
179936,0.021757
204453,0.015095
3901,0.011691
1332,0.012783
44972,0.018604
234904,0.020397
128785,0.009805
51802,0.01755
187160,0.014399
127153,0.020183
19434,0.016387
172396,0.021188
45505,0.012485
182528,0.012725
150954,0.014359
154606,0.020335
138104,0.022046
204955,0.01286
58425,0.015639
194789,0.018638
182522,0.01514
187682,0.017328
191335,0.015201
189048,0.015773
47586,0.011241
139179,0.014816
72436,0.017086
30003,0.017757
196637,0.01136
216094,0.025346
236213,0.01313
31794,0.014801
10165,0.019313
234548,0.014643
211069,0.015008
118929,0.017316
114836,0.016369
220511,0.014326
216157,0.017527
29162,0.018655
17895,0.018864
51128,0.019826
48974,0.011643
76033,0.017026
21540,0.018909
71425,0.013577
177563,0.020005
94499,0.017942
207580,0.018162
210616,0.012815
203897,0.012113
31755,0.010649
158595,0.016206
145008,0.010089
145200,0.012825
57438,0.02379
30032,0.017565
97087,0.019526
194695,0.016142
168048,0.01801
239600,0.011145
80832,0.026099
48634,0.014738
181665,0.014993
88106,0.022898
178459,0.017916
185721,0.015168
3410,0.015994
50541,0.019435
248502,0.015971
72099,0.011309
29963,0.01505
126832,0.014809
73539,0.017973
83618,0.015529
71281,0.009519
35373,0.023469
41583,0.021255
76898,0.014812
139219,0.018915
123947,0.019861
14651,0.018586
14574,0.016071
178053,0.014028
28194,0.026954
224489,0.013873
146865,0.015609
15137,0.013984
3441,0.021914
64417,0.017399
134415,0.011942
169550,0.011909
82258,0.020506
163449,0.015417
139499,0.020625
31349,0.015873
127071,0.017505
67928,0.014036
224159,0.023501
233860,0.014228
71403,0.021696
178361,0.020932
186804,0.016953
132308,0.017229
218258,0.012658
99100,0.013926
82704,0.013718
244132,0.018495
240266,0.01891
45068,0.016452
191692,0.023105
179926,0.02526
229122,0.017401
116729,0.020821
108204,0.020999
13975,0.014967
172701,0.01623
23711,0.015585
45658,0.01222
244552,0.023149
157209,0.015011
142395,0.015874
72537,0.02441
15684,0.014315
54056,0.012724
236163,0.027073
244280,0.023194
19947,0.012355
103521,0.01568
26472,0.017663
132195,0.01962
68446,0.011991
47413,0.015793
50226,0.014334
220588,0.020356
233253,0.018139
179,0.014802
244207,0.016545
221193,0.013616
111046,0.012579
42890,0.019502
105152,0.018154
22750,0.017587
35810,0.021203
164958,0.017529
129231,0.01099
20815,0.023291
43287,0.01691
22746,0.012528
129136,0.015277
45811,0.014458
9810,0.019713
202255,0.020691
97192,0.016234
209361,0.015274
33310,0.0147
70720,0.015396
50845,0.015065
54219,0.015682
103886,0.017964
200746,0.012715
127974,0.017221
109823,0.040226
194894,0.017294
62806,0.010244
182028,0.015013
27092,0.022447
71923,0.016676
209091,0.014684
112161,0.012808
178306,0.020146
122199,0.015813
12499,0.012682
210448,0.015411
213405,0.017655
206495,0.017021
117205,0.015242
1548,0.019419
157736,0.011092
140500,0.028004
191221,0.018924
218721,0.016559
169435,0.0208
155971,0.019893
185001,0.016533
12691,0.021981
77681,0.014526
143965,0.012947
110286,0.020665
226254,0.014776
223474,0.021488
204432,0.01934
189558,0.014557
197478,0.017054
94438,0.019257
206859,0.019567
229189,0.01262
23854,0.013417
143969,0.0149
15801,0.014764
235010,0.014055
220319,0.011739
199450,0.019406
120793,0.014963
195402,0.014871
173163,0.013712
136796,0.014383
39212,0.016276
87156,0.020198
22262,0.019974
28789,0.020864
98228,0.013934
228892,0.015616
243872,0.021226
246727,0.017389
189581,0.016784
75317,0.012037
41735,0.026654
18388,0.021859
4908,0.019934
173720,0.017303
215584,0.019761
178568,0.015957
101218,0.020976
192490,0.024488
51446,0.013675
189282,0.015185
98618,0.018222
16692,0.014793
196524,0.009641
172778,0.013558
33929,0.018703
14880,0.014191
23228,0.015614
102878,0.018587
20515,0.01883
71062,0.01693
140110,0.023227
66769,0.015499
168952,0.01128
41909,0.021497
223957,0.021983
126931,0.021428
110207,0.013553
99406,0.014275
179664,0.019669
214579,0.016685
159457,0.020258
145157,0.015712
131638,0.013934
149530,0.020797
47331,0.015885
27477,0.018263
59429,0.01497
126362,0.021697
12134,0.015155
120777,0.012268
150639,0.016324
222580,0.03144
148456,0.019376
28164,0.018705
185139,0.016595
169050,0.013291
128129,0.016457
87774,0.022548
113922,0.012068
90416,0.017264
102532,0.017301
165941,0.016982
53308,0.009937
81312,0.018166
228534,0.017016
243200,0.018446
166742,0.013039
207989,0.012564
152659,0.018126
207963,0.017559
52470,0.020325
164765,0.01711
26083,0.019076
23066,0.014594
100497,0.017196
143712,0.013933
57892,0.022264
172645,0.014286
210654,0.016814
113509,0.022228
49498,0.011825
125785,0.019236
148208,0.019346
12660,0.018634
182807,0.016729
205653,0.016702
32047,0.010255
134288,0.02144
93388,0.020199
22148,0.017799
238369,0.019032
1637,0.016785
48539,0.020147
151875,0.00913
15685,0.014918
245679,0.017332
220376,0.012241
110065,0.015559
235453,0.01323
147430,0.017527
153752,0.014859
208728,0.014449
73603,0.015194
194437,0.015203
193769,0.022318
96236,0.011526
73605,0.022407
208883,0.021246
8416,0.01146
222815,0.014426
194653,0.01743
203353,0.014049
111637,0.020106
160549,0.016983
40338,0.015521
50344,0.030187
165334,0.013749
140907,0.038489
213253,0.015027
116240,0.01827
151262,0.018124
78302,0.01556
191575,0.01962
161546,0.019215
36582,0.022306
145893,0.017569
1226,0.018256
210542,0.01514
82310,0.016221
29440,0.016382
249371,0.011874
149435,0.026965
184919,0.013606
9046,0.010949
94332,0.017771
201170,0.012039
132732,0.014594
220602,0.010489
25356,0.016574
46330,0.014366
122968,0.011044
211269,0.015213
224323,0.023193
229846,0.013819
165511,0.02067
82908,0.020176
122044,0.020846
22729,0.016861
58431,0.014989
41457,0.01387
216828,0.016802
125794,0.02071
170710,0.019048
39936,0.015918
219194,0.01438
121512,0.010853
59357,0.018421
45022,0.010015
191833,0.019685
152551,0.011157
247277,0.022632
53438,0.015699
36755,0.01594
121704,0.013429
60818,0.009843
10177,0.013628
51045,0.019119
17695,0.018395
209830,0.022529
197913,0.015401
30218,0.016102
19553,0.017156
111596,0.012035
4101,0.01739
141196,0.0135
84380,0.010385
177128,0.021061
148382,0.012257
36893,0.015357
235149,0.011992
137002,0.014482
199076,0.015288
45812,0.014065
120898,0.01797
18103,0.01428
109814,0.018871
25996,0.0219
201015,0.023048
109392,0.01671
68788,0.018263
67934,0.013686
145591,0.016156
29040,0.021926
92823,0.01419
224223,0.014373
155946,0.023587
122202,0.016649
103675,0.015404
99495,0.015705
234834,0.019734
126916,0.017389
55564,0.012292
86171,0.013197
159293,0.015458
206004,0.012755
235,0.01614
143127,0.009766
229181,0.019368
89168,0.024336
188790,0.01675
185669,0.014602
70459,0.016565
29034,0.023397
40950,0.015842
184689,0.018116
83799,0.018432
7082,0.013885
3536,0.013856
158264,0.016983
137458,0.016223
246987,0.019973
147695,0.015061
105137,0.010815
128406,0.020377
151402,0.016587
13773,0.017455
74649,0.010546
34922,0.012889
60007,0.015905
60990,0.012592
124304,0.021022
247469,0.017119
160960,0.021264
51083,0.023158
32472,0.010959
227728,0.016344
92436,0.018842
106110,0.015212
145455,0.015876
103134,0.018605
98888,0.01634
230949,0.024793
216151,0.021633
151152,0.018212
133374,0.021146
214663,0.020047
68089,0.018957
214801,0.016746
36634,0.021039
186684,0.018082
220423,0.012959
166984,0.012889
150801,0.015304
73885,0.01705
54074,0.022576
184797,0.016547
105243,0.014384
42870,0.016481
115583,0.016702
89199,0.017441
245988,0.019629
104784,0.020947
78275,0.017427
145084,0.014249
230274,0.02025
188101,0.013585
191039,0.013721
82876,0.019446
241100,0.011348
26785,0.013304
111262,0.019078
36713,0.014705
72900,0.013379
47131,0.014156
220722,0.016018
89041,0.011606
175630,0.012734
246509,0.021929
201573,0.018708
159041,0.014347
103021,0.021814
173964,0.011376
85736,0.016869
223683,0.01893
62090,0.015455
160120,0.014687
34936,0.018484
189403,0.01782
164550,0.023632
228654,0.020302
41648,0.019868
187556,0.014242
62918,0.014382
239643,0.012425
99707,0.01483
148687,0.012137
229525,0.023555
243514,0.018393
45198,0.01231
64727,0.012235
193719,0.019063
228489,0.020893
29175,0.012257
36473,0.017342
5116,0.019951
116459,0.012285
152795,0.014059
143938,0.015253
165928,0.014483
160081,0.018373
98599,0.014584
191416,0.012211
224135,0.016968
188557,0.014634
238971,0.015381
162039,0.016727
76100,0.014857
206608,0.015446
8799,0.012322
77754,0.013987
181622,0.012745
30335,0.01333
38631,0.016124
148861,0.016151
16965,0.009662
242802,0.018561
218911,0.011934
246813,0.013259
225253,0.014485
157285,0.018568
98427,0.013145
80138,0.021677
153357,0.016632
212600,0.012578
61939,0.013472
195447,0.018686
10567,0.016326
118883,0.019831
162307,0.020046
123219,0.018675
156587,0.013617
50313,0.021157
137675,0.01793
136210,0.015295
214318,0.015021
17716,0.013084
69080,0.016513
80399,0.018697
134342,0.018478
15268,0.013867
109944,0.023354
14763,0.012129
249565,0.016585
33595,0.018012
51328,0.015955
27229,0.018135
104502,0.021355
21312,0.014928
164569,0.017103
24033,0.01317
64782,0.01371
126257,0.011187
227985,0.016795
117578,0.019229
204049,0.022352
120974,0.015781
146167,0.021257
205727,0.017911
78227,0.010735
160154,0.014306
1268,0.013174
191659,0.023764
193261,0.022759
129051,0.010746
8733,0.01753
146175,0.01371
27993,0.016945
143822,0.017035
162180,0.017038
15776,0.011216
128085,0.013641
224534,0.018074
115311,0.02352
93082,0.015274
47843,0.012901
165814,0.0167
77579,0.017213
104482,0.013852
210409,0.014136
184777,0.021909
29409,0.017375
60409,0.012369
98697,0.013793
78358,0.011087
62633,0.014077
218372,0.010486
216081,0.015513
58430,0.022235
120228,0.016882
59298,0.020804
160059,0.012565
47733,0.017451
39758,0.011667
51099,0.0155
22986,0.018671
33636,0.009984
87854,0.017329
239103,0.026786
157870,0.018757
235411,0.012074
152747,0.017348
71661,0.012396
125867,0.019683
202111,0.018245
195937,0.011771
169506,0.027225
56597,0.020018
81005,0.023331
21730,0.018133
31987,0.013773
177801,0.020752
224629,0.017109
65650,0.014144
156885,0.018726
19003,0.012645
89554,0.013696
226334,0.013202
91481,0.012416
121252,0.012519
183389,0.01831
45300,0.013946
213269,0.016396
69006,0.012202
58397,0.012729
13081,0.022235
109321,0.019297
181510,0.018224
122844,0.013023
139639,0.013703
194098,0.015451
167154,0.016339
37353,0.015805
95853,0.021292
196770,0.017767
12442,0.012451
73983,0.015926
204076,0.0153
243418,0.011677
128223,0.018168
113833,0.012147
126922,0.014635
67449,0.013987
38136,0.016256
82856,0.016682
41408,0.020403
109237,0.019626
174745,0.012291
53480,0.012898
128231,0.012001
28799,0.020899
239153,0.022601
44626,0.020577
159320,0.0185
153622,0.019024
97160,0.023909
94094,0.02063
172947,0.009869
46395,0.014183
230307,0.015191
238226,0.017636
76493,0.014507
19813,0.018279
89844,0.019467
210405,0.01731
12133,0.015987
35388,0.022278
14634,0.020633
215688,0.016004
230109,0.020765
224772,0.023499
65968,0.022028
12984,0.020894
180482,0.017682
40827,0.018188
178944,0.016143
233697,0.014705
209988,0.015006
98296,0.016662
117185,0.015954
249990,0.012894
3745,0.022429
123908,0.025025
101217,0.017026
47309,0.011298
147337,0.017944
224234,0.01364
211716,0.010443
88560,0.020995
162894,0.011444
54181,0.01833
153229,0.020063
112197,0.014719
202863,0.012739
62362,0.017248
26103,0.014636
146710,0.018021
62002,0.010842
103067,0.024774
21616,0.019727
217702,0.019708
86361,0.012681
197160,0.018609
194393,0.020612
139309,0.024572
149024,0.022763
193514,0.016779
190464,0.017212
144372,0.011188
215706,0.018467
35965,0.019402
156759,0.017756
195741,0.014437
217047,0.017951
84913,0.013431
214395,0.016068
224442,0.015253
179243,0.021272
12731,0.014727
57017,0.014807
116179,0.015702
233138,0.013387
54866,0.012203
77322,0.013498
66191,0.018508
88414,0.039312
186670,0.024924
60297,0.017896
49250,0.019055
78467,0.016573
191504,0.016885
148756,0.012502
188774,0.013919
154926,0.019771
6671,0.0237
24249,0.014699
174952,0.014882
161081,0.01641
168028,0.017246
133951,0.016601
42420,0.017269
73691,0.018016
34000,0.022954
181866,0.017694
202259,0.013947
142108,0.013978
169747,0.013805
237612,0.012092
5853,0.011787
90366,0.014284
171464,0.018654
181700,0.017377
214722,0.014153
106478,0.011573
155590,0.022627
243305,0.015177
147916,0.022247
19615,0.013518
214210,0.01449
230282,0.020565
8711,0.021004
138913,0.019856
132574,0.026678
35336,0.014131
136105,0.018142
209937,0.018579
38535,0.020911
128006,0.015729
145244,0.009171
159016,0.016477
86735,0.014097
139688,0.014523
137172,0.017473
156243,0.014018
81747,0.022667
151686,0.011181
127102,0.016853
100754,0.01899
70715,0.017967
188022,0.015047
159264,0.011602
239215,0.013804
130276,0.017202
112392,0.013964
183485,0.017486
247420,0.018702
66288,0.025034
58698,0.016377
28655,0.020053
148358,0.016605
198917,0.017781
100195,0.013174
125986,0.015691
78768,0.01832
27041,0.019182
232548,0.020376
28808,0.016982
204579,0.016012
28018,0.015995
217882,0.018752
45101,0.020334
60922,0.01528
27358,0.013502
36236,0.021829
129068,0.009688
240656,0.015572
126357,0.015969
178220,0.013726
51631,0.021535
110713,0.013087
109224,0.019057
63976,0.020073
44820,0.014349
139933,0.0177
10232,0.015506
111364,0.015131
139850,0.020283
112424,0.018198
106484,0.017026
158636,0.009731
172899,0.014371
131825,0.020067
245346,0.014238
95894,0.016689
137929,0.01363
206869,0.0153
36202,0.016327
98911,0.016155
41872,0.015307
15495,0.016794
208787,0.016499
208408,0.024739
105304,0.009837
29315,0.015904
213548,0.01754
210031,0.018907
4527,0.012072
146505,0.021526
210428,0.017442
240845,0.015971
194962,0.015917
145949,0.022191
199882,0.024434
123890,0.021644
43474,0.01645
35181,0.019004
211594,0.021388
128192,0.012277
225419,0.014772
163488,0.023566
181356,0.013443
177769,0.020421
167985,0.013875
237286,0.015008
102592,0.020178
58806,0.016751
19069,0.018159
29184,0.018061
153548,0.02036
225348,0.014279
203460,0.015757
156511,0.016049
146857,0.01523
21623,0.024514
174756,0.015661
138910,0.012272
197084,0.010702
173109,0.013322
131709,0.022087
53538,0.010468
208996,0.01745
172126,0.010649
215741,0.020873
145736,0.011545
147830,0.017691
108002,0.014589
85632,0.015932
217298,0.016384
3713,0.013805
238501,0.02181
133392,0.015064
155539,0.020808
203744,0.011429
140857,0.023523
174262,0.016083
6191,0.02081
99230,0.011528
116066,0.02338
173011,0.013138
216906,0.016409
40791,0.01485
161825,0.014148
234601,0.011861
163010,0.013404
174781,0.012729
156461,0.013153
18873,0.020245
233281,0.018406
75438,0.017172
9705,0.013792
173038,0.015978
226202,0.016804
231800,0.019887
25997,0.015136
104005,0.016333
146658,0.021154
217800,0.010097
111047,0.014396
108252,0.018474
3680,0.017939
82295,0.015606
21275,0.017104
64240,0.022553
224766,0.016197
63631,0.013646
161420,0.013075
197271,0.013744
98342,0.021396
134344,0.014679
141020,0.016319
12584,0.016981
47992,0.019461
50196,0.015944
218512,0.01519
165550,0.021326
86516,0.01722
149680,0.014078
127179,0.01983
95265,0.022037
3995,0.023482
11328,0.017291
231276,0.01326
21933,0.013731
231358,0.020087
205017,0.016045
8409,0.014822
49675,0.019967
111332,0.014286
98452,0.013999
22463,0.019233
25833,0.021081
16488,0.009605
165256,0.018942
160233,0.01635
194386,0.015029
191134,0.021686
152365,0.014262
205279,0.025642
242859,0.012519
205913,0.017738
192294,0.020377
142740,0.016868
102207,0.014351
162834,0.009582
92903,0.017138
6874,0.014305
147408,0.024244
55498,0.013207
246885,0.019009
145815,0.017555
231981,0.019293
69293,0.014285
197446,0.014494
209473,0.014214
155088,0.014221
4483,0.020764
53724,0.014966
142331,0.016742
86525,0.025551
112409,0.017545
6329,0.014082
20665,0.017767
89708,0.009792
24699,0.017946
238076,0.017494
135941,0.014177
19248,0.020663
80856,0.025706
78678,0.019296
106921,0.019138
93375,0.014663
176722,0.015779
122328,0.015415
13378,0.015442
235873,0.01964
164420,0.017433
235610,0.014842
238904,0.02103
1293,0.020717
136285,0.01567
14628,0.017431
32010,0.017851
51730,0.009758
43236,0.022435
178329,0.026365
101699,0.018925
126878,0.017695
201347,0.01948
101721,0.012904
190260,0.016645
8522,0.014146
138404,0.016402
143715,0.017668
62709,0.013851
98839,0.016738
98925,0.017454
23831,0.012238
182681,0.014069
163888,0.015974
71115,0.018796
213549,0.010221
104384,0.018721
160551,0.015475
52482,0.015575
105173,0.014984
2295,0.016997
147259,0.027072
145657,0.01356
78011,0.015621
220115,0.017136
20970,0.014462
97664,0.019043
53069,0.023219
63868,0.015144
80875,0.025336
6608,0.023566
31412,0.011623
159210,0.015037
86502,0.020295
181594,0.014459
248174,0.012529
166173,0.018482
127181,0.012073
40405,0.028214
179411,0.014429
170239,0.020417
196972,0.012396
77154,0.0121
150507,0.014901
167082,0.018085
133949,0.014536
151741,0.021125
63222,0.014726
163328,0.02168
4317,0.017823
220550,0.011063
129135,0.011605
151409,0.019363
5424,0.01537
178897,0.012536
219692,0.017666
164126,0.016412
200602,0.016893
100335,0.013421
198170,0.016645
120377,0.010597
151808,0.010485
84022,0.013561
4503,0.02191
43660,0.021418
129365,0.017297
72496,0.02197
213375,0.020533
189415,0.01674
211310,0.017615
155803,0.022508
18269,0.017994
139088,0.014007
225218,0.015835
205406,0.014308
14447,0.010218
155203,0.018038
8398,0.016721
249783,0.015659
29867,0.018324
70977,0.018093
121014,0.020526
211854,0.013746
13263,0.015537
44912,0.01341
130247,0.017712
64140,0.021356
119955,0.019097
184960,0.01526
153957,0.01392
74136,0.018613
108795,0.019879
193891,0.015496
215763,0.015638
16410,0.011829
178233,0.015903
164019,0.017941
86801,0.023901
91854,0.01135
220023,0.017364
75757,0.018992
153467,0.0131
83409,0.019467
92374,0.01549
136317,0.01266
74847,0.01354
111371,0.015471
103610,0.018308
220055,0.012622
125991,0.017349
71266,0.019167
211820,0.015345
204236,0.015376
16495,0.013734
33955,0.018813
112222,0.014375
52247,0.014054
226977,0.014851
62048,0.017548
53594,0.016784
105662,0.013555
142388,0.018375
20823,0.017991
79521,0.017016
108378,0.014492
45632,0.018232
193142,0.013497
140232,0.016741
61619,0.015695
36035,0.013319
124028,0.0159
96661,0.017128
46449,0.014746
96215,0.02189
146066,0.017965
166098,0.015905
135387,0.014313
178958,0.013305
67119,0.022434
154750,0.018021
183105,0.019386
173448,0.018003
116525,0.015551
97630,0.016588
181247,0.016315
222113,0.018886
82718,0.015189
175436,0.017249
33820,0.013003
218792,0.015103
37700,0.010862
224272,0.014933
25426,0.012376
30116,0.013745
23493,0.019224
201473,0.010229
113741,0.013422
235952,0.014836
242256,0.011123
14867,0.021615
7306,0.011351
3617,0.015661
69986,0.012855
248501,0.017427
84531,0.015384
235758,0.012101
8149,0.018
69026,0.016043
111714,0.019477
5416,0.018173
160633,0.013139
22343,0.013719
199888,0.02059
147123,0.015381
218149,0.018143
135576,0.008656
150899,0.011218
218458,0.019406
23034,0.016913
73140,0.024126
22933,0.011554
193979,0.014512
246353,0.012639
18709,0.019221
15015,0.022507
56882,0.015395
61078,0.01436
78478,0.014371
130535,0.009907
45416,0.021531
74069,0.018284
5453,0.032831
88612,0.015171
183227,0.012702
78762,0.01283
168993,0.022927
34741,0.024053
164142,0.022652
90733,0.0144
88259,0.021928
179737,0.022245
157613,0.017047
155336,0.019741
58842,0.015219
230189,0.02356
194941,0.019738
85608,0.028158
240670,0.017948
216871,0.020617
242925,0.010021
194958,0.022869
177466,0.023737
229043,0.015736
97058,0.011475
81282,0.014227
102012,0.015507
38314,0.011004
79326,0.021436
52811,0.016042
36485,0.016441
138047,0.017834
136946,0.018723
226116,0.018032
19976,0.015599
65598,0.020622
128763,0.016438
107904,0.013586
133178,0.022056
196876,0.014551
28330,0.020219
98112,0.014698
182901,0.015348
212398,0.01521
152870,0.017853
77004,0.010545
5401,0.014714
156466,0.015278
214994,0.016135
151627,0.016201
147231,0.01912
29414,0.020145
136059,0.013415
183826,0.015953
234774,0.014883
120574,0.012637
183669,0.012917
235749,0.019126
177246,0.017344
50328,0.018269
165565,0.02027
239464,0.020395
205473,0.011678
25816,0.016767
192665,0.011663
123642,0.01758
3907,0.011133
190232,0.017428
101613,0.011599
185822,0.01965
227786,0.012688
88988,0.020347
78027,0.011621
213101,0.019048
216414,0.012257
28492,0.012716
223816,0.018145
162,0.027883
124638,0.021416
41143,0.01875
29863,0.021159
223980,0.029096
15849,0.020524
125078,0.024108
13549,0.013918
175848,0.011062
131400,0.019639
38903,0.012743
53331,0.015966
244683,0.016184
201029,0.017347
207249,0.017083
136426,0.011807
208909,0.017049
134598,0.019451
175581,0.012096
110923,0.022687
211779,0.013123
106906,0.012545
48035,0.020064
122436,0.016098
162027,0.024026
229299,0.017695
107164,0.016817
43836,0.016924
183639,0.00962
131278,0.023053
72075,0.024044
153291,0.015471
151623,0.012824
89950,0.020718
186910,0.012017
245306,0.019737
249218,0.013288
214124,0.020561
76686,0.015224
166900,0.010837
168615,0.014689
216637,0.015076
210771,0.018723
161717,0.013328
118748,0.024138
7730,0.015103
212669,0.016021
222983,0.0185
224662,0.016909
173596,0.016403
104870,0.016773
97773,0.02009
140584,0.011935
234068,0.013875
8095,0.021826
13509,0.013885
23616,0.015986
248524,0.021012
149851,0.017291
56911,0.018962
67212,0.02021
183380,0.022388
249982,0.013676
153733,0.015557
88098,0.019411
246207,0.019558
30148,0.01463
191274,0.012679
246465,0.020429
78078,0.018241
65432,0.026587
70770,0.015934
168250,0.012164
134571,0.01718
249385,0.016734
160287,0.012408
39466,0.012142
164630,0.023035
19461,0.016883
136304,0.018745
209294,0.01367
92539,0.017229
60537,0.016214
229383,0.01641
89871,0.010762
188752,0.009406
215595,0.02242
189524,0.011271
235695,0.020716
125172,0.017337
64423,0.017766
99126,0.01936
28125,0.012513
245720,0.020497
146115,0.014141
118015,0.01346
139288,0.019339
228402,0.011806
59341,0.010524
136719,0.013059
221710,0.017527
158220,0.011769
14698,0.026193
49968,0.021251
143186,0.010121
2443,0.0225
27463,0.02644
197403,0.011852
10198,0.010819
136605,0.011182
168594,0.014652
249315,0.012011
170519,0.022119
177200,0.020943
156064,0.017917
117069,0.048764
200141,0.027358
169166,0.014987
22098,0.016754
228207,0.018978
5303,0.02436
158688,0.017775
124670,0.020133
172508,0.015562
11170,0.020264
203700,0.014038
131461,0.022903
115279,0.01242
69384,0.011971
230073,0.021725
43727,0.016713
106190,0.013097
28016,0.015414
43221,0.018778
169299,0.016365
195958,0.009548
242068,0.010837
225916,0.018033
9018,0.015635
98305,0.012893
90830,0.013688
156666,0.016928
51341,0.018029
43035,0.014912
37185,0.019244
181369,0.014367
186131,0.016634
13440,0.012861
16313,0.018717
115230,0.018267
90742,0.014859
110594,0.015542
223355,0.020067
163567,0.025059
12593,0.017801
141982,0.017208
245303,0.018493
149610,0.021067
207469,0.014945
235257,0.014416
37524,0.015618
138843,0.020363
60104,0.013685
31610,0.016188
124430,0.021728
11775,0.012901
121452,0.010787
107046,0.016518
47921,0.014965
176346,0.014526
161626,0.012133
30269,0.015882
156730,0.017273
230208,0.022396
232772,0.01917
158470,0.01386
216174,0.022799
45660,0.013968
18876,0.015502
235036,0.013741
21219,0.02271
210083,0.022124
160623,0.02488
199533,0.017031
120960,0.015717
1013,0.018261
217540,0.012523
95882,0.017486
122938,0.012284
7742,0.014214
129914,0.017649
66188,0.015101
224212,0.014847
67001,0.015453
29941,0.018788
182967,0.031397
58040,0.017454
249237,0.01169
74709,0.023627
186101,0.014873
149288,0.012322
81266,0.011189
175984,0.01114
244006,0.013766
58524,0.019056
19190,0.012446
138685,0.020132
121560,0.017359
162949,0.015005
102667,0.01753
71977,0.019692
143534,0.017234
32550,0.016806
117586,0.021953
114951,0.022493
218261,0.01849
86344,0.019562
104072,0.011793
199016,0.018449
184498,0.02556
167179,0.013786
2229,0.016701
49666,0.026674
1553,0.016026
130388,0.01088
28001,0.022561
87971,0.014696
50126,0.025356
97265,0.020287
83358,0.017887
43079,0.020526
137902,0.013193
70166,0.0138
145922,0.01674
72872,0.020993
68501,0.012648
164967,0.013624
202590,0.024712
236546,0.020179
221197,0.027997
149217,0.015316
90784,0.020945
141532,0.01967
154871,0.014774
187177,0.014215
224648,0.013147
20962,0.019919
201052,0.018538
189625,0.016354
115040,0.017765
136035,0.013454
110044,0.018338
53406,0.01382
235712,0.014662
122446,0.012919
143784,0.012846
198513,0.019314
168307,0.011352
1817,0.016547
136753,0.013502
63490,0.015719
24112,0.014784
244352,0.018973
176876,0.017541
151750,0.013851
84018,0.010124
85149,0.016501
122165,0.016933
172567,0.017535
124111,0.018581
185808,0.020988
156773,0.014852
44334,0.02505
247971,0.013944
104684,0.014192
242348,0.013991
81409,0.011212
79726,0.024097
98258,0.01306
178341,0.028387
22811,0.013686
47901,0.009503
44815,0.015482
24511,0.017633
96450,0.019683
133281,0.023093
245292,0.012684
149283,0.020109
56452,0.0144
21682,0.016853
68007,0.014562
108319,0.01823
208208,0.020783
194044,0.014603
40337,0.010691
184558,0.020215
90675,0.01786
68997,0.013786
140517,0.021484
118481,0.013713
241481,0.009645
28392,0.01842
75934,0.012248
152911,0.016433
115742,0.015577
201214,0.020556
35711,0.013381
65607,0.019436
210680,0.016527
62759,0.017489
70783,0.015332
223677,0.025825
103260,0.021085
71998,0.019524
4336,0.020524
242147,0.022954
27618,0.02015
176913,0.017642
178917,0.020505
23351,0.019789
50982,0.018699
151050,0.015487
121408,0.013622
109033,0.011616
84631,0.018767
69667,0.014094
157345,0.021227
211553,0.020691
124219,0.014985
107360,0.0134
29260,0.022586
187345,0.021157
74536,0.016669
68055,0.016677
131040,0.019087
167097,0.01735
87800,0.015853
205870,0.019434
154772,0.019985
1661,0.016959
223950,0.020569
26978,0.017165
20249,0.023336
57336,0.020781
176845,0.021981
102253,0.018633
165350,0.013834
49619,0.020292
96662,0.013926
26205,0.0128
64301,0.019398
161648,0.011826
127863,0.013351
200217,0.021977
209266,0.01284
159997,0.021277
228965,0.01881
149548,0.016161
5268,0.01487
173378,0.015846
104571,0.012578
101549,0.015962
152905,0.015511
249225,0.010584
176503,0.020701
181926,0.015687
219206,0.01116
186250,0.013154
55927,0.021777
235872,0.013056
231349,0.014293
16812,0.016928
139840,0.017646
217731,0.015271
198793,0.019516
87303,0.013897
11671,0.024668
26273,0.016504
153118,0.018353
53638,0.015612
212309,0.012125
191263,0.022248
147611,0.018977
211045,0.019887
37521,0.022529
201318,0.019099
47458,0.018993
92222,0.013808
132451,0.021992
59659,0.016799
13455,0.019912
114273,0.016013
121294,0.017428
247457,0.016145
114995,0.012798
48921,0.030211
201175,0.02002
93825,0.017689
206019,0.016911
100632,0.012446
206811,0.014547
92453,0.017012
11363,0.02956
225451,0.010872
189808,0.012869
107018,0.018335
12028,0.012352
41610,0.016138
158182,0.012804
20329,0.017247
198915,0.019762
45554,0.01145
113905,0.019305
50930,0.014474
224637,0.017632
152713,0.01731
183414,0.016252
34605,0.018157
201665,0.015632
64538,0.015094
88190,0.02141
69849,0.018587
10918,0.014408
143687,0.01389
84032,0.01688
200552,0.017269
41092,0.013468
124380,0.020691
202549,0.014821
107050,0.014424
163182,0.015086
69321,0.014445
191618,0.026028
68651,0.011077
53172,0.009345
86401,0.01863
33509,0.015398
71397,0.016732
101091,0.01548
183597,0.015933
131855,0.019258
240551,0.011501
20468,0.015884
127327,0.014218
129936,0.010287
43583,0.018865
101233,0.019716
223889,0.021174
248090,0.018583
148810,0.019161
184098,0.022832
148979,0.017632
182285,0.014834
163436,0.022148
112119,0.020917
203882,0.016167
195626,0.018991
234778,0.014895
114967,0.013043
60601,0.014987
13239,0.022744
71965,0.010298
136860,0.016234
206208,0.023427
107905,0.01915
12284,0.018372
213475,0.020144
144596,0.01867
107191,0.019092
99479,0.013601
154771,0.019035
90262,0.020748
116209,0.015163
134128,0.020811
107666,0.012395
178347,0.01149
54688,0.016665
84384,0.019191
101668,0.021971
114902,0.022553
84688,0.014766
191247,0.020547
100611,0.012731
6373,0.016145
217883,0.01418
164913,0.020607
27468,0.0207
143217,0.013383
31529,0.021375
186019,0.01421
158564,0.011879
174056,0.010862
136592,0.016778
7442,0.014102
168617,0.016055
164872,0.012071
50935,0.021958
164528,0.017393
109216,0.02158
80754,0.010568
217547,0.022032
84622,0.015186
112944,0.01141
71045,0.020536
77178,0.010053
94802,0.021555
114199,0.009713
115834,0.013343
93993,0.01178
167158,0.014253
102822,0.027614
181302,0.017557
55193,0.012334
173961,0.009926
92801,0.011395
189150,0.010091
146423,0.013145
85770,0.021235
150289,0.014925
58765,0.016647
109756,0.017083
198591,0.016173
183484,0.016873
157003,0.017184
79360,0.014087
242640,0.013641
5931,0.02409
183012,0.013566
133410,0.020711
133338,0.021244
162328,0.015447
164065,0.018045
10404,0.017985
111048,0.016885
103361,0.022649
170579,0.015516
58770,0.019451
192616,0.021612
210648,0.01176
82158,0.015609
176431,0.014164
179928,0.02196
236799,0.01769
236951,0.016803
171392,0.027582
202019,0.021854
42641,0.011803
247778,0.01567
167789,0.018134
75162,0.010128
143967,0.01353
189872,0.016626
38864,0.013745
178313,0.015511
100879,0.019033
202125,0.017667
115935,0.024391
177529,0.023574
156533,0.011493
191834,0.017531
59604,0.018217
160504,0.009963
65755,0.026778
224008,0.023294
106332,0.010679
199738,0.013607
144568,0.015908
223625,0.017002
135448,0.010913
20789,0.014973
33439,0.021704
149711,0.016764
115184,0.011999
241107,0.014397
178369,0.01844
193562,0.019343
79083,0.018808
82510,0.016016
123268,0.009889
146411,0.013831
129266,0.009648
4639,0.01838
79625,0.014006
23151,0.01381
147644,0.027131
121571,0.014641
36749,0.020313
228827,0.012993
66277,0.01672
152353,0.014963
101528,0.014454
150993,0.017357
195733,0.014803
158905,0.015181
2884,0.015724
149146,0.012969
75637,0.015542
197490,0.012425
207383,0.03
235254,0.014392
146924,0.02203
53728,0.021533
83986,0.017376
236335,0.018451
170412,0.022924
35946,0.020742
24920,0.020252
218871,0.010209
94292,0.013313
240590,0.011553
118474,0.015852
199675,0.015342
158495,0.018994
102294,0.020713
147675,0.018187
56495,0.020731
4988,0.020117
209349,0.013516
838,0.016997
230059,0.021595
96411,0.018783
205261,0.011276
15583,0.012597
108073,0.014581
98829,0.016735
192212,0.02208
107054,0.01372
157247,0.020015
62224,0.015165
166012,0.014081
83531,0.015879
107102,0.011415
83521,0.015718
240553,0.020465
209880,0.01338
201334,0.011713
145056,0.020044
209973,0.01895
99470,0.012292
166577,0.014097
216350,0.019903
187891,0.018805
231062,0.017744
74856,0.009854
239350,0.021573
199865,0.023923
224705,0.015109
171901,0.020262
237326,0.020729
57919,0.017596
171698,0.019733
71336,0.01877
225683,0.00957
149039,0.024105
139473,0.019821
177406,0.02378
240130,0.014966
115363,0.017463
172248,0.018122
95490,0.018355
63555,0.015399
143762,0.009877
197572,0.016855
129207,0.018275
81211,0.015517
7378,0.01716
131423,0.021444
198954,0.016388
193846,0.024799
113644,0.011059
47600,0.013478
156018,0.024446
149257,0.01202
143189,0.012805
96404,0.017911
12374,0.018583
180671,0.020163
62183,0.015911
166060,0.013645
4526,0.018261
118756,0.012933
142071,0.017678
86016,0.019187
43521,0.015043
32165,0.013254
233365,0.020973
82168,0.017549
214702,0.019898
145014,0.017793
123517,0.012623
229261,0.017906
8124,0.020068
108692,0.02028
53674,0.021223
181380,0.012113
95658,0.020524
242372,0.019446
51721,0.016003
198191,0.016587
141924,0.016447
213264,0.020825
151183,0.009472
41861,0.015203
45792,0.010257
158901,0.019804
235320,0.014533
210213,0.017197
196915,0.013122
95758,0.018111
62871,0.010623
247795,0.018051
143894,0.013572
117231,0.021829
143380,0.016273
62796,0.014922
151342,0.01689
244649,0.020913
205442,0.013795
89335,0.016329
95206,0.013913
47994,0.013679
16325,0.015148
34161,0.01247
72731,0.013728
46490,0.020225
167148,0.013213
179044,0.014297
33373,0.018626
4578,0.022418
40893,0.014445
25163,0.013665
202341,0.019594
143912,0.013286
139365,0.017168
177139,0.026337
202831,0.020554
15611,0.01678
115177,0.018258
7727,0.017208
75590,0.011543
19766,0.01959
34760,0.015901
76892,0.013933
248299,0.015053
118405,0.020267
88607,0.018732
147266,0.014922
126433,0.014353
54365,0.016671
235345,0.015767
144688,0.010878
72027,0.0174
182100,0.015149
200907,0.026744
15402,0.014835
235377,0.016299
56021,0.020985
27357,0.016484
179539,0.019458
232882,0.018553
73501,0.023434
189654,0.008479
169954,0.018363
84955,0.009721
69627,0.009954
239484,0.022261
122848,0.011454
174502,0.019594
167842,0.015092
159640,0.016174
110359,0.01867
125365,0.018281
209428,0.017691
168962,0.014212
180868,0.018636
143743,0.014791
185307,0.015077
220442,0.020349
221715,0.022853
107316,0.020347
23619,0.016993
138675,0.022832
128958,0.011258
77972,0.013082
80100,0.020058
200642,0.017788
55912,0.016649
14615,0.013061
96171,0.013736
112871,0.014726
22408,0.014283
197971,0.013177
171672,0.013771
91379,0.015812
208178,0.016561
141906,0.015463
78720,0.015533
86132,0.012313
205333,0.012348
198171,0.014241
25360,0.019152
140203,0.015518
33611,0.017932
207074,0.013578
233373,0.013348
109764,0.013033
155865,0.017933
24314,0.011823
124067,0.018677
235318,0.013125
149877,0.017701
21775,0.01442
62086,0.014185
161041,0.018749
185909,0.024062
137607,0.013562
96443,0.018167
184896,0.018437
82947,0.013485
178030,0.023156
16722,0.013442
11829,0.020984
116433,0.012101
209088,0.016317
15619,0.011008
219274,0.018348
176466,0.017243
234263,0.013625
127180,0.014286
180221,0.01542
130767,0.018632
30327,0.015032
91092,0.012718
218379,0.01535
36866,0.013892
166592,0.009926
102659,0.021944
238283,0.01803
189946,0.016205
119951,0.016273
188988,0.012522
122992,0.014504
37713,0.024107
220649,0.018077
111756,0.020791
241434,0.01277
160817,0.024449
222364,0.01902
88791,0.024241
17506,0.014082
203165,0.01649
3000,0.018072
170732,0.022227
99280,0.01558
200939,0.0166
28307,0.021078
18539,0.011841
92180,0.01905
74623,0.016344
167768,0.019315
120104,0.016023
177085,0.022691
10277,0.017778
50036,0.021269
244911,0.017115
77917,0.018217
49411,0.016901
234746,0.009533
34059,0.014845
111776,0.015549
227294,0.018492
158325,0.01267
221252,0.015483
201209,0.019459
112670,0.01211
210568,0.011051
249365,0.01049
131312,0.014858
25096,0.016077
89272,0.015594
229640,0.017861
132774,0.020033
92804,0.01891
114367,0.014672
228810,0.025478
165198,0.011197
240149,0.017028
61375,0.022238
64791,0.016421
193243,0.018555
199768,0.012864
27221,0.017422
106587,0.017866
121266,0.015026
42078,0.022167
30795,0.016366
89234,0.015729
202412,0.022218
9333,0.015444
193998,0.017794
147346,0.019083
3813,0.022589
54790,0.010751
32588,0.014964
218344,0.013702
71838,0.018099
73464,0.019646
45255,0.016129
218134,0.017386
71926,0.016775
233570,0.015365
105958,0.017753
88177,0.022903
230541,0.023359
9035,0.00935
46514,0.009945
208678,0.017397
139658,0.025758
213963,0.012987
9330,0.01357
74497,0.017981
16127,0.017618
15693,0.016448
189833,0.015626
237580,0.020818
187300,0.017058
167424,0.011331
247671,0.015076
150944,0.016643
223108,0.014819
191148,0.015114
212190,0.015878
187347,0.016598
230244,0.024769
140433,0.017155
24984,0.010292
1926,0.015638
151573,0.012637
85957,0.016129
14744,0.021883
190642,0.01715
249215,0.018153
68200,0.010468
97590,0.016911
133910,0.012138
120917,0.016096
20434,0.014909
116373,0.015456
104503,0.018169
52326,0.018976
122918,0.016919
64323,0.020078
180287,0.013369
112478,0.015488
35510,0.020646
57139,0.015946
142725,0.011166
247611,0.012244
165852,0.020799
242448,0.011986
195220,0.022424
130396,0.018375
186621,0.013235
77676,0.018872
206005,0.018922
80689,0.019097
202383,0.017458
52066,0.018408
174586,0.017303
23155,0.016281
43374,0.024646
169540,0.01799
148558,0.022857
93534,0.015806
116408,0.014108
46264,0.013716
202954,0.014234
54777,0.012601
20846,0.016066
54028,0.013194
15804,0.016972
120635,0.011767
78451,0.012436
85549,0.016454
121689,0.013299
110201,0.016748
96323,0.016178
60471,0.020957
224194,0.02079
113022,0.009955
156518,0.014748
137164,0.015975
149019,0.018753
141323,0.01643
225357,0.010589
164429,0.016876
181377,0.009426
13461,0.024067
138698,0.022938
169193,0.01415
427,0.012891
193073,0.015018
230774,0.01678
131238,0.01826
142052,0.017427
16398,0.015823
229588,0.016401
196187,0.014493
87361,0.022922
31511,0.013959
196812,0.015148
98606,0.017653
220440,0.017714
8709,0.016306
29637,0.014953
218003,0.013787
64539,0.023442
127311,0.017761
220825,0.016258
110494,0.021961
152385,0.01443
189911,0.016543
146421,0.014875
30512,0.014092
6014,0.0179
57640,0.024436
49881,0.018241
56260,0.015639
116375,0.019253
199753,0.025196
181570,0.015234
113333,0.013537
57068,0.017025
25924,0.015029
125103,0.021194
194406,0.018096
24943,0.013997
168141,0.010126
43953,0.015954
83535,0.01219
131352,0.019016
105889,0.00895
210598,0.01613
162329,0.019745
219831,0.012521
21027,0.018454
236092,0.014918
232402,0.024474
54038,0.01567
79554,0.019009
103676,0.015158
43372,0.020048
21173,0.018499
202055,0.014154
199355,0.011638
118910,0.016752
79711,0.028159
144035,0.024681
53228,0.017194
143666,0.015228
66544,0.020284
58762,0.018157
190604,0.017767
110046,0.015728
248384,0.019911
137428,0.01544
124202,0.014373
39741,0.010829
150824,0.013004
220300,0.018751
114063,0.017435
222600,0.018287
53851,0.010254
151925,0.014203
54775,0.012895
95976,0.021482
166364,0.012459
96036,0.01633
44910,0.016541
199050,0.015358
127251,0.018813
150511,0.015255
43904,0.012666
214537,0.013418
88896,0.020093
170642,0.021343
31821,0.013209
132975,0.017465
197622,0.016079
78697,0.022735
83458,0.015367
136450,0.015391
58850,0.013211
159935,0.015061
75714,0.012891
177650,0.019373
73661,0.021422
115254,0.016561
108276,0.023312
190977,0.012465
16576,0.01596
43219,0.015905
174651,0.011771
151606,0.014217
152469,0.014813
117202,0.021977
175271,0.018172
209556,0.01659
162123,0.019523
69067,0.016734
207834,0.012036
179350,0.020939
205390,0.01775
44097,0.016429
73510,0.014406
209228,0.012585
234347,0.010986
29919,0.012292
115242,0.01253
24961,0.009098
172616,0.012867
188154,0.01561
61620,0.015524
73864,0.022666
52283,0.015564
99229,0.012222
34022,0.020532
235836,0.010961
21099,0.021104
43185,0.020318
81767,0.025792
100405,0.019199
174637,0.01497
118667,0.021567
38352,0.016284
198330,0.013718
18002,0.012712
55493,0.013091
193661,0.021495
159153,0.009204
60749,0.013026
130940,0.019789
118322,0.020031
234874,0.013906
169785,0.015749
100554,0.016777
23516,0.013903
66144,0.01606
4375,0.021837
173929,0.015036
202992,0.015479
128055,0.017744
82419,0.013648
164379,0.011741
180205,0.01536
20773,0.018217
214664,0.015593
154267,0.01344
122710,0.018443
169043,0.023614
60866,0.018609
8737,0.009219
106667,0.017261
160192,0.012605
20072,0.017105
107315,0.018047
152307,0.013405
161541,0.013613
244613,0.026096
238180,0.024845
35603,0.018449
36558,0.018639
104913,0.015841
245799,0.022663
140121,0.019047
150833,0.013877
222126,0.018649
113182,0.010828
113907,0.013297
145671,0.018076
142670,0.013759
122207,0.014958
101783,0.01476
183631,0.014121
66911,0.022637
50990,0.014779
74685,0.013753
131782,0.024079
216707,0.011539
196256,0.013125
220660,0.01512
216108,0.01181
26717,0.016159
76812,0.010794
235959,0.014371
112518,0.016453
249260,0.009533
152371,0.016342
132958,0.017126
227530,0.011538
75748,0.01318
90070,0.018396
45060,0.012172
21982,0.012625
191034,0.014541
121482,0.016077
187744,0.01093
11344,0.019971
154295,0.020012
138187,0.011614
243193,0.012852
166316,0.010355
139848,0.018618
237978,0.019942
139261,0.018562
27225,0.015625
212173,0.018545
154500,0.018725
87019,0.024981
103614,0.02664
171205,0.016612
212710,0.01825
82143,0.015093
225597,0.018102
149733,0.017886
47539,0.011799
79787,0.018308
101517,0.01622
37634,0.011256
237485,0.02435
105591,0.015623
22492,0.022894
115784,0.021363
98778,0.014583
18798,0.017621
51121,0.015482
156303,0.018864
116666,0.020315
87788,0.024052
176716,0.013204
134296,0.014972
19683,0.015915
51125,0.020847
18051,0.014024
22163,0.016143
66482,0.018345
76470,0.020242
160104,0.010538
37536,0.014595
42546,0.018987
194446,0.021141
48527,0.02252
239180,0.024799
198516,0.014842
205219,0.014786
145843,0.014463
95815,0.023215
8695,0.014636
238514,0.015396
140891,0.016006
89497,0.010972
171372,0.023256
131871,0.015776
179035,0.013361
97832,0.015581
242522,0.019781
127168,0.015269
67175,0.010809
155818,0.022667
200685,0.022019
171238,0.023804
204633,0.012266
94359,0.020331
164447,0.018184
184124,0.024806
232146,0.017324
8906,0.013431
235602,0.01897
94967,0.020557
131277,0.020837
224716,0.02123
33278,0.019146
37493,0.019355
170931,0.018414
172496,0.02079
211769,0.018869
155777,0.024855
46298,0.018012
207644,0.023435
114687,0.018623
177252,0.020887
77393,0.014831
801,0.017342
4131,0.012885
153905,0.020313
97062,0.018767
146432,0.014982
173376,0.019244
98264,0.016789
135718,0.0146
206374,0.013732
133003,0.022148
57236,0.023722
173173,0.017031
220425,0.018449
70662,0.023564
230127,0.012919
55740,0.016656
172097,0.012924
63206,0.017246
203486,0.016233
226763,0.010657
182117,0.015829
132289,0.017682
122481,0.012665
19418,0.017827
189650,0.009773
144094,0.017886
100461,0.014572
154339,0.014452
84190,0.014452
188785,0.012193
182930,0.016242
134299,0.016959
189741,0.014999
81759,0.01511
232072,0.02321
178882,0.019363
119117,0.018384
9691,0.013707
90041,0.013663
40063,0.017019
218540,0.013327
105614,0.012228
56117,0.014194
50703,0.017919
26701,0.017349
67660,0.010161
34095,0.015393
168785,0.021978
145479,0.009617
204930,0.01872
138568,0.018194
45755,0.016878
43392,0.0164
167696,0.015846
224015,0.021761
141043,0.016653
18165,0.011499
54987,0.013418
42260,0.016742
110966,0.013932
76439,0.014055
225869,0.020211
44648,0.016884
77605,0.016234
216036,0.015422
203726,0.012909
173954,0.010042
209090,0.022658
167870,0.013509
166467,0.010492
171837,0.013645
83722,0.016267
243887,0.022144
47322,0.017112
125504,0.017985
69328,0.017513
133668,0.014001
5341,0.016647
233563,0.010311
5490,0.02093
151124,0.017484
141122,0.017293
52849,0.019489
146052,0.018801
176059,0.017563
126997,0.012274
74027,0.019603
88776,0.023139
148933,0.013978
55948,0.017964
219055,0.011314
198815,0.015729
117383,0.022063
49540,0.016194
203652,0.016518
152798,0.011651
208664,0.017307
79593,0.018535
159280,0.012798
54030,0.013323
180079,0.019043
146022,0.017675
55126,0.012516
84021,0.011331
226360,0.023765
242768,0.0179
204768,0.011731
19479,0.024218
245487,0.024797
78245,0.0183
31249,0.02279
159345,0.01156
141064,0.017305
211722,0.014688
79179,0.018386
232240,0.018414
136250,0.017783
159427,0.014131
51850,0.020753
1246,0.015527
247382,0.013941
83487,0.017625
84666,0.015249
61962,0.013183
156999,0.023053
75105,0.018908
58810,0.0156
197291,0.015382
243364,0.014364
143361,0.015211
176611,0.015979
88207,0.026596
165351,0.024672
226535,0.012312
136204,0.013019
124528,0.01631
115856,0.015664
95660,0.01185
208617,0.019092
149625,0.01974
50424,0.019862
211374,0.016123
150660,0.017724
3847,0.019569
193047,0.021076
14490,0.017953
195915,0.01757
205909,0.014271
53466,0.01371
87489,0.015366
7768,0.015654
179260,0.026935
215717,0.022083
26547,0.016933
196723,0.013406
32210,0.014076
128230,0.014322
98104,0.017952
183973,0.013373
24951,0.01737
3227,0.015835
84737,0.016254
200259,0.01818
241763,0.017238
202602,0.013206
248047,0.00868
89989,0.014295
227251,0.016528
221104,0.014756
235715,0.015446
66941,0.018159
197019,0.012414
74269,0.018932
138662,0.013665
33869,0.020972
175887,0.015194
163128,0.017145
172566,0.015383
187730,0.017172
77808,0.018107
16317,0.013038
155588,0.012341
23238,0.016498
246978,0.010471
115054,0.016292
244274,0.019145
142205,0.011124
107541,0.016906
216500,0.014775
209984,0.014918
112142,0.016052
13222,0.023311
162445,0.025573
111664,0.019989
25066,0.016621
79026,0.010447
37844,0.015978
191302,0.01252
67952,0.019548
25112,0.01301
80585,0.018958
212215,0.016272
93870,0.013957
248146,0.014035
104565,0.014302
249112,0.014094
48328,0.014195
55717,0.014135
28738,0.015578
22294,0.018434
229466,0.024171
230496,0.025512
112279,0.017408
190925,0.017091
229667,0.015577
239002,0.018266
215756,0.017323
219961,0.01843
1581,0.01932
223461,0.021232
83008,0.017807
213900,0.013032
141986,0.012087
29281,0.019172
240290,0.017439
40443,0.011632
208956,0.016984
68632,0.018464
201309,0.020071
203283,0.019269
122732,0.011324
238554,0.020345
163726,0.02004
166374,0.009708
180290,0.015585
199969,0.022675
26334,0.01493
97530,0.013275
131536,0.016756
63356,0.020271
77175,0.011549
127192,0.015248
130887,0.011902
88823,0.016904
202398,0.013215
226201,0.016565
27139,0.018988
52433,0.023856
12966,0.020712
113282,0.01901
119605,0.02243
195061,0.019022
2886,0.014034
232156,0.0155
221277,0.018796
184668,0.021429
111647,0.025216
188289,0.016405
5029,0.022327
35681,0.022147
154651,0.018863
134160,0.018973
183248,0.015717
128363,0.019783
22178,0.021208
3249,0.017584
128614,0.013081
108768,0.014918
113245,0.010889
230309,0.024452
98764,0.016877
7686,0.015116
10495,0.019885
187731,0.020503
13110,0.021619
48348,0.010051
86804,0.020187
105409,0.015902
187670,0.016622
219105,0.015632
37935,0.01578
17070,0.015605
24025,0.014547
1585,0.011502
218502,0.015203
84226,0.011381
202487,0.016706
140819,0.020931
174347,0.01664
107308,0.011566
21587,0.020118
7293,0.015323
76203,0.015359
182412,0.016901
149344,0.014804
199807,0.025326
175932,0.016546
94951,0.018312
137408,0.01507
44456,0.014726
15604,0.022375
248853,0.01628
184871,0.020879
82394,0.013771
174815,0.01419
93097,0.020304
70656,0.015193
244597,0.01951
148892,0.021669
213742,0.02415
80798,0.020245
87270,0.013392
110693,0.019933
183759,0.015937
153871,0.022158
157748,0.011449
59969,0.016785
228717,0.015969
211058,0.021272
146862,0.017484
65078,0.01054
128606,0.016528
213051,0.019803
141063,0.015064
120516,0.02076
54447,0.013673
88594,0.025584
27426,0.016313
156905,0.010733
164900,0.013175
31474,0.015062
75869,0.013648
159085,0.016817
68647,0.019347
62265,0.015765
21568,0.015137
171118,0.01164
6534,0.020562
227596,0.018105
63682,0.016685
174261,0.014903
56296,0.015994
30517,0.011551
139216,0.024848
63230,0.013397
74258,0.019642
210509,0.012491
63510,0.019189
154605,0.015722
235675,0.016412
72049,0.017603
105932,0.012804
52836,0.016783
171240,0.020725
111805,0.015284
171058,0.017743
47118,0.017739
136671,0.00884
232822,0.019941
50232,0.023264
244812,0.012719
217182,0.01397
106589,0.012655
201303,0.023613
30353,0.016623
214424,0.021862
91856,0.017295
80125,0.025434
182078,0.011254
75559,0.01025
188538,0.015517
55441,0.014384
153090,0.015542
13258,0.021989
50209,0.013721
75599,0.012574
185748,0.019293
144587,0.017461
34002,0.017749
146797,0.017994
138496,0.021613
54395,0.01763
21534,0.017451
59175,0.016383
15984,0.0177
222047,0.013524
164991,0.009589
225281,0.016568
161530,0.013221
127314,0.0129
133460,0.020657
161942,0.020052
183561,0.013846
143510,0.0119
205652,0.015172
87099,0.016912
100684,0.017316
230387,0.018645
163987,0.014121
191485,0.012686
216747,0.02048
180103,0.016162
97645,0.011219
95911,0.016726
32563,0.014138
217551,0.015522
156011,0.017246
35528,0.013578
122339,0.014266
249789,0.015896
246705,0.018188
37379,0.014432
43912,0.025901
202806,0.017794
170134,0.015306
47649,0.016899
224287,0.017239
58797,0.014117
35725,0.021204
8130,0.01489
178295,0.01672
189433,0.014931
64965,0.013521
227272,0.012642
135822,0.016274
237349,0.011687
163140,0.015192
244829,0.01455
104134,0.013531
30792,0.016778
101828,0.011783
182297,0.014479
220126,0.013386
86027,0.01488
739,0.018521
246812,0.021203
41051,0.018786
124461,0.011706
169548,0.014965
159499,0.015779
51755,0.014137
134879,0.019767
28318,0.017076
4963,0.023906
15835,0.013804
83452,0.0125
188412,0.015591
50952,0.016119
82578,0.015834
247211,0.01867
22105,0.013071
237298,0.025185
4282,0.020169
221796,0.015611
119589,0.016364
19519,0.019492
164538,0.020254
62321,0.014221
169743,0.018959
31888,0.015557
227243,0.012685
80168,0.021186
134443,0.024751
141093,0.022724
242542,0.014169
193594,0.020065
9934,0.013735
109458,0.021269
195554,0.014389
175188,0.015334
234883,0.016106
226136,0.013463
19020,0.023933
144875,0.017408
239111,0.013399
246682,0.016804
119308,0.018557
225477,0.017498
182257,0.018553
180385,0.018721
25434,0.012897
135716,0.014395
111052,0.021105
222995,0.019173
242596,0.013939
217869,0.014967
168428,0.011514
199375,0.012781
8921,0.015513
72143,0.017172
143103,0.013064
200091,0.018689
203786,0.011603
122570,0.012471
219257,0.017657
31804,0.013455
6232,0.021274
19719,0.01591
174786,0.013682
10116,0.014689
82994,0.019486
212167,0.014536
187058,0.018068
173352,0.018837
235093,0.013781
164825,0.011776
161309,0.016993
31271,0.01573
79837,0.020646
161428,0.015136
191957,0.010814
215326,0.015931
119538,0.020727
112081,0.010766
12425,0.020648
126178,0.013596
16867,0.012765
129469,0.012503
233560,0.017451
154717,0.020868
48971,0.012305
73423,0.023255
153997,0.012692
159753,0.020863
43866,0.013991
109086,0.023667
80550,0.023995
44678,0.025895
166394,0.016656
193174,0.021432
160664,0.014542
105006,0.013934
247771,0.019923
29011,0.018821
173537,0.009917
160578,0.014095
238151,0.01289
65143,0.018349
101125,0.021529
11952,0.017687
156659,0.022931
159972,0.015045
8830,0.01856
151282,0.01919
240360,0.018045
131919,0.02146
211282,0.017931
168800,0.019223
214665,0.01896
15222,0.016377
38217,0.018336
124321,0.026168
117675,0.015183
222062,0.015218
239929,0.020902
21148,0.021687
83923,0.018199
4304,0.015931
203542,0.017155
3554,0.017575
33832,0.015275
178186,0.013908
153487,0.034524
202849,0.013181
51373,0.012126
90327,0.014384
217597,0.022387
96327,0.01322
246263,0.016643
24123,0.013162
209716,0.016276
240384,0.016134
201939,0.016126
205314,0.014344
85643,0.010476
196741,0.013713
163360,0.017475
100671,0.012185
109400,0.01776
102105,0.017415
137040,0.015507
141738,0.017508
192999,0.01367
87817,0.016115
75395,0.016658
159781,0.013997
243245,0.01787
119875,0.013788
35741,0.020197
174190,0.012893
176379,0.024209
142422,0.020341
210293,0.016189
161820,0.0156
3915,0.010577
32140,0.020742
99722,0.011343
219184,0.009839
74097,0.016725
202152,0.024197
136792,0.014552
45616,0.012548
110746,0.017633
6186,0.024275
180726,0.012227
2847,0.01632
70332,0.013819
215168,0.028423
189097,0.014635
211521,0.014112
82826,0.015859
87248,0.02482
104727,0.018442
219533,0.016867
178873,0.0139
137930,0.02042
240693,0.012505
223164,0.016405
203357,0.01084
35850,0.015564
212975,0.016282
69428,0.017717
140528,0.019416
213003,0.013882
48378,0.013319
239473,0.018905
77128,0.013271
132481,0.013393
35953,0.021099
66903,0.012245
176746,0.022186
226900,0.01809
27203,0.014568
72601,0.024889
131254,0.020515
63520,0.019461
59067,0.013884
177184,0.020521
238223,0.019243
164551,0.016834
205853,0.017871
136637,0.016628
241935,0.017911
205433,0.018951
179027,0.022556
54503,0.017171
97371,0.013775
49288,0.017037
212385,0.011735
137380,0.02107
85825,0.024302
1083,0.014285
232771,0.021062
157837,0.015348
176701,0.017328
181060,0.018166
79439,0.022148
74300,0.019374
28953,0.018687
40948,0.01914
240261,0.015461
104060,0.018094
154929,0.015858
57493,0.013317
56742,0.019228
181946,0.012844
181202,0.017528
159720,0.011772
55849,0.015131
216215,0.013844
109661,0.016605
47393,0.017293
68229,0.013264
139952,0.020678
188980,0.017473
89780,0.011052
15134,0.01051
62706,0.015947
220260,0.01209
187763,0.02173
60068,0.015281
197270,0.010126
138169,0.010454
201225,0.020561
108375,0.012696
213380,0.01407
56424,0.01538
61380,0.019232
104600,0.015588
120143,0.011159
71758,0.015425
141046,0.015556
202245,0.012959
139769,0.025045
230853,0.020265
202958,0.019598
5977,0.01608
38811,0.017006
198578,0.014642
173084,0.011977
121563,0.013617
88904,0.013037
160989,0.010774
198394,0.017307
168005,0.017567
223690,0.020759
65850,0.021108
201736,0.021374
118661,0.015224
21226,0.020618
233093,0.018433
244639,0.015518
38789,0.021013
124966,0.021888
106884,0.01846
71497,0.014848
6263,0.011655
179331,0.017551
116198,0.024329
5499,0.020526
225330,0.021244
83789,0.014906
76038,0.017135
146366,0.015905
67656,0.019942
76073,0.017719
169972,0.011676
27446,0.025147
46820,0.010115
148548,0.022334
199756,0.018143
109670,0.018859
227857,0.013048
181676,0.014503
173546,0.014339
202906,0.010157
79547,0.027145
155417,0.02486
40722,0.016605
172446,0.012757
182328,0.014348
192979,0.017396
106977,0.015018
102283,0.021598
49265,0.010339
11988,0.01553
151521,0.016446
223251,0.016058
198923,0.019629
53810,0.018487
179810,0.015873
42603,0.016842
188683,0.01773
42003,0.018947
173624,0.019766
23941,0.014357
102331,0.019148
105952,0.018469
170713,0.017504
91605,0.02107
120589,0.014701
245130,0.015462
17152,0.014983
4139,0.017695
86504,0.015761
148867,0.017146
24341,0.019253
126093,0.016653
132959,0.019808
244909,0.022605
149413,0.024856
13715,0.013209
73662,0.024375
210158,0.013718
12507,0.018032
179817,0.014027
138322,0.01732
149018,0.0138
54215,0.011983
141424,0.016739
143844,0.017952
163284,0.022001
158669,0.013318
213585,0.011637
210901,0.016156
105427,0.01043
56211,0.012098
49102,0.014861
92152,0.012274
144943,0.012634
187889,0.013728
207499,0.020382
168964,0.013694
79923,0.017419
243293,0.013144
48703,0.019172
185214,0.022546
46370,0.012375
57793,0.018663
233518,0.014993
234001,0.011907
236336,0.025559
5639,0.017316
164767,0.017858
200682,0.01788
134124,0.018041
245049,0.012266
239915,0.019966
211343,0.018097
96559,0.020476
183579,0.020441
72809,0.014453
217689,0.016684
129142,0.016536
113325,0.013337
214100,0.014943
175320,0.010013
88100,0.019568
21084,0.013874
241720,0.013155
79775,0.017451
242975,0.013104
199225,0.012864
89632,0.013776
20430,0.019448
17985,0.018984
208952,0.0129
82127,0.014476
239673,0.017943
213532,0.015605
197731,0.013842
3566,0.01238
197634,0.016528
117956,0.012607
100304,0.016411
101845,0.016215
246209,0.017255
184514,0.01877
240007,0.014287
160465,0.015644
129190,0.012193
231987,0.013232
130302,0.01324
68689,0.013447
119601,0.013962
84323,0.013921
41481,0.022097
184663,0.016831
162521,0.013066
161655,0.016748
118327,0.0148
197115,0.014135
208019,0.034037
93157,0.015925
76393,0.014584
112551,0.017344
176359,0.014722
35663,0.028487
82776,0.022519
107410,0.016955
166911,0.014123
88684,0.016995
216862,0.025679
234761,0.009097
6794,0.01029
185496,0.025668
124499,0.017792
197892,0.012548
113719,0.012432
13843,0.018529
147138,0.023137
146799,0.015097
41801,0.017105
183681,0.016735
1752,0.017336
234488,0.014503
94400,0.020387
33764,0.014579
70534,0.018428
172005,0.015595
14869,0.01259
207039,0.016343
149510,0.018557
130897,0.019627
184694,0.014306
205264,0.013734
74705,0.022805
5044,0.019727
244586,0.019696
161080,0.017956
34834,0.020608
22793,0.013535
236417,0.014195
182997,0.015968
117144,0.019833
60933,0.014185
104433,0.018362
243380,0.015823
155541,0.031787
74199,0.021957
49012,0.019634
228279,0.010583
36609,0.022547
106217,0.016922
57921,0.021977
138788,0.016029
106671,0.025097
95632,0.013394
230901,0.019603
197434,0.017454
231776,0.023222
190499,0.011013
215013,0.025647
44675,0.013044
230447,0.01885
115947,0.014654
94962,0.018718
52959,0.016452
222836,0.019771
94685,0.018259
64929,0.019994
3028,0.016688
132646,0.015081
195981,0.011596
23332,0.015901
167164,0.019984
211558,0.015059
222283,0.016222
29835,0.013751
185976,0.016343
235627,0.010519
89841,0.01888
67778,0.015381
88107,0.015863
123379,0.01775
149963,0.011007
7364,0.017487
220565,0.011153
99548,0.021974
131270,0.015627
134991,0.011652
109070,0.01678
93218,0.014275
35339,0.0214
196102,0.015246
112831,0.012377
11904,0.012409
243381,0.014157
205133,0.011357
21287,0.022002
28955,0.018133
206767,0.018119
236465,0.019719
196777,0.017954
135458,0.018779
141427,0.01788
101475,0.02495
46295,0.013848
111339,0.018848
217759,0.014339
121756,0.013659
3518,0.015252
179423,0.014587
73932,0.021783
82050,0.018046
213000,0.008693
237173,0.015431
131808,0.024657
154482,0.014335
46837,0.016808
223194,0.017039
122419,0.014087
110924,0.020303
32694,0.020769
175651,0.015128
12086,0.020693
157184,0.016035
77526,0.015664
211466,0.016697
81265,0.013965
44917,0.018722
230023,0.015897
172326,0.012002
90572,0.016673
213218,0.016387
123206,0.016508
28753,0.012192
114621,0.012455
91346,0.014241
76187,0.014179
88156,0.015171
73633,0.011392
114500,0.015615
55443,0.020173
123481,0.01426
94955,0.014568
125469,0.02028
27890,0.015221
156275,0.01522
213236,0.016451
109604,0.019836
11670,0.017619
40698,0.011757
66418,0.015705
228036,0.0134
52032,0.014384
153128,0.017676
29441,0.011509
14858,0.01991
163379,0.037108
148624,0.015084
196396,0.013025
84522,0.02005
33981,0.014491
118089,0.014644
88831,0.01426
129462,0.013857
76905,0.020994
119213,0.015893
88010,0.013591
51294,0.017338
225048,0.018002
241000,0.016794
172298,0.017618
45971,0.018038
196565,0.011854
124702,0.020054
248052,0.011192
211182,0.013117
150867,0.01341
247169,0.018555
15145,0.015974
239466,0.019262
241431,0.015573
77334,0.010892
227803,0.016005
92697,0.014093
121094,0.012032
197139,0.013354
119612,0.015032
44694,0.016971
161234,0.02503
228544,0.011838
140202,0.020497
224597,0.017754
33048,0.013279
199870,0.012745
53481,0.0181
92803,0.013003
101662,0.016427
188340,0.011799
233619,0.013766
27688,0.018963
14401,0.013706
182620,0.014477
245634,0.014678
20148,0.017836
229426,0.014592
224461,0.018149
139306,0.016853
22970,0.011321
219131,0.014329
207926,0.015084
228178,0.011565
209374,0.017652
62091,0.013151
205319,0.016147
3052,0.022111
142592,0.015584
13730,0.011546
235342,0.011417
36020,0.021661
68809,0.016027
93598,0.019492
32402,0.012797
63475,0.016658
242894,0.015709
99344,0.015086
46841,0.016471
84498,0.015437
94679,0.027358
173368,0.020886
156626,0.020234
175821,0.017389
45160,0.014839
249531,0.016513
218973,0.016072
84029,0.016899
53425,0.013651
198426,0.018348
106287,0.015535
103525,0.029914
100607,0.014684
71475,0.011436
1562,0.017902
16545,0.018571
117344,0.019746
3460,0.01882
230038,0.022448
237909,0.017019
76764,0.014058
74637,0.012862
237723,0.019916
38888,0.010812
185022,0.014695
132648,0.018087
43457,0.020945
109231,0.0147
105324,0.013053
95614,0.013637
203412,0.009085
47479,0.01874
238486,0.021702
136588,0.012142
29106,0.017524
185646,0.020636
31955,0.009781
184027,0.023584
147679,0.016154
142229,0.015137
140472,0.02037
160298,0.018882
177031,0.016852
59094,0.01602
185501,0.021313
80633,0.025555
187645,0.012321
157436,0.013426
146373,0.018454
81425,0.01739
142143,0.019431
59907,0.011104
185781,0.020366
59219,0.013291
164322,0.016769
235982,0.013832
13672,0.017736
78221,0.011316
188371,0.01187
105821,0.017368
166366,0.020876
13127,0.016994
191924,0.023892
49323,0.019181
87832,0.013967
180665,0.015157
205802,0.0163
208135,0.013344
208651,0.013228
142166,0.015199
4380,0.017714
31399,0.018387
60775,0.012632
167231,0.011982
147992,0.01451
114523,0.012788
48343,0.013968
212812,0.016074
242636,0.01084
104236,0.016037
150635,0.015904
91669,0.015606
131056,0.018897
78439,0.013789
217175,0.01876
233325,0.015831
151819,0.016779
170545,0.02176
243655,0.011468
123069,0.018878
154427,0.021852
112804,0.016388
27953,0.025354
116052,0.013555
107126,0.018771
90771,0.015333
136785,0.016572
66036,0.019218
176745,0.018315
15961,0.016679
220755,0.013011
37209,0.01278
176195,0.018116
150541,0.022975
188024,0.015292
119475,0.018003
23157,0.015215
231969,0.021659
124275,0.019199
21539,0.017438
174528,0.013444
206476,0.017214
26859,0.016718
205818,0.015811
138171,0.018893
50837,0.022082
131157,0.020526
165885,0.01199
61223,0.017729
226043,0.01092
209634,0.016915
9812,0.017722
135127,0.013072
183143,0.016121
45010,0.018547
62388,0.013765
29312,0.018024
57356,0.025578
139826,0.018952
114719,0.014745
14183,0.017477
164588,0.014342
34865,0.013625
22879,0.0165
121624,0.013659
121110,0.014906
206088,0.018795
166187,0.017475
196991,0.021065
12232,0.017101
77668,0.01318
133958,0.016199
30478,0.023757
229705,0.009633
170826,0.014383
128881,0.014135
220452,0.010036
161378,0.019064
76017,0.022062
118632,0.015345
84229,0.010938
153319,0.016081
167564,0.01555
214888,0.013466
121164,0.012694
244115,0.013971
206303,0.014031
94562,0.018984
66675,0.017682
58209,0.013671
239713,0.01738
155628,0.018673
160760,0.018533
41427,0.018004
188355,0.014858
43791,0.022347
192181,0.015973
206362,0.01056
1054,0.019302
100289,0.009811
240521,0.01546
68792,0.014987
136060,0.018203
8585,0.014438
236995,0.014957
246314,0.018789
202450,0.011688
51244,0.018875
25418,0.015605
37630,0.016797
1523,0.010978
71662,0.025765
43482,0.012913
187026,0.01928
175197,0.013354
111787,0.016166
180835,0.016343
45759,0.012692
128542,0.011753
238870,0.019121
182981,0.020038
110669,0.015725
66684,0.016231
2000,0.015866
145962,0.013207
191569,0.021479
176816,0.017241
135047,0.018779
52898,0.018466
95992,0.016707
179875,0.013587
7427,0.014264
192271,0.022136
246203,0.016681
68140,0.014317
99876,0.011005
248671,0.01321
229721,0.02306
177598,0.017252
24440,0.014781
65430,0.020953
126844,0.011502
199433,0.024711
53377,0.011894
155255,0.017249
58686,0.0187
148599,0.017251
177305,0.021872
109187,0.016343
62270,0.013793
182187,0.019381
151368,0.012915
184282,0.019703
6040,0.016367
226044,0.013588
1828,0.013049
20225,0.024847
225626,0.013818
181282,0.014226
68208,0.015568
120186,0.020165
95003,0.018483
127340,0.014285
89144,0.017531
117327,0.022288
89221,0.012943
100958,0.014672
75909,0.014049
26165,0.011145
39117,0.014618
239119,0.015304
144896,0.012616
175462,0.016717
99631,0.018608
139315,0.017218
105449,0.009588
7414,0.017785
48598,0.016577
159624,0.014702
18611,0.019563
194918,0.016573
164925,0.018673
51220,0.022699
19284,0.017467
35326,0.015992
107381,0.017369
175415,0.020303
169624,0.012411
158594,0.011406
67308,0.01545
84448,0.014902
68692,0.020079
45042,0.015983
13483,0.016205
168066,0.016607
32771,0.015812
221544,0.014541
224074,0.021855
7127,0.012663
231580,0.018063
236783,0.018825
166245,0.019244
165809,0.011702
119000,0.014253
220909,0.014385
129128,0.014321
229771,0.018422
56772,0.020521
68973,0.014217
160757,0.021764
246012,0.023849
27729,0.016744
22702,0.011227
65532,0.015359
197813,0.009769
169460,0.018812
156194,0.016756
139730,0.021346
170407,0.027068
234811,0.01502
67658,0.017641
181879,0.017075
226230,0.012631
81906,0.020017
98418,0.010576
244898,0.015339
202632,0.01205
36957,0.01985
167323,0.018189
210798,0.013871
36780,0.014107
130819,0.014419
187194,0.018669
222909,0.019927
33608,0.023404
82464,0.013139
95924,0.0132
75143,0.009846
53651,0.018652
37342,0.01737
48102,0.014973
5855,0.016963
137160,0.009966
226871,0.018029
184596,0.019327
150971,0.011935
61502,0.01495
52875,0.017192
195233,0.017112
94897,0.016176
2996,0.010749
219517,0.012711
76538,0.014435
205118,0.014529
167021,0.014192
165713,0.017939
210288,0.015974
69878,0.024519
210941,0.012543
43633,0.017736
132779,0.019032
224180,0.022814
171259,0.016665
70450,0.015844
106430,0.014063
157920,0.016311
146079,0.018442
136887,0.012347
91503,0.013814
63375,0.018765
105892,0.01385
105522,0.015907
49237,0.016436
106684,0.012742
52542,0.016361
60204,0.0114
26786,0.020453
95049,0.019437
125738,0.024051
75500,0.011454
8188,0.016721
241297,0.018067
100053,0.023387
155856,0.018038
16527,0.016524
94464,0.018907
23062,0.014297
140369,0.022651
87220,0.015304
169013,0.018929
170867,0.018744
185289,0.014188
201794,0.023842
78170,0.016864
12854,0.017987
117374,0.013997
27933,0.021932
145900,0.014105
217055,0.018596
79274,0.022579
128041,0.015333
207720,0.01951
232368,0.015908
42237,0.014601
24895,0.016718
29494,0.014487
198703,0.015226
29285,0.022767
31659,0.018066
52745,0.015845
172153,0.015762
156816,0.010448
178990,0.024688
86903,0.01855
23894,0.0224
38213,0.017463
175470,0.016951
236576,0.017281
130128,0.01677
218091,0.018542
184523,0.01878
21380,0.01612
193940,0.016845
136806,0.009146
204046,0.012465
80039,0.015115
100816,0.023054
10229,0.016584
6972,0.017622
226335,0.014893
89773,0.016741
145559,0.016102
168311,0.015481
27533,0.022443
61191,0.016032
138824,0.019343
239022,0.017416
18554,0.020184
57821,0.017537
166035,0.01368
6170,0.018815
174510,0.016548
156524,0.011458
217520,0.017593
233122,0.01586
85346,0.019218
38256,0.012204
213571,0.015511
156455,0.013755
109021,0.013671
15279,0.016396
166157,0.017296
198850,0.019724
42146,0.023254
65298,0.017016
165582,0.014892
175989,0.012809
219850,0.015254
45530,0.014228
229434,0.014783
86175,0.01479
171191,0.014343
179843,0.013045
67627,0.018418
118006,0.012094
182765,0.016979
179481,0.02091
144305,0.020574
44683,0.015808
92500,0.015984
74250,0.019809
39721,0.013831
128489,0.011093
173258,0.016487
164490,0.0116
182134,0.010186
183606,0.018204
237034,0.020516
156949,0.0225
230586,0.025487
197951,0.01954
13169,0.013036
228677,0.013675
67518,0.014147
45838,0.012014
14009,0.024329
236892,0.019125
120837,0.014504
184109,0.011403
95920,0.0127
218715,0.021316
54457,0.014258
231841,0.013507
186623,0.018496
6630,0.017061
213656,0.014037
92944,0.01444
114071,0.008894
79437,0.021731
71609,0.015033
18964,0.019115
57729,0.016794
42949,0.016906
203226,0.016972
65941,0.019224
248380,0.017416
114932,0.010618
5478,0.021108
97861,0.018933
65280,0.021142
17742,0.016507
131786,0.020002
33792,0.015594
157356,0.013818
186414,0.014583
46390,0.017058
63543,0.028992
149635,0.014417
69187,0.017629
24070,0.017254
155957,0.018831
177968,0.019006
56840,0.017376
135061,0.015387
209134,0.015291
195414,0.016575
225986,0.01604
184101,0.021662
219052,0.015887
79088,0.019964
46144,0.018253
227646,0.018577
223894,0.015041
221802,0.015369
184815,0.015792
209769,0.01418
97641,0.013346
165989,0.016958
133871,0.01443
132728,0.023053
151733,0.015674
101936,0.032737
152196,0.014037
7064,0.023574
207420,0.014684
222841,0.013632
172482,0.013364
207359,0.01646
190415,0.018814
152201,0.011886
26924,0.017708
77820,0.012892
214930,0.0234
180953,0.015375
131187,0.017317
136754,0.012402
194885,0.012401
213502,0.018058
137001,0.018737
115088,0.017681
98495,0.009342
224373,0.01515
230977,0.02176
184452,0.016715
5372,0.023218
45751,0.018056
208587,0.012986
162612,0.013626
186064,0.012866
201282,0.025816
47691,0.014124
95575,0.018678
156758,0.015024
87684,0.016869
92750,0.011418
242797,0.014926
103579,0.016782
169737,0.018596
192157,0.025744
87040,0.015923
149281,0.015836
63192,0.022421
86019,0.013964
153153,0.013237
94854,0.022331
213754,0.018168
26760,0.013145
212954,0.011263
217034,0.031743
99052,0.017978
141718,0.018352
91081,0.010795
71937,0.013931
88935,0.02009
89843,0.013577
181804,0.020139
34725,0.011225
39300,0.01765
29821,0.017122
73008,0.017826
169301,0.017982
127488,0.022187
231174,0.020812
54561,0.009651
197468,0.0132
24557,0.017319
162504,0.01883
149069,0.013462
56568,0.021598
14897,0.025381
130145,0.018228
215259,0.014503
174877,0.012207
196616,0.019363
138503,0.014526
104054,0.017127
27434,0.024628
35736,0.020955
85951,0.020068
136751,0.011521
142117,0.01834
104597,0.013469
173252,0.019268
118864,0.023674
118393,0.012662
111314,0.015215
243986,0.017795
225515,0.015467
50879,0.020689
59489,0.018919
204188,0.01212
131971,0.020075
135902,0.009443
17913,0.020091
24221,0.011705
222146,0.021703
86774,0.011305
182199,0.019283
217438,0.014803
217296,0.014556
197659,0.016052
133840,0.015453
177218,0.023848
200636,0.01958
195310,0.011577
177512,0.019436
51349,0.021235
36381,0.015619
96841,0.011422
67408,0.011661
138484,0.018596
50552,0.017429
167191,0.014501
238987,0.021456
43601,0.012969
168832,0.014123
101746,0.012572
1333,0.014331
207143,0.013057
236305,0.011176
211318,0.013321
147288,0.016337
2500,0.013493
236051,0.017887
58028,0.01827
243775,0.01361
6050,0.018687
70852,0.020236
130172,0.012098
10051,0.012916
51509,0.015528
116454,0.016516
74983,0.0178
232833,0.02427
61325,0.012879
224118,0.018891
248751,0.013364
95586,0.021017
152708,0.017697
146933,0.016073
226782,0.01587
100747,0.014524
101007,0.021965
221034,0.015718
49872,0.017598
167140,0.010366
59936,0.013125
138562,0.01515
202106,0.020524
92947,0.010317
141980,0.016927
124986,0.016869
144237,0.014058
119764,0.01931
84188,0.015207
249164,0.013239
50856,0.015668
208383,0.025681
174441,0.019895
148117,0.014566
188414,0.01059
91310,0.008353
222629,0.022734
85172,0.016173
241381,0.016587
227303,0.011224
1224,0.021598
144490,0.016687
189414,0.012901
193231,0.019097
210228,0.015161
98456,0.01146
62006,0.014557
221816,0.015836
160800,0.015619
10711,0.011727
150526,0.014138
200192,0.017211
199336,0.019967
240752,0.016775
77391,0.016881
247911,0.014973
164023,0.015159
8375,0.017951
46146,0.016583
204129,0.012563
169453,0.013617
134545,0.019805
22994,0.016082
191110,0.026057
167656,0.010486
137659,0.019036
7541,0.015727
48127,0.011643
198179,0.015116
235794,0.014848
219446,0.016612
222851,0.019441
92285,0.017186
150084,0.019969
91144,0.018568
241064,0.01641
8430,0.017431
46072,0.012475
27038,0.018155
162674,0.026326
113836,0.016273
13659,0.018807
63600,0.014605
83946,0.014264
205878,0.014615
168747,0.0141
109019,0.024279
124040,0.012792
38583,0.011948
34705,0.023699
8094,0.016268
117092,0.013904
52276,0.01217
33704,0.020758
63335,0.018843
93564,0.018102
148310,0.020877
213392,0.014336
82787,0.019649
235004,0.012552
199619,0.011146
80748,0.011538
76938,0.013911
4899,0.017226
110682,0.020607
139317,0.021354
28019,0.014282
67679,0.019135
240468,0.01916
86415,0.017366
178479,0.022853
193295,0.016623
88138,0.01343
205657,0.017347
108883,0.012935
151032,0.015468
42024,0.010242
209456,0.019974
111975,0.018608
197072,0.011329
41243,0.020031
221711,0.019176
50038,0.013628
63538,0.018745
138166,0.015914
196086,0.012516
156095,0.01956
30275,0.012129
11813,0.016784
33079,0.01973
128590,0.022125
187426,0.02054
18551,0.015768
127048,0.013615
169820,0.016607
63406,0.019644
166166,0.01417
170584,0.017377
107292,0.016896
127291,0.021057
205565,0.018519
174442,0.014952
99570,0.018996
244531,0.016064
39412,0.016251
18776,0.016596
238437,0.014356
41646,0.020123
89906,0.01571
130090,0.01731
43421,0.019053
181531,0.009832
245778,0.025833
64171,0.015032
160508,0.014067
235854,0.012445
169215,0.023846
204083,0.017526
207770,0.012666
4939,0.018789
146920,0.022262
39349,0.013966
155286,0.015959
63769,0.020609
141917,0.013969
138329,0.015026
31098,0.009823
83654,0.016148
192431,0.019058
105830,0.01475
17811,0.014873
91040,0.017626
36525,0.018922
20824,0.017005
30573,0.011054
187667,0.015489
166042,0.017401
109825,0.01555
205103,0.01157
195578,0.014767
111710,0.021145
168679,0.018678
185959,0.015638
119023,0.020357
112058,0.013443
182563,0.010961
22704,0.01312
107610,0.015637
231382,0.015871
128716,0.015781
217171,0.015213
196803,0.012439
118763,0.013565
244708,0.018127
169036,0.018189
103353,0.014947
87717,0.021269
246393,0.018297
8705,0.014487
96672,0.0131
36988,0.015778
71185,0.017455
73034,0.021405
151118,0.015455
197396,0.016244
33821,0.026816
123222,0.019103
38251,0.013633
128157,0.017848
113943,0.015821
30746,0.015343
109736,0.02551
90904,0.015171
93156,0.012686
240154,0.011938
232011,0.01973
207396,0.022543
19468,0.01869
190491,0.010563
62114,0.017926
134171,0.015362
9597,0.014506
83993,0.014845
125369,0.012832
224858,0.013356
116794,0.015148
117528,0.023449
205577,0.015733
64286,0.016771
155855,0.020745
163084,0.014906
194020,0.017906
194015,0.019666
194391,0.016518
139035,0.016845
199303,0.014184
204564,0.009286
178439,0.021505
235499,0.015923
214442,0.015167
40937,0.01629
213347,0.015416
126326,0.015599
86758,0.018782
158368,0.014325
139171,0.016551
168593,0.012635
22506,0.015443
155675,0.017075
193282,0.020513
21712,0.020285
45672,0.014752
9718,0.019647
132383,0.021055
102381,0.016349
142258,0.019506
4777,0.01771
123285,0.012298
56648,0.012117
30372,0.01004
50286,0.019511
197530,0.013886
26212,0.011255
4074,0.032017
26982,0.01997
145786,0.013546
189206,0.013782
248879,0.014515
152661,0.017347
93779,0.014653
215296,0.023258
205292,0.014284
136608,0.014054
185236,0.024016
69078,0.019737
70272,0.011856
212225,0.01673
214328,0.014081
91579,0.010587
88440,0.021842
100972,0.020736
185190,0.0172
35932,0.013486
162580,0.02311
60632,0.020605
123894,0.016569
130372,0.01366
176290,0.014604
124627,0.021881
244623,0.018418
249840,0.016021
55850,0.016741
122236,0.016073
40002,0.015218
247168,0.019564
150004,0.013312
144970,0.019281
140101,0.018002
151884,0.012126
47383,0.0154
42803,0.02456
199978,0.018488
157541,0.01535
61873,0.015799
19428,0.022097
88015,0.022715
57099,0.014631
86890,0.016456
89569,0.012628
163382,0.019757
223313,0.018897
104163,0.014358
139729,0.024443
8659,0.01646
9931,0.012564
27493,0.013704
19920,0.023786
173366,0.009519
84812,0.017868
14304,0.015274
236395,0.016525
103051,0.016211
190315,0.01451
7839,0.014259
241033,0.01303
106876,0.01407
18187,0.016292
176800,0.019657
4705,0.018992
238746,0.029204
53264,0.015565
151005,0.01679
139078,0.021532
127257,0.013815
217724,0.012676
249235,0.014016
1665,0.01528
191562,0.013739
87594,0.020868
53928,0.016502
133327,0.016617
77264,0.01664
211000,0.013741
75255,0.018274
235732,0.011969
151216,0.016337
36042,0.023043
2303,0.018589
232392,0.012738
160216,0.021121
18869,0.019907
222388,0.01727
152526,0.015074
132737,0.015971
187633,0.019394
165586,0.010439
9384,0.014905
131151,0.022458
103286,0.015439
121054,0.018095
237701,0.021193
237545,0.016372
87884,0.012441
109140,0.014355
142123,0.017925
140744,0.01918
105077,0.015979
53278,0.012739
139579,0.019583
123521,0.018011
164844,0.024971
194551,0.014563
199019,0.014314
31768,0.008923
89331,0.015651
80263,0.020012
152034,0.01634
109789,0.018695
8290,0.012152
143272,0.017028
109491,0.018249
50685,0.017887
135011,0.017498
12340,0.013916
92559,0.014599
155408,0.017033
143832,0.011646
56246,0.018504
109682,0.014885
26170,0.013948
21686,0.016417
125052,0.016935
123542,0.016433
231684,0.025997
38385,0.016991
204998,0.015851
131768,0.023854
168595,0.021189
219915,0.015352
94334,0.015647
48106,0.015397
18831,0.017671
184501,0.020606
225923,0.013696
46386,0.011176
195198,0.012591
24771,0.01522
163166,0.015621
158108,0.01547
100170,0.025998
67473,0.014689
115425,0.011405
29831,0.015149
181002,0.010331
218168,0.011315
152074,0.011672
72614,0.015424
14464,0.02631
236577,0.018823
241730,0.017312
198104,0.020647
24879,0.016401
169821,0.014865
209621,0.021827
221449,0.01529
213619,0.02006
99668,0.010466
210510,0.013992
142081,0.018614
197770,0.013879
111837,0.01292
211808,0.016014
56317,0.019928
108116,0.01936
227615,0.012618
175420,0.016609
23216,0.014363
137273,0.014163
27300,0.021542
193361,0.017122
10983,0.018258
212453,0.014802
187758,0.017884
9519,0.016067
158768,0.02066
244611,0.020405
14513,0.011701
217914,0.017015
202112,0.015029
235773,0.018153
74236,0.017178
7627,0.016347
182001,0.017302
107040,0.014946
168829,0.017695
122003,0.013527
102608,0.016373
14661,0.01152
184961,0.016058
234139,0.01567
193291,0.019882
159581,0.017547
140132,0.016517
62723,0.016036
128986,0.013201
85757,0.020427
46572,0.01022
31963,0.011031
63672,0.015774
88428,0.013935
31049,0.014961
244087,0.013748
27852,0.011997
200948,0.015668
28942,0.019024
83238,0.014597
130757,0.013739
82445,0.015951
248623,0.011584
97034,0.018034
134271,0.015249
10707,0.016031
199650,0.015006
83051,0.011896
245613,0.019289
27379,0.020818
3695,0.015252
9355,0.016966
100515,0.013611
86352,0.020666
147890,0.02378
229050,0.013515
6816,0.014411
228041,0.013094
215072,0.017748
15311,0.014228
229384,0.013566
193397,0.014909
154447,0.023933
134227,0.023118
57546,0.016858
249185,0.018151
136417,0.015462
218796,0.021986
121542,0.011969
135324,0.015135
113613,0.018138
237559,0.01549
66296,0.021456
210875,0.018877
16876,0.013695
19453,0.025711
226251,0.016741
231554,0.014114
226902,0.014179
76320,0.018055
204096,0.014366
248531,0.012508
185807,0.021028
165408,0.013252
35104,0.020161
68816,0.016737
121323,0.01095
51670,0.023389
59483,0.019946
113146,0.016601
89265,0.019114
177528,0.018962
201474,0.016973
33231,0.009526
8016,0.013118
229020,0.014699
72405,0.02531
43165,0.017199
17369,0.01123
246492,0.019417
109971,0.017932
151151,0.0155
77215,0.015614
31613,0.011833
51943,0.022805
58309,0.024979
190177,0.016054
100574,0.016112
103872,0.011597
53457,0.014907
192625,0.018599
170940,0.026368
190666,0.018654
242648,0.017827
186717,0.018086
167203,0.011403
173354,0.018869
160647,0.013119
73918,0.021985
151419,0.011075
8179,0.014603
29448,0.016391
153898,0.016525
246677,0.01698
75200,0.013683
93201,0.017392
100708,0.019349
243971,0.011425
35621,0.016047
61104,0.024574
1373,0.017248
169591,0.021537
135050,0.017456
197021,0.020562
34438,0.020302
121825,0.015631
108611,0.02041
7279,0.016979
164505,0.024789
91560,0.013284
22272,0.018337
186195,0.016263
94546,0.020914
150676,0.019351
195189,0.017933
95669,0.017584
188854,0.013957
101587,0.018267
5879,0.018423
62308,0.010153
135954,0.013898
40278,0.013768
130828,0.021011
105056,0.015024
167905,0.013102
225697,0.01371
152450,0.011553
121757,0.015865
19884,0.018087
48860,0.023376
234073,0.012019
237090,0.014493
79701,0.014849
244297,0.019756
196916,0.01366
128601,0.016624
72963,0.011795
97083,0.014621
190641,0.01486
214970,0.023156
107264,0.010209
108005,0.016953
202617,0.015259
249363,0.013653
150683,0.016223
121740,0.019266
231245,0.021697
61832,0.009045
15635,0.016059
193575,0.017642
45477,0.011974
232005,0.019578
221881,0.02975
217961,0.015919
9549,0.015535
187332,0.020536
100726,0.013936
102029,0.0146
242477,0.011727
16825,0.015163
155022,0.019648
92552,0.012518
184120,0.022207
7437,0.018188
97809,0.016959
17731,0.016024
23293,0.0148
139655,0.021227
183346,0.009802
208704,0.02299
169408,0.014994
64067,0.020498
153930,0.017646
153004,0.01547
225630,0.013207
24475,0.013684
246495,0.017082
249300,0.017005
21714,0.020257
220492,0.015946
246524,0.019921
221037,0.015724
28595,0.024718
35400,0.011859
223392,0.019211
184439,0.016571
63133,0.010109
156810,0.0165
83824,0.016222
113734,0.013802
109353,0.0144
128188,0.0102
246570,0.015751
128474,0.013363
63343,0.010647
76512,0.01822
172758,0.014376
1188,0.017085
1142,0.016367
55402,0.016398
125653,0.021873
48919,0.016599
83503,0.016103
122664,0.015498
3893,0.021018
82011,0.014309
169612,0.020505
117623,0.019306
109807,0.012606
56506,0.019025
203112,0.016218
172852,0.018175
20296,0.015236
246156,0.020074
217564,0.015466
179286,0.01763
50451,0.018676
93392,0.013249
152694,0.019127
91839,0.019434
87925,0.016381
63324,0.022136
242012,0.013409
206267,0.016375
112555,0.016667
96499,0.017614
178497,0.020407
199814,0.023109
75863,0.018329
34303,0.022112
111907,0.012306
246157,0.017212
76120,0.015595
91726,0.015929
178895,0.020417
45624,0.020996
171067,0.022403
116481,0.012337
140747,0.01866
213845,0.022178
136453,0.013462
135179,0.018188
229015,0.01256
46985,0.012432
135858,0.020781
151518,0.016526
104949,0.010709
108439,0.017925
186709,0.021271
212848,0.014648
153539,0.022768
77751,0.017663
122913,0.026131
48084,0.01737
197035,0.010892
192777,0.022915
47093,0.013773
154851,0.016977
234663,0.014803
110304,0.018963
120055,0.016172
42804,0.014808
245311,0.015708
135632,0.014353
232309,0.016079
220553,0.011435
23709,0.01335
167694,0.009254
48771,0.020447
204513,0.01636
112237,0.012297
134120,0.017149
60401,0.018224
133590,0.017418
13011,0.017329
242284,0.018719
68415,0.011613
87504,0.013508
191169,0.021271
11008,0.021986
206145,0.016259
205817,0.01778
237668,0.014093
147096,0.018262
13294,0.020892
46431,0.012976
231038,0.022901
200211,0.024346
145723,0.020559
12060,0.016895
83102,0.014621
77954,0.011802
204143,0.016137
201024,0.014124
80882,0.026458
133411,0.017796
35693,0.020133
80528,0.016056
194564,0.013335
233141,0.013615
140194,0.018438
17798,0.016795
51858,0.014204
129971,0.015135
69965,0.017007
19567,0.018893
32952,0.018924
190151,0.014899
231422,0.013658
46151,0.015642
67784,0.017311
163283,0.016848
75021,0.013458
173363,0.013839
2731,0.01584
87178,0.017694
49144,0.014541
194701,0.016578
172309,0.014394
186914,0.012631
39482,0.015179
222291,0.022318
53839,0.014082
171572,0.013612
139217,0.02058
140308,0.022111
206399,0.010841
11371,0.015044
103346,0.014516
156181,0.013663
61601,0.014226
114428,0.010071
6928,0.018426
100285,0.013401
70646,0.014323
43899,0.047601
26974,0.01823
195248,0.012039
209995,0.015574
217764,0.018742
233636,0.021122
226499,0.014621
151233,0.012113
43459,0.020653
163470,0.016094
167640,0.018382
60734,0.014524
112798,0.015646
242248,0.015641
127969,0.020011
107565,0.013317
159564,0.020956
224119,0.017131
32990,0.010789
28893,0.017403
43544,0.019807
216356,0.011543
145035,0.010814
115293,0.017782
40476,0.015525
115715,0.014463
180167,0.011847
206488,0.013593
137159,0.017696
4186,0.015371
190699,0.020063
87434,0.020421
184006,0.019486
237313,0.018278
193816,0.018485
93335,0.015
91155,0.013243
40900,0.014668
189359,0.011269
9477,0.015736
44533,0.022302
238996,0.016646
135359,0.010441
194831,0.016592
93458,0.019376
57936,0.012475
111626,0.020764
161450,0.014688
240787,0.01802
52767,0.020353
225825,0.020815
176889,0.014189
161133,0.016265
126207,0.016373
142226,0.015715
191619,0.018399
125702,0.022375
3088,0.021118
76261,0.018054
177839,0.019014
98015,0.016269
3528,0.018342
172401,0.017114
243996,0.019189
217202,0.020767
224244,0.019372
63573,0.017518
208404,0.022726
84504,0.012579
194765,0.01562
197766,0.011315
111434,0.019482
173657,0.011432
43062,0.025375
4825,0.020747
83836,0.014432
80086,0.023327
55322,0.010499
97470,0.020255
32509,0.012523
11518,0.015026
85131,0.014573
177798,0.02077
106765,0.012496
39821,0.010765
192587,0.017971
212870,0.022225
17846,0.016864
230009,0.015128
141213,0.012185
217962,0.012124
243871,0.016805
85700,0.019698
196824,0.01052
10106,0.017492
197685,0.018934
177002,0.01935
73124,0.023031
163972,0.016552
134971,0.018722
205820,0.020161
184924,0.021766
80216,0.022114
132837,0.026272
179258,0.022931
218307,0.011298
80159,0.017547
164994,0.016127
78410,0.021015
181192,0.015764
97615,0.013291
105678,0.013842
64163,0.022543
150713,0.016213
85592,0.01128
95134,0.01721
193952,0.013537
81638,0.019206
27535,0.011884
142661,0.013054
94268,0.01095
45977,0.016342
184528,0.01525
174088,0.012714
134498,0.01315
18965,0.015288
166675,0.012929
196773,0.014975
4376,0.040053
104500,0.014266
216684,0.011701
57076,0.023479
113136,0.011157
226021,0.019302
125463,0.012528
109308,0.014787
68909,0.017067
77924,0.014768
79704,0.016104
226889,0.010646
72948,0.017081
207010,0.011061
202771,0.019198
133013,0.022353
248969,0.017839
206772,0.02001
77664,0.018614
77574,0.015712
18245,0.016058
111335,0.01723
185398,0.015073
206682,0.021008
143351,0.012691
87498,0.015321
105645,0.014205
121623,0.012748
244753,0.022112
121909,0.014032
79154,0.020277
30532,0.012951
177168,0.011658
94258,0.016432
183319,0.017139
130783,0.014077
113559,0.011091
212079,0.013786
227759,0.011196
181796,0.009211
249533,0.009848
92360,0.013185
173742,0.018704
202962,0.016983
182482,0.019642
54169,0.009815
14213,0.017196
204089,0.011572
140585,0.023069
25607,0.018709
97506,0.01295
110926,0.017237
231491,0.018433
89722,0.01062
58781,0.013006
144623,0.013415
31608,0.018353
29545,0.0183
154754,0.018866
48281,0.015304
170580,0.021969
143383,0.015783
85271,0.016032
166484,0.018422
203144,0.016291
4034,0.014789
188387,0.014914
172341,0.018082
11743,0.020416
196011,0.009875
33154,0.015375
170697,0.045051
24421,0.013471
203836,0.012846
94212,0.017196
212363,0.019801
169034,0.012638
164854,0.019796
124165,0.013287
141671,0.014726
110505,0.017698
240363,0.013635
62609,0.016237
118416,0.018898
33092,0.011298
194824,0.011349
6215,0.014179
78456,0.013664
61878,0.019813
170329,0.019866
103416,0.029792
220015,0.010798
190656,0.017169
77490,0.014293
166264,0.014648
139258,0.017969
237706,0.042045
211136,0.018281
188474,0.014062
193125,0.02544
50622,0.022614
82289,0.013979
245947,0.017346
152882,0.013816
71750,0.020016
83675,0.021392
63836,0.025721
233436,0.022276
215635,0.024444
172757,0.015893
206514,0.019943
237051,0.022204
202022,0.016659
98275,0.019389
225199,0.016597
133891,0.016774
107765,0.02159
79958,0.019142
6388,0.020184
240146,0.01869
223298,0.02233
117340,0.020521
198411,0.019325
2602,0.012464
184727,0.019939
22401,0.019069
154303,0.019312
131699,0.019565
208070,0.019021
220951,0.016462
8125,0.013837
239835,0.01826
46555,0.014914
102839,0.014635
113980,0.027359
128887,0.018062
62862,0.014402
233023,0.016765
187573,0.017093
71640,0.015203
189696,0.015988
137371,0.011924
138038,0.016121
13273,0.01736
187186,0.016323
36920,0.020357
244717,0.016767
226503,0.014498
213781,0.019207
33334,0.011929
84952,0.017226
70954,0.017041
130180,0.011883
101860,0.017311
116506,0.018738
197240,0.018808
17720,0.015622
93657,0.018691
39334,0.009617
110587,0.020483
26184,0.017096
108493,0.0187
64038,0.023301
211121,0.016936
153349,0.023378
168517,0.021677
120744,0.016481
241849,0.019043
11602,0.016213
90096,0.01654
73814,0.01162
212849,0.016443
142369,0.025161
50853,0.016036
104722,0.0188
158386,0.017296
84833,0.017216
226417,0.014328
48308,0.015545
171973,0.021743
14131,0.023017
234255,0.013538
191136,0.013646
44117,0.015206
87464,0.021332
61926,0.015755
16012,0.01764
52533,0.013034
187765,0.018521
219715,0.019925
50719,0.014287
142732,0.013981
124893,0.025042
104158,0.017086
77332,0.015773
108339,0.014531
236321,0.025196
126820,0.019917
149716,0.018999
154210,0.016852
28455,0.019411
209948,0.015077
77599,0.012953
218419,0.012594
225735,0.016114
11720,0.011448
246261,0.016241
36500,0.017855
28217,0.020477
93231,0.017472
235356,0.018001
993,0.015449
110660,0.012445
159989,0.01491
76184,0.015413
121439,0.011279
135960,0.018341
244521,0.014691
99509,0.019028
164249,0.019215
30814,0.023321
11693,0.016454
60436,0.012347
41429,0.021819
116573,0.014463
134393,0.019523
50984,0.019652
215967,0.01521
173540,0.012922
13042,0.018764
32117,0.017437
139176,0.017599
75986,0.01695
41797,0.020948
30171,0.009894
79406,0.018778
10641,0.010796
37944,0.010821
45599,0.01102
65229,0.015153
188107,0.015041
237001,0.013467
2939,0.014718
111463,0.021597
224812,0.020278
60931,0.018028
65250,0.021962
116627,0.020403
21889,0.018684
85884,0.013707
147350,0.024334
187038,0.017081
199140,0.017991
140722,0.024928
138012,0.016252
245876,0.020969
58114,0.022005
2905,0.016244
199614,0.019363
103404,0.021019
122845,0.018854
204752,0.009958
149048,0.017995
193653,0.02478
53861,0.016339
10640,0.017059
71844,0.022193
14729,0.013094
79750,0.021698
3871,0.018214
23637,0.010864
125716,0.020138
71514,0.017798
148070,0.018348
56414,0.015102
190592,0.018659
32445,0.014911
167820,0.019862
140123,0.017275
133298,0.020764
190133,0.013146
5880,0.017077
133307,0.02359
181626,0.014846
177105,0.019166
104391,0.01517
210096,0.019362
94239,0.01303
48103,0.022364
195430,0.021498
218143,0.012468
84005,0.014616
199984,0.019016
128955,0.011746
230699,0.014215
18149,0.009645
152178,0.013629
120541,0.01547
55672,0.021289
192341,0.019828
226064,0.019802
22514,0.021777
169022,0.012078
191703,0.018889
244624,0.017694
219609,0.012346
34821,0.019154
237423,0.01729
196322,0.013495
217278,0.020435
9951,0.013582
103007,0.017341
135809,0.010027
179578,0.016336
193368,0.019706
41973,0.022176
86410,0.017968
248022,0.015863
175999,0.01311
57865,0.024377
128694,0.019909
109644,0.021668
145383,0.012963
115039,0.014817
14453,0.020527
234071,0.013965
178910,0.017821
200105,0.021362
88023,0.018999
139366,0.015551
208824,0.020177
202670,0.015801
81333,0.014874
141282,0.019534
243004,0.015883
6141,0.015069
44934,0.020158
121814,0.01773
218768,0.012703
125188,0.012496
234382,0.013344
116535,0.018466
60330,0.016435
76692,0.011231
4958,0.015979
41644,0.015424
75884,0.018825
127326,0.014539
204784,0.015621
60759,0.018389
134355,0.019236
106722,0.016668
207380,0.017614
27337,0.020426
234594,0.008867
190852,0.022509
79496,0.012894
209047,0.02355
222615,0.026198
67188,0.031009
121391,0.017075
201374,0.014075
20830,0.017643
110562,0.017831
107020,0.017206
87514,0.020648
207885,0.019293
240784,0.011502
155955,0.01812
100237,0.01363
78313,0.011959
51115,0.025015
153259,0.016564
136073,0.019332
171579,0.014481
85860,0.018301
108928,0.019485
11233,0.015745
199367,0.022755
128595,0.013901
138374,0.016996
122708,0.013159
198282,0.02798
18298,0.011419
50903,0.017163
240782,0.018479
101902,0.017365
30565,0.01733
107771,0.01827
94153,0.012034
116230,0.015693
183760,0.023507
46028,0.013054
50208,0.019574
14385,0.014316
158129,0.04905
87753,0.017028
107733,0.010644
25467,0.012663
206090,0.01811
101266,0.020767
233566,0.016931
134261,0.019471
126683,0.018771
241858,0.022088
223721,0.015047
142953,0.014365
116872,0.019659
51365,0.022882
204445,0.015054
201623,0.017332
94699,0.020682
17000,0.01422
13758,0.013625
118432,0.020437
83857,0.015292
248292,0.024905
220497,0.016784
240182,0.012725
77222,0.021121
73052,0.01924
170287,0.021485
186800,0.019062
247737,0.016405
83071,0.014628
181065,0.012692
97747,0.016066
39063,0.014309
9,0.01712
43202,0.019119
228155,0.014457
80284,0.013155
242161,0.013738
72214,0.020935
139611,0.02283
80236,0.016161
165962,0.013989
109152,0.021235
197314,0.013478
129745,0.016335
55206,0.018899
164760,0.021547
90199,0.014091
64327,0.014173
243046,0.01527
68943,0.013719
225251,0.011374
161523,0.017028
227023,0.016627
177794,0.01302
240016,0.017754
22200,0.016636
185356,0.020011
45103,0.021474
232752,0.016772
203108,0.01641
19626,0.017564
120976,0.014051
73158,0.023391
83856,0.013784
225413,0.0121
55803,0.014706
229548,0.015703
68514,0.019854
206948,0.01264
85994,0.020863
90586,0.018155
194582,0.018278
11214,0.019603
63647,0.016616
168222,0.01665
52913,0.015415
195691,0.015574
220499,0.019136
59616,0.020957
68020,0.014366
108369,0.020466
225807,0.015831
196870,0.011915
69420,0.010898
91422,0.01393
131972,0.02
55169,0.010502
209953,0.016427
176293,0.022367
162227,0.019153
17137,0.013859
158438,0.018583
215930,0.020671
95675,0.018378
189770,0.015063
54687,0.017382
23761,0.011069
199593,0.016993
224699,0.01877
155522,0.016963
236482,0.018446
72838,0.023801
191823,0.023625
208829,0.014807
131234,0.018194
83169,0.014641
28562,0.012475
13401,0.020015
236240,0.013242
136837,0.014972
183970,0.01692
223495,0.025062
59239,0.014609
113614,0.010375
125536,0.025425
41203,0.023242
93273,0.016291
49048,0.029688
72335,0.017052
90734,0.019604
105136,0.012664
114545,0.020088
222365,0.018048
214745,0.017884
129720,0.015479
25742,0.019
192816,0.012316
37601,0.016476
47578,0.016498
169136,0.011613
175050,0.01631
94483,0.015565
237339,0.01282
3503,0.012424
37655,0.018413
179679,0.015188
117976,0.01563
202800,0.017957
24979,0.01461
67174,0.011998
186641,0.020104
187292,0.016124
111103,0.016627
205255,0.021408
12842,0.020947
188917,0.016376
130071,0.022219
47628,0.011725
185842,0.020728
45172,0.015343
30321,0.016937
6575,0.010015
152831,0.019489
85911,0.014494
202836,0.01673
87075,0.01462
192518,0.022218
146517,0.017009
3888,0.018637
247396,0.014939
230297,0.016487
210086,0.011141
202878,0.013386
27262,0.016411
89588,0.014244
244849,0.012321
23231,0.01553
175390,0.013658
44161,0.030093
161383,0.015634
187239,0.01694
139968,0.018672
160001,0.010089
26691,0.016057
196596,0.012343
109915,0.024938
57345,0.010748
204176,0.014707
58279,0.023612
36887,0.014446
30181,0.018591
8679,0.016533
106551,0.012165
69593,0.011545
100174,0.010182
205647,0.021535
62850,0.011198
213112,0.021607
52837,0.018353
249935,0.015713
164294,0.013553
190002,0.018926
19595,0.015826
75169,0.02047
249336,0.011394
246883,0.019172
108221,0.018783
164182,0.011798
6689,0.016734
182226,0.016576
101011,0.018551
171124,0.023656
69792,0.016131
89560,0.019346
154085,0.020312
227263,0.019609
59966,0.020934
162119,0.025985
41671,0.014766
17464,0.012414
36621,0.015324
71613,0.014884
56544,0.01587
43655,0.017546
133011,0.026293
34712,0.022946
236129,0.016011
22909,0.017545
44541,0.021371
95796,0.016938
3957,0.019215
108915,0.023302
171243,0.020281
78392,0.012793
18088,0.014593
49262,0.021218
76927,0.011135
3047,0.020963
196452,0.013875
154993,0.018944
165907,0.014533
150342,0.016772
27951,0.021919
176797,0.022834
137432,0.01135
33935,0.01492
66007,0.02079
133927,0.023179
113770,0.015049
232430,0.015778
174764,0.015835
170511,0.017686
201190,0.019578
158080,0.011776
170505,0.013478
54446,0.013768
25025,0.01508
176557,0.014309
219747,0.012295
227018,0.014213
60463,0.014988
52802,0.017003
56433,0.020466
26713,0.01892
34780,0.018696
208013,0.013081
113452,0.01807
147141,0.016848
17587,0.014461
134017,0.015421
80004,0.020668
86177,0.021954
238393,0.017491
189621,0.018156
17476,0.012173
243377,0.011404
215258,0.023784
30620,0.016526
23,0.021766
146494,0.021215
152678,0.015766
156718,0.022307
228460,0.021186
245056,0.021253
153670,0.022079
228884,0.021924
155302,0.015961
244377,0.015644
76986,0.018128
202296,0.013782
53787,0.015315
150457,0.014295
19769,0.020777
183614,0.018771
36777,0.01632
24084,0.012141
3571,0.016269
207069,0.023053
64344,0.017802
24781,0.014775
226841,0.018086
38525,0.019918
162705,0.01283
211691,0.020122
37739,0.011767
95320,0.019877
54229,0.01386
178730,0.021177
142128,0.015369
217398,0.015883
63953,0.013249
138269,0.017177
239810,0.014395
187171,0.016593
155932,0.016713
68421,0.015314
155043,0.015066
123643,0.018162
126671,0.017263
114450,0.011144
120808,0.013584
61647,0.015459
144961,0.014466
23579,0.015836
247092,0.020925
120642,0.011305
135206,0.016109
26443,0.016862
65577,0.019764
49116,0.018397
12018,0.037124
241512,0.020055
95088,0.0149
172218,0.012221
62523,0.013087
17303,0.016704
204480,0.010137
200573,0.015543
249502,0.017803
101651,0.015444
97249,0.017022
112104,0.013066
33201,0.015825
217109,0.019006
117118,0.027858
194531,0.018551
45217,0.017568
83539,0.010166
229165,0.011862
23090,0.011133
46640,0.015336
183402,0.013694
170981,0.01797
246042,0.026726
73992,0.023132
206609,0.012824
46255,0.015589
230892,0.016592
56722,0.015164
124927,0.016821
67250,0.012611
30177,0.013364
244186,0.023645
177538,0.015081
126442,0.012048
67757,0.014511
43907,0.019621
210973,0.016695
221455,0.013181
184524,0.017412
62654,0.018671
26600,0.017813
234565,0.013014
12615,0.015804
171315,0.015266
44483,0.014863
148590,0.017515
239851,0.021719
60718,0.012802
214215,0.015776
163232,0.014815
248080,0.015527
24950,0.016696
91926,0.017747
24500,0.013458
1580,0.016625
187328,0.014425
42561,0.02352
157657,0.016354
121153,0.011779
120004,0.013816
96084,0.02237
175246,0.02146
82280,0.017664
78180,0.019085
182629,0.018902
167434,0.016579
58820,0.02216
24669,0.013997
55433,0.015413
2267,0.022355
12606,0.025605
13231,0.020558
8367,0.015184
64600,0.016503
210746,0.016407
241171,0.015173
145096,0.021788
175962,0.017597
207747,0.018507
17640,0.017638
87286,0.024059
225364,0.009908
113098,0.014415
47699,0.017658
83764,0.011888
128633,0.016065
103142,0.018344
31062,0.015358
167607,0.018598
12853,0.018203
20895,0.019272
153525,0.011228
223862,0.017958
70841,0.013075
159801,0.015043
238315,0.013475
100314,0.013744
248378,0.014265
5771,0.016811
76356,0.017496
47617,0.018705
70233,0.01684
247730,0.014565
86657,0.019454
109395,0.012958
166352,0.015541
54755,0.014016
194027,0.017774
37478,0.016423
189717,0.017306
6538,0.016957
25305,0.015727
168376,0.017852
109285,0.013207
235759,0.017414
240479,0.01688
99391,0.018594
6147,0.022651
188374,0.015211
100410,0.014957
98441,0.011542
106795,0.018576
105589,0.014949
41257,0.010918
232358,0.020948
216152,0.016513
106887,0.014237
176262,0.018872
82868,0.016274
100164,0.015934
90768,0.019203
148231,0.016383
103292,0.012703
91058,0.013411
141328,0.017013
169840,0.021105
3097,0.015478
78912,0.02398
115272,0.016087
2605,0.014851
55095,0.016686
219855,0.01641
162747,0.029688
198953,0.023547
215508,0.01914
76706,0.016206
178975,0.014599
35444,0.024459
79057,0.017109
192202,0.019922
31901,0.018394
37170,0.023372
162235,0.021758
109024,0.015565
175503,0.014863
173315,0.015001
27162,0.01446
20871,0.01506
244114,0.010564
122185,0.013734
207157,0.021899
248215,0.015883
149006,0.021748
17532,0.017383
83812,0.017231
95261,0.018355
31874,0.020363
98128,0.019332
10330,0.014812
3074,0.017143
127260,0.020772
69299,0.014637
119273,0.027836
74683,0.018634
114038,0.01504
233195,0.01798
67718,0.015241
20300,0.02761
30165,0.024273
181020,0.015886
112024,0.019622
14474,0.019577
240559,0.011916
73884,0.021965
153142,0.021242
182195,0.012778
111872,0.016815
26307,0.023224
127127,0.018546
81829,0.022565
39227,0.015148
162591,0.016438
22926,0.019065
52022,0.013053
163949,0.015816
120188,0.012853
122458,0.019572
61056,0.013845
26944,0.020184
177691,0.017724
63229,0.013938
44000,0.017876
75006,0.014348
82832,0.015745
153785,0.020286
172608,0.016666
189083,0.016279
147547,0.023002
155650,0.022665
31708,0.012251
62220,0.01186
97257,0.021864
135111,0.014184
30846,0.016578
52041,0.018592
51276,0.024751
77056,0.016098
31140,0.016446
10766,0.014988
186380,0.013686
88716,0.017056
23112,0.012365
64830,0.028421
232880,0.013203
120742,0.015403
12236,0.012541
66035,0.016775
225065,0.020091
112882,0.013522
248861,0.017895
103500,0.01895
110205,0.021493
213139,0.012716
199547,0.017478
217267,0.018601
141800,0.02017
144950,0.016415
125000,0.020522
98483,0.012639
146625,0.010759
103388,0.015445
182854,0.02445
135105,0.016379
229808,0.019356
244834,0.01509
82854,0.016257
171966,0.017885
186338,0.016959
238624,0.017751
196513,0.016655
155599,0.014992
145456,0.022294
2865,0.019072
30641,0.014389
66280,0.014921
28237,0.011506
1901,0.016844
52916,0.014675
80750,0.01699
11080,0.019974
82428,0.0131
32327,0.011606
141759,0.022778
231462,0.021028
206086,0.017201
76264,0.016213
222446,0.026537
144584,0.019225
190750,0.016407
26139,0.013066
145546,0.013388
53700,0.013904
75203,0.012877
231868,0.015815
47743,0.01187
100105,0.018809
165536,0.013727
220711,0.015477
94769,0.020878
206462,0.012987
22541,0.018211
182646,0.015396
121985,0.012148
69351,0.014568
51324,0.012728
111334,0.024359
41053,0.011408
39105,0.014207
214992,0.02033
76928,0.014049
175801,0.013017
84113,0.02003
171359,0.015614
217868,0.013048
246722,0.021215
231316,0.020379
46828,0.01309
81640,0.023074
126344,0.015716
21789,0.019259
242439,0.016944
226826,0.013837
102776,0.017454
48818,0.013675
31565,0.018224
108172,0.014791
246110,0.022678
155233,0.01949
11439,0.017963
66622,0.020642
120950,0.017012
223497,0.015065
181645,0.014446
151219,0.013762
183140,0.020989
31301,0.01026
166401,0.011517
232348,0.01796
131797,0.019026
192159,0.019413
117532,0.025626
16597,0.013488
200970,0.014574
155370,0.023914
202951,0.013884
15151,0.013142
87215,0.016831
199452,0.013633
110622,0.017083
46681,0.015245
62524,0.013407
15422,0.01614
82244,0.015577
84869,0.010453
124160,0.011714
40683,0.012179
152396,0.015006
7875,0.019709
166081,0.014002
222652,0.012751
207037,0.015506
35838,0.020375
25797,0.013379
120715,0.015217
127065,0.012244
138188,0.015651
24387,0.017416
107347,0.011439
92013,0.020608
171511,0.020775
69400,0.013785
220716,0.014158
226331,0.010162
113330,0.013664
190590,0.013354
157405,0.014952
63134,0.016805
98853,0.015068
2342,0.018424
243384,0.017469
174243,0.012457
177497,0.021948
122709,0.016545
36571,0.019452
216282,0.018467
179294,0.017633
31928,0.013264
27698,0.025792
98706,0.009914
234808,0.013003
36327,0.018973
98806,0.013567
145505,0.012695
174431,0.012237
206572,0.016332
195114,0.018775
39381,0.022187
241253,0.012087
124500,0.018069
27915,0.018284
41830,0.016494
215788,0.021426
176439,0.019879
133413,0.023126
49831,0.016171
184096,0.016267
117486,0.016125
53925,0.015159
146419,0.013491
197354,0.016835
114355,0.016114
109158,0.02086
18561,0.018481
194281,0.015731
200171,0.016479
98213,0.014311
43013,0.0188
18154,0.019177
178129,0.020516
234386,0.016441
219343,0.01768
4776,0.014466
141407,0.014469
154825,0.021959
35372,0.018968
958,0.018995
36264,0.013855
62461,0.01615
203711,0.011428
15841,0.014843
104000,0.016963
61057,0.012172
200125,0.01956
83203,0.012692
186281,0.021865
223685,0.015934
1074,0.021159
24256,0.015849
64901,0.014862
241499,0.016054
141178,0.020036
155806,0.012196
63220,0.017098
146817,0.014241
162462,0.021109
111059,0.018067
150585,0.011612
179706,0.011014
192216,0.018428
121288,0.012761
81966,0.015805
170998,0.016937
86296,0.019576
200037,0.023857
15886,0.016278
233600,0.014255
216662,0.024711
141173,0.011061
134775,0.013884
16762,0.01153
172359,0.021304
45667,0.014994
214959,0.01432
99314,0.022037
82756,0.012466
47441,0.011459
131630,0.015033
114709,0.022995
113327,0.01288
201456,0.014403
68305,0.013717
217054,0.01539
141517,0.01769
65350,0.017413
109544,0.018945
7474,0.020747
162816,0.022119
118020,0.019242
175913,0.014981
181591,0.01809
116422,0.011943
30656,0.013741
225932,0.013017
164884,0.013251
61282,0.018079
55664,0.013203
207983,0.013714
179945,0.013563
46223,0.012688
229355,0.022145
246493,0.023169
19162,0.014637
190804,0.01415
96985,0.016581
149392,0.015004
58140,0.017635
15857,0.015123
96815,0.0118
206310,0.018173
85573,0.01487
149035,0.016835
45750,0.014083
4076,0.017521
107767,0.014365
27050,0.023628
182776,0.015107
65151,0.023888
78935,0.020826
95947,0.016502
19821,0.023815
2878,0.022439
218982,0.011488
135463,0.014557
210172,0.018211
211169,0.009699
177832,0.019343
171616,0.016015
176230,0.016066
226951,0.013942
184244,0.016787
45111,0.016402
137169,0.021653
84908,0.012662
13803,0.012758
95406,0.016663
151846,0.011619
226967,0.017907
178961,0.011992
68338,0.013714
35095,0.019153
35421,0.019112
57193,0.017568
152647,0.010858
15050,0.023116
59754,0.016047
151093,0.016136
156004,0.014814
11529,0.014103
79898,0.015914
158659,0.012261
195768,0.019809
106283,0.013505
23947,0.013586
226576,0.014306
5752,0.021093
213749,0.021802
163156,0.018644
231380,0.025175
241553,0.016214
38021,0.016792
149367,0.017791
196538,0.01443
22205,0.014683
166009,0.014981
135961,0.014836
114017,0.014448
89089,0.019087
167234,0.013356
55549,0.014734
88591,0.021318
43518,0.016374
184759,0.015943
204007,0.012542
124205,0.017009
221027,0.010309
136389,0.011144
44199,0.01686
103747,0.020144
189465,0.016327
234254,0.016387
179796,0.019122
190519,0.013108
83904,0.01587
194741,0.016677
9307,0.016312
178252,0.020078
146707,0.018215
91583,0.016328
212427,0.014621
79533,0.021026
148896,0.022143
181135,0.017156
96235,0.017384
202244,0.019603
128422,0.01275
93785,0.024553
30674,0.018393
235664,0.019242
107684,0.012424
194579,0.021922
94300,0.018024
87497,0.01922
226140,0.01255
221770,0.01852
87755,0.02256
100227,0.021908
167920,0.01522
246693,0.02222
197156,0.018459
72703,0.016568
219775,0.009583
181348,0.01315
225570,0.011313
91714,0.01574
248774,0.011819
222898,0.017705
147020,0.015382
126472,0.019777
173056,0.010772
86455,0.012053
198709,0.013393
220807,0.011509
27854,0.015808
12703,0.011289
210009,0.020714
132701,0.017723
153361,0.011022
48962,0.01218
47656,0.014592
126258,0.019556
194907,0.017667
68306,0.018185
142799,0.013274
146230,0.021826
182631,0.019046
68275,0.014742
245015,0.016438
215601,0.01406
114187,0.012007
172970,0.015272
1780,0.018592
88072,0.022309
241447,0.016967
95583,0.018519
64144,0.015812
85665,0.01503
45542,0.017157
112059,0.019214
177889,0.025335
37402,0.012138
87628,0.014326
107644,0.018769
12377,0.016498
51384,0.019029
131021,0.016623
248169,0.016049
37616,0.017658
42792,0.020912
49108,0.030702
13874,0.018926
166550,0.011043
242070,0.013174
194719,0.013402
134723,0.014549
170317,0.020633
237735,0.013072
9791,0.016298
208035,0.012164
35635,0.01874
59024,0.019851
14358,0.01151
49930,0.019343
36056,0.017536
23247,0.013764
121719,0.018879
121956,0.018038
3266,0.021593
70184,0.010033
66332,0.020197
232806,0.020712
157588,0.016455
157990,0.010117
65597,0.019548
74347,0.014247
22979,0.014507
116523,0.011997
229848,0.015785
229574,0.014186
64010,0.022658
108618,0.020465
72766,0.015117
143661,0.012381
237753,0.023585
42773,0.020672
212056,0.015543
185460,0.018907
246307,0.020168
200119,0.019988
214917,0.021802
122808,0.022012
121010,0.014258
113707,0.012971
33328,0.011211
68440,0.014186
82454,0.01215
165446,0.017809
226865,0.010401
54921,0.010642
183106,0.016179
245070,0.014525
126042,0.01704
183636,0.014188
162815,0.016967
109445,0.017824
84473,0.009032
86146,0.015421
14449,0.022299
75483,0.016167
85407,0.015534
115207,0.016315
43083,0.032411
164891,0.014902
99227,0.012436
27169,0.017194
29155,0.018391
141216,0.021993
142463,0.017756
153238,0.011125
206879,0.012713
174929,0.019726
178544,0.016867
92950,0.021849
98185,0.015394
194300,0.014243
247818,0.01315
246107,0.020589
155367,0.023531
2164,0.015206
215602,0.018332
145651,0.015689
10169,0.017799
112324,0.022283
44724,0.010598
98552,0.015796
226633,0.01765
170724,0.016281
136560,0.017597
36822,0.017065
211234,0.012839
65264,0.021098
93790,0.014962
223484,0.023627
152597,0.015649
165120,0.016313
38112,0.012437
223084,0.020844
115412,0.01905
1081,0.020083
223432,0.018235
19569,0.021379
200383,0.014572
74221,0.016085
111171,0.017257
197827,0.017391
150241,0.013647
231607,0.017124
18508,0.020962
81074,0.022846
43481,0.021912
182959,0.014028
224237,0.020206
137877,0.014037
45508,0.014401
232102,0.01845
241137,0.017096
89696,0.016464
238629,0.017182
122909,0.014141
243859,0.013951
40481,0.014492
248105,0.014393
191893,0.016927
211142,0.011826
227236,0.011272
25221,0.014369
126434,0.021559
6305,0.013973
222238,0.0222
70764,0.018845
2015,0.020097
137623,0.013804
48641,0.016449
249641,0.008846
217696,0.020532
12823,0.022271
19289,0.015879
152110,0.016154
82522,0.011862
44518,0.013465
70031,0.012147
54957,0.015687
54491,0.01688
131362,0.015074
128327,0.01325
249401,0.012504
201230,0.013988
9543,0.02472
110153,0.01705
168661,0.017644
123132,0.021458
227926,0.0124
59767,0.011198
102400,0.016623
178570,0.020783
88628,0.01376
132407,0.014651
67213,0.012864
113336,0.014707
72844,0.012725
75241,0.019076
227507,0.018336
234013,0.011108
129577,0.018766
17844,0.010741
32147,0.011496
1708,0.015988
234209,0.013091
130679,0.016253
117436,0.024181
51719,0.021261
77076,0.016653
171461,0.016468
26045,0.016994
172805,0.016364
74915,0.017463
216064,0.023618
168572,0.018387
210820,0.020546
3837,0.014028
237380,0.020155
231169,0.020209
65336,0.017424
114778,0.012472
99172,0.013319
44849,0.016503
105612,0.015423
236872,0.025326
31026,0.01281
94592,0.02494
129759,0.014256
77997,0.016046
19021,0.016402
150307,0.018144
4268,0.011469
24348,0.014357
111928,0.01987
130228,0.014031
170587,0.023663
186598,0.025249
213768,0.014161
83894,0.018827
58830,0.014354
222696,0.019807
11773,0.022215
143487,0.018788
213609,0.01606
117114,0.01764
120639,0.013642
193532,0.025898
8098,0.01572
93285,0.019911
148706,0.017979
103382,0.017937
218352,0.023992
242420,0.017518
222181,0.013613
210522,0.025592
11640,0.01739
188200,0.01738
155667,0.022029
161025,0.018476
173344,0.013733
90063,0.011251
24568,0.015788
151366,0.014179
149845,0.020509
229132,0.01787
79909,0.012918
1657,0.015735
224509,0.019538
76410,0.017498
187698,0.022552
68778,0.020976
243439,0.011657
104783,0.024167
54375,0.013744
212376,0.017126
65559,0.02525
33384,0.013017
201671,0.017816
63955,0.01116
73136,0.012577
60930,0.013185
228164,0.022093
6202,0.021492
78992,0.018307
49113,0.013488
36358,0.01473
113904,0.0145
208437,0.019621
80368,0.020991
224172,0.01997
89024,0.020999
98517,0.013082
196572,0.021874
147537,0.016162
217477,0.012611
13126,0.015114
207023,0.015332
22075,0.020396
29861,0.013978
238022,0.016369
239675,0.01198
186686,0.016778
126629,0.019877
46375,0.013797
39258,0.01629
32223,0.014625
223413,0.019946
66680,0.024032
180348,0.010276
193318,0.012308
159363,0.014063
54237,0.01629
92523,0.020603
71096,0.017676
2624,0.019864
13293,0.013979
52693,0.015631
235217,0.012794
76164,0.017868
183361,0.017279
19485,0.01475
195648,0.019747
134717,0.016306
5051,0.018765
122859,0.011826
100473,0.020293
136854,0.01518
138753,0.019943
232137,0.01284
55805,0.019443
157623,0.01247
70819,0.018664
82345,0.015003
63478,0.016369
215413,0.012788
74045,0.021769
68906,0.010507
43237,0.022492
186111,0.018898
211345,0.014793
203887,0.010781
74629,0.016189
24849,0.015372
165721,0.021894
14528,0.017084
61677,0.017222
180173,0.010897
205146,0.012593
2428,0.014768
138350,0.014706
61406,0.013766
115891,0.023256
7102,0.016609
156602,0.012755
154246,0.023461
199300,0.02096
177212,0.0139
227676,0.010384
143210,0.013459
47384,0.016331
182068,0.013339
224160,0.024923
113321,0.014305
198403,0.014771
205841,0.01718
85893,0.016786
239977,0.01372
204598,0.011726
136467,0.011309
175525,0.018993
190610,0.0099
244326,0.019591
74543,0.016266
91080,0.022169
239342,0.025576
157609,0.011318
191272,0.014939
135366,0.018686
39152,0.013686
101324,0.015841
89101,0.014682
95532,0.01338
1977,0.014224
180367,0.0121
42513,0.0266
132548,0.027156
30402,0.015707
211403,0.014652
108702,0.017673
37858,0.016664
138564,0.019144
22858,0.023027
56937,0.018685
186011,0.015926
181883,0.019588
124941,0.01592
56771,0.016284
53586,0.015941
8749,0.018032
171335,0.02243
118886,0.019079
201047,0.015739
50102,0.01955
54652,0.018462
245394,0.013107
232692,0.010741
6175,0.019001
58628,0.025104
212298,0.014279
143439,0.014602
42125,0.023221
40390,0.013047
112246,0.013766
81491,0.018088
247661,0.019668
160181,0.016268
145186,0.01871
41072,0.020465
236244,0.020258
156781,0.016319
202678,0.017549
120630,0.011623
191500,0.014365
5215,0.013213
135343,0.0148
212041,0.015694
220177,0.012391
189320,0.01443
21894,0.013953
74343,0.010084
120425,0.013087
94581,0.018429
86160,0.022088
112325,0.015068
37254,0.018676
218915,0.015406
247853,0.014288
216023,0.016972
152964,0.012896
127223,0.014912
135940,0.011379
119136,0.023659
149197,0.011677
158207,0.013682
200452,0.01998
229734,0.020175
83794,0.015483
14036,0.022732
103864,0.016006
155863,0.01925
192605,0.016633
80671,0.016169
110082,0.018966
229767,0.017233
12812,0.015161
112503,0.019433
151963,0.014225
164859,0.011105
219631,0.014671
24490,0.013211
210094,0.01851
75623,0.011079
222069,0.01395
25037,0.01632
134254,0.020532
60055,0.019928
25837,0.014887
107438,0.012953
224432,0.035624
199794,0.020401
212267,0.015025
139083,0.013429
110353,0.019294
21582,0.018158
188685,0.016417
97798,0.01498
41536,0.014224
90039,0.01594
126631,0.014646
98009,0.012017
9466,0.013836
181326,0.012833
45192,0.020101
154582,0.018666
51693,0.015074
198523,0.014703
174863,0.014793
147972,0.023153
236344,0.015718
201704,0.017766
145070,0.018377
192260,0.01169
209458,0.024044
223607,0.014647
150717,0.009465
58926,0.016976
170995,0.018826
171556,0.030049
231585,0.023206
213239,0.014869
26046,0.018312
75925,0.015645
183096,0.013978
9544,0.01625
130714,0.016665
19036,0.011391
245489,0.023387
138370,0.02503
133366,0.01916
175089,0.015495
77749,0.017017
30597,0.014649
188617,0.01882
141467,0.012941
80906,0.026942
156643,0.015367
242273,0.014214
159644,0.013506
185738,0.021357
206736,0.024748
30936,0.016924
163980,0.019131
60431,0.021273
140922,0.016028
194234,0.020731
154136,0.016668
215253,0.017994
156753,0.015013
201130,0.016175
96319,0.018529
34824,0.01845
220979,0.012485
214720,0.020381
152872,0.019206
70255,0.016045
220794,0.015203
205101,0.010429
91094,0.017534
163195,0.023086
6882,0.017097
235125,0.013016
187141,0.015121
203014,0.019066
249295,0.020771
104762,0.018997
19246,0.017965
27000,0.018251
113094,0.014009
90206,0.017979
205250,0.014023
107674,0.016856
132188,0.018305
30001,0.015769
132409,0.022153
66932,0.011838
35121,0.022991
136298,0.013575
3501,0.018838
174519,0.011413
209982,0.017149
103809,0.013303
238034,0.014349
122196,0.015322
67552,0.014222
178148,0.014946
189605,0.012206
125209,0.016067
71156,0.020112
245997,0.021665
182516,0.014873
119150,0.024987
96734,0.016125
88277,0.020106
144569,0.0155
193546,0.025407
71546,0.015
155226,0.024729
189906,0.011897
110387,0.019287
82951,0.01348
150669,0.014911
109488,0.013422
4757,0.017709
141923,0.018395
148800,0.018992
151924,0.015297
42408,0.026521
153971,0.015665
126152,0.018515
114628,0.012731
112591,0.015854
120859,0.017397
224433,0.019093
241018,0.01438
3333,0.01267
151331,0.014972
78751,0.013187
96962,0.022871
4888,0.020935
88531,0.015075
74344,0.015917
12172,0.019022
85610,0.01855
162923,0.0196
249705,0.013459
138955,0.013434
182203,0.017273
10105,0.012926
45959,0.01286
249330,0.018955
29636,0.014526
95106,0.030668
66748,0.02086
232740,0.014446
28691,0.021518
75427,0.016275
200959,0.01873
239946,0.016324
150735,0.011398
118896,0.018732
16789,0.017399
47265,0.018566
111077,0.02189
185409,0.013483
36732,0.019709
178775,0.016755
9704,0.010066
49617,0.020497
108654,0.020016
71616,0.019873
1198,0.009695
111493,0.016003
71262,0.015219
213070,0.011024
144154,0.018265
115416,0.016006
63898,0.020023
29198,0.017085
45145,0.011955
183603,0.018009
45004,0.019946
29394,0.017835
97802,0.013963
243062,0.019069
127568,0.017143
114417,0.012987
24305,0.013756
129726,0.011746
153464,0.019789
58086,0.024528
84269,0.014352
87813,0.013319
113110,0.016952
229032,0.016324
51800,0.019388
238070,0.012579
9013,0.015378
249198,0.013259
13035,0.015691
95756,0.011293
118994,0.014127
141743,0.016981
74155,0.012172
33996,0.013611
7934,0.008537
180394,0.011334
192405,0.023247
211454,0.016504
97885,0.016868
192601,0.014157
107569,0.017863
177216,0.021785
144922,0.013739
204394,0.009131
63491,0.018774
179130,0.011828
111228,0.013937
61113,0.015115
34056,0.020436
39168,0.015395
6661,0.018447
169198,0.020092
141436,0.01593
195825,0.018283
84715,0.01659
246189,0.015031
164820,0.014066
243928,0.014961
236179,0.022255
8123,0.016972
215588,0.017215
30479,0.013582
151486,0.010456
237630,0.024117
5664,0.021559
201577,0.017315
236211,0.014559
170901,0.019526
238021,0.02065
87450,0.022536
247747,0.011181
157842,0.011717
238101,0.019396
242410,0.019158
247381,0.01545
215998,0.023754
94298,0.022596
150691,0.0151
134380,0.011956
92932,0.016048
232328,0.017718
184272,0.01701
245709,0.014393
107967,0.019048
216601,0.014909
123800,0.015711
84080,0.013638
125641,0.023176
156251,0.020342
93507,0.015984
31196,0.011928
22743,0.017587
10189,0.013312
205085,0.01795
170517,0.022566
246633,0.014937
94202,0.018265
197440,0.012991
193654,0.020897
62297,0.010387
50557,0.016958
125457,0.017732
1985,0.015244
133682,0.021148
8109,0.017638
96964,0.010347
209783,0.014318
223701,0.017705
172266,0.015397
197141,0.009016
83304,0.010797
103519,0.023844
113581,0.013373
210194,0.011766
140558,0.017361
101966,0.021608
46741,0.012868
109592,0.022611
66837,0.014966
82274,0.016066
201640,0.014984
135423,0.017433
63701,0.0171
148674,0.014605
194385,0.014701
158744,0.011362
182417,0.015375
225454,0.011668
62930,0.014818
185804,0.023154
42467,0.014404
208112,0.015581
123079,0.018425
174767,0.009868
48698,0.011947
221186,0.016505
49223,0.019169
220214,0.02343
65798,0.024946
158224,0.011037
203100,0.018125
211622,0.019388
134804,0.013174
25558,0.016991
160433,0.02179
152698,0.014042
167450,0.015951
34895,0.016286
85663,0.014772
147168,0.016308
85516,0.014897
50185,0.024159
245490,0.016547
107531,0.014714
200630,0.017789
76110,0.015555
59534,0.013094
74458,0.023046
200216,0.023259
240219,0.017952
41229,0.016327
138688,0.012641
101532,0.016647
239471,0.01461
171209,0.024428
1208,0.016593
52839,0.016421
167483,0.019362
139273,0.016556
167643,0.018465
224027,0.015714
172015,0.018934
111078,0.021432
58879,0.015179
11787,0.016905
194899,0.022868
20880,0.018717
133952,0.018713
125614,0.017391
23142,0.014948
217402,0.014493
41071,0.016746
100452,0.011935
193041,0.013689
236886,0.013677
116758,0.015394
178973,0.015899
158146,0.019571
193488,0.018417
94492,0.016224
48245,0.014126
158872,0.017745
35440,0.015064
132021,0.018065
88435,0.014334
10980,0.01774
178237,0.016033
115676,0.021157
109785,0.017709
16394,0.008391
222201,0.014457
208867,0.013065
3669,0.022651
10312,0.01762
107033,0.011195
84578,0.011531
111982,0.016347
82476,0.008879
185447,0.01446
40331,0.01868
84626,0.01576
51940,0.020889
66567,0.01796
163060,0.015473
63932,0.017896
84648,0.018667
215424,0.015188
101932,0.017991
10398,0.011271
209681,0.018849
26920,0.019495
175985,0.014291
217523,0.01765
64280,0.015476
36812,0.017349
194980,0.013404
160838,0.018157
18880,0.018967
205430,0.014728
99749,0.011648
93173,0.019911
225674,0.016372
85641,0.015734
240,0.011549
8601,0.017562
84835,0.012121
156253,0.019036
73472,0.022337
45553,0.013141
166815,0.012474
31467,0.010686
230932,0.023482
161328,0.023596
211392,0.011403
218705,0.010815
208983,0.022456
181370,0.016625
44901,0.019944
62398,0.01516
212924,0.019117
9657,0.017093
114055,0.016996
68830,0.014867
113982,0.009315
107852,0.023081
120498,0.018411
201768,0.019527
180207,0.017716
182421,0.018133
8689,0.015646
213839,0.014817
38441,0.013951
117921,0.014098
109808,0.020662
137593,0.0118
86300,0.017502
4576,0.021017
171640,0.016256
234231,0.01299
92032,0.022444
26178,0.022204
117411,0.020514
29451,0.017283
219619,0.016439
212018,0.013062
162444,0.01951
114677,0.01528
139746,0.017163
55445,0.016132
156273,0.021193
221053,0.014128
75943,0.012436
204866,0.012255
140531,0.024349
10776,0.012303
173850,0.017588
87128,0.023536
111476,0.015752
245647,0.027671
22215,0.016551
36451,0.015229
86709,0.015052
139591,0.018283
230395,0.022887
51207,0.016612
625,0.019333
176670,0.012401
155944,0.015234
22177,0.018912
25993,0.018705
90539,0.011722
246460,0.014747
72949,0.025585
214098,0.017654
55462,0.010471
149082,0.022966
132593,0.014802
208126,0.023504
139431,0.019264
53536,0.017451
165475,0.015234
44028,0.021248
67010,0.018576
95071,0.015376
124562,0.017926
70045,0.017758
68982,0.01075
221243,0.016549
183978,0.028657
141460,0.025243
40932,0.016403
40194,0.01283
68059,0.019053
105822,0.014499
142482,0.012412
111956,0.018574
179274,0.016548
232393,0.018229
91243,0.014344
4919,0.024388
103980,0.01673
137538,0.014988
150648,0.014284
125264,0.02681
104996,0.016509
248888,0.015549
106860,0.008532
212814,0.015353
160792,0.016116
127981,0.015186
17044,0.017848
208797,0.021934
198829,0.015663
40594,0.016982
22266,0.021522
88028,0.018307
48653,0.016936
199117,0.021745
206183,0.019575
204232,0.009708
169742,0.023688
187628,0.018642
48607,0.015571
120855,0.011047
76151,0.010705
233200,0.016694
131137,0.016789
249988,0.01597
187210,0.012164
1894,0.019115
121785,0.015551
187452,0.014971
142617,0.015453
120424,0.012242
242369,0.01356
154990,0.019234
231149,0.014365
171863,0.014082
167701,0.015034
83542,0.02078
148465,0.016
240254,0.020321
128963,0.016554
113526,0.0144
19139,0.023271
4568,0.015417
132152,0.023211
10377,0.01646
1982,0.020223
14796,0.013235
92251,0.016736
56471,0.016548
116212,0.020146
204491,0.01775
11066,0.013734
58165,0.019643
215431,0.020408
203641,0.017137
176756,0.015791
205927,0.016652
169952,0.015876
95341,0.018812
161379,0.019394
183975,0.014136
72253,0.023054
74570,0.018879
97211,0.010454
28828,0.026066
4794,0.015193
29400,0.016336
39465,0.015201
10171,0.013062
12474,0.017427
219937,0.01641
35409,0.019599
66492,0.017311
233976,0.017595
201990,0.015811
113301,0.013998
42647,0.016748
147926,0.025219
36448,0.012138
62677,0.009062
63240,0.015566
162299,0.025005
84416,0.015137
196025,0.013984
39539,0.013189
107193,0.016696
38827,0.015941
236218,0.022549
159218,0.012391
222205,0.017256
26881,0.015663
63630,0.015102
104465,0.01313
62310,0.012146
26161,0.020876
167049,0.018019
131260,0.011834
3009,0.018052
30104,0.012191
229909,0.015413
31365,0.014179
231278,0.018761
68069,0.011774
195944,0.012558
64346,0.018419
3991,0.02013
111841,0.017139
112145,0.014066
61169,0.010633
130735,0.01696
78238,0.014003
1742,0.013015
205986,0.012654
23603,0.017164
105206,0.015007
213030,0.013351
115523,0.019318
152029,0.017004
153038,0.016002
154587,0.019581
142179,0.017282
68206,0.019079
233537,0.019263
124413,0.016285
171551,0.011716
133195,0.020795
17713,0.019172
223979,0.020135
140051,0.016887
22080,0.016379
39731,0.013872
34971,0.023619
191400,0.017009
25110,0.016365
78864,0.01883
125192,0.01401
31315,0.019867
105434,0.014427
8788,0.014837
166321,0.009642
147114,0.0189
77968,0.017781
78299,0.016839
203467,0.014808
238059,0.020525
201750,0.017021
206304,0.021005
103097,0.015619
162356,0.022522
162040,0.017011
33598,0.016444
242090,0.013327
198248,0.014311
158740,0.017088
114164,0.012792
132175,0.017092
47737,0.015612
182823,0.018182
9861,0.010878
220457,0.020586
181437,0.015208
76689,0.017032
110263,0.022445
11933,0.013282
180764,0.017171
123292,0.012861
230430,0.022572
8185,0.015076
10772,0.011324
36034,0.021677
137763,0.015956
213004,0.017269
94916,0.01733
118196,0.023615
161511,0.016319
129300,0.018054
117746,0.014509
235614,0.014461
158692,0.010299
222381,0.019107
95810,0.018937
201590,0.019639
11561,0.016088
40629,0.014552
117845,0.017289
230785,0.024842
103091,0.021066
192249,0.019759
190972,0.020042
198416,0.011465
206695,0.022404
123035,0.013436
49821,0.025372
201582,0.022483
231255,0.021916
45609,0.010262
190507,0.01357
171370,0.015918
11761,0.016479
20559,0.02132
108336,0.020205
93052,0.021814
191680,0.018186
113940,0.016319
180918,0.017704
164285,0.017091
29455,0.016719
238200,0.021334
245747,0.016718
141368,0.020538
20408,0.016917
152477,0.010596
35221,0.020047
249059,0.015257
220623,0.016079
105706,0.016085
237951,0.021514
55486,0.017392
142343,0.014629
186798,0.016234
104740,0.015043
12413,0.018345
166792,0.013304
105969,0.014179
234544,0.010188
33890,0.014982
38577,0.019409
104869,0.016678
236061,0.015717
224978,0.016939
100736,0.011174
138773,0.016651
17245,0.010024
32160,0.017368
90484,0.015746
141035,0.023114
171371,0.019601
190597,0.017577
234348,0.009434
12609,0.02038
39744,0.019619
155580,0.024396
122257,0.016044
41547,0.016951
108428,0.019294
110118,0.023337
226716,0.011592
53875,0.010721
62300,0.010431
116756,0.015625
232626,0.01512
133132,0.021994
50201,0.02284
1446,0.013712
184138,0.019443
14034,0.015393
108103,0.013876
238401,0.018123
113040,0.01612
176517,0.016904
210371,0.017539
40782,0.013618
13702,0.020162
2891,0.01371
36680,0.019524
185584,0.023858
14265,0.015253
80445,0.015227
240256,0.015811
224796,0.021234
107806,0.017971
32586,0.017887
239403,0.014907
216555,0.013624
174432,0.009776
51429,0.018766
204396,0.012301
73111,0.012499
80771,0.021996
68678,0.016282
195640,0.012081
36287,0.016407
207003,0.013609
163085,0.023722
126022,0.017596
191298,0.017661
48959,0.018036
8256,0.012218
219129,0.015531
195256,0.013996
187270,0.011661
125529,0.012219
204259,0.015302
192754,0.011659
177318,0.013526
101391,0.026746
217248,0.015466
104878,0.021707
247573,0.018716
28316,0.01005
181151,0.015071
171677,0.01672
204213,0.011117
207242,0.021918
132371,0.018788
180249,0.018012
180104,0.013765
72686,0.020665
116877,0.021201
163657,0.023386
221203,0.01678
207318,0.018187
175203,0.019647
1480,0.018886
43243,0.014946
196217,0.011329
47029,0.012161
178480,0.017249
11208,0.012944
114619,0.015703
8843,0.011894
98591,0.016807
233124,0.012137
173900,0.015806
198519,0.016389
14301,0.016798
46087,0.01397
158922,0.015607
135087,0.014795
4924,0.018124
24677,0.016093
40598,0.012261
240187,0.025022
107790,0.011888
231131,0.014689
71667,0.014808
153861,0.020297
10677,0.014427
183932,0.026273
16150,0.014825
229798,0.014423
91739,0.013478
190887,0.01892
17893,0.014702
93495,0.022514
25134,0.012127
154997,0.021247
87940,0.020543
77051,0.015695
163471,0.016735
129111,0.019897
119069,0.01773
2691,0.01818
22759,0.013226
77580,0.01631
74963,0.016409
81391,0.023841
29496,0.015405
114933,0.012774
224614,0.013376
198046,0.014636
125584,0.01914
82565,0.018528
139484,0.015693
117692,0.026526
97100,0.012051
181239,0.015211
169009,0.011718
199073,0.018739
201720,0.019935
248675,0.022984
190184,0.021399
124104,0.017822
246349,0.0232
34739,0.014635
168360,0.015269
566,0.019879
22761,0.017116
55178,0.013714
9807,0.015836
211933,0.017047
148398,0.023709
125294,0.015624
157663,0.02051
204430,0.01536
77506,0.017198
182833,0.014905
162911,0.01505
129615,0.011358
202166,0.017928
115985,0.022163
181194,0.014122
160834,0.013615
109246,0.01555
18179,0.01697
187816,0.016122
198631,0.020016
98668,0.018534
195890,0.011511
106040,0.019087
212910,0.010688
180455,0.012959
137134,0.017126
143041,0.01566
176567,0.017922
12967,0.012738
242971,0.016762
20539,0.013687
130263,0.013123
50761,0.014688
32250,0.018008
248754,0.019623
24590,0.01611
181251,0.012295
225617,0.019805
11234,0.024559
221593,0.01567
26386,0.017284
158651,0.012032
36094,0.021612
129875,0.022817
125845,0.022255
28744,0.022042
159999,0.011257
245375,0.013716
221120,0.016246
168761,0.014628
243123,0.019226
194929,0.01373
21227,0.014149
119368,0.017088
39456,0.011572
245290,0.015025
79359,0.015619
175480,0.01638
16588,0.015398
44230,0.01585
223506,0.018447
208724,0.016979
168954,0.018628
151266,0.016865
56463,0.014527
128106,0.014623
216975,0.014542
121081,0.013544
10266,0.012264
198945,0.017696
57652,0.015144
202763,0.016873
237663,0.016577
165698,0.012473
147943,0.01443
152015,0.010461
198287,0.019629
14466,0.012417
134940,0.013918
161597,0.024488
149999,0.017794
180044,0.016674
236950,0.015671
39716,0.017864
234471,0.012829
77224,0.014911
183981,0.014501
147850,0.013951
94414,0.025322
93452,0.017992
242280,0.014504
96055,0.017604
229739,0.017231
112347,0.020876
214256,0.021214
139927,0.019082
176847,0.019867
235486,0.013515
169008,0.016797
120294,0.016308
230968,0.016254
153631,0.019069
61071,0.014062
242509,0.016145
169162,0.018813
39775,0.016559
81299,0.015631
75455,0.011535
71594,0.021521
76742,0.012884
143653,0.013771
151698,0.013679
6182,0.016155
132863,0.01443
128080,0.014067
158395,0.009907
51186,0.01632
109626,0.015636
227092,0.013173
6426,0.01948
248411,0.012319
119335,0.021516
75126,0.015346
125161,0.018826
69808,0.017607
141821,0.016206
58134,0.01763
124939,0.023045
47899,0.02267
86368,0.010366
9647,0.013657
138891,0.020589
156453,0.017667
225723,0.014349
214543,0.030834
227525,0.019184
238308,0.020488
233741,0.01373
244934,0.023739
87486,0.018251
112617,0.018238
244796,0.018678
162603,0.021579
76348,0.016118
192956,0.015758
192662,0.013939
18794,0.016866
2492,0.012031
233565,0.020176
227638,0.012651
166261,0.014621
96584,0.01125
116437,0.016607
122052,0.012913
236557,0.011338
70297,0.0081
180501,0.020786
59055,0.016997
41901,0.013601
26624,0.016356
69882,0.017233
199598,0.017274
45808,0.019071
138622,0.014737
110323,0.014473
45019,0.015677
241065,0.016879
205783,0.016379
143059,0.016193
11595,0.019444
12478,0.016487
123696,0.019253
104461,0.020397
78949,0.02138
15945,0.015676
220159,0.019984
247569,0.018837
113924,0.01433
115290,0.017223
47442,0.01417
125554,0.018662
7562,0.016688
177153,0.024525
90321,0.017304
22959,0.018741
6645,0.023812
156543,0.021775
54147,0.017852
33878,0.016728
206809,0.015564
54315,0.017731
20040,0.018786
108605,0.018559
48519,0.018954
215682,0.014524
212966,0.015527
210747,0.016168
119034,0.019115
26168,0.016223
127920,0.017028
26926,0.01487
171655,0.016557
15815,0.012439
13889,0.014958
124603,0.019976
130843,0.016951
30494,0.015172
190903,0.013418
35616,0.018356
74727,0.018005
134336,0.01573
126245,0.013551
14832,0.017222
229933,0.01923
181254,0.01791
141817,0.016354
232856,0.012577
119092,0.015135
188069,0.014531
77240,0.013099
123629,0.017777
23473,0.016785
120724,0.010321
86314,0.019827
209958,0.015469
207201,0.018102
187564,0.017112
177336,0.015029
42744,0.016208
124063,0.014654
55968,0.018639
204386,0.019734
245251,0.016678
244327,0.012407
241878,0.012447
52483,0.021341
248570,0.013709
111630,0.017133
201981,0.020366
27272,0.01514
165163,0.017992
56934,0.014425
49453,0.012155
225008,0.017302
223879,0.02115
220373,0.012818
109113,0.018378
83251,0.008738
38317,0.017822
38687,0.016838
62104,0.017529
65259,0.022428
109905,0.024161
61646,0.015157
106099,0.015655
17984,0.012909
124567,0.029047
116694,0.011658
222391,0.019608
172764,0.016633
19969,0.014297
128216,0.02207
181620,0.015897
53131,0.014263
26714,0.015564
80993,0.021578
118391,0.015251
95573,0.019914
144301,0.019379
66696,0.011419
19951,0.018074
33701,0.021442
5125,0.013068
221969,0.015562
38817,0.016429
107499,0.015525
126511,0.016924
99933,0.021277
63589,0.017336
37005,0.017168
84116,0.010057
233646,0.009533
191359,0.022151
220307,0.016347
38360,0.012793
191372,0.011423
85471,0.015486
176507,0.019878
13513,0.02533
234724,0.010516
26875,0.021565
98515,0.015178
7299,0.018299
149660,0.01549
202413,0.019555
58095,0.023404
169734,0.022262
159799,0.01144
151246,0.011953
4420,0.020998
179085,0.014389
30360,0.017787
144547,0.011875
2470,0.016032
144235,0.015849
217359,0.025479
70499,0.017764
119950,0.012289
127790,0.016664
6869,0.021384
69456,0.010603
93337,0.017826
124510,0.015766
37898,0.015272
62499,0.019951
239580,0.019287
110115,0.012323
189299,0.013339
112072,0.018944
64628,0.018854
169719,0.024615
35830,0.015388
33286,0.014362
9661,0.015072
141613,0.018695
43081,0.019542
180553,0.032335
205317,0.019703
80859,0.022091
28049,0.016025
184003,0.022864
89390,0.016754
38495,0.013715
187255,0.019224
223454,0.016259
4363,0.018108
50068,0.019998
231939,0.019706
98479,0.019371
54500,0.009761
126218,0.017678
181723,0.020181
45983,0.016579
227762,0.020273
33251,0.015408
138942,0.019482
199391,0.01535
156436,0.017428
35497,0.016975
211874,0.014016
191968,0.022907
78,0.015217
185208,0.014267
32824,0.012478
83027,0.014006
216331,0.024871
93732,0.016928
97338,0.010356
191433,0.015014
228935,0.015148
211841,0.011614
30089,0.011132
11872,0.023524
52736,0.020393
208398,0.024813
160991,0.020518
107042,0.014188
27288,0.017015
133776,0.023974
43568,0.013805
183147,0.020706
25380,0.013662
128150,0.012267
71246,0.018793
40993,0.015519
112452,0.0134
88703,0.01538
163796,0.014637
20023,0.021783
166819,0.016993
69839,0.01004
142085,0.019353
50317,0.018247
39935,0.016048
118092,0.017595
46233,0.014608
2828,0.020025
102089,0.01597
52613,0.017311
236927,0.020402
187726,0.016145
142867,0.014285
66371,0.017353
1583,0.013748
219596,0.016687
121476,0.012344
20417,0.01663
152715,0.020351
88476,0.016895
106396,0.014772
117877,0.017559
54124,0.014468
90258,0.020737
27171,0.024061
203976,0.017257
85676,0.024342
200945,0.018087
93111,0.013274
239307,0.011612
87440,0.024331
184698,0.022033
134257,0.02611
191641,0.011187
248790,0.011392
244283,0.023131
77376,0.015525
35699,0.015482
118216,0.017736
217040,0.018424
51017,0.019265
149191,0.011902
23075,0.01693
62373,0.015773
154127,0.015749
167497,0.012337
184915,0.012305
243456,0.0168
238927,0.019041
125053,0.018735
59849,0.018037
179884,0.013197
150872,0.009221
241732,0.015016
80262,0.020027
191579,0.02018
153318,0.019317
142967,0.012291
73199,0.016537
25108,0.011856
135351,0.015413
7287,0.013856
188391,0.014225
241423,0.010706
16664,0.01721
147295,0.021521
72525,0.012867
67635,0.014908
119367,0.01836
246020,0.018422
249340,0.013312
200715,0.017205
70349,0.013236
36956,0.019442
177654,0.028263
102048,0.019598
180041,0.013298
241636,0.009882
31010,0.014649
159590,0.0124
138458,0.018067
245234,0.019317
36563,0.020131
92093,0.012658
43412,0.021136
147051,0.022076
47643,0.02091
101649,0.023654
153537,0.016371
198798,0.011088
8503,0.013725
197843,0.012406
163848,0.016629
80851,0.021247
38785,0.015504
171568,0.012542
153540,0.016701
182076,0.010492
233046,0.012596
207093,0.018614
169080,0.010753
30208,0.015283
59044,0.01621
192151,0.019689
77429,0.014172
241454,0.014986
42920,0.020764
208420,0.020095
147742,0.014926
136009,0.019475
65671,0.01771
63760,0.024294
103003,0.024554
20814,0.012487
140013,0.018268
2631,0.016741
46716,0.013126
31918,0.014763
123100,0.013492
73978,0.021012
249459,0.013763
156026,0.017434
177743,0.023169
128186,0.017028
193855,0.021188
220642,0.013341
99329,0.011709
192326,0.016905
132832,0.023615
116710,0.021634
217538,0.014071
146443,0.016733
228125,0.01189
239400,0.015048
240059,0.019032
36178,0.016946
6713,0.019918
85635,0.012094
86980,0.015705
188562,0.010393
37180,0.009704
173714,0.012191
188413,0.014292
97149,0.020473
23556,0.016919
25613,0.013958
185126,0.013052
69553,0.015794
245794,0.014619
242666,0.017551
25242,0.021134
159047,0.008785
211449,0.016282
153583,0.01849
229311,0.013731
69492,0.013728
78267,0.012469
47245,0.014123
212902,0.014778
82144,0.02027
247414,0.014799
191511,0.01465
232043,0.020212
78874,0.013417
147855,0.015532
194364,0.013757
201897,0.013072
162112,0.020698
129102,0.014743
66483,0.014998
183655,0.017333
172192,0.01924
130948,0.012649
104562,0.013706
12849,0.018035
185971,0.021351
26506,0.022346
5072,0.021798
14276,0.017184
100023,0.015639
139800,0.01596
97452,0.016846
68526,0.018136
74436,0.021719
10553,0.013343
25274,0.013084
215793,0.019074
29283,0.014286
115078,0.01355
20956,0.015481
217315,0.012141
141451,0.017298
224294,0.023167
142177,0.021318
138752,0.018261
197855,0.017953
197929,0.024262
138606,0.011544
113297,0.009599
203421,0.018368
117030,0.015812
207846,0.023224
166334,0.017259
187499,0.020707
190759,0.015274
221084,0.015767
179572,0.013511
102085,0.016586
208105,0.01585
50473,0.025111
139732,0.024243
48334,0.013271
109993,0.019256
94535,0.019651
199394,0.021149
54563,0.015489
243211,0.020189
190655,0.019515
113878,0.01424
69737,0.013418
175953,0.013889
167118,0.012326
103756,0.012995
219560,0.011812
159889,0.016358
91272,0.011947
212497,0.015721
186977,0.016634
185809,0.025135
19400,0.021259
17816,0.017433
11534,0.014628
2601,0.020525
8734,0.011813
142096,0.020032
45220,0.014528
227500,0.010283
230308,0.024227
213901,0.015386
131777,0.019861
234659,0.021148
115745,0.019381
245882,0.026859
162214,0.019668
175123,0.015461
218094,0.011237
182058,0.016996
167914,0.019485
158201,0.01748
233790,0.013431
177284,0.019897
107884,0.021569
205876,0.014958
159388,0.016056
130830,0.026495
73911,0.011639
66172,0.018289
236192,0.020987
109710,0.019403
105061,0.0115
182063,0.012859
70049,0.01316
105708,0.011573
95425,0.01672
29536,0.018561
43102,0.014375
117129,0.017111
70135,0.016729
125403,0.019779
245396,0.019125
42830,0.018156
158969,0.013671
1640,0.013761
226839,0.012188
196999,0.015797
33143,0.018153
74167,0.019163
70704,0.016775
112550,0.016051
72265,0.01714
14994,0.012167
13968,0.020068
31710,0.016464
249014,0.015111
153435,0.018951
78495,0.015845
201614,0.019796
155184,0.021782
65777,0.018659
19981,0.01735
155672,0.01476
185577,0.01971
48549,0.021339
136165,0.014502
51352,0.016654
177996,0.018001
16654,0.02135
186971,0.023469
75302,0.015807
168025,0.013657
170244,0.016174
203725,0.015453
42517,0.021749
131416,0.019002
187098,0.016066
67819,0.01472
2948,0.013763
229056,0.020785
149834,0.015295
188482,0.01146
47615,0.011557
187849,0.014355
161996,0.017161
230358,0.018755
13761,0.017648
192082,0.024599
183376,0.014538
28254,0.022298
93062,0.013851
17447,0.019995
55624,0.017117
229380,0.021323
238883,0.017914
55114,0.012244
173827,0.016058
81365,0.01863
89353,0.018943
164659,0.013667
117565,0.020731
1430,0.013675
199283,0.015078
209408,0.016349
205232,0.014101
185649,0.018103
124668,0.020101
47651,0.014107
45488,0.015402
53056,0.009972
194226,0.026423
7579,0.024071
190550,0.016207
42727,0.022211
181471,0.011386
192642,0.013675
178484,0.024831
240168,0.020757
242193,0.018145
121385,0.014546
181046,0.014651
228645,0.01728
229093,0.017318
241099,0.015058
78251,0.017381
161576,0.018151
192872,0.020448
140816,0.013281
233010,0.009841
230776,0.019914
97650,0.017714
172279,0.015754
63170,0.011773
112505,0.014416
193127,0.019874
193714,0.025599
46822,0.017763
170390,0.013812
15207,0.015248
51617,0.016223
81876,0.01315
39338,0.015343
245131,0.016607
233572,0.012651
58199,0.01942
17478,0.016531
229623,0.020701
248467,0.018808
236706,0.02074
171147,0.017231
70898,0.017229
88160,0.013181
208593,0.01665
74990,0.019685
238949,0.022345
104123,0.018304
16009,0.017549
135993,0.016113
191639,0.023293
141519,0.016625
15314,0.015834
161975,0.024045
11443,0.014699
114986,0.018472
171404,0.018154
66067,0.01733
112841,0.01482
59130,0.021844
96563,0.014734
115141,0.020743
104298,0.016123
92612,0.011575
22254,0.013281
170532,0.012295
6969,0.011084
230117,0.01872
63385,0.018273
89218,0.018336
192679,0.01839
247224,0.018813
152066,0.01181
14854,0.019178
172769,0.014844
221648,0.013129
9073,0.019443
64242,0.021881
39421,0.011508
178301,0.016003
245619,0.013801
74187,0.026125
189116,0.015099
83120,0.012751
70486,0.017911
26806,0.020025
186866,0.01796
222341,0.013046
243412,0.015396
163265,0.020886
89158,0.013583
190878,0.010401
51118,0.013365
183304,0.015361
7218,0.020061
45763,0.018841
122253,0.018213
131495,0.016702
142591,0.016007
172651,0.016134
77800,0.017799
73384,0.021361
195257,0.014079
72579,0.020109
18240,0.011202
231847,0.0218
8010,0.018804
14830,0.015559
109178,0.016271
67830,0.014145
93702,0.020256
178061,0.020677
104452,0.017773
145032,0.014478
196632,0.021772
40496,0.011681
170110,0.0191
119719,0.016477
176673,0.015012
13180,0.019706
193483,0.022599
216049,0.026345
69495,0.012734
141387,0.016522
113453,0.014488
125604,0.020584
183047,0.017454
55257,0.011246
120667,0.014442
110067,0.016345
154732,0.018874
144268,0.012722
27667,0.021209
188137,0.01708
171324,0.014647
120051,0.017124
148665,0.02225
176898,0.014373
6505,0.018561
168053,0.019209
176174,0.013212
55466,0.024899
81572,0.014954
225361,0.016711
32004,0.014713
178672,0.013078
80606,0.019931
165222,0.015993
239326,0.021545
110184,0.012959
75652,0.016323
34215,0.019696
213934,0.017259
168177,0.011737
14432,0.016372
24014,0.020849
107848,0.020502
247328,0.020948
204420,0.012363
36154,0.02384
22460,0.014356
150906,0.0096
11818,0.017424
16811,0.015155
134414,0.021279
83553,0.020588
155332,0.015331
158910,0.015593
198332,0.017063
25892,0.019126
8175,0.022385
194087,0.022008
84350,0.017279
75367,0.016631
150440,0.016382
90656,0.013491
187905,0.019236
35031,0.01515
114752,0.013687
189230,0.011794
99350,0.015877
221561,0.019453
62241,0.013381
247621,0.012845
173401,0.016096
2442,0.015401
239444,0.019986
67127,0.019773
224896,0.019286
212578,0.022015
3166,0.010873
6749,0.019236
101476,0.019521
212047,0.014523
187242,0.016318
92532,0.013313
164654,0.024327
69094,0.019165
122759,0.01389
4650,0.021153
66628,0.013274
167880,0.010389
124470,0.014631
204070,0.010618
74244,0.018878
224530,0.014471
28129,0.020355
248999,0.013548
43100,0.019312
94761,0.017424
198792,0.017749
146908,0.014898
204746,0.017866
164091,0.021095
65519,0.016552
17824,0.018304
84997,0.011761
144601,0.013827
136279,0.014658
191032,0.018018
175452,0.016304
164795,0.013884
89785,0.017986
52,0.011991
69238,0.014261
226783,0.016594
124607,0.022504
140037,0.014651
81878,0.025023
59733,0.014949
213437,0.013645
21224,0.02109
204537,0.010759
19935,0.01912
170801,0.016704
142001,0.017826
130797,0.017898
240678,0.019036
58577,0.017585
129086,0.013714
239784,0.018228
65401,0.01915
191842,0.012071
34847,0.01712
3029,0.017895
173860,0.012594
207056,0.012476
36372,0.013492
226322,0.013505
240569,0.021862
136964,0.010522
218159,0.016369
245951,0.015651
46819,0.014581
179236,0.01855
248019,0.018762
103997,0.01699
50592,0.020526
178139,0.018914
47551,0.015073
4394,0.02002
196717,0.013403
128392,0.01799
97291,0.015029
23521,0.014193
140445,0.012965
172748,0.015895
144776,0.012519
96297,0.0217
1614,0.016047
65411,0.025602
111055,0.023101
13691,0.018463
234948,0.015922
201227,0.023143
202625,0.014189
67378,0.01217
144887,0.021691
48753,0.018117
178380,0.018304
225559,0.018599
57728,0.018308
212543,0.008279
180675,0.015572
199819,0.017408
92181,0.017503
83351,0.01643
232874,0.017053
205558,0.014977
55845,0.012494
218925,0.014548
60185,0.010707
220599,0.011888
120070,0.017072
76638,0.014362
108550,0.015375
173219,0.014975
60043,0.018632
83098,0.01451
241612,0.013993
67545,0.018241
165587,0.014694
146211,0.013786
110151,0.013847
224708,0.018023
92939,0.016288
6225,0.022563
112687,0.014908
101251,0.015008
165441,0.014293
54718,0.018173
247822,0.020703
116831,0.020408
68203,0.014065
90887,0.011354
240889,0.012463
47319,0.017858
174640,0.013108
95733,0.017
69306,0.014826
3157,0.017674
9261,0.009769
2449,0.014356
5699,0.020586
59649,0.019052
90208,0.014262
226968,0.01424
42558,0.01368
63069,0.011123
200541,0.017031
92060,0.017815
97883,0.015822
246300,0.02613
41,0.017526
162715,0.019132
20129,0.013224
160840,0.014094
77455,0.017411
29580,0.021594
242526,0.015904
66484,0.017746
218314,0.015966
130177,0.012302
46920,0.013101
46592,0.01343
211757,0.014654
210235,0.012528
209824,0.017455
202473,0.016909
229389,0.018449
66261,0.015677
200912,0.019638
92335,0.015378
147179,0.019816
56903,0.019472
178658,0.016717
94346,0.018467
233637,0.01765
71957,0.016333
95288,0.013641
35729,0.017746
23809,0.013734
56832,0.028199
248535,0.013147
203497,0.017522
232262,0.012432
36075,0.021552
32777,0.014523
146326,0.023256
190390,0.018687
43329,0.015067
1127,0.012697
93887,0.012364
118789,0.018993
179063,0.01952
148596,0.021437
197935,0.018143
109591,0.018846
238037,0.017503
123781,0.014716
43865,0.014147
18716,0.016884
192926,0.016929
210439,0.011208
52494,0.016894
16697,0.016328
107239,0.015647
46130,0.015534
63182,0.016491
26140,0.014674
84640,0.014604
105187,0.018911
61442,0.011353
196691,0.012451
10566,0.014537
148872,0.019132
200290,0.020459
140339,0.016951
16246,0.010953
247502,0.01668
98149,0.014402
106408,0.017209
83671,0.014079
55695,0.020222
179164,0.012427
167848,0.014979
123476,0.018474
206870,0.017851
17529,0.014186
44545,0.018975
64575,0.011745
174963,0.015608
135696,0.017993
231494,0.019986
160632,0.012291
145513,0.016564
30898,0.014696
138814,0.013645
37331,0.016241
62142,0.011086
10284,0.013576
146462,0.017012
50671,0.028127
180189,0.017674
142561,0.01998
106083,0.016059
192859,0.016493
21000,0.018145
50715,0.027558
3672,0.020655
207437,0.016763
247307,0.017122
190725,0.011676
113636,0.011048
203596,0.019131
75667,0.018481
195896,0.015143
201394,0.014467
10333,0.01168
197850,0.009941
209841,0.021825
102198,0.018769
188277,0.01859
217665,0.019018
219347,0.012859
93965,0.016107
236984,0.025471
236752,0.020385
134694,0.018889
9601,0.018584
230862,0.018338
123595,0.012502
10159,0.015918
177919,0.025072
20677,0.02184
57958,0.013227
90478,0.015649
20372,0.014607
125723,0.018482
8820,0.015525
60197,0.010532
73862,0.018837
194101,0.014573
198141,0.012162
247060,0.018898
109687,0.023954
239217,0.023239
223132,0.017684
47134,0.014224
237974,0.019628
6407,0.021156
78961,0.022972
13808,0.015151
38627,0.015291
244344,0.025789
7002,0.015725
230020,0.016419
31278,0.012181
8088,0.018303
53737,0.01089
36349,0.023998
86500,0.018416
168019,0.012991
58851,0.017952
195260,0.017174
156641,0.019075
77647,0.016651
110445,0.011881
73979,0.014186
134121,0.019666
230652,0.028529
21351,0.016281
53177,0.018945
9681,0.011264
172431,0.010128
45537,0.019107
113754,0.017449
110647,0.019638
9312,0.01383
158847,0.018981
63658,0.019687
224910,0.015464
161152,0.019369
188556,0.012352
39978,0.02131
70061,0.015524
86919,0.018117
184317,0.012463
239321,0.02292
189489,0.01681
65903,0.013485
232449,0.019589
189244,0.011809
124922,0.015279
198946,0.010661
41227,0.014299
218342,0.01154
191623,0.019459
222300,0.019344
36004,0.016871
179131,0.01285
67110,0.018345
144679,0.015042
44177,0.014175
51296,0.023058
122367,0.015092
33535,0.021837
187505,0.016494
85828,0.015639
195947,0.019891
77939,0.013252
67834,0.016632
35079,0.012579
240594,0.016037
124756,0.011465
192392,0.017447
13453,0.017469
71619,0.019922
240742,0.013493
40342,0.013816
239161,0.020667
228747,0.017548
3969,0.023227
79502,0.012982
105245,0.015608
190215,0.017586
115462,0.019543
193327,0.013842
73857,0.020453
125241,0.016398
42539,0.015444
5510,0.014251
228796,0.018339
135039,0.013837
149271,0.016253
78037,0.016196
187078,0.022069
147496,0.015092
90818,0.014359
167622,0.025874
71063,0.018583
134970,0.018599
103636,0.023296
144807,0.009514
168810,0.011
1075,0.012854
212333,0.017502
35871,0.017778
78144,0.012944
131487,0.019587
221446,0.021322
5724,0.022919
196610,0.014092
222222,0.015749
239793,0.019187
20364,0.017022
181850,0.014581
35562,0.014087
41320,0.013024
47945,0.016492
97004,0.017812
239168,0.021224
247082,0.021176
180705,0.020466
14539,0.015649
187244,0.012528
159197,0.012078
242377,0.020936
192529,0.021671
52269,0.018369
12600,0.017831
163346,0.021697
88952,0.015857
16392,0.01332
130997,0.015702
29046,0.022712
115250,0.012595
247181,0.020754
192888,0.01892
71846,0.01834
5477,0.019724
1109,0.015291
124313,0.01982
79157,0.012028
103275,0.01822
2557,0.011666
162282,0.019596
63255,0.015246
34721,0.017397
214359,0.020571
228763,0.015936
185773,0.018735
79656,0.014983
36110,0.022902
7959,0.012419
57583,0.024069
215645,0.018516
38380,0.016085
178635,0.019407
161061,0.016403
123592,0.017919
65467,0.016026
226948,0.014479
175612,0.015378
48889,0.01996
165278,0.017803
99694,0.015732
67078,0.020956
75313,0.017153
146264,0.017178
50474,0.021065
141224,0.015648
160816,0.016597
191087,0.018288
217368,0.021871
205115,0.012346
49690,0.015167
43925,0.017193
89413,0.016409
72299,0.022164
153715,0.01849
100366,0.019004
209668,0.020043
155709,0.021345
44851,0.015948
112289,0.014571
105824,0.020439
160362,0.01557
76715,0.015315
42799,0.017014
1462,0.020804
213864,0.019347
237681,0.018983
51436,0.01636
71904,0.01629
59780,0.012826
47404,0.021537
233187,0.013934
162571,0.020052
162733,0.017824
213062,0.016781
78855,0.013994
58845,0.018563
56410,0.02002
164326,0.017145
94823,0.024955
2262,0.019659
165830,0.014107
164058,0.016487
242537,0.010521
67529,0.01269
168429,0.015334
219353,0.013788
111687,0.01244
220584,0.017913
1986,0.016732
243149,0.015838
40422,0.014461
168702,0.016297
87781,0.021009
109109,0.014684
159600,0.010751
62897,0.019003
119692,0.010976
129957,0.021053
60231,0.013642
195516,0.01706
141394,0.014844
63419,0.010626
138463,0.016922
195700,0.013477
169399,0.024852
172913,0.015411
236858,0.02273
215548,0.018374
7191,0.019557
70137,0.012246
77472,0.013786
171211,0.019098
89988,0.014651
109118,0.020117
213885,0.013372
15827,0.019224
63436,0.017361
107326,0.016933
86393,0.018116
93708,0.017742
86395,0.018017
85125,0.015196
54322,0.015757
34966,0.01844
58322,0.014856
41044,0.014158
203407,0.018685
248054,0.014963
62445,0.015765
9604,0.015554
516,0.017736
109769,0.024106
235660,0.01846
50095,0.016822
184428,0.013337
34210,0.018479
43935,0.016224
153408,0.011751
211978,0.017305
138601,0.013911
212207,0.013838
108302,0.018739
241236,0.016168
177837,0.015518
166380,0.017715
187198,0.012192
153186,0.016411
126719,0.015368
116790,0.01202
140802,0.019365
210520,0.016791
201478,0.018985
193605,0.015962
195434,0.011668
191477,0.01998
235447,0.012943
135327,0.011814
67136,0.019166
23255,0.012025
18040,0.014745
75517,0.015459
222693,0.021739
87048,0.024194
112605,0.017028
208093,0.013868
233927,0.009629
103655,0.0215
112757,0.014307
210809,0.016206
198078,0.014648
102841,0.02013
6914,0.015873
212092,0.01431
106184,0.014186
65502,0.017969
36741,0.01904
112044,0.012948
190331,0.010637
217394,0.01789
72065,0.018828
176687,0.023884
60776,0.010839
25079,0.015709
34515,0.020399
172196,0.016935
249609,0.013783
239828,0.01477
90915,0.015573
246060,0.023116
92888,0.011432
215215,0.021145
208637,0.018843
91587,0.010342
72439,0.02352
126052,0.021706
194094,0.017825
186814,0.020895
31291,0.016814
46095,0.012009
121541,0.012039
1793,0.014078
2222,0.013334
86932,0.021774
182927,0.014218
209695,0.017636
212075,0.013946
70201,0.016095
90067,0.012375
216170,0.018049
203981,0.017394
25409,0.014185
153509,0.015884
13720,0.014944
163185,0.020941
163192,0.013261
57479,0.015221
122932,0.013236
61992,0.013501
35144,0.020679
32101,0.01298
136710,0.014768
182422,0.013948
125586,0.020702
30608,0.015388
76899,0.013345
125291,0.018082
94338,0.021432
161264,0.016166
161621,0.016649
156180,0.02182
161539,0.018307
40165,0.01483
240700,0.012625
122764,0.013948
216105,0.016958
52084,0.014693
64291,0.014834
39103,0.014123
106585,0.014572
56310,0.015146
136648,0.016421
92812,0.017057
179415,0.015717
145423,0.014188
93916,0.019786
61561,0.01435
176403,0.019423
98317,0.017848
138842,0.017909
228550,0.01555
184931,0.017874
147931,0.021231
204011,0.017771
49470,0.016101
203264,0.015146
212353,0.012195
19478,0.01944
18234,0.01643
12638,0.021198
231283,0.020183
170672,0.01731
111458,0.013214
124005,0.019576
38281,0.012954
76236,0.012171
164371,0.022995
136933,0.011282
147037,0.016247
14271,0.020083
174116,0.01951
132484,0.025394
218111,0.015126
211747,0.019315
31389,0.013994
72431,0.01985
13031,0.015161
51820,0.020287
248156,0.016735
234829,0.015699
167783,0.010421
135881,0.015106
215831,0.019436
73707,0.014269
178002,0.023459
193534,0.022425
24996,0.013896
100782,0.024961
167447,0.013346
103683,0.015329
26593,0.025666
243766,0.01062
99912,0.010159
224291,0.019854
186745,0.024281
145360,0.020625
98382,0.012517
126390,0.018811
97453,0.012553
220560,0.019132
210436,0.01436
152391,0.017584
64757,0.026783
44664,0.016122
227976,0.016682
104853,0.015463
245798,0.023263
109419,0.018762
52192,0.016974
101702,0.017083
96926,0.016893
238305,0.013676
244364,0.013769
160466,0.013896
28882,0.019291
191900,0.017549
246979,0.019956
30542,0.017867
88939,0.012086
184300,0.016798
86329,0.019623
173524,0.016701
27044,0.021948
237652,0.015943
234195,0.014258
14850,0.019221
56241,0.018887
40954,0.013758
139170,0.016641
89273,0.017229
142415,0.013792
170534,0.020511
248840,0.017269
19852,0.015691
26101,0.015364
102254,0.016298
5856,0.019128
148402,0.019596
62743,0.015878
245674,0.022039
156527,0.013151
116514,0.016834
189130,0.013672
192955,0.018657
174070,0.016777
64606,0.017969
171040,0.021893
99127,0.011275
137342,0.011583
220274,0.014829
55534,0.0144
206445,0.016964
84183,0.018838
75518,0.016431
160947,0.019619
15381,0.011617
30064,0.015633
100923,0.014154
42386,0.016208
40655,0.020472
221683,0.016948
164503,0.014618
92295,0.015129
14885,0.012712
184353,0.022552
85091,0.011044
114896,0.017655
114560,0.013871
196668,0.015297
40802,0.019585
120460,0.017348
249625,0.015124
3336,0.012617
202278,0.014078
48222,0.016508
139259,0.01689
106218,0.016752
191895,0.023301
236083,0.017946
203889,0.009566
172209,0.016634
151222,0.015291
158459,0.016091
74254,0.016262
243565,0.018705
228116,0.01567
236638,0.016512
221332,0.017183
220637,0.017203
80827,0.016188
109218,0.019346
66017,0.017804
153214,0.016511
179270,0.020418
71050,0.019274
76736,0.023138
183746,0.02011
13857,0.018155
7511,0.017074
29277,0.017428
172542,0.015934
107603,0.022658
205211,0.020382
91781,0.019747
170396,0.021129
240355,0.019732
214437,0.018586
164889,0.018717
188549,0.016105
133290,0.018945
67695,0.021725
248986,0.018027
208237,0.015773
22014,0.018873
139807,0.022645
211748,0.013838
115422,0.01936
198427,0.010068
82879,0.0257
50078,0.014606
219401,0.011662
144985,0.018143
124526,0.01515
38139,0.016957
110122,0.023429
246597,0.019536
38708,0.017849
229298,0.017733
9218,0.014092
113440,0.014765
130976,0.022282
34197,0.011719
82134,0.015097
81529,0.01955
244139,0.016067
32083,0.025089
58207,0.028373
138775,0.016139
31577,0.014942
16730,0.017247
219236,0.020452
65438,0.020223
158671,0.019329
2767,0.014493
64215,0.018245
82979,0.014307
224083,0.016039
188968,0.011264
100589,0.016717
50571,0.016217
61840,0.011641
228707,0.021567
58318,0.012878
245671,0.019038
173836,0.014038
224387,0.013443
12381,0.016919
66471,0.014647
100940,0.019203
53708,0.015892
109608,0.014894
204899,0.013262
174360,0.015392
172557,0.014696
248175,0.019235
118128,0.015932
124799,0.021971
248426,0.050874
113127,0.012617
98505,0.0126
42292,0.016572
204880,0.013537
114648,0.012709
177755,0.017532
27650,0.020517
190764,0.015109
129412,0.011214
147115,0.022233
220823,0.016242
159226,0.010146
30826,0.014118
79570,0.023946
36549,0.017687
156751,0.019665
192250,0.016305
202920,0.013921
222366,0.019432
107253,0.013083
154570,0.022824
129327,0.012556
142139,0.018116
102804,0.016494
125892,0.014971
19163,0.01696
202584,0.016896
4585,0.010739
136163,0.014676
109532,0.011665
221518,0.016631
136223,0.021925
81003,0.010841
176991,0.016648
134283,0.012487
29399,0.012963
176663,0.023231
93799,0.018634
146925,0.018331
58276,0.022618
15358,0.017424
20673,0.026438
206802,0.01579
101564,0.020202
18787,0.020202
199006,0.019668
229834,0.020174
81979,0.014527
226433,0.010473
210258,0.020895
89141,0.013715
89717,0.012075
70223,0.016047
185163,0.019611
39115,0.013306
33700,0.022939
132273,0.01967
136601,0.0102
216416,0.021282
159124,0.013415
127747,0.020216
247601,0.019913
78209,0.0146
241321,0.014396
156747,0.01575
100961,0.023258
43916,0.021548
218713,0.020648
176203,0.016472
167066,0.015535
124105,0.012992
121935,0.017052
194911,0.018554
46838,0.011657
181871,0.013975
103843,0.019764
182278,0.014328
124905,0.015571
158907,0.019724
123804,0.026276
74335,0.021552
85402,0.014038
95097,0.021093
86840,0.01959
3109,0.018243
125125,0.015634
171690,0.015842
80857,0.01717
9940,0.013143
137761,0.013066
108485,0.013859
61684,0.011305
110166,0.011493
139681,0.012895
7166,0.018101
120965,0.01653
184549,0.016693
203669,0.017227
144290,0.018155
139380,0.011405
68163,0.023404
199836,0.021515
223670,0.011931
128927,0.011032
27193,0.017512
205554,0.012877
241161,0.011066
82405,0.009641
33130,0.012579
188962,0.015413
12324,0.017665
174554,0.016278
102032,0.01806
244389,0.018333
77967,0.014352
140504,0.012702
158026,0.011472
186317,0.020236
46471,0.015725
142235,0.013952
184215,0.019938
146496,0.017212
186714,0.019541
145277,0.013867
124741,0.017945
95725,0.013967
15152,0.011624
77903,0.01823
179427,0.015743
29916,0.015114
124891,0.014652
22376,0.012298
22900,0.011301
48924,0.014852
94665,0.021453
159655,0.013894
177746,0.021941
110036,0.021975
195708,0.015112
188600,0.014373
235044,0.018372
219166,0.019456
167566,0.016686
204588,0.013245
247724,0.010671
154196,0.012224
100254,0.023523
153877,0.013738
14187,0.014194
11511,0.018926
95707,0.022673
12042,0.02269
158548,0.018123
119780,0.020012
235832,0.011848
193749,0.017771
131739,0.021879
230811,0.019809
10578,0.021293
89450,0.012287
118517,0.019232
24160,0.015078
47995,0.016352
62451,0.015836
197502,0.017124
74663,0.011033
17471,0.010491
30215,0.014778
140304,0.020124
231769,0.018103
214793,0.019899
163515,0.022604
51590,0.013991
180172,0.014896
18901,0.019943
238929,0.020817
230927,0.015005
181543,0.013293
105263,0.013196
204303,0.008988
183197,0.018266
229302,0.018704
127971,0.009068
203811,0.015025
604,0.016503
12541,0.018081
211711,0.016876
117581,0.024934
128800,0.015343
216660,0.02093
145228,0.023219
231798,0.021999
97110,0.013274
230207,0.016459
198899,0.022574
234152,0.010274
112649,0.014629
239385,0.02143
183362,0.016357
160705,0.017107
36011,0.017829
83998,0.013656
143550,0.013085
127273,0.011769
205145,0.016181
38616,0.025558
205962,0.013326
52115,0.014163
48469,0.010477
62126,0.017191
106358,0.012358
80710,0.020504
223872,0.018336
179124,0.022506
700,0.013511
199432,0.021366
24402,0.017763
66196,0.024099
69706,0.01454
91540,0.013512
137295,0.01694
27082,0.017993
131628,0.020346
239482,0.010651
58357,0.019992
179629,0.016646
34524,0.019645
27406,0.02161
137959,0.017158
197759,0.015822
50171,0.019375
20172,0.01739
47673,0.015523
17466,0.014808
8003,0.015207
172368,0.018365
55367,0.01736
232965,0.015727
233034,0.009632
140992,0.019147
25730,0.021164
106973,0.014168
193059,0.011609
240773,0.019633
225227,0.018594
147476,0.017908
76332,0.01352
183062,0.013829
3597,0.014742
234657,0.010695
21990,0.018068
94805,0.017972
227389,0.019492
52223,0.019558
132537,0.020573
47903,0.013359
917,0.015989
208630,0.016298
58253,0.012907
102801,0.014405
164741,0.020204
132189,0.018788
17848,0.013186
225316,0.016836
7093,0.021908
59192,0.020541
190048,0.010603
139516,0.017338
177017,0.01369
108080,0.012383
147238,0.023941
4372,0.018667
141197,0.019853
172026,0.020693
246239,0.021682
17434,0.015937
221502,0.012797
167174,0.018917
217399,0.021603
248406,0.017203
180773,0.019154
55378,0.015193
135847,0.014646
143444,0.014736
51202,0.020412
135051,0.015321
47518,0.018422
244896,0.016702
123667,0.018245
245668,0.016972
135313,0.017852
46038,0.01625
59823,0.017686
68600,0.01614
62722,0.014908
23949,0.013977
167103,0.016187
26308,0.022029
11383,0.01754
159536,0.019308
151367,0.018591
8707,0.014206
223459,0.017524
157361,0.021624
219559,0.018819
82435,0.017002
215328,0.020992
37890,0.016348
4989,0.016948
7584,0.019174
506,0.013078
236976,0.013167
153254,0.017232
152030,0.020239
144620,0.013371
35899,0.013713
84731,0.010583
97397,0.017089
135326,0.018782
167990,0.014447
59035,0.012571
246001,0.015993
57342,0.011964
2010,0.017068
156783,0.014479
237820,0.018185
25063,0.013939
168055,0.014643
214008,0.018638
186394,0.021383
234328,0.013724
133365,0.016726
239325,0.016893
248541,0.011643
193029,0.029282
22664,0.023753
103526,0.014632
128064,0.017873
108145,0.013047
9606,0.01174
194930,0.02174
213252,0.017013
113326,0.014247
208528,0.015408
8611,0.016724
125243,0.016805
167430,0.014334
120515,0.01474
171274,0.016364
165321,0.016211
37792,0.012221
37419,0.016267
174456,0.010944
192209,0.012847
11138,0.020736
185891,0.015946
237433,0.017325
8342,0.015196
223292,0.018128
148619,0.020868
248099,0.01429
1778,0.01273
180581,0.011323
120197,0.011444
5104,0.020642
141,0.013615
81145,0.016097
120320,0.014486
56952,0.013498
118330,0.013775
162203,0.02254
36310,0.019382
88728,0.020078
466,0.012332
17831,0.016037
36336,0.019138
163108,0.014007
213507,0.014577
157523,0.010593
39009,0.015448
2265,0.012129
88283,0.016079
212649,0.012158
89340,0.01477
187558,0.012918
154502,0.016885
96375,0.021508
184642,0.021871
187828,0.014908
150132,0.019227
43597,0.015943
40624,0.012913
196136,0.014548
89815,0.018474
124674,0.022874
226789,0.020281
55873,0.018046
29294,0.015772
226774,0.011703
3546,0.017478
191541,0.014224
201,0.017889
215692,0.013775
217903,0.017178
213804,0.021031
177581,0.015515
31393,0.011826
73687,0.024139
244916,0.02544
197410,0.014142
117684,0.012168
68729,0.012518
134907,0.018092
93760,0.013992
205892,0.01151
220475,0.016276
50408,0.019364
178382,0.019851
175458,0.018398
153551,0.016983
54610,0.015296
240745,0.018494
120537,0.013047
2417,0.015822
206528,0.015924
87043,0.017568
129163,0.016249
161712,0.018673
189378,0.022816
194786,0.013487
127664,0.011099
37768,0.010659
186990,0.016875
119401,0.013629
227035,0.017604
226098,0.019575
113140,0.017528
133258,0.013122
129094,0.011461
216185,0.02226
169381,0.018943
70095,0.009413
30250,0.017221
168543,0.019424
190879,0.014069
88203,0.011177
75461,0.009435
151783,0.012278
221757,0.023552
62055,0.01689
145250,0.021525
113514,0.016828
52631,0.018099
2980,0.013281
203141,0.013554
21917,0.014995
101603,0.027806
163527,0.020083
95654,0.013312
62805,0.019443
225380,0.01685
82132,0.012509
198260,0.010248
134886,0.016065
185124,0.020665
95914,0.017583
10718,0.016337
235708,0.016652
64777,0.020252
125827,0.012975
19710,0.018928
55272,0.01458
204003,0.0157
43247,0.019385
154438,0.016326
171608,0.018259
75394,0.01097
245014,0.023911
137658,0.017915
243056,0.015017
81243,0.019122
138650,0.015248
160244,0.012863
125355,0.014194
129168,0.014441
235451,0.016962
10932,0.014396
52361,0.0159
164515,0.014194
51925,0.016818
42681,0.017828
130931,0.022061
79230,0.020532
30797,0.01874
27483,0.020576
244540,0.019351
159546,0.012225
126802,0.019547
59031,0.019862
100007,0.016763
27232,0.022216
246525,0.012386
173139,0.017577
65482,0.020731
88967,0.016987
198602,0.0136
90101,0.0194
66880,0.018793
55251,0.023068
211951,0.019322
106301,0.015794
57736,0.018855
34358,0.019795
222224,0.025146
34196,0.016018
185127,0.01744
137006,0.016142
54529,0.014756
24312,0.016087
111024,0.01791
246592,0.018386
185834,0.015226
219597,0.012471
111430,0.021828
194045,0.012894
24344,0.010532
225303,0.012622
73234,0.016691
246991,0.022447
224100,0.013419
158453,0.014995
72063,0.020964
136487,0.011692
120361,0.014014
60320,0.012129
217000,0.019816
213464,0.011877
106209,0.016105
207447,0.015993
94573,0.020293
13408,0.02145
244971,0.015984
233206,0.017452
45766,0.0152
225257,0.013632
134866,0.021794
111768,0.015066
109689,0.015856
224695,0.020294
200547,0.013917
30862,0.020914
175578,0.018933
205732,0.016027
13942,0.020208
166506,0.016563
227989,0.017746
92102,0.013852
53034,0.01895
218620,0.012422
162140,0.0241
159708,0.016598
208623,0.010105
33479,0.014773
1052,0.012859
178966,0.014628
209459,0.034051
158613,0.013347
214185,0.014566
52911,0.009628
173601,0.016065
176999,0.017348
109405,0.016263
235566,0.015157
145877,0.018058
25449,0.015466
220248,0.01044
89128,0.012832
148660,0.020407
193290,0.019208
52637,0.015513
116984,0.017383
155038,0.018207
242381,0.012925
89177,0.019664
104324,0.015196
187045,0.020626
21590,0.017417
12772,0.023334
110831,0.024147
114863,0.021297
140532,0.021612
84369,0.01293
197255,0.014487
3980,0.016278
193604,0.01866
220841,0.018546
19373,0.016304
140805,0.021614
103375,0.023721
88558,0.026549
42036,0.021306
191373,0.01577
231725,0.02155
180948,0.010784
606,0.012568
190405,0.01303
94768,0.016195
99764,0.015449
237805,0.016704
71449,0.025357
94935,0.020431
214117,0.017023
201398,0.021199
100599,0.015308
173402,0.016052
122300,0.012515
44651,0.02403
146537,0.018195
133495,0.016811
234688,0.012965
243713,0.010897
132983,0.019418
82637,0.018687
86211,0.016761
123668,0.020698
123382,0.016862
94904,0.020061
216319,0.01856
194126,0.01683
116792,0.01917
97010,0.009962
240544,0.012141
225833,0.016028
166018,0.011219
64583,0.017096
64905,0.025355
223882,0.013503
161644,0.021101
96746,0.01459
193153,0.020711
106473,0.009685
212340,0.010475
135875,0.015714
86956,0.016612
196814,0.013119
79430,0.018238
211614,0.019328
200417,0.018664
123409,0.019033
217927,0.020442
132116,0.01799
105217,0.016052
79866,0.021781
181712,0.020289
65136,0.012297
65088,0.014361
221304,0.021377
237264,0.011152
129519,0.013654
197037,0.020319
84133,0.015608
120198,0.017503
4061,0.017692
150978,0.012351
188135,0.017939
186957,0.017956
213316,0.01338
191214,0.017963
116275,0.015294
163367,0.014802
178395,0.016741
63673,0.01412
122763,0.015614
108504,0.021152
98803,0.011782
155762,0.018705
132014,0.020879
96387,0.021122
241280,0.014257
249161,0.017231
133658,0.014234
231228,0.022573
66538,0.021113
103963,0.014725
202391,0.021258
98290,0.014355
221435,0.017985
41246,0.017591
149365,0.01616
197135,0.015491
168518,0.012539
95999,0.019455
210872,0.019501
31211,0.014974
23147,0.018145
247187,0.021114
162771,0.016313
184429,0.017911
83502,0.011975
79985,0.021633
139000,0.0203
243379,0.020906
121841,0.015932
186144,0.020209
179185,0.02574
53961,0.015883
134489,0.018364
168535,0.01432
180398,0.015453
142667,0.015993
52164,0.010081
169392,0.01517
68459,0.009428
145500,0.01747
123670,0.010828
186794,0.016354
29053,0.017938
184437,0.013308
56933,0.012995
197281,0.012071
78035,0.021307
3093,0.015971
119424,0.019787
119477,0.018212
13145,0.018923
70579,0.017992
108239,0.015556
43155,0.016448
220135,0.021114
39993,0.019551
241699,0.015796
22218,0.017748
240613,0.011028
33675,0.020478
142328,0.011931
184771,0.014974
238195,0.017256
163704,0.018863
15158,0.012991
144684,0.016552
183929,0.02044
149239,0.016734
2416,0.020523
141672,0.022194
231176,0.015242
162620,0.021398
197907,0.01977
129394,0.010945
190767,0.015689
220364,0.012281
97512,0.018447
213535,0.014979
21955,0.017745
70203,0.013051
168554,0.014591
97238,0.019819
182734,0.02135
99845,0.01349
140028,0.015709
213567,0.010372
3142,0.013183
93527,0.020473
106228,0.01168
133382,0.020908
169959,0.011992
159912,0.01411
56003,0.01533
83765,0.010166
90597,0.01595
170656,0.016336
60036,0.019198
80768,0.027642
14556,0.019017
248662,0.013911
244798,0.011134
22244,0.01289
130021,0.013258
33524,0.016495
165117,0.015869
194211,0.020469
120083,0.015225
112861,0.013811
151188,0.01871
63681,0.013178
123775,0.016278
178532,0.020046
193065,0.013854
220629,0.017093
246641,0.014734
235733,0.019182
118420,0.024693
124489,0.017807
62458,0.012354
129838,0.018103
131744,0.015267
35920,0.020436
201216,0.018432
204647,0.015724
181499,0.010246
17561,0.020674
67258,0.019175
6730,0.019435
73227,0.020222
141165,0.01564
87852,0.024861
211105,0.012443
127507,0.021323
180026,0.016388
25166,0.019947
64225,0.018757
121355,0.01574
96888,0.0171
183220,0.017066
149764,0.021417
102166,0.018344
189142,0.013104
209253,0.018814
42073,0.017804
168106,0.015578
140803,0.022215
132909,0.017385
161285,0.020925
115235,0.011123
227377,0.015018
231790,0.020739
211229,0.014204
100114,0.016427
208360,0.021391
194452,0.019374
22073,0.016165
148357,0.014827
27001,0.019566
169907,0.022707
65327,0.012139
159502,0.013614
52673,0.015652
83796,0.018594
8690,0.013927
141694,0.018578
135820,0.019395
119828,0.015222
134025,0.015178
175008,0.015061
155933,0.022831
75972,0.016153
163518,0.019609
98482,0.015983
80164,0.023312
211830,0.017704
110196,0.019336
105166,0.01582
17778,0.016435
169441,0.024431
187725,0.011264
77980,0.011593
147741,0.018173
69837,0.020415
208473,0.016906
29322,0.017058
83063,0.014326
87564,0.016318
202727,0.015012
33833,0.01857
176556,0.021107
36946,0.016855
17254,0.010645
50141,0.011624
91680,0.014085
79128,0.019165
242503,0.015107
140868,0.02404
102191,0.013008
167544,0.016268
41546,0.01739
198517,0.018646
135885,0.018374
85314,0.015828
229184,0.021351
114159,0.011996
89071,0.02005
50032,0.015139
162308,0.020959
147927,0.020009
188846,0.017323
174154,0.010641
19802,0.017556
53448,0.013441
6254,0.020591
26464,0.01643
50129,0.022712
161320,0.019437
164648,0.015752
232613,0.018801
24867,0.018392
126726,0.01688
4633,0.013691
58272,0.017386
76046,0.013141
170280,0.01993
28623,0.017968
218858,0.017555
77590,0.010181
198146,0.015376
195007,0.013271
115324,0.016971
11045,0.022905
31905,0.014531
133165,0.019147
7358,0.015534
75070,0.013884
194262,0.015641
106238,0.012888
123591,0.017614
78840,0.018044
70779,0.010678
222952,0.022176
208752,0.01455
205136,0.019785
7922,0.022986
62328,0.016432
28203,0.01832
69051,0.012819
125394,0.016081
81403,0.015061
21112,0.022987
70512,0.014038
108838,0.015102
54557,0.009191
204572,0.012254
202188,0.015918
193884,0.01626
170936,0.016264
199116,0.025832
17916,0.022301
76761,0.018265
51680,0.01376
5075,0.012631
185249,0.018125
172712,0.019331
188906,0.014604
227957,0.019485
244454,0.018616
103018,0.01589
182127,0.017727
174100,0.015081
139771,0.028328
21085,0.01787
170621,0.015848
175759,0.014928
49898,0.018959
151110,0.015987
150919,0.01277
51104,0.014445
55369,0.017947
148960,0.016623
200713,0.02379
196170,0.015857
166878,0.016146
157001,0.022413
200360,0.018331
85946,0.018996
204802,0.011048
136891,0.014392
164672,0.015886
56570,0.016708
117644,0.018153
45433,0.010307
4756,0.015226
1848,0.015877
241695,0.01568
9263,0.017955
155706,0.012828
5606,0.024465
139764,0.019854
243809,0.01512
53601,0.010246
57379,0.01413
132886,0.016538
223772,0.020668
289,0.017686
66973,0.02082
224779,0.018334
56917,0.016757
147991,0.023799
191107,0.013797
233089,0.014349
89337,0.018386
120473,0.014505
85817,0.020774
161652,0.020212
156658,0.019517
244224,0.013111
146507,0.016273
239934,0.017119
6567,0.025565
85616,0.013273
108880,0.020257
141782,0.018328
145998,0.022361
68755,0.009961
39601,0.010581
66120,0.017101
32352,0.010673
59033,0.018383
208653,0.027547
50821,0.020957
144955,0.019007
108392,0.013483
41809,0.016968
156811,0.015674
174450,0.018356
223532,0.017124
115327,0.016895
27384,0.016606
189470,0.010421
106769,0.014695
105635,0.010946
139868,0.010929
217835,0.012277
158995,0.014732
226187,0.016171
97174,0.020557
107809,0.009816
149374,0.017583
107680,0.017245
63764,0.021091
119909,0.01032
122656,0.013783
197977,0.018255
9093,0.014357
207624,0.022773
203898,0.016979
68071,0.008235
129988,0.018473
232876,0.019398
100189,0.018958
114622,0.0171
162085,0.020186
78359,0.015433
225620,0.025978
12911,0.012865
143355,0.016581
155983,0.020179
197109,0.016036
191071,0.017347
97589,0.017005
105062,0.012367
114641,0.01171
115721,0.020109
119724,0.011693
45764,0.017122
132623,0.018345
105230,0.017992
57282,0.015825
68774,0.010842
152041,0.017102
143150,0.012839
38083,0.013338
210277,0.019752
230007,0.022298
123608,0.016483
196355,0.010078
246689,0.022909
3544,0.016996
152736,0.011582
186965,0.01581
9162,0.014866
172210,0.012391
134246,0.019977
160902,0.01202
74080,0.020335
245554,0.013466
36617,0.019249
147879,0.024863
31982,0.016814
95874,0.024421
141274,0.01185
192976,0.020526
170749,0.014635
194153,0.020131
227139,0.015609
136949,0.014907
184032,0.021658
213867,0.015702
191910,0.023854
164540,0.015202
13412,0.021581
150198,0.018095
76455,0.010814
217073,0.014303
233049,0.017434
234555,0.012685
13427,0.016406
233970,0.015347
233902,0.014383
198577,0.018877
238846,0.018741
105285,0.011934
178230,0.018981
181780,0.01278
95418,0.021459
77999,0.017265
158442,0.0259
148201,0.026815
206757,0.015397
199572,0.015795
91169,0.012767
171504,0.019358
114438,0.016191
131449,0.019322
12891,0.016511
58382,0.019683
235834,0.011585
134772,0.016075
155780,0.021564
247230,0.021389
194600,0.015155
22763,0.016982
205435,0.018557
38230,0.01125
95046,0.012481
101387,0.014733
65971,0.020398
207266,0.013053
40455,0.018837
184471,0.021588
239564,0.01914
31226,0.013693
197726,0.023225
24876,0.013858
213995,0.024297
184812,0.015508
105747,0.01093
234598,0.015729
21476,0.017898
19438,0.014836
58567,0.015426
242916,0.014018
106432,0.019797
22913,0.011499
77879,0.013652
159945,0.015355
39959,0.013222
88025,0.014174
224009,0.02283
191771,0.021542
6552,0.020394
61254,0.011954
113588,0.013209
168996,0.019305
122434,0.019278
187108,0.019451
144466,0.008954
29823,0.017343
49450,0.017673
59228,0.014401
235518,0.013636
171143,0.01992
231695,0.014925
248268,0.014819
16603,0.013713
26189,0.015629
235247,0.016862
188755,0.015738
138493,0.016214
77052,0.012235
23131,0.014738
59720,0.012285
41804,0.019072
60976,0.015314
213068,0.014074
44286,0.018328
167390,0.011946
164691,0.01669
242025,0.013116
187676,0.013174
78335,0.015581
88486,0.015048
129689,0.016446
127556,0.011997
5273,0.015335
14680,0.016793
214183,0.019256
96266,0.01501
16285,0.017275
248726,0.01755
210837,0.013559
226471,0.010995
179982,0.019308
201208,0.012995
120090,0.020649
19120,0.019807
64308,0.018278
138371,0.013713
60842,0.020986
76671,0.01681
39606,0.011376
150495,0.0154
84664,0.012149
206308,0.021718
178552,0.023353
169538,0.022423
92996,0.012443
237578,0.017888
165362,0.010763
132049,0.019364
111727,0.02087
71593,0.01236
100774,0.018429
249152,0.016549
173922,0.017798
15326,0.01105
248698,0.015861
102800,0.01645
57871,0.020394
169513,0.023764
28930,0.024758
11737,0.018373
211527,0.010916
164570,0.020878
242882,0.011515
180331,0.013231
97966,0.01896
86239,0.01875
116457,0.020499
169525,0.020714
184019,0.016632
14471,0.010633
151436,0.016773
122006,0.012185
228039,0.013797
161622,0.019763
241037,0.010766
22470,0.015712
80663,0.015317
75213,0.019504
218428,0.017038
65672,0.019787
120575,0.014012
47271,0.013801
171636,0.020966
36574,0.018942
125928,0.022151
51119,0.017156
101792,0.019351
135629,0.017533
89915,0.013483
92220,0.016365
188580,0.014527
48870,0.013411
215781,0.015683
116531,0.015863
27258,0.016243
131346,0.018116
62117,0.013769
121475,0.017041
12902,0.012403
102218,0.015551
68981,0.015412
37147,0.014763
116955,0.025657
205787,0.018279
245817,0.02199
245110,0.022026
127789,0.015114
161431,0.017777
96702,0.013076
54184,0.014477
105847,0.015234
162151,0.019194
115553,0.013923
202553,0.014927
234354,0.011051
46376,0.01681
65308,0.021843
240713,0.013506
220595,0.019634
93338,0.014698
183758,0.01738
228238,0.019625
155350,0.023071
11396,0.015717
246007,0.015531
56386,0.016156
90919,0.015384
117566,0.023934
56,0.014232
58049,0.021458
123724,0.016841
103240,0.020103
53882,0.015373
155823,0.019308
228362,0.01657
231124,0.020531
167411,0.009634
41313,0.015945
105332,0.015976
15465,0.020592
214730,0.013017
16151,0.021226
226965,0.013135
185235,0.02467
95819,0.028886
77144,0.01075
94031,0.015037
114736,0.019033
128988,0.017882
208595,0.024487
245285,0.018473
123136,0.01761
28918,0.020501
123298,0.014132
205143,0.013777
62113,0.0132
107643,0.013376
56101,0.012194
128491,0.010592
17384,0.014945
170471,0.023712
96718,0.015611
137754,0.021227
24577,0.009506
34710,0.017153
104264,0.020239
186879,0.019883
93010,0.014451
180141,0.018839
234078,0.016017
200225,0.016004
117521,0.016033
133025,0.017971
95103,0.012037
152737,0.014749
144076,0.018626
39653,0.014357
59897,0.011524
163819,0.018943
8217,0.01423
36316,0.018128
235936,0.015307
23602,0.011771
203873,0.015029
6920,0.016214
172410,0.019646
229177,0.019495
171011,0.021338
57331,0.016907
123346,0.015214
161656,0.014543
13762,0.014008
93210,0.011731
62317,0.015674
50349,0.025196
96449,0.017233
222908,0.019705
203792,0.014953
140762,0.014843
177490,0.017745
213278,0.018812
97030,0.018297
78569,0.023256
227593,0.011483
112822,0.010358
127948,0.015501
136191,0.017828
180378,0.019261
212136,0.010799
175445,0.017782
200241,0.017817
126513,0.021417
205127,0.016205
166062,0.012859
222151,0.017416
237850,0.018362
19033,0.016042
225160,0.011572
201816,0.018888
8000,0.017528
242823,0.01298
152013,0.020262
25888,0.017963
66021,0.024908
187432,0.015294
121232,0.01542
11874,0.020556
120223,0.015592
142103,0.015632
74959,0.02341
6239,0.017801
204707,0.013162
231917,0.018636
46495,0.009535
20651,0.017914
165131,0.020746
187020,0.012038
231396,0.01575
50457,0.021707
220635,0.014821
62535,0.013146
200157,0.021127
118257,0.019504
236239,0.011684
227651,0.013229
133888,0.013753
157507,0.015084
18797,0.020729
127081,0.016185
159936,0.014667
185567,0.018631
236422,0.020481
166418,0.012831
104554,0.013957
198236,0.010677
228760,0.022017
202329,0.018123
205083,0.0189
10725,0.014976
98451,0.010496
146948,0.017556
72282,0.023612
70373,0.017165
195096,0.011842
202202,0.020157
213485,0.014354
245993,0.017869
205399,0.015575
105621,0.020541
53730,0.012902
52337,0.012908
72071,0.018515
111657,0.016004
110692,0.014906
42889,0.020148
136404,0.011234
122090,0.014667
1726,0.0155
149021,0.019872
155749,0.022177
99219,0.014656
44590,0.015473
246036,0.021472
519,0.012131
171641,0.017144
63493,0.018189
15956,0.016011
156373,0.016715
107932,0.014674
190346,0.01111
97675,0.010296
35426,0.02463
88592,0.016288
51891,0.015293
26503,0.015954
155307,0.020043
6601,0.012677
175149,0.015892
197485,0.014487
135435,0.012997
182975,0.014509
199426,0.023052
214363,0.019024
11370,0.0202
226904,0.017164
71267,0.016198
122265,0.012837
15355,0.013748
144070,0.015095
11531,0.016862
83275,0.010384
47561,0.014612
137365,0.012314
125975,0.021932
153587,0.017117
244803,0.021808
205360,0.013454
225215,0.013471
144593,0.009151
149145,0.014428
193872,0.014615
177672,0.019008
131444,0.011771
213494,0.014972
182401,0.018166
164887,0.025268
407,0.017829
39956,0.013993
11113,0.0131
51682,0.015693
80219,0.013594
203678,0.016532
58021,0.015675
248648,0.013505
76829,0.021401
35013,0.025463
19602,0.016672
139008,0.028557
230331,0.02154
15100,0.013213
24345,0.012112
97056,0.01433
248326,0.01878
186830,0.025716
217801,0.016686
185898,0.017008
195343,0.021074
132750,0.025209
155309,0.021468
243077,0.016943
5148,0.017433
152485,0.01533
73160,0.016123
208804,0.015108
66998,0.030658
161582,0.01718
32422,0.012603
40283,0.015871
144019,0.016224
172950,0.019732
146620,0.022557
223295,0.018942
94577,0.022092
45950,0.016761
86949,0.018965
53226,0.017725
54223,0.012321
228800,0.013875
210621,0.015916
213538,0.016627
127824,0.014735
142594,0.019679
120077,0.017618
41490,0.011001
24929,0.012685
146483,0.015042
127302,0.0123
144345,0.01394
218629,0.017
153465,0.015704
46759,0.01896
226358,0.018732
199840,0.013514
89684,0.014147
24626,0.01399
64347,0.020875
96142,0.017207
40032,0.012858
31281,0.015638
172294,0.016114
90625,0.01144
93488,0.014446
243588,0.013675
65235,0.022289
243132,0.011622
47388,0.011075
9433,0.017287
39521,0.012844
47025,0.014578
98463,0.01737
161701,0.015348
64274,0.01832
215964,0.018234
191796,0.020019
131017,0.01481
53268,0.016109
14737,0.020374
57414,0.011858
50501,0.0139
204032,0.018504
180577,0.020791
62888,0.017125
31286,0.010283
56144,0.015992
154135,0.021048
19532,0.019026
174731,0.015415
7873,0.012089
132034,0.02211
220874,0.021157
193519,0.019264
73600,0.018755
248678,0.011632
142111,0.014791
208032,0.014304
160335,0.016918
5952,0.014359
67055,0.020861
222655,0.020809
156699,0.017557
218207,0.016397
83315,0.012851
94301,0.017013
52206,0.02427
25478,0.013854
35851,0.018672
197179,0.012846
26000,0.010642
165399,0.015567
22597,0.018536
217549,0.016012
223878,0.020428
190624,0.014773
24057,0.018029
15562,0.011864
191366,0.01348
2559,0.017909
200359,0.022661
48023,0.012405
85577,0.017212
13354,0.014749
159647,0.017404
151038,0.013937
4807,0.017298
21977,0.014969
94198,0.018246
147382,0.026406
175909,0.021636
125079,0.019571
95099,0.011683
90074,0.017537
16773,0.018879
181586,0.01128
181308,0.011624
161786,0.012357
61482,0.016741
232179,0.014285
79385,0.01479
1179,0.014492
158403,0.013451
159215,0.011215
47348,0.01817
96979,0.016636
67781,0.009905
238487,0.018237
4791,0.021747
148293,0.026029
167626,0.010586
75333,0.016995
132401,0.021964
44265,0.014933
162298,0.022511
190120,0.016174
182236,0.009517
146258,0.01536
54463,0.019733
235375,0.01633
243408,0.01271
14912,0.015104
92901,0.019576
36838,0.015068
125487,0.019339
56333,0.017187
165689,0.012273
37748,0.009804
58109,0.019037
28984,0.023382
212677,0.014877
110888,0.019152
233867,0.018444
238421,0.014764
57211,0.018828
74611,0.023353
109636,0.016843
167040,0.014688
197737,0.018951
91031,0.011998
42506,0.018536
174857,0.012117
117515,0.015379
242390,0.011334
138840,0.019925
96749,0.016645
56718,0.01156
139754,0.015037
80696,0.01819
217386,0.015144
166215,0.017973
228119,0.019798
64433,0.014793
56651,0.014663
18928,0.019609
109753,0.020039
118140,0.017076
96148,0.018584
125507,0.025741
104119,0.016195
60744,0.010839
50430,0.022213
140960,0.013834
195417,0.019491
220486,0.015158
130563,0.011688
5257,0.024858
81658,0.020948
21932,0.018023
50003,0.01524
192219,0.013249
119651,0.019381
119441,0.017705
245153,0.020399
84905,0.017662
98299,0.012203
150760,0.01766
162824,0.014612
207273,0.012971
99812,0.010559
146906,0.016054
141766,0.012126
83338,0.013014
219580,0.016738
101572,0.020183
76541,0.014732
49041,0.022529
110534,0.020934
106155,0.016727
3468,0.015574
184822,0.020025
232111,0.013985
97377,0.018459
158147,0.013957
120442,0.017899
38618,0.01061
9639,0.01557
235147,0.013738
233016,0.017034
180400,0.017145
4915,0.018224
121483,0.017439
112428,0.014552
14190,0.018199
16677,0.017688
188806,0.010956
246548,0.02614
116954,0.024765
162130,0.014223
600,0.02023
64766,0.014628
79287,0.010986
42683,0.011161
178564,0.017916
76450,0.015927
162569,0.020711
163604,0.021087
202169,0.01761
42140,0.021329
219732,0.016994
101946,0.021262
209964,0.012243
174500,0.018924
105735,0.012475
179950,0.018885
7527,0.019666
222895,0.014835
13823,0.021172
9241,0.011253
38040,0.013004
128811,0.012752
209084,0.024373
232885,0.015972
25474,0.016369
249544,0.01757
192050,0.016583
117552,0.015254
150586,0.0128
233066,0.013446
117626,0.019493
90571,0.011021
236527,0.020725
141984,0.015108
28136,0.021139
53370,0.015666
60988,0.015119
241767,0.016104
244244,0.019182
155992,0.020986
238304,0.019128
219625,0.015794
30772,0.015555
72181,0.019796
134044,0.011678
105497,0.014472
240924,0.020127
238732,0.016513
213822,0.018625
135678,0.016721
248498,0.010467
248510,0.011587
211107,0.017321
43316,0.018656
14114,0.015884
6219,0.026789
77982,0.014702
65130,0.024463
129913,0.015362
10908,0.022286
68888,0.01026
142957,0.01149
89880,0.019472
205037,0.020212
108027,0.020993
56088,0.023236
63770,0.018196
214316,0.012799
221733,0.01476
21230,0.016759
209706,0.01512
244567,0.022921
45126,0.018569
60813,0.014451
239574,0.022097
177464,0.015303
161606,0.015152
235063,0.013751
89237,0.019805
224426,0.021183
179322,0.019257
32018,0.013182
118152,0.024976
118109,0.02271
27867,0.017952
124142,0.014945
212637,0.020055
119771,0.014807
179288,0.017894
119198,0.010581
88458,0.011931
64563,0.014327
54848,0.017107
143082,0.014803
218423,0.021113
190821,0.012377
125859,0.023128
153446,0.018283
126654,0.017323
116680,0.018007
65708,0.022809
9883,0.013429
2050,0.014158
169340,0.018062
144020,0.013717
78543,0.020433
220544,0.019538
169214,0.015078
2392,0.015008
3138,0.019166
170896,0.021651
85102,0.012345
57522,0.019315
227063,0.014263
130074,0.013757
204000,0.01966
231362,0.017783
171096,0.012988
213946,0.014323
98838,0.01278
80257,0.02499
168419,0.012033
84257,0.01998
34991,0.017013
160716,0.015456
66015,0.020663
165556,0.015136
24990,0.012086
189809,0.014332
154374,0.019827
62617,0.021893
122507,0.019601
92718,0.018696
244736,0.019871
102426,0.017307
48410,0.014917
143509,0.021271
195838,0.020169
197463,0.015297
246005,0.019834
2677,0.018039
38706,0.014284
115284,0.010097
46271,0.012439
176688,0.020297
57427,0.022255
231230,0.018101
214382,0.015913
20566,0.025679
20228,0.011684
11444,0.015536
57939,0.029018
160502,0.018825
130682,0.014029
79068,0.020674
165264,0.017029
179407,0.016486
76465,0.020355
203198,0.012914
209293,0.020829
143174,0.013547
4513,0.018552
96851,0.018381
183373,0.021435
227171,0.016775
56798,0.020633
82821,0.017535
47268,0.017145
20604,0.02336
235744,0.015588
33043,0.015495
136787,0.010625
165168,0.018735
241761,0.015565
152859,0.012415
65883,0.016247
66235,0.020492
109247,0.022211
185424,0.013297
23366,0.016184
85400,0.021385
72640,0.012829
33891,0.013064
35801,0.015351
57270,0.016248
125878,0.017693
26275,0.017368
14821,0.015504
98958,0.017822
54599,0.019313
48043,0.015308
193149,0.01863
172154,0.018689
31976,0.015691
236151,0.014607
89561,0.017595
70111,0.009163
31087,0.017817
42163,0.016645
172622,0.022977
154538,0.018588
23789,0.015969
248318,0.017889
95551,0.017323
127089,0.014612
92120,0.020455
131412,0.018295
7607,0.017295
11280,0.017167
199138,0.026741
27261,0.018607
121812,0.016944
97901,0.016962
100700,0.016459
157107,0.016241
115246,0.015511
74760,0.018944
226058,0.009599
173863,0.013931
132987,0.011517
125485,0.019612
108675,0.018285
127728,0.018434
8932,0.018272
98344,0.014518
207620,0.011361
73816,0.019544
83442,0.013086
24787,0.014884
157545,0.015435
143349,0.022129
59753,0.01747
226913,0.011122
107823,0.011694
246417,0.017939
50738,0.02235
123953,0.012598
26353,0.016385
141155,0.017762
223941,0.016365
178298,0.020382
27488,0.016468
62252,0.01177
205915,0.018689
58931,0.016076
108907,0.011072
44861,0.018867
86005,0.013818
92150,0.012589
189940,0.015369
26230,0.020272
65640,0.015646
85475,0.021298
201632,0.018213
1769,0.016917
246119,0.01947
236541,0.016481
238556,0.01348
39826,0.009939
74993,0.013322
239867,0.013714
35057,0.020022
66936,0.018361
26979,0.016198
137064,0.017402
78187,0.012138
73621,0.016132
194082,0.01839
242645,0.01529
33841,0.017034
57048,0.011328
110176,0.023893
219801,0.015605
125985,0.019652
163125,0.017618
2455,0.013186
91311,0.015962
174097,0.013717
123657,0.023598
189967,0.012633
106177,0.016664
163223,0.024787
130950,0.018237
50230,0.013691
131038,0.017831
61201,0.016453
127227,0.014418
117510,0.024803
37514,0.017648
114069,0.014324
249932,0.012946
226275,0.013214
140801,0.020183
248455,0.011672
210026,0.013332
77698,0.016376
6719,0.030353
153002,0.0173
161762,0.014671
210218,0.019238
144825,0.013596
181230,0.019012
51667,0.01933
16443,0.01675
106106,0.012476
75145,0.018746
181569,0.010731
17233,0.017795
45929,0.016418
231443,0.02303
243878,0.011384
120296,0.018659
167744,0.016913
241875,0.013405
188702,0.01592
21931,0.015033
142240,0.012461
133128,0.022423
157776,0.014718
137933,0.014971
107075,0.019204
54115,0.011004
74388,0.017782
46493,0.015533
135251,0.017851
18443,0.013219
74326,0.012601
105826,0.014927
134606,0.018343
236108,0.013613
214391,0.015815
87623,0.012239
108393,0.01579
228938,0.016412
6588,0.016554
101037,0.016368
227056,0.016507
64008,0.016576
118362,0.019009
182160,0.008542
124244,0.015327
103743,0.024726
209462,0.021145
181492,0.012752
242370,0.015066
189379,0.011137
201470,0.02007
139348,0.017958
246897,0.013059
2149,0.01995
187289,0.012816
218072,0.017946
232069,0.023028
27779,0.011226
213728,0.022707
162238,0.023706
195294,0.019478
12256,0.021848
58724,0.020215
185654,0.012813
73860,0.014053
86483,0.012797
5574,0.024158
160969,0.014594
245465,0.014108
152428,0.018903
242901,0.01929
195621,0.016808
135331,0.015603
61321,0.008002
105597,0.010904
16941,0.020367
106995,0.015421
7967,0.019216
235983,0.019361
36330,0.014788
116107,0.010999
106893,0.013991
156208,0.027427
129263,0.015186
1981,0.016011
170497,0.022021
34139,0.013419
32813,0.01435
25410,0.0173
143854,0.009357
52557,0.015142
19423,0.020484
181816,0.016744
179410,0.020911
77981,0.018322
61580,0.017044
218450,0.018106
152718,0.014966
184485,0.022353
147746,0.01254
199958,0.022539
39476,0.019093
59783,0.018794
15348,0.01492
22089,0.014826
227300,0.015718
64090,0.017606
38103,0.011604
219686,0.015914
122770,0.020403
14161,0.017436
28098,0.013824
64798,0.01488
117509,0.023905
24349,0.014546
94853,0.02177
73293,0.015102
54151,0.012989
188605,0.017331
110097,0.017002
26089,0.017792
156008,0.020988
109475,0.02496
179868,0.024719
244850,0.017645
6378,0.018882
235548,0.015775
32497,0.014929
66510,0.016818
74732,0.017679
218270,0.016973
133720,0.017057
89290,0.021093
19581,0.022974
149562,0.016202
249963,0.019512
174938,0.017165
138306,0.021006
195873,0.016529
207424,0.027423
163269,0.017485
207865,0.017158
29282,0.015676
5740,0.02294
182633,0.011699
126440,0.015917
20588,0.025971
136476,0.014129
28511,0.021067
137783,0.020598
6476,0.017195
120529,0.016199
49373,0.024403
39232,0.01168
3513,0.014764
248267,0.019689
112559,0.014525
70243,0.017118
132917,0.019019
132801,0.013661
118890,0.019891
243192,0.015146
76522,0.014441
125448,0.016234
130237,0.016604
47740,0.011243
228298,0.015874
92914,0.013838
196269,0.013338
133633,0.016162
26114,0.016934
141680,0.013018
146652,0.0189
169418,0.016089
119384,0.018787
101846,0.020496
172217,0.019551
227397,0.016632
105447,0.022546
227253,0.015287
109367,0.019513
66153,0.021577
228947,0.017504
51947,0.017179
41650,0.019559
114962,0.017343
90963,0.017814
152916,0.015003
136252,0.010576
84173,0.018995
43041,0.018104
134889,0.017867
178752,0.018815
93596,0.017505
101435,0.017232
230557,0.018545
230281,0.01957
62600,0.010365
70392,0.017181
61987,0.015214
158494,0.020689
145799,0.016887
212013,0.017442
215343,0.0199
125208,0.014026
227791,0.015305
166824,0.009096
56306,0.011324
121826,0.018569
174496,0.021022
158117,0.014387
189573,0.017004
169551,0.016649
54884,0.01455
222740,0.013111
49345,0.013383
218993,0.014537
98118,0.020404
118229,0.018748
196107,0.011189
112381,0.012654
15608,0.015417
130359,0.013963
125364,0.018737
6245,0.015788
72002,0.013798
199632,0.018673
116926,0.015176
14957,0.01495
193224,0.015259
8386,0.015063
159255,0.014957
237022,0.012908
218319,0.013269
21487,0.013698
184806,0.020263
135810,0.01713
161869,0.019459
51780,0.014339
209514,0.016552
25628,0.017233
248362,0.019591
100821,0.01882
4802,0.024252
14201,0.020204
52346,0.022218
183924,0.011496
21002,0.019176
128208,0.013944
1646,0.013181
242803,0.016136
19207,0.015639
191046,0.013637
44993,0.017417
12621,0.023599
194561,0.018419
93376,0.016403
6251,0.013407
56417,0.017775
103146,0.021444
138049,0.018446
133663,0.019796
128242,0.011407
81251,0.017017
41273,0.021217
128295,0.011136
89925,0.010906
105032,0.01485
130136,0.013921
221237,0.013903
213096,0.011142
73320,0.019413
17882,0.014002
226797,0.019581
106645,0.020068
214317,0.021739
199472,0.02174
125893,0.020406
132105,0.015765
19993,0.013781
151700,0.017035
27768,0.01573
40463,0.021004
230115,0.018346
5680,0.016227
149143,0.017588
17970,0.015495
93233,0.013723
208754,0.023849
166260,0.021589
140867,0.018022
89674,0.016157
82372,0.015512
132661,0.017721
13447,0.015314
30008,0.017613
133841,0.023769
77624,0.014361
113654,0.009582
75293,0.017995
105233,0.011919
126727,0.019431
117107,0.021877
110144,0.015029
195271,0.013473
121692,0.01078
187824,0.013071
141303,0.012948
75561,0.018874
157972,0.014885
209021,0.019371
192730,0.019553
106936,0.013968
162687,0.017623
189641,0.012937
189398,0.017535
54501,0.015505
241501,0.011564
188946,0.01933
23675,0.020655
128621,0.012376
148699,0.016993
40325,0.011082
246104,0.018286
214284,0.019233
59002,0.014228
188575,0.01591
52930,0.013213
168510,0.014167
105485,0.018071
134835,0.013824
225653,0.017572
35496,0.019406
182332,0.011137
57064,0.014297
155576,0.016692
175297,0.012632
246225,0.019966
214401,0.014904
25503,0.015942
97624,0.017944
51278,0.018252
34133,0.021314
26800,0.020089
199455,0.017041
167684,0.013851
49428,0.017606
226426,0.015206
32570,0.01492
10563,0.02169
40718,0.01296
31395,0.016745
235323,0.0188
61857,0.009754
60821,0.009858
100066,0.013718
59615,0.015281
133997,0.019622
20952,0.02492
148904,0.017272
92496,0.017524
162804,0.023759
53597,0.012826
85568,0.013122
215453,0.014519
180830,0.016904
72934,0.015508
132163,0.018913
108853,0.016478
6584,0.021593
26155,0.022784
217120,0.013902
150225,0.014897
105018,0.016242
220403,0.018425
196847,0.012085
186702,0.017544
199018,0.021532
244823,0.019509
213297,0.013694
14259,0.013849
217362,0.022005
214072,0.016825
38442,0.023149
127468,0.011146
20251,0.020565
87712,0.016302
121832,0.016762
33022,0.012635
223271,0.021008
163743,0.013119
122606,0.009699
995,0.009362
174062,0.013988
20146,0.017257
164701,0.015859
53991,0.017031
187804,0.015341
170836,0.02115
183307,0.017816
102296,0.01793
132711,0.019766
190463,0.013479
200565,0.02285
76014,0.015678
2961,0.010056
204105,0.016716
182947,0.015449
140562,0.019043
123704,0.024727
79081,0.016448
56084,0.017495
199500,0.043301
11908,0.020435
101576,0.015249
123737,0.01537
82683,0.017001
186062,0.023129
24886,0.0186
101347,0.014874
187952,0.012727
47640,0.016712
37587,0.017032
97461,0.012235
249041,0.020358
249392,0.015984
180445,0.013327
43471,0.020864
91891,0.018949
159145,0.009241
133404,0.022694
244980,0.025634
152539,0.016202
159271,0.015043
100280,0.027127
180638,0.017379
203807,0.012591
74754,0.014994
104950,0.015775
37762,0.016035
36933,0.015725
224720,0.018425
56808,0.023437
116323,0.016219
180456,0.022699
25680,0.014141
183217,0.017108
218077,0.016747
123031,0.014807
83537,0.015543
179682,0.016645
71310,0.019871
15854,0.010371
241852,0.015629
174809,0.012869
183590,0.019367
75836,0.01555
92455,0.019814
138482,0.011689
140606,0.017373
168947,0.020496
156778,0.010848
161262,0.019418
165785,0.014177
114196,0.013103
146879,0.015058
247807,0.013251
224276,0.01723
159683,0.016814
52077,0.01908
202203,0.019237
7691,0.012484
53633,0.018222
53899,0.012122
183509,0.016858
35996,0.013091
173750,0.015329
216304,0.022243
230342,0.017524
229487,0.017183
4371,0.017096
111849,0.019481
37174,0.01619
100897,0.018854
109141,0.018458
107827,0.014303
107377,0.01823
196595,0.016931
204736,0.019203
132075,0.018837
144483,0.010921
214902,0.020711
221183,0.017225
90732,0.015409
219583,0.016052
204611,0.01211
224011,0.017788
9479,0.016626
219735,0.012753
193489,0.020839
32351,0.015194
96596,0.014456
139767,0.018809
230305,0.014825
114446,0.017157
91474,0.012216
153407,0.015535
223032,0.020028
132773,0.01923
104889,0.016109
22234,0.010637
185481,0.018138
249490,0.014224
102594,0.026976
36289,0.022019
230296,0.011099
161283,0.024579
11807,0.022068
148051,0.013273
185852,0.013999
33212,0.016262
119341,0.019488
104323,0.01561
20314,0.01946
18871,0.014238
155264,0.02056
141367,0.010817
44382,0.017624
216256,0.020061
55423,0.014769
233108,0.019514
136591,0.017349
9567,0.017065
145757,0.014275
58557,0.014026
238565,0.023222
61654,0.015639
156968,0.018236
220699,0.016927
168969,0.02557
114412,0.010679
172203,0.016302
37113,0.017671
16880,0.016202
249416,0.012835
124090,0.015003
172577,0.018793
105527,0.009661
13834,0.022394
222577,0.022348
157487,0.014882
163044,0.01312
184281,0.015857
233521,0.015126
87054,0.015265
5684,0.017756
29374,0.023592
41351,0.016056
229218,0.016793
222376,0.014876
34757,0.022625
233494,0.017312
224843,0.016076
171888,0.018083
139656,0.016871
105339,0.012732
1302,0.017773
188445,0.011517
119061,0.012498
245499,0.026296
79655,0.012951
118136,0.016797
193364,0.010973
211173,0.012522
97378,0.018045
157157,0.017106
76267,0.01953
191505,0.015173
184366,0.015123
221950,0.016159
94502,0.017233
120559,0.014661
128875,0.013222
162273,0.020309
48099,0.015236
199129,0.01762
12030,0.022887
186457,0.02609
188251,0.015631
184062,0.018082
210200,0.017562
70851,0.015431
177188,0.013624
100443,0.016757
94310,0.01653
11567,0.011758
35377,0.01703
119088,0.014521
218052,0.011489
46121,0.020288
63592,0.017472
163636,0.015578
211332,0.01549
176481,0.01822
210668,0.015813
92626,0.013751
186002,0.019627
220182,0.012679
52794,0.018578
8119,0.014889
213334,0.015788
130801,0.015625
249873,0.013554
187423,0.014241
101378,0.012985
27979,0.017432
228017,0.01277
175526,0.018376
146125,0.019145
210512,0.013306
125953,0.020849
138574,0.015244
177904,0.022124
65150,0.016155
160729,0.01929
17983,0.013377
239301,0.015713
222586,0.012508
102599,0.016314
222834,0.018634
55682,0.018797
204833,0.017801
203191,0.015075
151588,0.015316
109602,0.015734
26473,0.014873
182420,0.009854
137010,0.020654
151997,0.01611
29266,0.017595
41010,0.020975
71261,0.020738
239396,0.017931
174080,0.019265
79485,0.020792
201259,0.022616
246930,0.022325
220491,0.020867
248550,0.018897
175110,0.01044
67486,0.013402
212607,0.013649
84425,0.018164
183794,0.016247
200320,0.01904
52047,0.01705
14602,0.018342
107721,0.01713
34878,0.017414
76956,0.012153
100511,0.011715
85567,0.014984
69394,0.018166
134962,0.00952
120371,0.016141
180437,0.01225
175324,0.018149
215523,0.021494
21970,0.010285
52416,0.017496
181134,0.016707
138771,0.012779
147250,0.014866
5635,0.023213
38489,0.011128
4133,0.018349
216814,0.016401
105669,0.01009
40281,0.017192
209171,0.017257
33844,0.020732
211965,0.017461
246186,0.014868
49783,0.018447
103118,0.014514
219522,0.012529
50910,0.019991
96015,0.012726
190980,0.017902
161548,0.013805
173073,0.014164
152487,0.014055
134376,0.012148
199237,0.017309
227357,0.010147
151255,0.015521
16713,0.01481
210222,0.019456
158509,0.018191
120448,0.016166
106644,0.013844
111968,0.019285
61349,0.014786
202833,0.019495
161217,0.019688
66076,0.015823
133272,0.017233
65228,0.02584
21985,0.010193
178206,0.019466
244148,0.02123
173529,0.012885
12502,0.015721
235211,0.011968
175291,0.016127
169046,0.016295
141200,0.011188
223933,0.020167
156686,0.013008
65067,0.015088
192944,0.013753
36782,0.015443
187539,0.020213
232797,0.019506
87304,0.023454
130990,0.018303
176540,0.015007
218142,0.018531
213037,0.015906
93734,0.015495
239485,0.017334
198586,0.014529
217021,0.01335
40044,0.017839
209522,0.024823
3858,0.019842
11525,0.019401
171113,0.018412
218863,0.014476
198470,0.014252
144165,0.013178
183079,0.019665
80366,0.016259
35960,0.015402
79139,0.013325
80731,0.016322
227565,0.01212
34777,0.013823
175035,0.012541
129516,0.011399
147286,0.016738
165488,0.014201
127945,0.017182
180477,0.016809
27572,0.024513
69872,0.015791
222773,0.017601
52707,0.014941
23958,0.009482
62420,0.017323
138906,0.022787
97778,0.010911
54862,0.017488
249006,0.013729
136206,0.016679
189154,0.016941
220801,0.021157
27389,0.01788
146708,0.0207
113645,0.010255
63401,0.017287
10037,0.012911
183386,0.01866
31157,0.017994
5300,0.014002
114491,0.012083
55263,0.015048
193467,0.024005
242089,0.00909
101632,0.013909
155760,0.023255
52037,0.014136
192210,0.022111
113281,0.015043
116148,0.022336
182330,0.015041
179645,0.020321
170443,0.01547
168020,0.015422
229341,0.016419
55899,0.01975
56955,0.023637
51877,0.013294
206320,0.018168
244249,0.014491
128865,0.015629
230054,0.01895
210992,0.010116
244383,0.018794
246888,0.027317
218120,0.011401
57119,0.013907
165436,0.020169
237447,0.014216
20412,0.020419
171942,0.015173
50118,0.016726
178042,0.020936
194842,0.017097
217007,0.016069
218788,0.013678
235512,0.018226
15793,0.01252
231579,0.014423
243,0.012097
199971,0.015543
178512,0.017472
113592,0.010545
2170,0.022456
161468,0.019374
75890,0.013004
33239,0.01764
128568,0.015472
96634,0.027962
60169,0.015215
79370,0.019593
211953,0.015074
187954,0.014109
193107,0.016329
182551,0.014336
240583,0.016398
90463,0.011043
144077,0.010809
70013,0.015403
25333,0.013072
242999,0.015222
114908,0.016246
47119,0.011272
106503,0.015062
69122,0.015794
118176,0.026815
70915,0.018487
227158,0.018995
234638,0.017744
135633,0.015569
93788,0.013566
204624,0.017178
37769,0.011715
168664,0.01449
30915,0.014123
47674,0.013983
104809,0.01909
129410,0.014235
181301,0.016593
125954,0.013749
170030,0.017753
8618,0.014682
125624,0.015262
21018,0.014121
209595,0.013099
116988,0.019069
171726,0.017856
16176,0.011455
165454,0.012029
7519,0.014981
132914,0.022396
79411,0.017472
160097,0.017601
104379,0.015083
169181,0.015248
32459,0.015268
194476,0.013701
94018,0.020721
118823,0.022348
183853,0.018166
167349,0.010242
142156,0.012369
194594,0.016394
80818,0.017148
49775,0.023953
137831,0.02015
175057,0.012455
39414,0.010619
179058,0.011888
3099,0.012581
151457,0.018066
73104,0.027517
225490,0.020133
193746,0.012477
38209,0.017267
98364,0.018526
125868,0.016833
132794,0.028343
211447,0.01443
193335,0.012326
154336,0.020399
1377,0.017605
66676,0.01874
9751,0.020257
175336,0.01759
135975,0.011768
81709,0.022694
170272,0.019858
181330,0.022234
116952,0.017324
211878,0.018894
23237,0.024229
100534,0.022069
114906,0.009294
51659,0.022811
133135,0.015646
134400,0.014378
183032,0.014473
45353,0.019452
82662,0.009671
23544,0.014617
176353,0.021047
57931,0.018592
92138,0.016077
228843,0.01591
132622,0.023464
92025,0.008607
213869,0.012435
65379,0.020481
174167,0.011044
218392,0.016619
217569,0.012389
173949,0.014257
106713,0.016237
156369,0.021642
3155,0.018946
228060,0.023167
33309,0.012381
105309,0.016336
197806,0.01983
46678,0.011072
132291,0.01764
150250,0.023167
4393,0.019338
157652,0.016033
55261,0.012955
197424,0.013445
98644,0.013284
51258,0.015344
90877,0.015999
30237,0.013957
114555,0.011931
248614,0.014624
205468,0.014464
90174,0.017489
76834,0.013854
78277,0.018792
246313,0.017817
51499,0.015166
125021,0.018197
146552,0.013903
121313,0.020238
18930,0.019682
43358,0.017142
79002,0.010615
155531,0.023656
54183,0.016985
147039,0.019477
239222,0.017959
36001,0.013028
108024,0.015048
207082,0.016927
245796,0.018341
150475,0.017091
43557,0.016817
62911,0.015057
88413,0.021179
151460,0.014468
141684,0.016419
38897,0.018062
53600,0.012962
124501,0.01276
163617,0.017197
141444,0.017726
66147,0.019167
119120,0.019446
25302,0.018884
14715,0.023409
158536,0.013163
5576,0.022182
194891,0.019677
102278,0.017095
186403,0.017944
187342,0.015331
49652,0.018687
192399,0.015878
116221,0.009985
186728,0.017689
23118,0.015986
244610,0.018861
64592,0.017326
242614,0.013601
175139,0.013737
18417,0.017784
137490,0.01634
237273,0.020678
164347,0.015889
151675,0.015159
158598,0.013092
8746,0.014467
124713,0.018669
86947,0.016234
159343,0.015685
29031,0.012753
239181,0.017656
233897,0.014476
197733,0.016259
134357,0.024643
129056,0.016408
6910,0.019458
111917,0.013883
237626,0.017704
60880,0.016076
231366,0.017456
89407,0.017404
126813,0.014741
150431,0.019271
48437,0.018002
108026,0.018991
182637,0.016461
9565,0.019239
45849,0.013003
151304,0.014047
170200,0.016204
96492,0.013205
152280,0.019844
141732,0.02137
201388,0.017551
19136,0.016452
141568,0.018495
248369,0.013872
43305,0.018627
68727,0.016656
195161,0.010832
213265,0.013905
24918,0.014099
201419,0.021409
187720,0.015723
146072,0.012375
179519,0.012312
180790,0.011797
145239,0.011581
219723,0.012964
189638,0.017706
166825,0.016849
32464,0.012834
141692,0.012518
153093,0.01728
145984,0.020153
136522,0.019651
68257,0.014227
107475,0.012667
103420,0.014503
196583,0.016509
198702,0.018216
107044,0.019563
112140,0.018369
122810,0.012164
170594,0.015704
35067,0.021852
149464,0.020165
191208,0.013103
104442,0.014432
114527,0.011534
158936,0.014826
186793,0.018326
202742,0.023007
128168,0.012634
171982,0.020826
98243,0.017938
197593,0.011099
215372,0.018282
238073,0.015942
221524,0.009774
232123,0.013624
17884,0.020117
90928,0.013242
109631,0.026903
96811,0.011211
40187,0.015968
138758,0.018622
187904,0.012354
227115,0.009497
137406,0.018386
19426,0.019728
184692,0.017743
204043,0.012602
246983,0.016649
42064,0.017559
236175,0.018704
147361,0.024207
18959,0.013998
107274,0.011441
1108,0.011463
108547,0.021159
212616,0.013703
57089,0.026735
150272,0.014136
201845,0.013816
207915,0.020292
73482,0.025177
139428,0.015565
179633,0.013724
76936,0.017667
150390,0.016659
188783,0.014684
45108,0.012157
185629,0.022238
158292,0.014459
143164,0.015449
207771,0.021327
177956,0.021727
75831,0.01115
212365,0.018547
27895,0.018263
30950,0.016177
85322,0.013346
153192,0.014381
161230,0.020769
6940,0.020515
41290,0.021143
52344,0.01887
57619,0.017825
26811,0.022577
133739,0.015487
243030,0.014227
200367,0.01681
177457,0.021738
18494,0.021573
171645,0.022249
80849,0.016352
99098,0.019033
135115,0.017398
61725,0.023981
140466,0.023105
17791,0.020742
97084,0.020669
242153,0.016519
93934,0.015456
47328,0.013783
84604,0.011102
60314,0.01873
141608,0.015521
145660,0.012026
87790,0.018663
46602,0.010753
18504,0.017096
121390,0.013516
230623,0.012961
215269,0.025493
119380,0.026176
210930,0.018585
159046,0.010643
31996,0.010532
87519,0.020702
198167,0.017705
177607,0.016271
192795,0.023216
206502,0.018019
209860,0.017542
166619,0.010661
129046,0.018993
31995,0.010955
125879,0.014958
128612,0.013202
137803,0.012119
118683,0.019274
107839,0.019036
244019,0.013488
4544,0.019607
23489,0.022474
248214,0.019985
94281,0.01543
59532,0.016344
245408,0.023347
210639,0.018852
230887,0.021517
54712,0.015616
158709,0.020279
140128,0.023801
198714,0.02195
147948,0.014575
38389,0.013189
230519,0.017338
243997,0.015973
25986,0.018571
74404,0.013622
217545,0.016185
1111,0.014287
84224,0.013433
161681,0.017906
116360,0.012767
192339,0.013241
43977,0.013567
19491,0.015636
87460,0.018285
74449,0.021637
62045,0.015641
159182,0.012518
248112,0.017369
13815,0.01552
7397,0.016916
227185,0.018002
53293,0.013988
219780,0.020884
848,0.017619
147086,0.018845
135270,0.015494
58034,0.013059
233502,0.01082
40756,0.014901
86962,0.018222
136103,0.015225
14261,0.011192
7311,0.013545
160843,0.010133
126851,0.021346
111282,0.019323
58505,0.015949
144383,0.021837
171095,0.024877
120841,0.017
97247,0.017622
129636,0.013107
219486,0.016264
48501,0.018625
188489,0.012752
133172,0.012928
152239,0.014383
157069,0.014674
233945,0.014963
177062,0.016482
236318,0.01614
241244,0.010756
26871,0.016699
151313,0.00923
25719,0.013509
154935,0.020226
98533,0.011337
24942,0.009906
207695,0.016696
42519,0.023109
75482,0.016398
196242,0.015958
194896,0.019928
221548,0.033072
220272,0.01208
153462,0.01822
128399,0.016954
69076,0.0136
56273,0.018118
81484,0.0171
217615,0.017058
97297,0.013433
158979,0.0104
116859,0.018033
196339,0.018092
201666,0.019864
25162,0.010356
146529,0.020445
144437,0.018465
152997,0.008985
118047,0.016907
49778,0.026617
143170,0.010014
127244,0.016232
178836,0.011979
67116,0.018355
95582,0.018263
189703,0.013918
62649,0.019835
102586,0.021144
67324,0.018845
38592,0.013828
79647,0.018329
214605,0.020318
4301,0.028173
8013,0.012988
44793,0.018703
172826,0.010903
186115,0.018169
218100,0.014752
6649,0.019183
243703,0.011985
89354,0.020506
214310,0.020791
45176,0.015833
22991,0.013963
121167,0.015919
112090,0.01435
28920,0.015131
104601,0.011536
157600,0.011903
101110,0.015222
49004,0.016793
5764,0.024346
9742,0.015176
130747,0.01258
31174,0.011774
243701,0.013687
135722,0.013182
77687,0.012089
134684,0.018482
161914,0.017941
179074,0.024579
45593,0.021117
152043,0.018271
91905,0.018086
26716,0.019196
36939,0.017003
86391,0.024038
188673,0.014423
30917,0.025164
15370,0.011334
77437,0.020375
123226,0.019021
67471,0.015617
137233,0.012954
47324,0.015
70963,0.015423
36908,0.015064
236259,0.014809
18753,0.019212
159487,0.011774
146674,0.014544
123236,0.017669
88365,0.021123
203186,0.0095
16758,0.016265
242866,0.014463
181333,0.015805
211956,0.015017
216149,0.026825
124617,0.026101
167731,0.013975
150750,0.016231
148194,0.02153
2610,0.013549
103824,0.02113
54578,0.014967
128731,0.016571
49451,0.018359
97035,0.021353
135096,0.018554
151784,0.013889
179321,0.014005
191660,0.014008
188736,0.014248
241308,0.011262
59745,0.013274
104151,0.011574
101642,0.01102
218165,0.018024
15975,0.018433
133968,0.014131
56376,0.017017
231133,0.016223
243705,0.014412
229090,0.021318
112028,0.020207
136563,0.013925
88631,0.017911
148243,0.020553
68078,0.014404
93370,0.011006
105004,0.017613
235223,0.015945
235753,0.01652
190380,0.016894
112878,0.010715
164898,0.0149
201641,0.018378
109623,0.023607
163703,0.027242
110422,0.017862
214308,0.018671
229492,0.016449
136738,0.019585
164072,0.022145
197451,0.008411
47244,0.021941
12407,0.018139
92919,0.011524
86555,0.014289
207756,0.017338
192386,0.014936
180265,0.014454
51650,0.012318
42785,0.022697
144227,0.014755
124340,0.013386
46903,0.010164
193334,0.022033
168355,0.011552
247119,0.019991
192018,0.019841
224463,0.017427
82084,0.015951
134573,0.020298
209541,0.016679
101319,0.01606
164511,0.018061
67133,0.01858
114800,0.019649
73281,0.016916
166898,0.017769
243404,0.015095
15058,0.014176
108125,0.011709
215286,0.017385
65756,0.016614
158572,0.012491
70774,0.016703
1766,0.019928
351,0.015363
179436,0.025299
56303,0.016913
94311,0.014526
121845,0.012121
90163,0.011061
54849,0.015092
160641,0.0195
128400,0.012393
201240,0.021671
115214,0.017894
13311,0.016931
190969,0.012612
178871,0.017342
41146,0.018117
221962,0.018772
182159,0.014421
107336,0.016187
53577,0.016625
77928,0.012488
190741,0.016792
99646,0.016651
110874,0.020097
16633,0.015634
225782,0.015509
221366,0.018243
300,0.016062
137418,0.013786
211033,0.020858
124010,0.015796
143457,0.012445
33998,0.015698
168396,0.017246
166343,0.017861
100216,0.016127
28687,0.018683
146171,0.017067
194903,0.018267
3228,0.015769
66747,0.015457
209331,0.015094
104405,0.021938
224618,0.02014
127088,0.016033
45349,0.013687
180215,0.011895
46044,0.015521
119584,0.013706
60829,0.015258
37442,0.021002
233761,0.009905
75058,0.019604
185469,0.019587
92790,0.012587
65206,0.02271
185031,0.020062
208679,0.016553
142904,0.014075
98508,0.01128
102573,0.0197
200131,0.019571
207666,0.018691
135245,0.016547
129167,0.014728
122237,0.015144
78620,0.018036
106759,0.014111
124334,0.017541
173092,0.01461
77815,0.01358
81438,0.017668
244852,0.012352
88246,0.01968
122228,0.018429
108455,0.023404
210281,0.01838
17124,0.017242
178199,0.020859
837,0.016439
92613,0.017159
165010,0.014762
110037,0.024253
108913,0.024313
65887,0.018175
167291,0.013384
14479,0.018983
208577,0.013229
226510,0.013273
51096,0.016613
10512,0.014261
161196,0.015897
35236,0.021777
246899,0.015884
243945,0.012487
99336,0.010813
209355,0.023563
17565,0.013375
138006,0.020896
210967,0.013823
112229,0.014394
58896,0.01196
168383,0.018695
70921,0.017805
243136,0.00983
68916,0.016777
182336,0.012983
37057,0.016141
232016,0.017874
246237,0.019414
137565,0.017815
241233,0.01607
75229,0.018343
131756,0.018177
239160,0.01813
15757,0.018864
56115,0.018999
134284,0.019944
26146,0.018241
97170,0.014548
89196,0.010854
243605,0.014077
128334,0.017407
84735,0.012372
242995,0.019756
134649,0.017627
237644,0.018587
209351,0.017564
23834,0.014178
94943,0.015691
231412,0.016243
69827,0.013223
6594,0.015447
209683,0.017522
45526,0.019293
219741,0.016334
217587,0.016091
238973,0.013343
33041,0.018902
98725,0.020563
110952,0.020009
183193,0.01678
165156,0.010297
110821,0.023512
34216,0.019041
178166,0.01807
37957,0.015414
133600,0.025174
38854,0.015174
23224,0.01984
151672,0.009317
209112,0.020973
96912,0.016343
139281,0.019821
223727,0.024586
246924,0.017357
135355,0.011849
214388,0.015556
181786,0.010215
188258,0.010475
54434,0.008957
163501,0.023572
235728,0.017295
58306,0.019919
32291,0.015838
92224,0.015129
125775,0.024547
232162,0.01338
130316,0.019799
130056,0.019289
72572,0.019209
21188,0.018945
203036,0.014388
214562,0.013346
81445,0.017203
198616,0.010901
40866,0.014533
232602,0.020935
79825,0.028549
4964,0.024317
163200,0.015169
55894,0.012416
141284,0.016605
175689,0.01547
117134,0.021002
173243,0.022979
195724,0.014736
80776,0.014886
101841,0.018693
164460,0.018577
197878,0.014498
86566,0.018916
240222,0.020711
173361,0.014396
6319,0.014454
204127,0.009776
154410,0.019967
7499,0.011585
56823,0.018024
245031,0.024171
75035,0.017253
91818,0.010581
20770,0.014787
166918,0.012557
209416,0.022629
125141,0.022961
29049,0.01778
158795,0.011962
28384,0.016493
62081,0.016852
104835,0.012646
73054,0.018411
72464,0.020884
123424,0.011644
24311,0.016095
39101,0.013852
57266,0.014276
165375,0.015865
204559,0.017582
37146,0.013371
165393,0.014572
116841,0.02072
145272,0.014339
213770,0.019258
156404,0.017754
15847,0.014353
160942,0.017116
232210,0.018436
18727,0.018609
124031,0.019233
58899,0.017156
103979,0.018369
85790,0.018588
199543,0.015539
65599,0.016687
220450,0.019524
2683,0.011956
140376,0.023914
229676,0.012244
73308,0.017968
181396,0.013184
166801,0.024254
127031,0.014804
134054,0.015123
92525,0.018742
93406,0.014544
177588,0.014856
234,0.013604
99829,0.017074
6145,0.020806
66851,0.019229
65916,0.020457
12821,0.020594
26679,0.017539
55444,0.018993
162150,0.021764
75825,0.01837
1949,0.01785
123978,0.013834
21248,0.022917
192254,0.015907
173468,0.010503
170660,0.019768
217122,0.020633
152224,0.012954
154197,0.016671
225035,0.021408
125249,0.019814
1248,0.016248
175667,0.014949
135256,0.010278
160143,0.012901
4841,0.015008
125131,0.018298
242413,0.018289
77854,0.01355
216882,0.021953
191265,0.013588
12037,0.020773
133596,0.021626
214047,0.015103
136900,0.017119
155589,0.019277
159576,0.018779
155214,0.023673
64520,0.021518
94437,0.021778
91991,0.011377
215417,0.02104
22665,0.010298
245719,0.022623
17355,0.016776
51041,0.017674
81512,0.019439
168387,0.015488
105412,0.014485
184161,0.015682
131132,0.01835
173495,0.015752
5155,0.024442
137727,0.011203
54341,0.017235
211586,0.010431
48133,0.015714
60478,0.014661
158535,0.014543
183757,0.014443
79250,0.020544
243921,0.017261
76920,0.015942
84608,0.012431
63691,0.011745
51105,0.013345
236352,0.016486
162412,0.021547
168051,0.012046
19765,0.015613
178141,0.01646
2936,0.017299
34269,0.015971
192746,0.015327
90592,0.022501
6856,0.015949
127082,0.012203
173377,0.019771
215510,0.018595
143851,0.01671
138107,0.014959
201553,0.013078
140215,0.024154
92573,0.017676
12465,0.011965
103726,0.011847
103795,0.016515
221327,0.023359
241071,0.014576
188676,0.012084
176838,0.020232
182880,0.019836
35502,0.016957
83575,0.010541
76684,0.015209
81277,0.023806
226326,0.010674
71756,0.017528
112122,0.019001
192003,0.030102
173462,0.015679
46881,0.01508
54611,0.018277
237868,0.021021
14112,0.014807
68247,0.021143
227543,0.024127
185485,0.012411
87455,0.013138
21903,0.01827
10224,0.016608
43134,0.021299
127209,0.012127
163466,0.018921
95594,0.01696
63044,0.013847
190484,0.013102
9362,0.017987
226736,0.011104
50476,0.025374
208396,0.021883
58848,0.018985
176405,0.014983
141741,0.017391
117879,0.018139
110054,0.016288
80641,0.024964
197909,0.019027
169912,0.023367
210033,0.020733
64404,0.021062
145183,0.016136
205664,0.022577
115669,0.019428
152219,0.016979
213730,0.015344
38522,0.019075
100885,0.021549
42216,0.012776
141580,0.018679
95653,0.017724
68703,0.017029
87978,0.02183
230830,0.016789
207412,0.015714
22950,0.011287
99802,0.01093
89951,0.016959
158091,0.01388
171194,0.018644
146650,0.025209
115941,0.012531
152272,0.011364
54015,0.015853
132955,0.021949
58312,0.020075
168807,0.021281
224954,0.0223
65985,0.020381
116289,0.015613
190288,0.015023
243740,0.01809
139132,0.016604
16991,0.013591
105707,0.016751
145955,0.023559
178356,0.019151
127199,0.013719
159896,0.014273
4713,0.012155
244972,0.02022
177824,0.019627
62572,0.0199
9511,0.015493
229166,0.020173
159307,0.012439
156147,0.018198
217189,0.014603
63194,0.020062
171224,0.017632
33943,0.016108
239593,0.0235
68757,0.01046
51772,0.017156
141704,0.016799
192942,0.017917
88672,0.02044
72195,0.017191
132424,0.017645
130308,0.013517
21565,0.017424
58803,0.013508
58576,0.019977
61604,0.015282
43874,0.019541
91776,0.016449
210883,0.018989
174517,0.009456
38310,0.018422
215576,0.013873
80075,0.024682
219982,0.014998
77536,0.019041
160090,0.018844
182031,0.016447
67345,0.014559
66130,0.015746
100207,0.018792
80042,0.02493
101511,0.022258
208326,0.015487
127722,0.019877
145053,0.013148
17612,0.017205
77722,0.014283
227155,0.01459
13717,0.0173
65354,0.017334
61018,0.012246
110782,0.024017
208768,0.026243
248697,0.023751
93387,0.022121
140286,0.018766
199429,0.016145
88189,0.021909
169055,0.014134
120656,0.010117
238042,0.013842
219263,0.012137
117900,0.014846
42898,0.012657
163120,0.020333
165076,0.016792
229285,0.015237
12803,0.016801
80470,0.018054
107007,0.020152
243244,0.014519
216755,0.020377
88653,0.019593
177706,0.011832
2434,0.011031
5092,0.016293
240137,0.013983
83031,0.011571
4929,0.023615
158006,0.018431
12131,0.014722
22061,0.018486
226999,0.018325
232064,0.020077
20309,0.016821
90081,0.015641
106490,0.021095
197604,0.008147
74370,0.014658
173626,0.020502
51470,0.019952
208289,0.01977
227878,0.009929
143648,0.013966
147585,0.019238
23755,0.011103
154081,0.010991
92493,0.020344
203919,0.014115
188365,0.012188
119148,0.017463
135865,0.016797
47641,0.011806
18658,0.023281
209308,0.021821
216362,0.01686
124029,0.017896
126402,0.016244
214853,0.013756
9581,0.016157
215005,0.012962
209003,0.016033
91107,0.014576
208970,0.023415
175725,0.015066
8988,0.013338
3692,0.016876
231681,0.012419
224467,0.014849
72899,0.016066
226456,0.018269
10874,0.016166
195215,0.013959
97520,0.019674
241159,0.013964
71075,0.013257
34031,0.018279
92543,0.016334
106858,0.009962
245856,0.012641
123934,0.016394
146966,0.015984
177004,0.014684
30144,0.014653
107991,0.01658
96256,0.014973
173202,0.013917
133920,0.014556
54988,0.01182
136975,0.018294
138095,0.017707
110617,0.019154
196214,0.011188
140444,0.020453
164727,0.021119
51934,0.021862
167923,0.022775
172090,0.023089
228166,0.01262
163984,0.016604
31179,0.015404
240324,0.017875
202023,0.016099
36010,0.023645
200328,0.011632
126660,0.018938
5753,0.018532
199261,0.015334
132764,0.021261
89927,0.013682
84011,0.018765
199871,0.014272
109359,0.021817
151140,0.01628
211603,0.012644
232863,0.013455
84856,0.010225
190500,0.015191
143941,0.015638
209466,0.021252
104797,0.012216
200776,0.013465
103520,0.01681
173586,0.012584
35672,0.017003
181006,0.008356
82073,0.015509
6919,0.020498
115464,0.016557
112400,0.020213
230913,0.02128
31089,0.009275
187846,0.012192
133120,0.020066
5797,0.020981
92755,0.020665
74062,0.019289
18325,0.01415
32811,0.011331
135222,0.020062
120103,0.014334
84541,0.019479
82871,0.018414
179976,0.009976
126522,0.017289
247726,0.020239
42635,0.013017
114714,0.014982
237037,0.020928
170963,0.022177
179972,0.016598
97457,0.018004
211008,0.013507
84293,0.016728
80194,0.021754
244162,0.023976
215043,0.012676
204723,0.013805
85010,0.012695
192039,0.015871
164542,0.019856
68777,0.014831
236921,0.015375
182012,0.013023
100833,0.014074
54409,0.013081
196760,0.014823
249529,0.014876
170034,0.013833
118882,0.016148
183058,0.017032
109139,0.0186
1044,0.020492
157026,0.0174
179021,0.019688
111031,0.018302
218347,0.014725
43068,0.016005
38357,0.016454
197615,0.013963
28638,0.011508
100919,0.012435
56833,0.022472
125167,0.022035
14840,0.011075
4362,0.016503
117682,0.023735
115181,0.014787
162429,0.014137
187168,0.01235
30789,0.015857
72154,0.015831
172601,0.015055
37157,0.019513
180178,0.009451
96243,0.026
95612,0.015752
455,0.015106
207588,0.02019
173384,0.017935
144669,0.014588
150902,0.012126
96192,0.017309
144158,0.01252
43668,0.017879
236007,0.013595
7383,0.018921
180358,0.012891
249100,0.012144
83124,0.018728
241090,0.014691
156857,0.014138
4422,0.0191
219897,0.017287
34434,0.014494
239897,0.017252
220235,0.022695
68422,0.018511
132035,0.012885
36104,0.019673
215913,0.014634
118954,0.020894
153682,0.01691
36059,0.011801
189361,0.017296
191966,0.022197
51287,0.024248
173609,0.013158
176100,0.018142
43456,0.01472
196387,0.012939
103234,0.023628
150279,0.015599
5545,0.017118
8646,0.012442
155784,0.017427
21095,0.018453
206556,0.017882
175309,0.011152
143573,0.014103
164276,0.02318
95593,0.01626
141747,0.016496
68075,0.01527
57538,0.020341
170325,0.018408
82650,0.017319
34432,0.020038
218548,0.01073
136229,0.015162
209951,0.012251
169274,0.016143
80730,0.015313
106785,0.011385
11173,0.017122
14738,0.01268
116932,0.011019
222939,0.021212
202868,0.01365
91948,0.016757
100157,0.010463
25722,0.017383
132335,0.02339
24007,0.015945
36868,0.012316
147722,0.017916
119356,0.02212
5365,0.020164
130193,0.018384
195,0.022528
206622,0.020157
148409,0.01913
72207,0.016531
149352,0.014671
115953,0.017209
59876,0.010225
188467,0.02104
113488,0.015253
50362,0.019159
25488,0.018893
165012,0.013399
136502,0.015619
105550,0.014076
128857,0.021253
209807,0.013727
88130,0.021156
49575,0.009794
231155,0.012265
12741,0.020931
144341,0.01132
187008,0.01379
13107,0.018021
70586,0.010902
168333,0.011737
210516,0.018395
156745,0.021917
20247,0.019713
209372,0.023728
173012,0.016044
82757,0.020028
77002,0.016308
10196,0.015992
176934,0.016084
45684,0.016713
127893,0.011137
20409,0.016644
161827,0.019209
122244,0.011921
134709,0.011124
112323,0.014197
49801,0.012794
222702,0.013042
137977,0.012922
207800,0.015856
137284,0.022167
75923,0.014885
70839,0.023862
108884,0.017092
151136,0.019745
114229,0.014349
48251,0.012276
157636,0.013639
137073,0.017149
140184,0.021205
20184,0.019666
144670,0.012485
130816,0.016213
191672,0.015397
201164,0.017584
212001,0.015897
65999,0.012015
228057,0.022991
107175,0.016177
24805,0.019528
196810,0.013122
138401,0.021167
200165,0.015802
241259,0.013383
163822,0.016775
115190,0.016772
129807,0.016837
25917,0.017085
40471,0.013531
94738,0.021253
240462,0.014763
126253,0.01749
34642,0.019686
234067,0.014532
4818,0.019677
170755,0.010858
7112,0.015824
78771,0.019973
115559,0.01581
5830,0.017833
138205,0.019709
26198,0.018635
121640,0.014051
239719,0.02755
138527,0.014691
146384,0.012167
191036,0.013604
206487,0.017606
62643,0.02121
154211,0.018725
124073,0.018032
171833,0.013893
210272,0.013745
103684,0.017062
105145,0.02142
28902,0.018932
106081,0.017182
9464,0.014996
87130,0.022932
52915,0.017089
154738,0.022091
89490,0.023717
156534,0.014073
15934,0.020162
133643,0.020941
135564,0.01594
217557,0.01105
109990,0.016986
46360,0.014953
127835,0.018702
232091,0.020515
219774,0.013895
105629,0.014382
222239,0.018478
176166,0.018181
92689,0.011642
12261,0.03621
191853,0.020308
148559,0.018966
213111,0.014464
122628,0.014485
27114,0.014336
228111,0.015917
45846,0.01208
162737,0.020835
158891,0.013727
163,0.018318
219201,0.013755
224425,0.013921
86235,0.015635
107592,0.016257
157352,0.01193
220474,0.0163
174649,0.014268
216187,0.021511
54556,0.015731
152137,0.014906
202194,0.016965
127379,0.019197
16289,0.015767
123688,0.016005
127609,0.01089
20625,0.015291
4218,0.022766
170153,0.022467
106236,0.017484
187341,0.017868
199306,0.018474
223505,0.019228
218308,0.019224
73671,0.023244
125163,0.025767
119520,0.015907
180129,0.013048
13005,0.020976
122181,0.015616
134306,0.017496
50834,0.020626
98253,0.011749
181091,0.016497
65217,0.017336
111370,0.014737
195466,0.016744
233672,0.022438
87597,0.019822
90662,0.013915
112881,0.012541
185419,0.02368
118120,0.014851
192987,0.017779
105655,0.015046
190416,0.010664
182727,0.014096
1755,0.011692
22670,0.014192
67354,0.011577
234321,0.016583
80442,0.018604
216354,0.022052
224203,0.017647
80350,0.015
133114,0.019379
200633,0.021483
34242,0.019205
68072,0.016813
130677,0.01538
8145,0.021036
2757,0.011207
73917,0.026483
117651,0.020243
28840,0.017658
143381,0.01074
227120,0.017662
79598,0.013017
57389,0.01693
12467,0.016179
26538,0.018201
225052,0.01267
151081,0.015459
127214,0.016825
15420,0.01017
17224,0.0163
130911,0.014779
57558,0.014888
159885,0.016236
17116,0.01727
165644,0.018117
58908,0.019623
237780,0.020154
225174,0.010901
136263,0.013932
183302,0.015636
205725,0.020852
37606,0.017566
142389,0.015209
100743,0.016265
2029,0.013735
117116,0.020842
212088,0.018152
102988,0.023299
237829,0.027985
223090,0.012835
120603,0.018475
241749,0.017801
198445,0.021382
49221,0.016385
121119,0.019166
204972,0.018492
247465,0.013192
25753,0.016925
249445,0.020252
100432,0.01339
20519,0.012836
214599,0.015757
158136,0.015345
48902,0.01511
138528,0.018075
243322,0.013602
138443,0.019231
217836,0.011223
21033,0.023482
49888,0.015282
202303,0.015977
210923,0.01863
150291,0.01636
26896,0.015224
198277,0.022177
188518,0.013869
245287,0.019814
56448,0.015415
97365,0.013781
53615,0.012353
153292,0.013794
67523,0.015599
74437,0.018656
171750,0.011676
50503,0.020523
245991,0.013002
226928,0.019685
129456,0.013547
155046,0.02235
222156,0.01918
66438,0.017497
4990,0.013067
159228,0.020573
76802,0.010326
236909,0.02462
13460,0.019117
160268,0.017705
125018,0.014165
178312,0.023206
123854,0.022808
193276,0.017398
12903,0.022087
197964,0.016797
103643,0.018983
234507,0.016872
4806,0.019258
15460,0.018483
32901,0.012072
173081,0.014514
65047,0.013669
87027,0.012378
4948,0.023346
169741,0.01837
74977,0.017276
174904,0.013894
173552,0.013114
214643,0.019045
196634,0.016479
98031,0.014359
51464,0.012828
125805,0.017861
86199,0.018355
33732,0.018979
217803,0.01713
37617,0.01357
90910,0.016252
83199,0.016237
33073,0.018749
77362,0.015628
142214,0.020792
159722,0.017443
108641,0.022454
135538,0.019217
128681,0.015397
146651,0.014323
79203,0.019266
66060,0.023959
148369,0.025416
139973,0.017057
121994,0.013116
154920,0.016834
101598,0.012333
49482,0.01961
129974,0.017991
148565,0.015369
431,0.011869
70559,0.017335
181195,0.016414
122322,0.012733
21413,0.020725
54220,0.015289
186732,0.020984
160898,0.017017
168590,0.017016
206729,0.016709
31923,0.01937
146534,0.018035
78151,0.016981
57503,0.022669
76059,0.02059
21537,0.017901
210121,0.010985
116192,0.011524
13835,0.01313
161044,0.013869
25572,0.015769
93518,0.014854
213396,0.010624
40651,0.012084
46804,0.01776
202589,0.01304
84232,0.014643
19815,0.020745
205376,0.019575
143240,0.011803
29437,0.014261
2643,0.019404
141074,0.016879
50223,0.018308
171083,0.021775
47352,0.014118
241489,0.01479
186980,0.020775
101638,0.011607
173450,0.015192
182618,0.015811
226846,0.016142
231813,0.018478
88048,0.012219
128725,0.011972
203682,0.014069
104955,0.02137
163520,0.016187
209675,0.018459
177170,0.017625
231130,0.013683
218811,0.013708
217605,0.020472
13851,0.017579
105791,0.012597
137357,0.016912
233360,0.0131
228436,0.019019
198501,0.013421
4741,0.012072
185374,0.020923
169346,0.023727
20368,0.01584
208251,0.015488
59748,0.013551
1313,0.013746
78343,0.015805
202892,0.013786
29003,0.01683
24762,0.015207
88877,0.01102
214845,0.021175
61934,0.018111
18497,0.011076
184625,0.013895
55668,0.017484
97335,0.020438
28624,0.017156
223330,0.015968
115779,0.018794
88185,0.020409
17669,0.014003
106476,0.014065
197048,0.009765
98773,0.016368
191838,0.016975
236899,0.019529
32012,0.013407
36665,0.014628
171285,0.015027
127816,0.018013
149109,0.021539
175363,0.015233
239021,0.014278
65329,0.019685
22686,0.014968
113855,0.014111
106075,0.017351
39607,0.013734
35428,0.022842
142409,0.018641
222219,0.015774
163675,0.018776
76753,0.01804
229407,0.011287
198446,0.01116
23794,0.016202
163755,0.019254
63584,0.019892
179915,0.018017
233575,0.015407
184207,0.016846
104402,0.01741
71794,0.025482
206516,0.018755
228231,0.01618
203290,0.017627
72655,0.012719
159803,0.016163
52624,0.018626
234497,0.017177
216517,0.012407
200563,0.021161
193486,0.016977
237597,0.016877
144848,0.018156
125835,0.013821
212004,0.009373
107727,0.022289
242019,0.014459
5801,0.028884
150200,0.01769
140589,0.01276
91041,0.010193
111526,0.015725
39608,0.017329
4829,0.020792
20893,0.015386
64310,0.020351
150207,0.013618
201115,0.021763
194495,0.017476
61472,0.013702
123416,0.019655
213474,0.022702
148332,0.014435
108521,0.019243
45037,0.016139
75641,0.011861
227203,0.017507
84423,0.012911
91978,0.011989
62728,0.012039
102503,0.01996
209974,0.014192
226024,0.015254
151376,0.014132
87006,0.021958
198438,0.017223
17117,0.018455
234982,0.014355
199856,0.014181
34787,0.01506
143901,0.014898
205334,0.015416
144478,0.018323
175626,0.010286
25311,0.011023
241497,0.010734
236680,0.01435
235310,0.017783
29073,0.022925
93772,0.022538
69211,0.01574
150881,0.01272
182722,0.013205
103825,0.02243
189925,0.017442
224101,0.022726
92526,0.016744
51471,0.018194
80414,0.020032
92044,0.010807
183038,0.020428
139134,0.019739
86320,0.011626
196103,0.013344
174841,0.015475
67292,0.012328
108783,0.013954
11958,0.021782
151838,0.016592
148719,0.013763
236719,0.016421
55914,0.020855
181474,0.021361
182557,0.012368
231588,0.020342
4772,0.013186
79548,0.020572
2585,0.019681
161370,0.023138
198329,0.02299
139723,0.013615
21709,0.013355
248148,0.015612
160057,0.017128
79351,0.016214
63945,0.016367
147214,0.021154
98250,0.018069
241389,0.010557
145426,0.018569
76041,0.030028
245314,0.019451
20747,0.010379
207044,0.013796
166405,0.015502
207110,0.015654
192756,0.019846
209288,0.014057
58570,0.017902
4302,0.016941
136558,0.016283
19415,0.017456
196338,0.012365
32975,0.011279
6266,0.024849
174825,0.017579
101216,0.012738
104753,0.013426
208031,0.022487
71092,0.013723
35161,0.022625
37044,0.021212
88535,0.020126
42092,0.02482
57335,0.015063
248532,0.014011
18374,0.012089
124387,0.022639
135926,0.02573
236670,0.013095
194076,0.020938
82653,0.017429
182916,0.017321
20504,0.015328
76945,0.016936
17836,0.021817
61352,0.019847
17230,0.013652
127381,0.017511
76635,0.014282
101374,0.016912
5455,0.025359
128364,0.01378
203697,0.01046
141750,0.018576
119744,0.013705
95057,0.021493
238693,0.015767
160556,0.011559
69983,0.018604
131418,0.012585
20921,0.018076
193263,0.020415
125573,0.022313
175463,0.017508
1478,0.010747
123600,0.015741
44239,0.014338
181561,0.012138
125779,0.025566
129003,0.022777
232508,0.014971
90183,0.010212
94867,0.021775
20333,0.013758
55853,0.01784
119972,0.018367
193012,0.015038
96868,0.018192
21277,0.016485
194879,0.019447
114675,0.011888
8825,0.018654
241421,0.015804
163428,0.014164
66290,0.020703
43605,0.020523
138561,0.012223
143724,0.016938
227047,0.015002
4659,0.018685
45252,0.022728
34166,0.016692
186915,0.022246
237074,0.016124
160354,0.020854
40872,0.020655
53240,0.017604
136125,0.013511
74557,0.014094
165149,0.011421
80598,0.013824
47624,0.013268
125317,0.019186
189482,0.016504
5177,0.021393
191442,0.019401
240645,0.01013
214511,0.018688
53683,0.011968
11554,0.017186
214056,0.012597
132565,0.018377
188497,0.010962
150118,0.015381
25373,0.013187
204834,0.015278
172731,0.0173
140573,0.017877
193664,0.023291
166645,0.016192
25845,0.015071
239232,0.01934
154949,0.016009
180731,0.019662
208282,0.017443
206597,0.013867
65914,0.015879
201329,0.018857
167212,0.013509
139342,0.020018
239583,0.025571
76935,0.010657
200401,0.015767
78477,0.014619
167225,0.015637
117416,0.021203
49735,0.018944
193242,0.024945
34564,0.017274
249446,0.015579
23667,0.013224
169335,0.019156
155690,0.01574
149465,0.022695
132966,0.017961
141513,0.01283
205744,0.010586
235661,0.016659
106102,0.009766
126561,0.018001
163507,0.019414
61036,0.013409
166046,0.014864
122299,0.011408
221469,0.019449
110045,0.021503
137363,0.01611
208576,0.0174
246917,0.019517
214236,0.02455
49182,0.014589
237555,0.020352
176753,0.016634
145919,0.025757
92708,0.014604
186465,0.018972
81694,0.016646
19838,0.021955
232077,0.017867
229288,0.019778
189594,0.016311
18053,0.019752
169100,0.011432
204305,0.01279
161387,0.017374
17151,0.011222
179987,0.020825
189845,0.010959
154955,0.012607
189685,0.011653
207257,0.023663
156937,0.011426
152643,0.014968
212171,0.01021
99348,0.022194
241401,0.01848
17571,0.024631
90602,0.009318
164714,0.016257
238757,0.016625
67557,0.016267
49194,0.013721
4095,0.02001
127738,0.025016
246847,0.022373
159555,0.013748
49045,0.019877
143605,0.014465
69657,0.014452
48904,0.021229
237986,0.012595
144418,0.016432
67413,0.019663
20623,0.015747
146114,0.02206
139230,0.018767
30126,0.014408
71342,0.018201
189647,0.018575
72021,0.023861
12146,0.022757
246914,0.019001
103322,0.018393
21916,0.015061
23583,0.012316
110697,0.018044
99014,0.012737
186261,0.016486
40684,0.014206
92714,0.012441
171088,0.013413
185352,0.022664
86618,0.018869
228669,0.017711
144445,0.014462
202087,0.017366
80816,0.023308
33505,0.017366
233411,0.012677
116622,0.021587
18194,0.014858
93968,0.015612
199026,0.01195
237494,0.020019
64953,0.0156
49128,0.016314
219074,0.015032
34482,0.016419
33270,0.017396
29258,0.016538
141627,0.013596
208896,0.02077
198698,0.019473
47307,0.015124
87625,0.015166
36221,0.012873
183196,0.020615
161109,0.017707
101335,0.019647
74859,0.016533
229953,0.013356
100158,0.020105
147150,0.020233
220246,0.011182
141156,0.012209
52700,0.014241
63363,0.014162
81059,0.024793
150921,0.018069
3508,0.018351
20914,0.020872
226843,0.014198
81098,0.014889
199590,0.01619
43666,0.01801
98086,0.017056
224963,0.01008
68450,0.015598
223207,0.017466
169397,0.027596
205091,0.016461
69179,0.016834
224932,0.014068
202862,0.01533
207216,0.018989
111273,0.013219
228658,0.011284
35645,0.023864
20697,0.019375
35195,0.015895
144574,0.015474
21019,0.018585
200839,0.020811
225273,0.015304
234528,0.016524
233807,0.017539
188429,0.014045
222177,0.017675
155009,0.016074
44705,0.018287
224516,0.019585
153932,0.01881
231397,0.021975
219395,0.016943
166249,0.015602
98362,0.012097
146046,0.016244
55435,0.011741
168308,0.018416
11537,0.01776
9645,0.016895
196986,0.014087
134951,0.014351
122442,0.014797
219807,0.012017
71076,0.015622
70205,0.017422
112542,0.015768
30209,0.01069
91678,0.015152
20838,0.019599
209129,0.017869
29408,0.012059
204606,0.012775
86594,0.015954
24749,0.014626
151360,0.013387
231631,0.013614
111927,0.0209
228044,0.019523
95164,0.012837
215316,0.020004
27069,0.015047
55960,0.014488
70585,0.020163
141094,0.012306
88955,0.017237
220133,0.015617
70409,0.016668
222324,0.01908
224714,0.014675
10826,0.025423
201487,0.019733
232396,0.019088
164923,0.018397
178446,0.013621
54705,0.013996
109383,0.021728
179553,0.026657
219192,0.016888
82316,0.021677
201362,0.019185
182985,0.021885
217076,0.012716
133688,0.021454
77479,0.014646
244198,0.022099
112345,0.012771
158712,0.011261
20402,0.01556
126684,0.015082
73259,0.019626
165011,0.02177
77358,0.015019
145111,0.013947
157700,0.016214
59327,0.021063
86802,0.020655
72965,0.016574
87028,0.017184
233650,0.016241
39524,0.017403
81524,0.015408
46525,0.013037
245656,0.017303
229422,0.017652
94491,0.016944
122880,0.012741
192876,0.01987
13617,0.015809
114928,0.011262
51788,0.019863
72231,0.015737
129878,0.013365
217347,0.021451
248993,0.014347
194327,0.023025
196680,0.015376
221526,0.009335
138690,0.012856
70407,0.010544
1984,0.015329
249671,0.018136
86224,0.02213
88234,0.013791
26017,0.024995
49307,0.017298
211315,0.016698
199089,0.016814
228856,0.021624
40767,0.021377
17901,0.011387
25477,0.02448
165161,0.012998
151545,0.01491
249212,0.015611
55234,0.016817
30225,0.01456
30254,0.01637
30389,0.013425
76276,0.010924
94923,0.013938
159526,0.016323
145225,0.018784
106346,0.023769
128766,0.018689
18517,0.016176
235163,0.01447
42794,0.020371
42616,0.020435
226089,0.019675
68926,0.016139
64450,0.023055
34415,0.01785
172284,0.016569
189505,0.015045
35365,0.022538
114751,0.017914
61317,0.014588
232532,0.019231
24716,0.0117
12120,0.017222
102965,0.015042
216928,0.020316
154137,0.016534
167739,0.013821
102433,0.018974
53559,0.014051
166153,0.01853
101470,0.019715
146103,0.011965
29560,0.014162
214764,0.022343
136179,0.016201
78614,0.018117
189369,0.014445
209535,0.020632
60136,0.011356
167943,0.014035
151254,0.01525
128435,0.012518
99793,0.012326
214231,0.020257
168492,0.010111
20382,0.015833
65314,0.015235
205176,0.015232
202880,0.020093
11244,0.026699
86843,0.0154
26073,0.019342
84088,0.019357
67991,0.011806
189838,0.014515
3044,0.013918
100542,0.019143
188227,0.015699
3560,0.017008
105379,0.019529
153362,0.012146
110101,0.017661
5226,0.022953
82883,0.02036
105012,0.015503
14270,0.015801
14098,0.018031
180413,0.012635
200295,0.020978
50243,0.01784
27404,0.019262
232234,0.018098
66517,0.028149
131049,0.017712
89831,0.014296
57559,0.018455
78836,0.016529
119311,0.01663
135394,0.012754
44526,0.017592
227894,0.01522
247642,0.017149
37438,0.015761
21635,0.018517
172282,0.012756
26039,0.023911
162611,0.021234
209475,0.014227
142593,0.014931
92271,0.015459
223426,0.019803
38383,0.015227
202079,0.01509
9387,0.019142
92186,0.014828
212825,0.014987
118190,0.016298
176852,0.014513
23064,0.021343
50025,0.018402
3328,0.017502
238697,0.023919
231889,0.015681
29613,0.014722
76438,0.012774
154791,0.01459
231198,0.018707
128077,0.015314
120034,0.024328
132460,0.016613
80205,0.013843
229581,0.015658
184834,0.020494
104770,0.014079
241270,0.01685
74956,0.016433
90212,0.012212
57907,0.016862
41590,0.017142
101639,0.012479
162113,0.021519
28748,0.015115
143820,0.010145
204817,0.01366
174884,0.015957
87927,0.02831
91720,0.017601
153858,0.011773
156393,0.017533
201790,0.033512
214166,0.023319
228602,0.016744
130961,0.017219
202921,0.013551
242711,0.014417
180637,0.01891
117137,0.016176
21156,0.016392
145256,0.016091
191407,0.021084
29077,0.021479
237108,0.016802
5446,0.022368
20858,0.017796
130645,0.012913
54437,0.018264
248962,0.011931
83352,0.020021
221653,0.017686
181059,0.013172
126768,0.014693
126992,0.015169
7173,0.016855
155979,0.024399
75198,0.016748
184992,0.014704
63818,0.015105
151912,0.014128
67572,0.013213
205816,0.011389
145279,0.020368
82839,0.013987
238310,0.031343
86982,0.013761
29375,0.012722
66863,0.016835
48248,0.014924
51661,0.016261
209976,0.017161
218992,0.009147
157646,0.019022
214136,0.017607
142639,0.014256
9863,0.015316
56460,0.015246
12119,0.016998
135752,0.012905
24908,0.016066
205643,0.020767
77389,0.017845
201274,0.020093
126594,0.013374
157401,0.019762
243535,0.019149
179204,0.017253
86538,0.014504
144245,0.01528
245757,0.017216
140648,0.022309
154404,0.017953
56146,0.017568
171232,0.016247
79483,0.01864
122720,0.013944
193293,0.020489
220481,0.012509
9930,0.01922
218483,0.016671
139559,0.019495
167265,0.01612
3358,0.015322
56316,0.01727
44636,0.018502
59014,0.02096
178204,0.019682
198890,0.015514
128244,0.015724
37234,0.016334
154604,0.019259
119250,0.020019
223175,0.018285
196312,0.013985
50029,0.017087
136262,0.015362
14420,0.020576
20796,0.018096
246927,0.01579
110507,0.018297
178737,0.023209
97050,0.013027
81028,0.013283
6562,0.016947
164531,0.015678
136466,0.011044
196119,0.014881
209875,0.018922
181334,0.012254
54111,0.012324
179432,0.017153
249757,0.009568
43433,0.015818
85503,0.010628
154281,0.017438
109391,0.016526
31600,0.01644
36107,0.028424
147641,0.014878
239145,0.013016
119626,0.014742
21542,0.011562
41584,0.015635
215429,0.021825
227978,0.016389
234079,0.010888
192516,0.01878
60329,0.01553
83541,0.011225
194926,0.01906
8706,0.010913
61009,0.014929
85452,0.018618
201481,0.019479
156191,0.017177
77218,0.01337
54548,0.016738
113774,0.016278
134373,0.018806
114866,0.010269
199626,0.028001
166844,0.014272
196009,0.015475
151607,0.015114
12215,0.018387
1324,0.015355
211294,0.013617
13313,0.023822
12743,0.019589
232195,0.025531
132449,0.013282
157313,0.015017
88021,0.022584
61923,0.010771
84682,0.017847
211818,0.012857
152683,0.014398
7198,0.020941
243808,0.017297
189205,0.0191
197243,0.02163
164839,0.010818
85969,0.017227
104345,0.011492
244575,0.021208
152707,0.020078
91049,0.013986
4351,0.02237
64959,0.019392
233543,0.01947
113240,0.016703
95501,0.015935
179958,0.020763
247097,0.020416
65570,0.017772
226909,0.013311
134152,0.010375
197891,0.015857
105529,0.018262
132265,0.019532
47015,0.031422
24366,0.018564
84328,0.01573
140947,0.026907
63700,0.014458
188877,0.011935
110278,0.022944
52070,0.011817
175942,0.01578
158625,0.01308
59056,0.017061
93263,0.016006
158411,0.014243
6297,0.017406
186459,0.025838
231563,0.018738
95013,0.0218
927,0.017687
96974,0.014196
19186,0.014271
160443,0.017344
186835,0.01976
137612,0.013902
97358,0.018003
189329,0.01426
164229,0.015018
8400,0.025572
128352,0.017189
235702,0.0138
137437,0.018286
62293,0.013381
129492,0.010326
102712,0.016671
157782,0.014237
47215,0.0177
198757,0.01395
143992,0.016158
49088,0.013488
102058,0.015085
61760,0.013992
155867,0.01259
114820,0.014299
179056,0.028851
30684,0.010464
92075,0.018733
213731,0.016606
165558,0.018249
111905,0.016484
182293,0.011967
98859,0.010393
31067,0.016778
180330,0.018096
53257,0.019011
187125,0.017025
63842,0.015509
129757,0.015227
12105,0.018605
156639,0.026255
242732,0.017113
113123,0.018761
118959,0.018885
19493,0.01198
3620,0.014968
26537,0.019045
47405,0.013856
31292,0.01445
211912,0.017672
52949,0.017874
130234,0.014436
192623,0.017161
65588,0.014975
157605,0.012684
104932,0.015892
226102,0.015731
71949,0.013116
85776,0.01733
48218,0.021092
125915,0.023335
197683,0.01796
186942,0.014696
118078,0.020165
8928,0.011963
140920,0.02323
240086,0.017222
1132,0.018921
59771,0.016509
187687,0.01424
121920,0.016553
155536,0.018915
89132,0.019095
115116,0.018636
169976,0.025975
86267,0.017946
78337,0.017343
93920,0.019293
88620,0.012269
36406,0.014953
210052,0.020205
14870,0.017045
51052,0.016279
83090,0.02083
16397,0.018544
14616,0.021372
56690,0.015691
153794,0.022948
214903,0.020547
91238,0.013771
41799,0.027689
122930,0.017914
236849,0.017533
71269,0.015375
116528,0.020631
133543,0.014046
65700,0.021723
81470,0.017099
150026,0.010445
168137,0.016029
108551,0.019487
98664,0.010936
125009,0.018218
220972,0.015977
142438,0.012476
10856,0.015516
171743,0.015406
126233,0.016109
201151,0.014651
228290,0.014321
47242,0.01504
76280,0.015861
159274,0.014086
75076,0.014808
42336,0.02281
35631,0.023183
160611,0.017907
249765,0.022162
18243,0.016537
95244,0.020641
118662,0.014376
54125,0.011426
71889,0.023624
5383,0.021764
89297,0.019094
28760,0.018085
74777,0.016465
191868,0.01543
87012,0.016969
136884,0.017498
35231,0.014191
138301,0.018195
146608,0.016048
171110,0.021236
104477,0.021933
89197,0.016267
129388,0.0173
63107,0.01629
79038,0.015984
128923,0.015248
232611,0.01919
78013,0.016793
196620,0.01412
73325,0.019428
184009,0.018281
54485,0.014978
13161,0.016665
79186,0.019208
104860,0.018778
6065,0.019072
162693,0.01466
148271,0.027208
43654,0.015857
71354,0.013472
143314,0.017229
188905,0.015572
217116,0.027702
153284,0.018076
171936,0.016164
31500,0.017432
197460,0.014234
99895,0.015336
87230,0.014828
420,0.019794
18188,0.017006
40180,0.012394
57480,0.020844
139816,0.016211
58511,0.021233
160619,0.010684
249076,0.008862
205490,0.014702
79475,0.017849
140465,0.019004
200683,0.026439
182662,0.014516
48003,0.016667
73552,0.01925
7867,0.015305
203374,0.018073
78509,0.011281
71484,0.01447
190063,0.017042
65396,0.021028
86662,0.018488
132665,0.020114
73969,0.018907
236905,0.013158
33822,0.010768
233194,0.016815
55113,0.009828
82625,0.02142
186946,0.014091
187068,0.02033
32912,0.010458
110210,0.024625
129065,0.013239
36729,0.018483
98458,0.013559
7088,0.014276
12287,0.01464
39208,0.016412
140646,0.016533
236762,0.011844
39266,0.016222
208796,0.021247
245167,0.016075
26268,0.01589
514,0.014196
69956,0.017016
125074,0.014091
235155,0.01996
81127,0.024282
215710,0.020152
225544,0.012545
62363,0.01974
36897,0.019306
113135,0.00909
121716,0.013512
176149,0.015129
2958,0.020009
215425,0.015226
61560,0.017603
140674,0.022318
39614,0.011979
190587,0.021471
164692,0.015034
171336,0.017694
112030,0.018934
125265,0.020259
77814,0.018123
48769,0.016901
78172,0.016466
197599,0.016487
26199,0.016031
119054,0.016704
58281,0.012404
199025,0.014779
25590,0.022715
110059,0.030161
12820,0.019879
110038,0.014285
235833,0.013096
52336,0.011027
56845,0.015028
206858,0.02128
108949,0.015949
179642,0.019257
232783,0.018575
183913,0.017982
217859,0.016161
202029,0.014651
112443,0.014351
203972,0.01813
98436,0.017499
31602,0.014541
108894,0.018557
197723,0.020163
181297,0.020302
106354,0.009172
94247,0.021247
167625,0.012343
227125,0.015637
137683,0.016789
125378,0.044247
171176,0.014071
119883,0.015022
244192,0.020571
157104,0.017571
57700,0.013494
169248,0.014078
10741,0.011288
210831,0.015418
10862,0.016148
48319,0.019422
171519,0.018029
214654,0.019463
139085,0.014025
46862,0.013761
244112,0.014709
136818,0.011659
189454,0.015449
195098,0.019785
231469,0.011752
36840,0.013168
92404,0.013886
99075,0.013611
137980,0.017871
130576,0.011556
36318,0.024598
177412,0.017484
218885,0.019181
161544,0.026416
246564,0.016137
49993,0.017846
94027,0.02399
56341,0.020149
28721,0.016855
202814,0.020284
38855,0.010158
208421,0.019193
180037,0.014718
209335,0.019859
27598,0.017715
103897,0.019662
83999,0.020659
171480,0.017029
101145,0.015108
172064,0.018132
47959,0.020104
232579,0.02838
121632,0.00997
50326,0.022465
115151,0.013245
132870,0.014671
225180,0.01012
139450,0.015858
228761,0.015173
115095,0.019275
231574,0.012214
148603,0.029746
48168,0.016897
170362,0.016604
76669,0.007417
65163,0.012925
238777,0.019023
146666,0.018767
97735,0.01082
140737,0.018296
118316,0.021875
65970,0.023913
72861,0.015976
104224,0.019976
249265,0.017292
18122,0.013566
130903,0.019818
226106,0.016167
56745,0.019291
59335,0.018789
45973,0.010088
64858,0.016764
61544,0.016753
64030,0.014027
238148,0.015801
40462,0.011559
19540,0.018451
207373,0.01626
192494,0.018115
144037,0.018552
172227,0.01215
63180,0.019992
204842,0.014958
236679,0.016367
181019,0.017072
66002,0.019525
205514,0.012233
48046,0.015145
71238,0.014142
41027,0.018307
248932,0.016463
183003,0.01736
218763,0.01009
157446,0.019694
95686,0.014395
186729,0.012182
161392,0.019803
222819,0.020544
169549,0.020386
101383,0.011504
90748,0.01247
234162,0.013539
45241,0.016542
13894,0.013696
214097,0.023659
87695,0.018798
154312,0.011078
77406,0.017207
7745,0.015284
163070,0.021312
162376,0.022993
200786,0.024363
93636,0.015888
169729,0.011067
175497,0.012518
27304,0.020482
88111,0.014893
81754,0.009814
25779,0.015541
56905,0.020996
116524,0.020882
161215,0.016399
69647,0.011884
174902,0.017374
233265,0.019204
181831,0.01549
137005,0.010572
5417,0.022125
69557,0.018202
186326,0.019669
3562,0.014817
112213,0.01559
128167,0.019513
3108,0.010698
222167,0.018471
105161,0.010092
131163,0.017218
240191,0.01516
93615,0.014928
147738,0.016653
243248,0.018929
148257,0.017712
186450,0.014627
125033,0.022295
137535,0.014742
67717,0.019337
116618,0.021614
157956,0.011257
86116,0.021382
96368,0.017789
149131,0.016713
166397,0.011046
249082,0.012519
38832,0.014998
94498,0.018921
206136,0.016608
84513,0.017903
90330,0.011429
220690,0.017292
50673,0.018704
17084,0.016052
26504,0.017067
66287,0.013269
210471,0.018466
85433,0.014211
123969,0.02063
235084,0.014274
29909,0.011033
78715,0.020181
31236,0.015781
80375,0.019667
86238,0.018936
126159,0.015888
210891,0.01638
225556,0.011906
115241,0.016414
123594,0.017724
178358,0.012748
159669,0.013784
52985,0.019182
126338,0.011602
72460,0.019287
5624,0.01653
74664,0.01774
94096,0.013249
170459,0.019447
7117,0.016906
90867,0.019195
156542,0.019887
130587,0.017901
206111,0.017908
151186,0.010978
208998,0.020633
210197,0.019608
227995,0.01301
115482,0.013671
239942,0.012314
145301,0.015649
6971,0.016639
107249,0.017017
64007,0.019033
236778,0.023828
219317,0.015799
170115,0.016122
143888,0.017146
233289,0.017318
21934,0.018066
125585,0.023382
275,0.012603
12443,0.017088
244973,0.017347
264,0.013079
147606,0.023359
86174,0.015185
90758,0.012113
46120,0.014729
187208,0.016088
176130,0.02002
59486,0.016907
145743,0.01486
45954,0.017033
174172,0.01055
190509,0.02349
103844,0.016918
19183,0.022244
52455,0.015651
96078,0.017024
14384,0.016227
166745,0.01715
103153,0.021611
52682,0.019147
19986,0.013128
205714,0.011511
183880,0.016575
162153,0.018125
203980,0.016451
52281,0.016031
91593,0.014509
10076,0.01483
117039,0.022127
166778,0.01699
25608,0.030573
23411,0.013293
12056,0.019912
229789,0.016589
146185,0.017483
133464,0.015139
149126,0.013816
69097,0.015978
202699,0.020928
137128,0.015664
241400,0.014467
105053,0.018246
239730,0.010136
2762,0.017238
166332,0.013114
164028,0.019626
238577,0.013135
97437,0.014565
178580,0.019473
109587,0.013624
24116,0.013143
16643,0.011695
221149,0.010042
238967,0.01877
17090,0.013844
188981,0.016101
32353,0.011956
15337,0.017853
63785,0.017182
150031,0.015829
145082,0.018454
197226,0.013344
15875,0.013517
208295,0.02872
73867,0.019696
183065,0.01571
124951,0.019249
23741,0.019152
81131,0.02133
6499,0.020709
42410,0.012665
16879,0.014115
17572,0.018992
35340,0.020898
191472,0.018785
183290,0.014034
33486,0.020587
208906,0.020915
214658,0.01876
211405,0.017373
100522,0.014775
183928,0.014541
67683,0.016191
166142,0.011972
225159,0.015923
79464,0.018368
164755,0.015213
230815,0.016711
243223,0.014484
77829,0.015071
108360,0.020427
213832,0.018804
173020,0.019706
207574,0.011583
44613,0.015609
21217,0.016342
33248,0.015567
592,0.017315
7928,0.011777
190325,0.012141
185227,0.020449
207984,0.017622
230698,0.025578
149321,0.013189
150047,0.017146
142710,0.013478
101196,0.020986
57237,0.020787
216890,0.016743
133072,0.016154
161901,0.023645
202502,0.011157
135283,0.01011
53119,0.016892
24064,0.01547
111708,0.016144
66338,0.018903
248856,0.010225
236498,0.020908
138789,0.012033
87187,0.020331
36366,0.013793
164368,0.013675
158272,0.016387
609,0.017166
247392,0.019728
36744,0.025198
128889,0.016164
76646,0.012744
237417,0.018282
64863,0.018943
197895,0.016845
247931,0.021571
223337,0.019411
230346,0.023764
244995,0.015541
88307,0.019175
49557,0.016606
89308,0.011362
189016,0.015037
217722,0.014623
111151,0.016423
128284,0.014169
157878,0.017621
43076,0.018791
237959,0.043245
38610,0.015341
198858,0.014493
114773,0.012184
148969,0.015686
54907,0.017965
139229,0.018858
55526,0.018983
88137,0.01559
51301,0.018506
127594,0.012583
67470,0.010625
23962,0.017687
103719,0.015182
141808,0.023673
135731,0.015445
152319,0.01188
71392,0.014716
241268,0.018036
145946,0.017339
98235,0.010931
163880,0.023918
247608,0.014503
10875,0.016228
57787,0.0224
66714,0.023651
83882,0.018087
48262,0.015434
94496,0.018963
151421,0.012972
3466,0.018526
198530,0.016574
227870,0.018485
139111,0.019217
187858,0.016465
163096,0.020848
127135,0.018003
57656,0.015999
173076,0.019789
126534,0.016741
89489,0.015985
29435,0.026196
64941,0.015098
32468,0.016385
205381,0.01706
116795,0.013819
217350,0.013321
92173,0.013246
223381,0.017275
85909,0.017185
12739,0.018578
44538,0.038674
91960,0.018373
225768,0.020066
51818,0.018786
27775,0.018838
47460,0.012926
71129,0.017544
40620,0.018624
42492,0.017756
189656,0.015619
71824,0.020533
53222,0.01589
115445,0.023244
213541,0.017974
176669,0.021552
154023,0.014637
39438,0.01425
62486,0.016029
53627,0.020296
226757,0.01169
118305,0.012101
112711,0.014214
6902,0.019862
26540,0.020138
116167,0.027807
75564,0.01521
87786,0.015367
222469,0.01667
129189,0.021574
141247,0.013584
232706,0.019
198772,0.016038
144856,0.018115
103929,0.0242
217548,0.018615
51485,0.013378
62807,0.019474
238650,0.017275
246716,0.015539
185399,0.017027
46696,0.009406
35447,0.018035
206410,0.013826
208213,0.019675
190259,0.010999
126530,0.013287
108132,0.018953
149133,0.01917
33453,0.015275
237133,0.013719
1465,0.013233
238031,0.024859
61323,0.012594
244378,0.021654
63948,0.017274
172271,0.012225
178242,0.02014
158184,0.014511
152775,0.013439
52813,0.017738
141728,0.014875
89485,0.019497
159423,0.012051
14071,0.013993
29109,0.011512
216261,0.017756
177356,0.018683
154648,0.016241
230587,0.021602
41460,0.014996
58449,0.021756
90827,0.016322
1064,0.020073
211890,0.015153
28071,0.017162
103784,0.019975
95511,0.014791
223287,0.027547
164137,0.018811
226580,0.016748
111980,0.022734
150434,0.018635
213632,0.015342
82559,0.01413
35196,0.01259
31078,0.016719
65050,0.018761
128884,0.015905
65177,0.017381
177157,0.013975
206078,0.01769
115501,0.013265
79563,0.022644
211487,0.020055
168070,0.016595
72667,0.018907
21692,0.017051
40855,0.019337
90445,0.015528
173853,0.015265
188264,0.01423
210268,0.01993
141885,0.023192
94361,0.023466
146502,0.017189
161741,0.01483
218214,0.013952
7019,0.010905
41105,0.017593
123129,0.015977
74861,0.015776
102696,0.017406
227186,0.014633
231068,0.022136
21776,0.018308
165355,0.015968
249673,0.010756
102127,0.015241
24289,0.02134
26796,0.023178
249239,0.01878
89724,0.015945
185934,0.017068
115673,0.017526
116494,0.020002
63993,0.021718
93956,0.012664
43277,0.029924
239056,0.015673
245857,0.013683
224651,0.01106
97812,0.016641
99118,0.016505
152779,0.017863
229339,0.021511
206170,0.0109
181798,0.015066
98615,0.017354
73036,0.02123
9628,0.013929
82299,0.021614
179238,0.015333
142873,0.015365
78454,0.017773
41201,0.021085
201802,0.013999
22689,0.019669
76720,0.01401
33979,0.018134
243836,0.018571
194674,0.017492
238479,0.012919
141382,0.015116
121631,0.015956
99545,0.012436
227998,0.018583
180102,0.018851
12846,0.018901
214753,0.019222
178536,0.021771
34805,0.01754
212151,0.017887
8944,0.014025
114616,0.010629
54950,0.018073
193097,0.017698
30164,0.014402
130320,0.021062
125091,0.018296
112463,0.016335
169834,0.020389
127653,0.012935
99952,0.019585
69041,0.013837
45501,0.012326
209773,0.012083
185523,0.020626
168826,0.011562
176545,0.015467
64001,0.016387
134358,0.019942
54401,0.011493
155607,0.018824
118484,0.026596
23631,0.017682
223302,0.027258
172564,0.011002
167518,0.019523
107062,0.018066
14582,0.016775
174564,0.014237
222355,0.015569
71346,0.021108
88754,0.014221
201044,0.017282
77716,0.012374
60532,0.018511
169185,0.020159
194924,0.019016
153335,0.009886
190782,0.015096
30136,0.014243
71197,0.017986
93250,0.014884
57591,0.016124
96705,0.017479
144666,0.016246
225331,0.025455
249927,0.013833
31080,0.015796
189011,0.017994
3652,0.021089
111329,0.01206
184373,0.018993
119495,0.019242
94583,0.023543
43007,0.012672
1189,0.021424
63384,0.017914
243614,0.014821
146840,0.016762
194890,0.017227
99144,0.015297
74067,0.017242
172110,0.016684
233157,0.014689
67903,0.019085
75083,0.016135
105473,0.017923
40013,0.019154
46020,0.01502
236065,0.018363
229726,0.015571
227268,0.018964
182014,0.014198
228067,0.016578
170682,0.017405
222225,0.016601
80072,0.017243
165398,0.016415
167310,0.015118
111484,0.017913
91099,0.009927
217372,0.024394
41132,0.01504
55125,0.017964
195412,0.014276
132726,0.012467
80761,0.013899
143347,0.015956
106157,0.010143
151505,0.018679
62507,0.014168
63646,0.016316
30723,0.011112
66162,0.020732
118747,0.018156
204772,0.011164
27673,0.019231
33576,0.015939
113433,0.01842
32707,0.013593
150353,0.019558
94194,0.016094
70052,0.014639
226695,0.015869
71091,0.018115
18454,0.016083
69082,0.018614
61594,0.013794
235002,0.01608
94634,0.011685
220289,0.011791
72548,0.02073
139318,0.016939
182719,0.017187
204487,0.015315
122040,0.017625
43665,0.024101
210486,0.016911
248867,0.013588
10253,0.020077
220278,0.010533
115329,0.010896
37776,0.012979
227002,0.011171
191745,0.0135
33619,0.012853
205903,0.013705
214353,0.011114
18141,0.023746
75910,0.014593
196446,0.013817
213611,0.015082
121238,0.021318
137545,0.019869
135333,0.009083
139236,0.014201
58648,0.011729
82188,0.022906
8060,0.01422
200668,0.018024
159864,0.021748
71897,0.012552
179566,0.02017
222411,0.022198
175095,0.01427
141304,0.018492
194596,0.015634
60714,0.011029
107784,0.014756
19773,0.021187
229501,0.014188
179727,0.01718
232924,0.018018
66950,0.018316
84187,0.014069
147654,0.014273
86717,0.018467
84180,0.013326
14866,0.017232
204904,0.017553
82276,0.01607
131025,0.016876
39018,0.012516
54350,0.013156
140448,0.019267
167677,0.014865
161851,0.023797
179182,0.015052
165342,0.014228
102723,0.018988
223297,0.011136
146891,0.017382
198589,0.019176
201061,0.015245
106745,0.016212
32796,0.010399
26415,0.010636
160372,0.00986
198425,0.010824
24266,0.017177
23501,0.017262
129989,0.017539
136871,0.021124
146884,0.016827
150959,0.029724
103878,0.02787
80135,0.029697
143034,0.011848
248139,0.015972
137037,0.013802
138730,0.013685
113266,0.012581
193819,0.014946
43216,0.03037
98972,0.015378
193472,0.015803
248331,0.013366
242366,0.0093
197796,0.015425
56818,0.021144
245738,0.014425
115999,0.019847
112188,0.018948
48608,0.015079
141041,0.017123
198670,0.019836
82959,0.017977
137881,0.012674
38548,0.018237
120016,0.013942
174455,0.016847
3869,0.014815
40778,0.013729
202236,0.019765
32545,0.021041
131748,0.0159
129869,0.014287
165289,0.017331
134630,0.017237
62176,0.014949
164759,0.016583
209389,0.013461
221566,0.021874
37650,0.010158
153321,0.01744
106792,0.019134
83029,0.009806
144667,0.019437
82412,0.017903
6631,0.012625
71208,0.014227
148801,0.015592
166519,0.016301
222306,0.017644
162060,0.017642
16013,0.01485
36630,0.01767
5706,0.029404
70043,0.012123
67561,0.016474
209983,0.016652
204045,0.014541
175138,0.018392
56451,0.020515
143230,0.01933
40173,0.010494
99096,0.014344
229198,0.021875
138165,0.019521
190549,0.011147
4715,0.020302
224746,0.018704
141053,0.018657
89373,0.01947
121617,0.01384
170690,0.017596
105568,0.015055
33303,0.015437
541,0.013694
3934,0.022085
249327,0.014692
713,0.013747
164544,0.024
61365,0.014386
4245,0.020775
55060,0.012213
201780,0.021202
167569,0.008655
56393,0.01494
198342,0.011123
248762,0.01212
63494,0.014337
235212,0.016375
13265,0.020262
69618,0.010648
173917,0.013856
137316,0.014971
110453,0.02475
167627,0.012993
6846,0.023782
80734,0.019371
211522,0.014567
207479,0.023473
13688,0.018433
123661,0.020248
160191,0.014263
219662,0.01651
88732,0.025577
76109,0.017956
233618,0.012872
10869,0.014768
111954,0.023059
93373,0.015194
121695,0.010533
34506,0.010661
92690,0.015456
135210,0.016559
97981,0.014956
120962,0.01386
6009,0.023906
162585,0.01496
87219,0.012528
196930,0.012067
65524,0.019289
50134,0.022482
76513,0.017703
218360,0.01411
217826,0.019006
100436,0.011375
225322,0.019274
206529,0.011716
1534,0.014251
196564,0.016564
46280,0.011863
146711,0.021942
19942,0.021225
122209,0.014101
249093,0.011189
155438,0.011386
32406,0.014025
154230,0.022888
154818,0.01607
112679,0.01866
212433,0.010982
179914,0.011975
214742,0.019312
160829,0.016854
227733,0.020835
133827,0.02073
121774,0.013792
136113,0.012971
38646,0.020144
163080,0.02109
70405,0.016642
71692,0.021825
149628,0.013823
76774,0.010361
151026,0.011053
76224,0.016308
30296,0.012132
37843,0.016018
42787,0.028211
199186,0.014947
9923,0.016842
191982,0.012294
169139,0.020448
242896,0.020763
113308,0.017901
40591,0.017525
236177,0.018914
2648,0.018217
231724,0.029507
13463,0.018868
179738,0.017353
173594,0.013988
129832,0.010897
46680,0.013387
75702,0.013182
114936,0.020269
216513,0.015785
64111,0.014555
148084,0.021129
141934,0.015193
27077,0.017208
12398,0.018741
14959,0.020239
62940,0.013293
117674,0.019857
232085,0.011186
203557,0.016261
46353,0.014213
45288,0.012688
233020,0.020055
18830,0.016369
246255,0.019604
169135,0.022705
4081,0.016644
23721,0.016342
174187,0.011968
93355,0.017711
133863,0.018976
50056,0.019192
229681,0.012244
219796,0.017739
611,0.016114
178725,0.020733
75565,0.018894
234211,0.018818
222987,0.019906
170038,0.019875
108131,0.016317
246784,0.014005
80427,0.01558
80280,0.018759
74572,0.016388
62234,0.018115
207230,0.012733
32568,0.019794
190833,0.019285
140789,0.016996
189743,0.01088
182497,0.015512
126907,0.022194
80019,0.012413
161905,0.018021
29980,0.011389
108980,0.017017
49744,0.019923
9891,0.014414
175928,0.019661
124578,0.020137
107449,0.014135
85476,0.010548
197467,0.014706
206185,0.017225
24429,0.010055
196788,0.010026
181082,0.020859
157037,0.012212
153405,0.01678
174447,0.011374
163853,0.015989
23418,0.017099
201428,0.015813
72159,0.016478
113926,0.011699
116655,0.013624
80298,0.018677
44733,0.016152
131584,0.014281
160381,0.01711
205359,0.022035
110899,0.015064
82860,0.019434
56788,0.020309
41039,0.016929
248749,0.013617
232691,0.025075
74773,0.012465
204322,0.012898
191555,0.01259
181413,0.016943
211513,0.01443
118878,0.014375
161126,0.021142
107952,0.01406
9843,0.015283
156946,0.015821
176769,0.018745
213860,0.023866
38244,0.013008
188270,0.019439
234610,0.012319
98178,0.015844
211205,0.014122
80854,0.013089
52345,0.010584
68282,0.008387
210245,0.019958
79491,0.014988
63126,0.024548
201636,0.015344
84667,0.019061
172353,0.018282
92002,0.016559
162629,0.014113
206494,0.019713
215960,0.020457
42742,0.020664
212917,0.017091
156033,0.015952
16814,0.016181
96095,0.017744
126746,0.022269
121625,0.016217
206002,0.012901
221714,0.020572
83279,0.016766
111973,0.02562
112614,0.016807
135665,0.016234
69024,0.009527
51955,0.012146
21136,0.01776
159702,0.013967
15200,0.011043
172724,0.0131
241164,0.018858
217536,0.015257
66559,0.017169
15982,0.02015
160382,0.011395
216782,0.017277
125778,0.023431
169904,0.012459
218704,0.015782
76876,0.019551
193916,0.013703
234491,0.014497
238550,0.021724
28040,0.017704
105803,0.023313
38750,0.012161
156319,0.011261
163671,0.011689
170951,0.023773
98565,0.018073
127269,0.014278
117346,0.01253
224401,0.016731
5194,0.018635
179005,0.019651
247899,0.010327
149499,0.016153
27036,0.020452
70836,0.019978
161427,0.018212
218890,0.021245
29246,0.016051
38925,0.009889
3160,0.0224
144724,0.013885
18793,0.016147
225252,0.018035
212105,0.011434
151235,0.01356
120741,0.015845
157843,0.018817
125592,0.021685
108828,0.023635
15062,0.02199
176415,0.012147
18555,0.018212
199923,0.010802
21646,0.022874
83361,0.016495
190723,0.013397
181319,0.012054
130874,0.020387
174514,0.013026
224845,0.01302
153497,0.015487
56795,0.019168
40392,0.01791
129647,0.013914
12926,0.01906
170140,0.026658
172417,0.017274
217320,0.017708
151941,0.009919
191707,0.018229
114824,0.012269
194104,0.0126
154120,0.018404
230686,0.014607
214344,0.018063
174122,0.016627
146160,0.023983
20456,0.014412
213229,0.018881
13529,0.016164
26733,0.024076
145851,0.018488
52865,0.018331
194545,0.017005
236152,0.016901
116722,0.019869
109891,0.01802
241907,0.010536
115026,0.010947
219925,0.020035
79116,0.014154
52392,0.019458
3462,0.014813
21857,0.018083
225090,0.017862
123152,0.02015
130311,0.019259
145796,0.015493
131686,0.018118
130674,0.022243
152772,0.01769
32555,0.008499
192530,0.015211
20338,0.026354
92547,0.015918
74479,0.016531
244514,0.016159
166114,0.013543
192638,0.024061
201538,0.020834
15014,0.013281
240877,0.018707
136192,0.011672
95491,0.01534
98079,0.012154
15741,0.019269
107980,0.020263
11163,0.015962
136258,0.011756
124367,0.021369
149897,0.017902
200917,0.017437
60030,0.013707
123165,0.017428
44474,0.015505
6143,0.016073
141551,0.019021
20558,0.019338
20059,0.020647
162903,0.01432
225069,0.020014
155619,0.011716
13243,0.019695
156940,0.022016
19269,0.012507
211284,0.015419
211300,0.010585
9161,0.018708
128256,0.013524
113373,0.020944
242660,0.010103
244991,0.018432
148333,0.019493
143456,0.011328
164567,0.017178
56297,0.015724
169220,0.017345
39848,0.013613
114784,0.011673
165910,0.017423
102316,0.017924
101617,0.019775
47280,0.019717
223217,0.018243
237846,0.018938
10256,0.015921
199339,0.016923
214874,0.015908
202338,0.013772
239999,0.015184
242312,0.009577
240817,0.019173
167765,0.01641
45204,0.0109
159961,0.014901
120140,0.018543
75812,0.015865
240875,0.019717
133486,0.016904
175423,0.017946
241093,0.016631
48111,0.011019
215614,0.016672
175977,0.016126
230320,0.014565
43790,0.015913
28835,0.014198
203250,0.010515
188868,0.014692
233094,0.018165
187410,0.019029
204289,0.018389
241815,0.013229
171525,0.014195
228559,0.016497
230760,0.010947
43779,0.012052
206081,0.018264
99282,0.017638
187207,0.016713
25879,0.016451
109159,0.014869
53930,0.013585
182211,0.014048
101094,0.012993
205239,0.018148
242298,0.013392
247636,0.018859
206163,0.016045
190251,0.019956
71071,0.018494
230575,0.019209
182185,0.019965
61348,0.011794
195284,0.018794
129911,0.016438
109068,0.020572
120211,0.018167
120584,0.013911
8147,0.011834
222798,0.021525
157611,0.015654
107468,0.00916
1322,0.017682
212286,0.015837
28607,0.014757
50189,0.020403
20438,0.016585
128791,0.008867
111082,0.017576
118407,0.019802
180399,0.016923
123613,0.020585
143141,0.011726
178324,0.018339
87025,0.016539
107309,0.017481
24948,0.016634
130490,0.019586
147424,0.02115
178110,0.020776
201806,0.014603
148682,0.011503
218770,0.016631
227689,0.014149
111376,0.014887
228350,0.020508
211796,0.015042
9970,0.013941
70307,0.017816
167134,0.013376
236902,0.01402
76403,0.010764
155848,0.023576
193980,0.022965
241997,0.018027
104240,0.017309
221489,0.014268
103318,0.019813
52952,0.011297
129137,0.025267
47158,0.013979
217443,0.015889
14225,0.019665
72467,0.027165
243849,0.016465
105329,0.015541
14498,0.014614
224633,0.015415
93080,0.017199
26867,0.023178
117632,0.024754
138147,0.02124
8061,0.017675
95038,0.021228
22889,0.013293
127702,0.013652
130586,0.012824
88263,0.012751
156397,0.011162
187473,0.01357
197940,0.012305
104737,0.013512
178684,0.0117
89520,0.018636
97756,0.013587
120755,0.012541
180451,0.01595
173497,0.020906
20187,0.0183
36182,0.016293
244040,0.015462
101678,0.019258
128490,0.013939
29156,0.019169
24919,0.012036
222811,0.024483
26987,0.013419
21053,0.015342
4130,0.018366
178434,0.017775
96377,0.018595
4182,0.022861
154442,0.021099
235332,0.017944
75002,0.021106
167663,0.015932
56045,0.012301
150841,0.013744
80228,0.018433
215585,0.021604
236042,0.021111
214109,0.016731
100435,0.020394
96316,0.01571
129212,0.013043
231046,0.021744
83898,0.016999
54078,0.012164
178921,0.015888
41778,0.013305
31534,0.012481
222945,0.018117
64984,0.02126
198345,0.013993
40642,0.017099
131716,0.024701
114857,0.018055
19319,0.019077
151665,0.016053
26058,0.01336
61757,0.014761
229096,0.01639
237755,0.023682
216912,0.020708
124540,0.023726
245373,0.017782
60446,0.020296
175151,0.010561
151795,0.011304
193771,0.017872
93183,0.018855
228623,0.018392
86561,0.02135
49442,0.020827
34562,0.018345
7007,0.019336
124903,0.016181
172653,0.014771
10276,0.016393
155420,0.015315
24171,0.011551
125973,0.016634
94042,0.019727
151835,0.013167
214121,0.014433
64246,0.020277
133599,0.020679
200419,0.017517
176331,0.012335
111726,0.020217
53897,0.01288
20499,0.022463
202402,0.016558
107916,0.010827
25840,0.021771
108260,0.013059
198951,0.017517
219226,0.015933
105282,0.019716
237944,0.022307
54912,0.019555
69047,0.018254
244417,0.018839
172182,0.016943
108718,0.024064
108383,0.01557
221974,0.014804
155376,0.013942
150813,0.013898
205937,0.013058
75521,0.015503
200454,0.019461
201718,0.014611
138177,0.013512
65950,0.01338
14537,0.01467
158303,0.017235
106599,0.017666
103555,0.018955
104358,0.015021
29681,0.020138
136386,0.009608
181985,0.01042
189965,0.014461
228108,0.013122
19958,0.015275
212183,0.016069
119860,0.016637
205832,0.014583
190660,0.013338
148346,0.019123
239952,0.012319
90553,0.0228
112413,0.011353
81731,0.013532
176101,0.013426
42716,0.012567
190188,0.019997
57486,0.015513
93938,0.014427
57196,0.019286
223475,0.022394
94928,0.020581
236789,0.014299
134531,0.020804
228491,0.013697
211278,0.017955
123454,0.019225
207699,0.01826
161455,0.018353
242830,0.014844
67927,0.012804
162489,0.019731
112892,0.018635
144136,0.018196
152604,0.013187
236700,0.022029
162337,0.018657
209219,0.011719
44658,0.011391
155040,0.011624
174758,0.018433
164806,0.014598
183696,0.017583
69721,0.021245
107328,0.016342
15389,0.010264
75968,0.012449
166349,0.014825
58490,0.016206
78904,0.021456
156287,0.015782
167418,0.018677
186290,0.011304
182600,0.017189
64734,0.022739
74401,0.015253
109031,0.020504
211161,0.016135
143565,0.016736
79660,0.012723
12530,0.020662
180280,0.018027
246434,0.02048
46987,0.015625
14110,0.016728
120864,0.014335
23668,0.018557
145001,0.017254
168114,0.011831
195859,0.017884
11825,0.017619
148678,0.021144
42252,0.013489
11079,0.017204
154334,0.018927
147327,0.019211
123857,0.013609
74590,0.01736
204226,0.01204
29402,0.01666
121447,0.014295
124364,0.011711
136663,0.018497
53008,0.011168
132317,0.018783
32728,0.017626
249571,0.010842
221697,0.017415
164141,0.026709
134601,0.015112
94794,0.019679
79061,0.018256
224875,0.027142
106494,0.014606
95993,0.01783
103158,0.024028
56294,0.014882
153080,0.016131
213844,0.025869
175290,0.017294
49909,0.023644
214439,0.0171
198522,0.017998
136557,0.014697
226500,0.015561
237912,0.018619
191427,0.015811
13375,0.010992
154876,0.022495
177435,0.021114
82234,0.019095
118143,0.022828
114536,0.014581
216232,0.022682
149703,0.015997
149784,0.016556
85839,0.015114
117759,0.025243
159723,0.019847
164940,0.01198
109560,0.021757
144525,0.015115
195723,0.021491
94128,0.020931
29415,0.012307
72662,0.013971
16800,0.011955
28094,0.016211
231777,0.019624
241596,0.019957
156487,0.018468
238257,0.01746
124217,0.013174
34920,0.013649
91153,0.016432
110940,0.021648
26523,0.022241
227709,0.011763
155851,0.019405
226052,0.013508
143198,0.014731
98379,0.014967
92556,0.014193
17373,0.012216
185750,0.018034
205696,0.014019
157231,0.018683
91779,0.009332
160458,0.023171
35691,0.020532
184950,0.026213
156507,0.01442
88086,0.018179
17363,0.009707
227014,0.01509
238489,0.016792
12756,0.019951
108259,0.017319
44055,0.014175
34723,0.015478
69136,0.015813
134209,0.014355
226430,0.017936
213800,0.017053
64058,0.021834
133732,0.019173
19923,0.02011
101674,0.010636
95527,0.013922
62449,0.016766
2458,0.018873
226501,0.016346
142939,0.0094
69958,0.012193
90737,0.01152
73907,0.017795
133553,0.017736
191526,0.013402
219438,0.015284
124632,0.020705
60370,0.019861
93963,0.019355
217289,0.017547
154200,0.022464
93332,0.017426
95766,0.022571
248402,0.016081
233818,0.013098
168724,0.020104
38913,0.01115
227486,0.018398
108690,0.018945
127020,0.01919
116254,0.016496
88235,0.023729
40515,0.017736
96290,0.02351
175078,0.017223
80477,0.019118
56787,0.018212
56255,0.017304
63677,0.019361
164250,0.016369
27420,0.011925
233258,0.01595
3393,0.014992
212339,0.013386
107212,0.016031
207480,0.020242
32240,0.015545
74688,0.013954
154472,0.014726
70204,0.015451
23431,0.018046
98537,0.013042
190653,0.013663
180471,0.019572
38366,0.015233
100810,0.010948
89846,0.013081
25398,0.012328
227993,0.010246
218093,0.015027
216640,0.021708
150702,0.014091
206805,0.01815
102947,0.023886
244774,0.015327
76872,0.011121
218782,0.014135
105955,0.010016
70524,0.010463
53740,0.017329
97751,0.016566
113820,0.011786
198253,0.016795
246907,0.019482
229016,0.021068
79144,0.013098
75984,0.009423
10777,0.018056
37643,0.016171
163992,0.014683
84650,0.009839
98701,0.015382
141777,0.01612
152190,0.013265
55037,0.013684
143291,0.019776
21572,0.020917
225075,0.020351
242556,0.01342
67340,0.017854
6612,0.027118
155371,0.01399
129,0.017881
188208,0.012584
76116,0.014885
129043,0.014496
143375,0.015084
165932,0.020785
226939,0.010014
95639,0.015572
185707,0.020058
224168,0.022926
69678,0.019006
198310,0.016057
19646,0.021134
8865,0.016603
203547,0.016009
213351,0.016493
2106,0.016952
26134,0.020229
164213,0.027721
247261,0.013956
190585,0.017067
90271,0.017217
222171,0.016826
171569,0.014436
143237,0.020638
228366,0.017943
101561,0.017526
12463,0.013962
24837,0.01208
190748,0.017216
163959,0.019588
132790,0.02097
196640,0.017046
129018,0.01467
175738,0.012995
71105,0.019488
67101,0.018157
233621,0.013591
191469,0.016304
42917,0.020408
188310,0.018975
208196,0.020928
103779,0.020015
181907,0.011045
149023,0.021106
185388,0.014936
163792,0.018398
107295,0.018426
64381,0.01762
6281,0.023678
12998,0.013293
224930,0.019481
232083,0.015845
216198,0.015046
136358,0.011787
224044,0.022569
203243,0.019222
111855,0.01616
194780,0.018944
72343,0.017117
95978,0.018272
148013,0.034512
52143,0.017614
110845,0.021263
75013,0.014193
228759,0.015066
79695,0.025473
56118,0.019267
50157,0.017193
229499,0.016562
86834,0.021065
32712,0.012585
164642,0.018589
249895,0.019932
157552,0.013389
129660,0.016184
248816,0.018837
72727,0.018762
141851,0.012412
137861,0.018372
249062,0.018586
217840,0.018436
63252,0.017242
137602,0.015556
222870,0.017133
104311,0.015699
15168,0.017667
123640,0.022731
1307,0.019002
190482,0.016159
191367,0.011651
93877,0.022003
146110,0.02303
114436,0.015169
81908,0.016224
17813,0.011455
226990,0.011681
24757,0.015466
68442,0.01588
63050,0.019416
123028,0.018796
187007,0.014036
82732,0.015812
144972,0.014409
47276,0.019491
166083,0.016523
114876,0.011644
13809,0.012337
81784,0.013422
3007,0.011761
112039,0.022446
153679,0.01559
72608,0.019112
98152,0.014955
25415,0.018924
20108,0.013902
179628,0.019808
133681,0.01268
44612,0.014835
115347,0.019846
49003,0.011336
191205,0.014507
150910,0.018656
210886,0.015416
11032,0.021174
207177,0.015615
236116,0.019485
37494,0.018471
232329,0.01843
168325,0.013825
59798,0.014517
21244,0.013385
191267,0.020959
203197,0.010704
245423,0.019808
91491,0.013599
108146,0.013409
238457,0.016291
87844,0.016461
235974,0.014593
54553,0.013061
131982,0.023161
120136,0.014376
160559,0.016946
105323,0.016531
191381,0.023193
203863,0.011857
233102,0.01482
56389,0.019044
111642,0.014804
22784,0.012282
40641,0.017419
15844,0.024351
73782,0.012309
75696,0.013864
143966,0.015859
98743,0.023675
106400,0.013001
54190,0.014713
203195,0.018195
233267,0.013251
112948,0.013373
82212,0.013392
189119,0.011183
61780,0.015229
155443,0.023309
33990,0.013193
122563,0.016909
219470,0.018439
25958,0.01786
149672,0.016161
129592,0.016909
183950,0.015557
56323,0.015418
130501,0.017231
119652,0.0178
137665,0.022188
220758,0.017395
188096,0.011211
23246,0.01162
202384,0.017395
226388,0.01813
244135,0.014664
145106,0.010797
241274,0.016426
153134,0.015075
144289,0.014936
14565,0.013308
226776,0.013093
211500,0.013413
243819,0.016121
73836,0.025207
193978,0.019338
216378,0.018472
220168,0.014454
109205,0.02356
190537,0.015302
220335,0.016254
219327,0.013644
234005,0.013399
183863,0.01117
109535,0.019496
76728,0.018948
32668,0.010679
39051,0.010892
31663,0.012656
67061,0.02031
181170,0.01508
229357,0.022066
58158,0.017842
239904,0.013746
142400,0.016605
125508,0.021942
126205,0.018326
93755,0.020668
197917,0.019445
248713,0.014653
85256,0.01354
84095,0.010831
24893,0.014397
173383,0.014647
42083,0.014032
244756,0.023768
56956,0.014246
52388,0.014183
73763,0.023201
3675,0.015984
249692,0.013989
82647,0.019522
36435,0.02274
20474,0.01408
147456,0.016963
202237,0.014718
201503,0.023807
21879,0.020852
26466,0.014538
70100,0.015983
148652,0.015536
169222,0.016782
106965,0.016471
122788,0.016113
73910,0.017956
148440,0.016631
60178,0.018759
98425,0.017613
49443,0.026853
105346,0.017782
4536,0.019188
31879,0.01009
93413,0.012719
13560,0.018345
39799,0.014061
35957,0.017793
186739,0.010862
195748,0.018061
120283,0.017696
115234,0.015487
1176,0.01286
193633,0.023193
155399,0.018958
196094,0.017409
55557,0.013845
17598,0.010462
179659,0.015613
147279,0.018421
43990,0.024923
157964,0.01022
26660,0.01184
233564,0.011029
159419,0.014739
241051,0.016283
111036,0.023069
99659,0.011328
245661,0.023484
2721,0.0123
57720,0.0195
118072,0.018584
42187,0.02119
858,0.016236
130116,0.017862
241941,0.018252
213241,0.018463
59144,0.023054
14549,0.016213
141055,0.020413
49624,0.011816
205004,0.015825
59276,0.017822
118895,0.02139
71797,0.012276
124282,0.021772
5241,0.022776
209822,0.014423
44821,0.013283
146959,0.021257
237648,0.022818
109322,0.011504
80786,0.024606
54145,0.015013
214258,0.024482
75148,0.01376
138500,0.021764
116426,0.014983
124547,0.015262
155342,0.025533
71730,0.01759
76031,0.015095
188548,0.018033
180250,0.018238
85827,0.019733
42721,0.016535
104175,0.018383
61916,0.013985
79832,0.02339
145385,0.013345
241847,0.013652
71149,0.014155
157150,0.015705
15469,0.017109
143298,0.012003
186368,0.013259
32846,0.014851
175134,0.015369
128859,0.013209
174990,0.013311
233687,0.018201
11153,0.022162
4044,0.015762
4853,0.017446
124884,0.021954
115656,0.014572
37942,0.015431
34940,0.021098
95514,0.024704
174036,0.017349
125002,0.020363
83242,0.013754
146752,0.018923
248738,0.018295
221848,0.019044
206552,0.018906
188079,0.018012
167370,0.018272
70033,0.018807
93252,0.011558
162206,0.01572
142011,0.01684
234640,0.009496
49973,0.026629
153956,0.016112
124688,0.014219
104917,0.015854
60977,0.012781
216147,0.019856
23785,0.015557
227703,0.011891
146698,0.01663
101245,0.017084
123500,0.015836
28637,0.027444
164860,0.015774
138074,0.014122
75080,0.014187
8643,0.014219
141910,0.015623
75754,0.010626
75422,0.011937
12789,0.019475
115366,0.01604
132742,0.014919
68375,0.021089
237259,0.016202
56270,0.012608
29816,0.018748
103486,0.01351
224416,0.015711
219627,0.01644
175201,0.010995
57868,0.015957
32598,0.015199
247131,0.012527
120010,0.014597
30085,0.014751
115487,0.022562
246457,0.018041
227406,0.017863
240274,0.022345
101484,0.018377
90629,0.013946
243175,0.021392
86083,0.016014
124268,0.018097
83482,0.016352
160363,0.010852
48765,0.012587
44056,0.016982
15365,0.013431
231463,0.020109
186985,0.013812
97526,0.018346
35952,0.026214
113733,0.01351
101833,0.016035
74858,0.018819
48666,0.016664
161538,0.012835
245814,0.01351
223697,0.020709
73875,0.020979
126774,0.016699
99499,0.014289
25576,0.014456
200778,0.020577
237891,0.02483
153624,0.019497
109239,0.017709
63467,0.018889
211002,0.016695
225616,0.013351
120597,0.016684
92528,0.01121
198848,0.012338
164209,0.017972
144161,0.012257
186272,0.023844
129645,0.013137
21272,0.020805
110905,0.012831
169928,0.022689
150314,0.014386
75457,0.013826
159064,0.013568
176168,0.014724
80965,0.019878
3305,0.018814
16405,0.01467
44747,0.020166
203857,0.01767
237707,0.017338
225148,0.014119
235577,0.014608
215156,0.020284
159396,0.013441
115547,0.011566
128453,0.013832
82323,0.017916
125171,0.017355
189555,0.013663
201322,0.019322
165615,0.015139
121148,0.011959
53294,0.018246
63005,0.015731
66318,0.022093
211987,0.0115
217309,0.01174
15969,0.012732
179228,0.01998
150043,0.014848
233808,0.011303
102038,0.025787
70338,0.018411
24940,0.0179
36860,0.011413
144315,0.011779
110284,0.019408
2431,0.015591
187066,0.013796
232665,0.01433
23599,0.012327
168605,0.016277
89048,0.013923
25847,0.012944
46346,0.014008
186126,0.013984
157111,0.019279
190480,0.013598
117221,0.015058
208431,0.017852
209520,0.022367
111673,0.015951
150646,0.01239
210889,0.015857
181653,0.020712
137220,0.014033
228875,0.017635
121585,0.018621
8396,0.013139
73003,0.022824
221096,0.016969
96409,0.014812
244268,0.013091
59681,0.01948
167399,0.012477
153463,0.019656
72218,0.010819
175698,0.012822
217932,0.012358
97322,0.014664
221232,0.022353
110503,0.019795
118774,0.014117
1140,0.017686
44768,0.011697
91971,0.013943
181327,0.014561
78706,0.018707
145092,0.017847
28587,0.021903
219036,0.013374
84536,0.010521
29892,0.016951
242779,0.01488
205697,0.016365
216938,0.019836
33013,0.021175
101581,0.021098
212693,0.014849
156219,0.024567
126174,0.019216
38416,0.014268
59487,0.01777
52240,0.019697
245,0.014712
167052,0.014632
74528,0.016858
69695,0.012133
37847,0.017421
28612,0.021189
177653,0.015437
239802,0.019856
106510,0.015738
219086,0.014283
70511,0.012901
115291,0.014988
233542,0.013248
86878,0.019779
73194,0.020713
68453,0.018061
247116,0.019613
129395,0.014689
31362,0.01529
26794,0.020789
153729,0.01373
62285,0.02164
145981,0.017066
232618,0.013862
203068,0.015842
179721,0.016896
15057,0.016857
102510,0.018223
249173,0.012593
155700,0.01554
203751,0.016206
155730,0.019508
140393,0.024871
56940,0.020418
50772,0.018884
228210,0.018212
24722,0.018924
216989,0.01273
73675,0.024622
191360,0.015832
215630,0.018878
70181,0.017518
154077,0.019325
85273,0.018271
98657,0.010618
184182,0.018001
141666,0.019103
154958,0.013146
67392,0.011676
179797,0.015675
131697,0.011575
32859,0.018844
158781,0.018171
177752,0.017667
102160,0.012127
104897,0.018441
172823,0.018134
69899,0.015584
237506,0.018765
5981,0.014615
16972,0.014238
103297,0.016172
4190,0.017747
64851,0.016297
206135,0.016855
165948,0.015252
96569,0.012914
199088,0.016799
88381,0.023949
5297,0.019903
97594,0.015131
162477,0.013896
62961,0.015736
154091,0.018863
74734,0.014773
230599,0.022613
95807,0.021735
18449,0.017335
155544,0.015472
50404,0.023721
220132,0.017251
228373,0.013112
119212,0.014046
231645,0.021524
201540,0.018349
203021,0.012424
192853,0.026659
211837,0.016269
137799,0.016434
206832,0.015932
214073,0.013441
49417,0.020119
43488,0.016102
207596,0.018686
11009,0.01831
27633,0.025322
238557,0.016715
1688,0.009922
145617,0.015507
81710,0.011503
89131,0.01204
4347,0.030751
220732,0.020353
221674,0.010879
167270,0.018725
189102,0.015572
100094,0.017023
234667,0.016869
191772,0.02439
184416,0.01116
221582,0.027321
192706,0.016151
74403,0.019914
490,0.015379
15223,0.011117
10519,0.013318
160147,0.016231
45359,0.014059
80401,0.016573
74786,0.022518
1362,0.014361
98578,0.012521
245833,0.020259
176783,0.020003
49756,0.012702
93464,0.012436
36295,0.025612
191311,0.017829
118741,0.018029
99762,0.017201
162788,0.019379
57957,0.016779
85715,0.012895
7259,0.020339
11795,0.020398
6098,0.018527
235414,0.01595
7868,0.014486
70753,0.013711
76095,0.017486
53318,0.018785
231287,0.014123
108419,0.01268
92231,0.01162
103691,0.015065
209070,0.018051
209086,0.01713
9252,0.015046
229099,0.019925
189887,0.009835
2568,0.013594
155649,0.01233
171296,0.0194
142686,0.010549
94159,0.023164
14926,0.017241
119543,0.020661
37037,0.020891
177702,0.021886
61566,0.015743
191674,0.016121
222827,0.019179
245877,0.017026
78570,0.015325
138792,0.015045
225224,0.018679
40444,0.011316
208475,0.023292
131639,0.013224
31426,0.016811
181352,0.01523
195667,0.011723
73298,0.018716
215702,0.012716
195062,0.017662
175468,0.013807
49610,0.022688
18946,0.016273
200973,0.021068
133913,0.019169
74272,0.016709
245698,0.015577
160950,0.014596
143636,0.015575
119204,0.014611
63515,0.015062
232448,0.016695
210606,0.010556
148886,0.014008
126503,0.012337
161010,0.011094
76662,0.012472
29267,0.023176
94365,0.015017
246193,0.021598
129288,0.012253
83691,0.017946
71896,0.019901
189383,0.016329
62219,0.010658
124697,0.012346
54596,0.014455
171039,0.012783
26595,0.011569
88308,0.017577
78190,0.016666
72333,0.01671
199735,0.01976
133134,0.013694
107166,0.012659
139139,0.019626
150834,0.018438
171101,0.023085
2366,0.012673
117136,0.019657
84848,0.016419
41011,0.019064
134814,0.014181
32672,0.017152
174301,0.014396
70705,0.013722
135928,0.01802
149322,0.022513
37064,0.016221
42238,0.023491
144302,0.010126
4433,0.019418
77769,0.013799
194417,0.023258
168227,0.016403
219146,0.012118
76644,0.013766
191045,0.017492
87278,0.01516
131062,0.022238
130324,0.010207
98193,0.020301
82777,0.0113
77881,0.008669
157449,0.011871
145639,0.020931
189693,0.016243
49737,0.018629
202634,0.015924
31502,0.017088
117767,0.019455
113451,0.012541
233748,0.016436
19117,0.020873
177072,0.013887
196212,0.019535
139079,0.01795
168156,0.017296
152047,0.013349
3964,0.013836
22309,0.015559
201049,0.021271
21350,0.017724
112003,0.013917
208249,0.014407
140163,0.017443
226174,0.013928
108810,0.020371
143647,0.012739
200353,0.013962
29463,0.015869
61890,0.012151
156299,0.021419
145934,0.018524
45049,0.019403
128828,0.014699
150315,0.014067
176504,0.015755
71572,0.018
46319,0.01142
72112,0.020133
143040,0.012913
164562,0.012687
33471,0.016363
222000,0.017224
94723,0.019853
76596,0.019711
177229,0.016438
212965,0.015003
192397,0.019107
120369,0.011281
78770,0.015475
77693,0.016889
111863,0.021019
54661,0.015866
126437,0.020582
63533,0.020131
58150,0.021321
71728,0.020462
135636,0.017678
223924,0.022593
132505,0.027186
38058,0.01209
152596,0.01467
63068,0.019481
159916,0.014213
833,0.015709
27469,0.016139
112270,0.016752
81487,0.023492
123839,0.016028
94191,0.022237
127448,0.01851
66380,0.026278
3439,0.017449
211848,0.011775
146234,0.013496
220339,0.012818
195514,0.013159
65441,0.021432
76296,0.01197
155459,0.02117
203679,0.015478
15414,0.015795
237030,0.016887
203316,0.012957
171437,0.019834
245791,0.023284
64923,0.011498
129493,0.015105
236302,0.016744
103926,0.019883
208297,0.021548
199655,0.018087
44094,0.011358
236986,0.019433
221681,0.018289
231264,0.023513
41121,0.016176
45974,0.01382
20053,0.018129
45343,0.017605
116338,0.021376
170547,0.019076
165612,0.015469
99220,0.016371
100651,0.015301
206307,0.01647
175712,0.016162
70806,0.015421
61277,0.015018
26124,0.019615
235703,0.012213
199075,0.019199
196283,0.014564
215009,0.014138
185358,0.021109
234881,0.012954
166295,0.008867
80837,0.014911
102637,0.019661
8923,0.014579
27295,0.019243
16307,0.014357
225300,0.010242
156131,0.023565
164653,0.015973
172696,0.016446
238561,0.017121
154407,0.017788
58289,0.014464
28589,0.014471
218118,0.016162
56041,0.017445
110428,0.017703
242709,0.01333
72332,0.023438
60398,0.01223
11304,0.016778
126615,0.018366
101197,0.017203
168121,0.01216
219868,0.013336
41942,0.02076
196745,0.012621
130167,0.015761
14685,0.014856
1128,0.014309
247299,0.017938
78474,0.017617
121833,0.017267
81881,0.016361
54680,0.012933
76780,0.018336
63697,0.013594
85434,0.016521
5671,0.016894
244505,0.021536
3612,0.020589
45258,0.00977
58476,0.017576
188182,0.020476
98601,0.009957
238267,0.014702
149398,0.014767
188672,0.012261
69,0.024036
37412,0.016709
24649,0.018328
21848,0.021858
221381,0.014126
137177,0.014697
195610,0.020285
166488,0.01178
216070,0.0252
190558,0.015657
164644,0.012184
155895,0.019708
46674,0.019946
108467,0.017143
58917,0.015458
88627,0.019846
143136,0.015421
244434,0.01871
179593,0.020927
102341,0.023116
63130,0.018925
126367,0.018569
86119,0.016194
244606,0.015703
113477,0.014849
97092,0.018247
185030,0.018806
40570,0.020415
214386,0.015415
59890,0.018859
147261,0.015322
239970,0.019196
218275,0.018296
121176,0.013603
60437,0.011997
208810,0.017731
195808,0.018514
1942,0.010338
242851,0.016301
179910,0.019837
13887,0.02001
65008,0.017248
241631,0.014059
11985,0.019453
114658,0.016227
166199,0.011268
181824,0.018163
22458,0.015682
150134,0.018294
182963,0.010793
212852,0.015042
239133,0.017983
209924,0.016056
212364,0.014447
223344,0.023405
189824,0.014046
32950,0.01263
98922,0.026445
10838,0.017125
139802,0.014819
70515,0.01738
90643,0.012506
142274,0.017846
78637,0.012778
172940,0.01728
234925,0.014265
105784,0.015815
32962,0.021786
89386,0.01565
219101,0.0155
218856,0.012681
12715,0.021917
155007,0.019722
186672,0.014982
67154,0.021937
51015,0.019243
176487,0.013834
39569,0.020088
227656,0.015205
232355,0.0217
53672,0.020866
117852,0.018262
139253,0.02271
116734,0.023698
89438,0.015732
130974,0.015557
8697,0.012348
185141,0.017422
92015,0.010773
150642,0.011328
101779,0.022777
224636,0.024939
183429,0.013911
133940,0.021803
26219,0.019826
65862,0.019976
135409,0.015147
19381,0.019654
56302,0.021907
115727,0.01933
248415,0.019849
11541,0.017231
49397,0.024008
129133,0.014553
185940,0.021378
160835,0.012747
140195,0.02049
186015,0.021891
123763,0.013432
108767,0.015992
121370,0.015559
79299,0.013046
195372,0.019455
58654,0.017239
192060,0.017678
9238,0.015052
118697,0.018894
148258,0.013118
73277,0.017871
248133,0.011308
242084,0.01248
154748,0.01874
125140,0.018324
5451,0.022935
70493,0.01125
82533,0.016813
108054,0.01579
151596,0.009888
218920,0.011334
7544,0.013578
38343,0.016877
58206,0.02368
151068,0.014174
19963,0.017244
235910,0.010495
146665,0.021519
88981,0.019654
208517,0.022128
21940,0.012651
116620,0.010209
111655,0.017957
186705,0.016599
179547,0.018838
86092,0.016017
114003,0.01356
249871,0.013274
131615,0.01491
154971,0.016991
24861,0.019739
76934,0.015108
247547,0.011566
83182,0.015965
202971,0.016802
85774,0.011225
201799,0.022177
189664,0.014037
200705,0.019289
145400,0.009809
113408,0.015355
21097,0.017944
19828,0.015422
185181,0.021198
78681,0.017352
154276,0.017183
77480,0.017296
138558,0.023909
107251,0.015595
84268,0.01325
13508,0.016319
130232,0.016673
207678,0.031145
216082,0.019261
62277,0.022353
55802,0.018126
95434,0.015381
224419,0.016766
37265,0.011831
7110,0.020281
249297,0.0111
28743,0.017767
34194,0.014793
181015,0.017553
184390,0.014621
38241,0.019235
231659,0.011961
183971,0.012257
186837,0.020158
148311,0.025307
31370,0.01504
16374,0.011808
93778,0.013967
100734,0.010133
84939,0.016657
47121,0.017712
165876,0.016721
60026,0.030259
154948,0.018916
117585,0.015735
5199,0.021965
52616,0.01153
117911,0.017339
187046,0.019916
82192,0.015563
91135,0.013858
96010,0.01803
46516,0.016492
56998,0.013396
179594,0.021617
110582,0.015472
116757,0.016531
34794,0.013723
149584,0.014372
232465,0.011265
66762,0.014948
153948,0.020434
195261,0.01742
203929,0.019543
220734,0.01536
195238,0.015404
3898,0.014425
200507,0.018885
52367,0.021547
203285,0.01342
227826,0.009882
26823,0.01344
31430,0.011861
173428,0.016797
29959,0.017925
11579,0.022854
137193,0.017221
212066,0.020279
239513,0.018185
223869,0.017346
111670,0.013318
162990,0.013871
244760,0.01544
187590,0.016147
58384,0.013183
51929,0.01246
241914,0.019428
82496,0.024216
35625,0.02251
243615,0.019522
236124,0.017077
35800,0.013116
82731,0.010516
109713,0.011476
92985,0.020651
91000,0.010215
33644,0.020116
76437,0.013325
198540,0.013671
136195,0.012109
58484,0.024203
165207,0.017969
87472,0.033946
218439,0.017166
87139,0.025895
37014,0.016815
242047,0.010978
50548,0.021619
27866,0.021133
206744,0.022842
50636,0.019799
121503,0.010622
60665,0.019597
186597,0.021607
158279,0.017869
246990,0.016997
130138,0.012938
46926,0.017674
159988,0.013596
229314,0.021631
195197,0.014098
69729,0.011872
86387,0.018435
88934,0.016524
22504,0.016901
75749,0.015619
242478,0.015861
136052,0.011166
130969,0.014544
127822,0.013745
107584,0.015091
248185,0.016827
84704,0.012859
235192,0.014818
46440,0.016371
73987,0.017211
83348,0.012898
76453,0.010613
177513,0.010401
97730,0.015894
206520,0.021099
14322,0.011267
178799,0.01336
194959,0.013439
53171,0.02094
206675,0.01863
221919,0.017984
6550,0.018128
62988,0.017179
124940,0.023229
188416,0.014345
190458,0.015301
89409,0.01638
152448,0.019625
38651,0.012862
46627,0.009555
59727,0.020048
168045,0.017737
49903,0.011075
215571,0.027063
174631,0.014056
70398,0.030399
107222,0.009199
99838,0.016726
224070,0.018907
111733,0.015358
147352,0.016845
134492,0.015208
244539,0.015421
188275,0.018853
187888,0.016842
180735,0.012493
16934,0.013625
205052,0.012619
198071,0.012935
65945,0.018149
106519,0.013665
186171,0.018674
67719,0.014714
187248,0.026001
236190,0.015501
232537,0.019519
109468,0.016592
226371,0.017681
231403,0.012056
77641,0.017252
17672,0.011867
33001,0.013484
145095,0.016159
42137,0.020142
225116,0.017071
20413,0.018065
130430,0.018593
178297,0.016195
97775,0.024818
97716,0.019381
64774,0.01941
71240,0.014842
230334,0.023925
142364,0.011284
91990,0.020066
67153,0.016007
58906,0.012504
114141,0.014583
200469,0.017651
242817,0.016729
45267,0.014967
5128,0.01912
104924,0.015528
152508,0.01847
77341,0.011851
80548,0.024926
235050,0.0161
125352,0.019859
67484,0.019406
39279,0.017303
158861,0.024186
29646,0.014092
168384,0.016998
75466,0.015272
112085,0.015334
104988,0.017568
11160,0.014962
146388,0.017614
88698,0.018103
39976,0.016949
75847,0.014872
238933,0.020894
92661,0.015893
248030,0.013518
208023,0.022377
238485,0.021299
62108,0.012938
231738,0.019378
55991,0.012479
227218,0.017618
26692,0.01528
15161,0.020964
200479,0.022323
227659,0.0129
47715,0.02066
76205,0.015516
17179,0.014863
167572,0.010322
44038,0.009574
200472,0.017111
228170,0.015577
233877,0.01861
188878,0.019264
34635,0.021723
186093,0.017863
180274,0.014734
107350,0.011153
13,0.022922
216251,0.020299
129739,0.012314
168442,0.019879
242500,0.017835
186996,0.015089
84886,0.010426
185142,0.013397
3862,0.014515
4445,0.019926
116937,0.023565
213430,0.021724
47289,0.019396
21584,0.016287
186663,0.018222
82227,0.022615
166310,0.011781
83414,0.014936
30129,0.019787
26935,0.018557
29612,0.013842
241001,0.010328
85269,0.013243
6818,0.016908
166257,0.015202
229523,0.019991
123056,0.015165
161817,0.01647
81231,0.02274
151117,0.015072
129747,0.016981
123960,0.019557
75788,0.014423
248797,0.020605
173021,0.012955
107773,0.013893
236182,0.018903
198681,0.023274
151113,0.011137
164401,0.01643
248167,0.013934
183727,0.015269
151781,0.014708
176821,0.020376
12646,0.014825
225473,0.015726
37624,0.020397
168300,0.016363
232810,0.016695
224693,0.019269
146144,0.017916
14559,0.009945
95318,0.017065
108337,0.022485
168608,0.01774
171254,0.021023
238924,0.018512
193743,0.011292
83586,0.013917
175713,0.021244
25979,0.017918
32086,0.019921
114453,0.011925
99496,0.013628
77905,0.010483
197998,0.015263
57006,0.016256
104353,0.011418
45029,0.01801
185519,0.021026
109683,0.020749
6410,0.013237
94636,0.018463
9900,0.012187
26038,0.021528
131864,0.034994
4834,0.022273
124383,0.020872
161373,0.024375
246109,0.015024
107198,0.018733
14103,0.019816
63033,0.01629
167032,0.017216
48466,0.024027
217392,0.015569
16691,0.016937
183390,0.012774
99964,0.015511
170600,0.022332
35454,0.018763
167917,0.013947
222417,0.022456
9583,0.011436
1875,0.018453
83213,0.018943
242970,0.018728
78139,0.017016
122679,0.019421
87011,0.021176
67828,0.010646
216837,0.013965
39895,0.017166
176390,0.019289
5142,0.021296
93308,0.011891
193439,0.02135
120056,0.020573
208143,0.013783
191545,0.015639
240396,0.021193
26343,0.018084
195793,0.017924
58973,0.017348
245168,0.019093
206318,0.015059
116699,0.011906
80707,0.018139
75426,0.017965
126443,0.014952
17386,0.016151
82501,0.013547
127217,0.016341
19143,0.017928
21992,0.012053
73213,0.011229
91383,0.01054
199288,0.013621
161599,0.02076
154468,0.017524
128841,0.011222
218747,0.016862
233529,0.010392
206155,0.018244
105742,0.020367
111306,0.01634
149349,0.014666
34856,0.020335
80254,0.018576
93172,0.014768
138651,0.013939
184206,0.01726
37324,0.015366
234532,0.016041
64544,0.018795
98527,0.018833
197419,0.010882
91368,0.014714
242659,0.016926
196890,0.016741
173950,0.017022
131952,0.020774
161030,0.012293
39119,0.010937
69101,0.013406
124091,0.020657
154028,0.021201
120311,0.015011
224969,0.01885
192362,0.018207
235781,0.016673
202597,0.011582
77267,0.018283
47361,0.011394
242293,0.010987
108441,0.01604
152528,0.011534
51814,0.017568
30969,0.01726
53082,0.00934
77604,0.024711
28415,0.015482
216453,0.014569
165451,0.015711
165608,0.017966
142033,0.016609
206976,0.019306
108682,0.01262
101163,0.01663
209640,0.018413
197797,0.018168
188231,0.008949
62483,0.009747
215032,0.01753
85136,0.012454
186120,0.016619
236776,0.025725
10853,0.012528
71660,0.018329
20374,0.016012
3697,0.022942
86677,0.021692
208750,0.014713
33206,0.012694
216605,0.017299
65601,0.023629
47205,0.011303
13292,0.014243
231368,0.018328
204304,0.013513
176047,0.013958
52298,0.017875
135812,0.017221
134810,0.011191
46721,0.012944
105846,0.013512
232014,0.016417
88841,0.023896
81526,0.021631
174718,0.015456
119046,0.015837
156748,0.02018
120931,0.018935
242181,0.015732
179756,0.015342
28063,0.020454
153781,0.01075
191000,0.017492
161711,0.017429
196842,0.016875
191415,0.015484
130630,0.021309
110373,0.011253
53117,0.017283
9875,0.015837
201094,0.023912
133314,0.019494
51537,0.017277
157163,0.011508
87636,0.014668
110361,0.026224
151385,0.018562
219078,0.013178
142550,0.011643
177451,0.020934
45732,0.015292
112672,0.017054
79241,0.023638
16204,0.013536
66369,0.019601
18493,0.015612
163741,0.017894
235234,0.01249
152198,0.014046
75257,0.013128
46944,0.010138
33879,0.015421
24822,0.01474
77162,0.014765
10045,0.016283
206621,0.021613
9621,0.013241
80543,0.023563
249165,0.009712
93983,0.019441
123944,0.015198
109850,0.019304
228122,0.017391
23267,0.019959
77451,0.014529
36145,0.018588
4555,0.01213
218683,0.016381
10562,0.012776
203581,0.015275
218575,0.014154
59382,0.015582
140206,0.013464
183575,0.011095
232203,0.01363
179620,0.013419
153740,0.017977
133885,0.017322
4832,0.017796
208620,0.020806
211914,0.015819
153714,0.020309
224332,0.020476
248044,0.017674
183115,0.01733
146151,0.017956
142371,0.01392
213856,0.019526
142260,0.018233
193498,0.014189
214603,0.017704
106168,0.01384
223051,0.014655
167364,0.019128
29118,0.01361
134496,0.017974
94308,0.015866
169777,0.022832
56671,0.019353
249283,0.015961
80106,0.020381
125692,0.016079
88588,0.016361
234658,0.02217
101524,0.017368
178510,0.02126
118842,0.017619
30570,0.011399
215238,0.021024
63043,0.020251
92785,0.016052
144656,0.016973
240147,0.020227
235007,0.014232
184249,0.016637
69223,0.0114
70256,0.01
109043,0.012293
174540,0.018546
164232,0.012936
174325,0.018413
218013,0.015775
28214,0.017927
45926,0.009601
225084,0.015163
102674,0.017299
48521,0.017997
182234,0.012799
7620,0.014969
15360,0.018204
93276,0.010408
51363,0.011624
231627,0.01426
165990,0.01522
100656,0.012403
237818,0.018858
26217,0.01655
117669,0.020413
102757,0.015199
149049,0.021895
184923,0.019187
74892,0.017405
159466,0.008764
88334,0.022434
174579,0.01637
94754,0.011767
50806,0.025577
209238,0.01587
153874,0.02222
84381,0.015746
197111,0.018829
202486,0.015852
202565,0.012724
44226,0.012571
246959,0.020693
162650,0.013632
118085,0.026216
160483,0.014203
189544,0.017414
53650,0.017687
78236,0.014156
34678,0.019992
247324,0.013001
98741,0.013905
117775,0.013764
57917,0.018723
17807,0.014979
226703,0.017526
234266,0.015179
241350,0.011781
50609,0.02197
67106,0.012184
88854,0.016486
183700,0.019557
83729,0.013291
241072,0.014585
181144,0.012177
70490,0.019249
141603,0.021645
192301,0.015118
38695,0.012197
51497,0.01161
10505,0.014399
206932,0.022177
59503,0.013117
164343,0.018875
228199,0.012945
46948,0.01933
61221,0.01399
149253,0.011498
203633,0.01825
46794,0.014889
243264,0.016114
183908,0.019754
164522,0.015877
205610,0.021173
242914,0.017656
187406,0.013679
65789,0.017798
64731,0.018083
78926,0.025131
55132,0.015359
209327,0.016713
177033,0.013314
45673,0.016171
117336,0.01915
126118,0.013518
184112,0.019323
154528,0.021734
152652,0.012514
239047,0.021335
78621,0.018981
84858,0.016135
123431,0.018234
240778,0.01437
125855,0.018152
137289,0.013433
10409,0.014672
219956,0.011813
195807,0.014058
143033,0.016936
234973,0.017401
78091,0.015212
181161,0.016585
199407,0.016578
12065,0.017109
81352,0.017355
237171,0.01959
151773,0.018531
238062,0.021815
66794,0.017127
173032,0.018406
220221,0.020488
112180,0.012608
204709,0.018026
176151,0.011409
41992,0.023292
16756,0.013014
60378,0.016952
71169,0.01562
218665,0.014479
109325,0.015403
144541,0.013045
43851,0.017702
58723,0.024307
106586,0.018076
178075,0.015224
126658,0.019664
63959,0.016935
224876,0.011453
79673,0.016562
155001,0.017811
14160,0.022947
217763,0.016805
169110,0.022963
6659,0.019099
87216,0.011991
159289,0.01512
116154,0.01617
2659,0.016494
230380,0.016912
221423,0.019285
21846,0.012635
132489,0.022971
2494,0.017464
198103,0.012323
112501,0.017641
13242,0.019123
179869,0.016184
188952,0.011994
139828,0.011095
64627,0.022404
55617,0.014243
111410,0.023695
248651,0.015431
96068,0.019514
150406,0.014082
205966,0.017734
104117,0.018348
7692,0.016437
4240,0.017786
54836,0.011053
139202,0.020392
149234,0.016176
49989,0.016544
209452,0.012289
129348,0.015585
212388,0.013014
190880,0.020761
26224,0.018314
232558,0.019829
126804,0.013584
74357,0.020898
81297,0.019447
20903,0.018107
168165,0.015008
35738,0.017841
38115,0.020282
52817,0.019299
140473,0.016885
73230,0.014441
180697,0.01244
180646,0.018247
73260,0.018805
154560,0.013161
178743,0.022694
206884,0.016832
223609,0.015934
248487,0.013082
157571,0.01386
221263,0.013183
39385,0.011317
21924,0.023143
241402,0.012957
189312,0.01677
200615,0.018204
84654,0.014565
187305,0.011508
234264,0.017605
184233,0.016647
54357,0.017566
6290,0.027719
96918,0.01909
207459,0.022353
200115,0.014526
154846,0.014492
190033,0.016982
39732,0.01266
145483,0.01301
61650,0.017603
79844,0.021562
186259,0.017151
99262,0.015875
201616,0.016959
140245,0.014931
233279,0.011729
155113,0.020068
152520,0.016897
191418,0.018023
232303,0.016291
110367,0.02273
48295,0.020099
153251,0.021617
180145,0.016158
153017,0.01366
210008,0.014664
173770,0.014024
29041,0.015746
209690,0.019196
170751,0.021555
96629,0.022227
97789,0.013369
178909,0.013261
242347,0.014127
66157,0.017154
200645,0.018683
10834,0.012721
57376,0.014039
1854,0.012828
240419,0.019268
125590,0.019843
128414,0.013297
158722,0.017911
210802,0.01954
52016,0.010545
7298,0.01426
21144,0.022344
173396,0.017503
56483,0.013847
3291,0.021079
31495,0.014016
101835,0.014175
23815,0.015459
95959,0.012637
82146,0.016132
207096,0.014783
127360,0.012232
140098,0.01939
117218,0.020143
97560,0.013425
184541,0.018621
28065,0.01359
111620,0.017154
203595,0.015618
104661,0.015192
129637,0.019413
202774,0.013971
230884,0.01392
214402,0.015026
189646,0.014388
198563,0.020521
88060,0.017457
124119,0.018141
121828,0.011512
476,0.014484
33567,0.016345
88724,0.021327
155106,0.02412
215893,0.027261
162551,0.018423
77360,0.015748
83294,0.010531
123394,0.015647
130699,0.012962
107348,0.016826
167025,0.015705
12887,0.02106
130357,0.014948
151895,0.018682
20206,0.017358
106571,0.016034
40551,0.018152
196281,0.012964
10594,0.017008
6064,0.020398
179256,0.02067
161617,0.020063
150117,0.019886
24493,0.0154
237513,0.017911
108453,0.013455
58324,0.018542
52846,0.02207
22345,0.014601
25275,0.018401
15606,0.019899
45157,0.01481
3820,0.020027
205887,0.010827
49027,0.019087
186469,0.020559
209318,0.021739
219577,0.014517
238163,0.017424
45797,0.015079
70629,0.021576
10319,0.020364
21881,0.019336
8813,0.018372
147133,0.019589
237813,0.014316
48922,0.017094
174247,0.013748
218627,0.014777
229712,0.016409
81146,0.019745
172486,0.021025
140335,0.021587
366,0.017231
222339,0.021477
149452,0.019933
221052,0.016993
167867,0.02164
236740,0.023934
116284,0.019015
194819,0.017689
236599,0.025084
49135,0.020769
229876,0.019973
165993,0.013111
104131,0.017867
229942,0.014732
89379,0.016955
240039,0.016615
151707,0.010736
228291,0.017461
20303,0.025577
174768,0.012704
104328,0.018924
20354,0.021674
80214,0.017675
39165,0.01181
114016,0.015277
116561,0.016784
23088,0.008429
178287,0.015676
199180,0.016189
7883,0.010776
239782,0.015062
125919,0.015796
28900,0.020421
70125,0.015857
213314,0.018535
163071,0.016587
17401,0.016627
189027,0.017911
171276,0.015183
224873,0.016729
80672,0.018491
216541,0.01271
243840,0.016784
203565,0.01791
58825,0.019426
56925,0.015423
57206,0.019432
158065,0.015224
204295,0.01364
4155,0.012747
4427,0.017904
146846,0.019779
84721,0.013375
60800,0.014567
215766,0.017892
167567,0.014025
124717,0.019545
116416,0.022677
186962,0.018124
77,0.014934
120828,0.021652
132808,0.013163
212166,0.017981
27839,0.023597
116402,0.019841
187887,0.015441
244584,0.020877
172367,0.018406
10927,0.013089
205074,0.019804
50891,0.018941
79347,0.025842
236340,0.014255
44808,0.01996
42850,0.012816
29557,0.023326
163257,0.021383
228991,0.014487
59023,0.01268
38942,0.010654
54077,0.011718
118600,0.012235
161917,0.024519
79777,0.018347
64229,0.013151
120464,0.011345
71845,0.019366
62319,0.017559
161702,0.014861
80527,0.016517
124850,0.016231
50578,0.015019
169920,0.018367
51801,0.018649
188484,0.011718
1754,0.015181
68586,0.009577
53826,0.017887
100904,0.020227
213149,0.017483
144757,0.016639
90820,0.013056
44804,0.01557
63289,0.020595
35947,0.016932
176145,0.01367
119243,0.02
230851,0.021376
58012,0.019014
56533,0.014198
190786,0.015904
81472,0.01819
229610,0.024433
31761,0.015932
57132,0.014132
40221,0.017227
72371,0.016069
156805,0.014434
89578,0.017484
185479,0.012123
24187,0.01904
239681,0.017338
147151,0.023248
866,0.01274
92135,0.018698
72772,0.020612
247013,0.02362
91241,0.011094
75492,0.017769
1239,0.01735
226343,0.018849
246726,0.020102
225293,0.015614
127667,0.020581
121860,0.015166
152323,0.01837
122917,0.016722
208717,0.020716
99956,0.011637
25798,0.017251
248150,0.013358
135321,0.011042
8577,0.019489
174636,0.010281
144831,0.01258
118148,0.024315
137876,0.010879
235691,0.017444
43619,0.022048
211864,0.012947
9936,0.015465
214019,0.017951
115517,0.021845
137849,0.014965
230868,0.016852
226249,0.015536
204925,0.012607
20258,0.018681
173010,0.012724
242113,0.018447
150715,0.016611
156752,0.018018
23559,0.012502
3437,0.022492
47796,0.018429
90528,0.015543
247745,0.021722
12896,0.018154
98387,0.012082
204626,0.016312
124128,0.021738
140860,0.015852
223073,0.017827
115133,0.019838
61326,0.019311
54568,0.015405
44235,0.020253
57045,0.017608
98544,0.012936
60767,0.016223
205313,0.013296
146279,0.020051
229593,0.015466
160348,0.020292
210709,0.019169
35052,0.015978
240295,0.015569
35748,0.017721
69370,0.016034
235459,0.010589
67159,0.017759
15480,0.012408
195009,0.017334
187420,0.021685
43103,0.018203
105384,0.009668
73986,0.01684
85904,0.015956
4386,0.013831
198660,0.018377
89192,0.01967
1935,0.015097
125698,0.013591
203881,0.017237
25453,0.014786
164634,0.02608
197371,0.015435
182474,0.014637
2102,0.009657
133798,0.019136
94021,0.013086
25920,0.018569
137599,0.024364
82652,0.012474
233631,0.013761
231822,0.022086
135447,0.014909
221793,0.021872
164605,0.019141
20722,0.015928
207088,0.019687
209609,0.01862
127696,0.011819
45174,0.012491
163154,0.020377
31483,0.020288
75312,0.009721
122287,0.011835
41692,0.013228
164604,0.01558
116702,0.019729
159672,0.015335
185168,0.017008
212252,0.013064
67191,0.015316
30985,0.015109
70217,0.013149
243032,0.016334
135915,0.013117
70610,0.012657
86243,0.01806
170857,0.022515
58859,0.018209
204263,0.010605
121262,0.013619
140878,0.019058
37838,0.015877
216323,0.021702
223521,0.01997
88920,0.014046
38994,0.010598
21912,0.01721
206829,0.021252
97563,0.017398
182864,0.014175
183566,0.018582
137453,0.014537
68873,0.018297
213640,0.023367
195283,0.012153
162228,0.021349
21870,0.018634
102763,0.019907
229257,0.018676
109559,0.020775
25403,0.011542
123242,0.026588
221258,0.013468
115766,0.017833
95147,0.03162
214049,0.013412
5973,0.017869
20015,0.022108
129576,0.017955
171109,0.021964
168721,0.021283
52861,0.014774
230554,0.022358
118110,0.028082
142002,0.015653
859,0.015758
61421,0.012054
131846,0.045807
168458,0.016354
27800,0.011316
92419,0.018864
93589,0.015329
178340,0.018175
3976,0.021847
224231,0.013388
236713,0.013704
214675,0.017581
73871,0.014132
10762,0.026192
84825,0.013553
85277,0.011396
206125,0.015678
168860,0.017601
139926,0.025203
32941,0.016759
92388,0.017523
110254,0.015194
215751,0.016687
183235,0.014965
94072,0.024323
101407,0.018032
70858,0.026526
43300,0.01424
50097,0.016329
148433,0.018266
184786,0.021955
102492,0.018787
86755,0.015731
204080,0.017861
149121,0.020211
22898,0.016765
20951,0.018464
6917,0.016268
125206,0.023095
151871,0.01144
64697,0.014388
46008,0.01121
138982,0.022997
149508,0.023341
191227,0.01809
208044,0.01529
102613,0.016672
225457,0.014901
75230,0.012812
136889,0.01724
159810,0.013711
144186,0.012028
120879,0.015582
42509,0.018022
204366,0.017024
120196,0.014541
116760,0.021943
41974,0.020781
177474,0.019351
55311,0.014643
51345,0.011051
139062,0.012314
130387,0.016408
226560,0.017723
211688,0.017371
213136,0.019953
246595,0.021655
191695,0.018759
249745,0.019487
209740,0.015378
98933,0.012526
242375,0.019224
25348,0.01297
236164,0.012815
34221,0.015737
30025,0.016595
46900,0.011309
36801,0.013739
171086,0.014373
63265,0.0218
159879,0.015932
80537,0.014813
183198,0.019464
74822,0.015827
164273,0.017732
112942,0.015385
198115,0.010853
115767,0.012023
81200,0.019475
187498,0.020274
103707,0.022333
165870,0.016858
125804,0.01584
48160,0.014906
208941,0.020327
86875,0.016473
125759,0.015254
202759,0.011334
189591,0.015066
11102,0.01343
28959,0.013345
48405,0.013911
28692,0.023471
189943,0.017706
170494,0.019345
112006,0.014464
19433,0.035134
200275,0.020344
151023,0.015162
109909,0.014768
27053,0.018202
123066,0.021016
146583,0.021232
58831,0.01549
12263,0.017933
150794,0.012274
238985,0.023621
58750,0.016853
9345,0.014106
171075,0.016676
53339,0.014977
24954,0.015856
222372,0.017561
149961,0.019143
158443,0.01274
10835,0.01116
52852,0.017864
16335,0.009535
93309,0.01636
97120,0.014462
2241,0.012288
161731,0.016156
122685,0.015302
108546,0.015469
111050,0.013748
219896,0.013318
91464,0.014497
113531,0.015435
64688,0.023342
111667,0.017032
87052,0.014133
76171,0.015962
113576,0.012512
101,0.015115
66118,0.024262
124973,0.01894
234554,0.017186
31448,0.012197
191506,0.01415
119416,0.01389
117426,0.019403
27,0.020809
90727,0.017515
58026,0.019007
83933,0.014692
44193,0.016504
157032,0.024543
17205,0.012483
138798,0.017482
38499,0.011453
147060,0.019051
128071,0.01571
38882,0.014769
59550,0.021778
134272,0.011784
69185,0.009858
210894,0.010453
67097,0.014968
219312,0.012474
105972,0.015736
182721,0.015092
116163,0.019057
79885,0.024542
153241,0.016414
206075,0.017129
199139,0.023812
51912,0.01983
39019,0.013763
127053,0.017141
245029,0.020106
246738,0.014044
167269,0.01429
33688,0.012276
143029,0.011263
37735,0.021723
223443,0.021584
27505,0.024055
228688,0.016992
7660,0.017476
1673,0.025598
33693,0.019373
87255,0.017292
81108,0.018637
31981,0.015188
171984,0.013234
72762,0.01535
67114,0.018662
193100,0.011847
65957,0.019238
113430,0.016033
141231,0.018938
53611,0.013293
195942,0.017447
172924,0.0125
156809,0.012912
153602,0.022527
230700,0.016752
51787,0.017786
147441,0.019974
82914,0.022849
184302,0.019832
183668,0.021221
10533,0.016148
136717,0.018823
60576,0.022398
71665,0.01155
193043,0.01838
40803,0.017501
204875,0.01682
58060,0.024174
137956,0.011756
36657,0.012006
60558,0.01563
170063,0.020252
99116,0.016243
240399,0.018965
173134,0.010962
30888,0.014412
65351,0.022764
232279,0.014364
8802,0.015067
235008,0.015118
35424,0.01863
165662,0.01367
5648,0.015505
113314,0.012559
110541,0.018509
207853,0.016567
135883,0.014882
66933,0.014489
57269,0.014242
49837,0.018672
11916,0.021076
22358,0.018148
111167,0.017305
121457,0.012508
138869,0.020625
244695,0.022203
83097,0.012994
73206,0.01594
236552,0.012911
148837,0.012404
124721,0.020122
85123,0.01464
225928,0.011315
136760,0.012722
120150,0.014935
227736,0.019229
127703,0.012091
1207,0.015101
209667,0.010756
99988,0.013587
145895,0.017155
73810,0.01724
153329,0.020004
17643,0.013559
101848,0.018954
245072,0.018968
91335,0.017546
175834,0.016918
82863,0.013392
181815,0.015703
10295,0.022887
222043,0.013489
170671,0.018748
146557,0.01236
206286,0.013051
155301,0.021228
143437,0.016958
230810,0.018827
206794,0.015609
134063,0.014634
51778,0.010776
200326,0.018739
236570,0.013431
173603,0.01497
185327,0.01569
61333,0.015754
40659,0.016299
189118,0.011668
24641,0.014223
82603,0.016481
128004,0.012653
96509,0.018085
60492,0.015473
89449,0.011891
92846,0.013739
239355,0.017997
10698,0.038507
189691,0.014028
195441,0.016809
113088,0.017644
245829,0.01847
26590,0.015684
224870,0.017525
210010,0.0131
46934,0.013661
205045,0.010339
187927,0.016977
238589,0.013673
68979,0.011811
62264,0.018297
206214,0.009397
17217,0.010452
130670,0.012601
17126,0.019084
103330,0.025847
240194,0.017016
51067,0.011412
101711,0.02016
107730,0.020489
10518,0.015495
15763,0.017238
69658,0.018583
5380,0.026224
137155,0.015241
144841,0.011499
42905,0.02045
235892,0.016432
103185,0.016073
194839,0.021376
195566,0.022915
199506,0.019388
128794,0.013102
143593,0.016197
35001,0.016305
49802,0.017826
104804,0.012042
239913,0.020374
14904,0.017634
20054,0.021216
87913,0.019221
3023,0.018609
22242,0.019459
83254,0.014774
61086,0.016144
152514,0.008601
173414,0.00867
165412,0.015056
11930,0.021635
162915,0.027749
232135,0.012748
53532,0.019943
123396,0.017905
36562,0.017804
222122,0.018861
200236,0.012846
59017,0.018871
203443,0.015293
153708,0.021812
227386,0.011882
232406,0.016849
187151,0.015883
94151,0.023187
33109,0.011721
108181,0.020077
64841,0.018373
235869,0.014076
35059,0.017986
247094,0.017724
135920,0.018613
51765,0.022775
85510,0.017708
164785,0.019955
146654,0.012072
118563,0.017654
189439,0.01991
161256,0.016551
207757,0.015893
100343,0.018738
231361,0.021216
132024,0.015738
29471,0.018577
163513,0.026659
192000,0.023014
214014,0.023449
141134,0.016335
232557,0.017977
225810,0.012581
16505,0.015821
134941,0.01718
39027,0.010909
216033,0.018973
192492,0.018267
41272,0.014893
221457,0.0182
19364,0.015413
215824,0.020864
240165,0.018331
133716,0.014522
236827,0.018738
215175,0.020023
69310,0.014014
59456,0.018524
249170,0.015645
50925,0.015353
39138,0.015894
233962,0.020445
51179,0.019532
220601,0.012723
192596,0.018743
209162,0.021448
206080,0.012635
8132,0.01497
147643,0.01693
77543,0.018383
14581,0.020642
100428,0.014255
172121,0.017665
122189,0.011776
82971,0.021152
68734,0.02185
69816,0.010212
176285,0.01707
210383,0.017572
183538,0.022992
215234,0.017748
193942,0.016153
37298,0.012721
112797,0.017784
214833,0.01863
244913,0.023799
13534,0.014462
143120,0.0199
103246,0.014533
158350,0.014525
98467,0.011391
13021,0.019968
193310,0.017353
42673,0.016702
234781,0.021173
207996,0.018391
203199,0.016833
145013,0.016512
70435,0.018614
137314,0.017756
209154,0.017529
119246,0.018603
112984,0.016715
37053,0.017765
108314,0.014018
191358,0.018146
73122,0.023637
128807,0.015926
218230,0.020065
35281,0.019666
241427,0.017587
4195,0.016663
201523,0.020103
27437,0.021955
89083,0.013318
221598,0.015171
40397,0.016766
40934,0.016675
40612,0.017372
233364,0.016947
90129,0.015409
149891,0.016897
38481,0.014207
6564,0.020779
121862,0.011034
191254,0.020192
112371,0.016412
65949,0.018736
81803,0.018152
25511,0.01346
130811,0.021686
29340,0.014487
218845,0.01261
212032,0.013261
107304,0.014764
3330,0.020078
50051,0.019108
242879,0.013601
209709,0.01125
182799,0.015722
17495,0.015626
73155,0.025279
117014,0.014557
136492,0.009259
235668,0.020237
126489,0.02067
55724,0.016489
9887,0.012191
241245,0.01465
50193,0.016248
225241,0.016904
43332,0.014926
130389,0.011613
208849,0.019318
161770,0.027862
31943,0.014659
3343,0.014129
45904,0.011263
29735,0.018644
105761,0.019404
32855,0.014262
182531,0.010824
243022,0.009749
105757,0.016207
8778,0.012202
219740,0.014585
54873,0.018682
143776,0.014284
90519,0.015795
237280,0.017341
240435,0.020809
235268,0.016258
55945,0.016944
19497,0.013644
128436,0.015631
216351,0.023323
77823,0.021233
59178,0.018174
185390,0.015119
17192,0.010319
103601,0.016876
19019,0.011976
203816,0.009827
217096,0.014526
230313,0.019129
71272,0.022977
60093,0.015116
228442,0.01423
162633,0.019007
9195,0.016564
198321,0.009784
111970,0.015925
218908,0.012094
11354,0.017849
63049,0.010317
183495,0.013147
73043,0.013625
50759,0.021743
36303,0.014433
210375,0.013989
176922,0.012107
54312,0.0168
118616,0.018329
75068,0.012032
166138,0.020108
201520,0.023393
220791,0.020403
101923,0.015659
112697,0.016142
125660,0.01441
21416,0.013151
170142,0.020011
195634,0.017342
214836,0.017709
215642,0.019342
226490,0.01578
111357,0.021479
202358,0.022783
63295,0.020835
86937,0.018132
154455,0.013354
114146,0.012888
24553,0.010599
38837,0.022504
32483,0.016994
235544,0.016751
194513,0.013465
203782,0.013119
123748,0.014352
187014,0.01247
37960,0.013664
151959,0.01497
99447,0.011054
42261,0.022219
23323,0.016267
105440,0.01637
146403,0.014378
24638,0.019712
224368,0.019781
217125,0.015459
87273,0.01128
3171,0.014515
9174,0.015029
99737,0.016018
130672,0.01674
107632,0.013245
67864,0.015713
217419,0.019292
182899,0.013542
214495,0.016447
202607,0.0208
162218,0.016556
77558,0.014205
206536,0.01326
156796,0.016556
102782,0.018761
203244,0.016092
237083,0.017479
132365,0.021136
82728,0.01284
240183,0.017897
184565,0.020189
22480,0.018803
162879,0.017142
203429,0.010327
166663,0.017566
164494,0.01684
28209,0.016333
226036,0.015113
140373,0.02094
156764,0.014205
52779,0.01294
145164,0.013302
20478,0.021397
235546,0.013952
99684,0.024402
77689,0.019002
248606,0.021492
61823,0.012026
13591,0.01814
147842,0.020073
222029,0.019754
73184,0.014636
246290,0.017122
25425,0.021158
185472,0.025061
24718,0.015655
31111,0.0173
231094,0.016641
45218,0.012254
33034,0.016821
205135,0.013213
216549,0.017143
151909,0.015585
132710,0.012624
210210,0.012684
112369,0.019505
129113,0.015918
136077,0.016485
60672,0.016286
53445,0.015968
243400,0.021406
66679,0.018843
105500,0.011443
16228,0.010024
40559,0.014604
191974,0.017967
74782,0.014049
104454,0.010757
129283,0.015909
228563,0.01756
106697,0.015491
55326,0.016101
116520,0.020157
93025,0.011262
98401,0.017167
174681,0.019477
126581,0.018831
133535,0.017648
42005,0.01726
223964,0.023081
71443,0.016527
44634,0.019962
136764,0.012106
200512,0.01541
8783,0.019905
74624,0.01749
171713,0.017359
125334,0.017579
14293,0.019236
228984,0.015517
48799,0.017425
67682,0.015114
166027,0.015452
129523,0.017989
61473,0.013468
9119,0.01393
984,0.02071
144518,0.010615
221645,0.023321
141561,0.014154
43025,0.020245
148414,0.015869
20532,0.020208
248747,0.018297
58447,0.021491
40873,0.013461
61625,0.013667
42945,0.018957
235428,0.016113
137757,0.015239
134407,0.016286
112480,0.012757
240135,0.013358
41816,0.022176
20269,0.024703
40499,0.017573
96261,0.016293
221740,0.01595
77857,0.014945
177290,0.016617
14553,0.012359
128146,0.017221
57148,0.011804
155432,0.012473
37397,0.011424
46597,0.013748
10754,0.015535
187806,0.019104
4355,0.014746
24613,0.016105
49526,0.02021
11657,0.015273
14364,0.017632
12282,0.017145
3222,0.015712
197034,0.014457
11401,0.016282
9284,0.009729
165204,0.013636
119226,0.015402
91090,0.012991
75414,0.017334
103635,0.018326
185397,0.016062
69989,0.016316
83134,0.020803
146150,0.0134
176113,0.018878
236485,0.017941
135770,0.012311
157097,0.0198
43945,0.021443
30166,0.013151
121161,0.016013
95165,0.017245
155573,0.021222
216469,0.021299
36699,0.019022
128921,0.011885
178514,0.014928
74912,0.018923
28097,0.023375
129331,0.009107
173865,0.013494
210573,0.010548
14977,0.011721
84072,0.015225
83590,0.026246
73756,0.019447
205958,0.020961
144954,0.018007
181303,0.016714
123352,0.024588
40483,0.016613
237184,0.026553
33450,0.020258
244395,0.01871
189404,0.013573
203170,0.014085
37968,0.021514
43157,0.022146
18005,0.013901
159224,0.012219
86725,0.021856
110287,0.017464
181097,0.016048
76214,0.013284
217272,0.017785
66392,0.023592
32893,0.017015
9094,0.01855
203280,0.020076
178841,0.026275
72526,0.015847
67909,0.013757
226943,0.014366
45605,0.018498
176134,0.01217
140512,0.024119
145364,0.016496
14484,0.021045
120834,0.017299
57133,0.020255
42948,0.016083
105310,0.022103
38496,0.012069
177658,0.015223
76375,0.01104
121850,0.016069
219730,0.011536
168421,0.01619
120006,0.013825
197232,0.014389
113577,0.01661
970,0.019172
75166,0.022665
199221,0.017076
133817,0.021227
149026,0.018425
97336,0.017097
12319,0.014827
35396,0.01479
62446,0.016326
117212,0.016704
67288,0.017142
122104,0.020881
47552,0.016263
199925,0.023814
103642,0.020633
209132,0.025572
174546,0.017994
215627,0.018085
59433,0.018765
129379,0.011835
83436,0.01378
209420,0.017294
162977,0.024783
11831,0.014404
223098,0.019076
35458,0.019614
129928,0.014423
128124,0.01809
47072,0.014359
118937,0.022201
151683,0.020631
194245,0.01925
148887,0.017445
226096,0.012705
18146,0.015046
220439,0.017956
99400,0.016459
111133,0.018571
77666,0.012047
118675,0.016243
109476,0.018051
56126,0.016446
66872,0.020667
77343,0.018627
176846,0.022476
208034,0.014529
186008,0.019204
21178,0.014492
85728,0.020176
247458,0.012836
3848,0.021401
3607,0.021953
207639,0.018864
28944,0.012962
2297,0.017367
154160,0.018595
15736,0.013661
142804,0.013053
120720,0.019304
154544,0.023296
12112,0.01275
162319,0.022831
104674,0.015409
248882,0.020304
228974,0.013619
92219,0.01868
194366,0.01901
57442,0.015761
116350,0.012759
114645,0.012924
27130,0.01835
45159,0.01957
45540,0.012474
112460,0.015219
16178,0.015954
68773,0.011923
190253,0.01574
59869,0.015296
5243,0.016428
41976,0.012656
101906,0.017437
122085,0.016345
169175,0.019038
81883,0.012667
192277,0.020615
230442,0.028458
117807,0.020006
155711,0.018875
221728,0.018151
155305,0.021036
230738,0.019523
100230,0.015099
58818,0.024502
185342,0.011377
128928,0.014318
240895,0.01103
149549,0.017086
97835,0.012977
80420,0.020174
173995,0.008286
185308,0.023384
142315,0.016057
43508,0.014961
8518,0.019746
106889,0.014268
125611,0.02004
51520,0.012445
171784,0.01724
201996,0.013378
126322,0.021523
114186,0.010696
138206,0.01985
113396,0.014301
151171,0.011448
43569,0.016148
119648,0.015998
22832,0.017214
7896,0.016767
45179,0.017334
52101,0.020133
184893,0.025782
113798,0.016445
132350,0.018142
190085,0.015542
78008,0.019258
77237,0.012467
48178,0.017498
8436,0.013617
241771,0.020528
163603,0.015951
5994,0.020651
208763,0.024131
57561,0.023584
238768,0.015895
213098,0.016884
155739,0.021798
6964,0.018112
218597,0.011545
122815,0.011171
181186,0.011537
159809,0.014698
150018,0.01408
113200,0.011675
1090,0.01734
98411,0.015351
55611,0.019538
183415,0.018665
199688,0.01912
181516,0.015387
228316,0.019823
197792,0.014627
58655,0.019404
33330,0.014907
206446,0.017352
77821,0.018487
185158,0.024915
20808,0.019986
41294,0.020354
196546,0.012873
32247,0.017424
181314,0.017202
38589,0.012281
232018,0.021466
247055,0.01263
31693,0.010808
21088,0.01565
165895,0.016046
97027,0.012853
177504,0.019615
232045,0.012734
28542,0.020312
182443,0.009657
53060,0.012896
223777,0.023701
231855,0.025922
79233,0.01749
222293,0.019119
247282,0.0183
63554,0.020233
100702,0.021525
225577,0.013444
128637,0.015219
52441,0.018189
170651,0.02103
79044,0.017363
168285,0.01154
216686,0.018199
158808,0.017416
66831,0.016805
200166,0.020318
27723,0.018313
18567,0.020971
210342,0.017449
223709,0.018931
168602,0.020363
75343,0.016086
195071,0.012445
172253,0.015791
194618,0.013444
82586,0.0176
180837,0.013546
198218,0.015252
202767,0.01621
156712,0.020751
170234,0.022398
9246,0.010869
247346,0.014359
112572,0.015921
53765,0.014299
113143,0.00999
146787,0.016773
57626,0.017671
3121,0.015967
152418,0.016807
23344,0.013324
223076,0.018501
126224,0.01809
142292,0.011731
229888,0.014684
200410,0.016427
197682,0.018107
240428,0.013994
102135,0.014795
68274,0.018648
47448,0.013507
117016,0.019588
68835,0.015655
144566,0.018383
136752,0.01094
82852,0.009924
212370,0.015087
131710,0.018646
31769,0.014893
231823,0.015454
72168,0.018312
142007,0.021146
62442,0.014449
118222,0.017348
127912,0.016244
44568,0.015089
70866,0.019307
203988,0.016196
233424,0.016833
107247,0.014595
93268,0.015213
50072,0.014172
222973,0.02194
195286,0.012701
10885,0.012685
113074,0.019377
223725,0.019135
176069,0.015932
18578,0.017352
5386,0.017707
16552,0.012977
16459,0.018634
59461,0.017894
122497,0.010431
103198,0.017972
171286,0.020519
89006,0.021921
174525,0.015439
112190,0.015678
105617,0.015254
576,0.014885
125178,0.014734
47069,0.008996
97723,0.012218
58362,0.015255
9474,0.016596
190801,0.011523
237573,0.022818
193346,0.018038
10573,0.011879
29444,0.023359
229617,0.012103
217241,0.016229
70861,0.018288
52718,0.014324
110596,0.01746
235846,0.011572
111795,0.01371
112138,0.015512
40,0.011458
91942,0.017282
89777,0.023458
8524,0.012913
4788,0.018724
168146,0.016203
177899,0.020163
204607,0.014802
20062,0.013087
189390,0.015318
129765,0.019501
203292,0.011567
237842,0.016346
47618,0.012715
87823,0.020459
166384,0.015564
249353,0.018322
140171,0.012887
43170,0.013845
17054,0.015512
9075,0.014976
168395,0.012895
44044,0.016325
4049,0.022413
4242,0.015556
208643,0.022677
89080,0.020954
47825,0.012581
105289,0.019652
162465,0.019126
216877,0.01782
158518,0.014893
97373,0.016572
50039,0.015984
111504,0.013777
245252,0.017334
127122,0.019164
139542,0.015179
28483,0.013444
72499,0.01225
86079,0.017024
24230,0.018367
45580,0.019666
145783,0.018672
38671,0.014443
222162,0.018426
224988,0.014694
13566,0.021468
32698,0.011614
211975,0.016722
17650,0.015643
203204,0.021087
12670,0.013684
187942,0.016537
201815,0.018782
137069,0.009945
232819,0.019086
103509,0.01383
138518,0.022713
61572,0.013039
155185,0.01317
242282,0.009022
1049,0.011978
166371,0.014949
196577,0.016253
58692,0.012286
234024,0.017469
100561,0.012882
183712,0.015895
19219,0.017958
187911,0.022198
24481,0.016835
137054,0.01476
247205,0.019887
153860,0.014838
136926,0.018543
89693,0.02022
180051,0.015355
97854,0.013291
220140,0.013479
164293,0.01495
228387,0.01507
50667,0.016388
50109,0.019844
27763,0.015597
18631,0.021817
182680,0.019627
187716,0.020201
107068,0.014378
219167,0.015804
217631,0.018814
21876,0.020646
245321,0.01816
29214,0.01676
32028,0.013594
157561,0.019934
182181,0.012997
60863,0.013655
36194,0.011687
225175,0.014151
54841,0.015242
155547,0.022526
9112,0.010533
97925,0.019415
247732,0.022345
75985,0.017517
11011,0.017056
57429,0.017383
203066,0.01374
65984,0.020617
184191,0.017255
19636,0.024802
224102,0.012807
215992,0.021753
77074,0.01416
41722,0.012517
102382,0.019104
74098,0.015247
106267,0.015939
1550,0.023303
116303,0.017098
203372,0.020599
45039,0.021433
64340,0.019122
103060,0.024556
160674,0.018788
121033,0.014307
121105,0.018094
153491,0.019897
131507,0.013282
18206,0.018074
103946,0.026859
239375,0.013506
90402,0.014147
137450,0.016653
25154,0.01801
94469,0.021207
52200,0.017177
52239,0.019677
52880,0.01083
51390,0.017882
88372,0.022167
134158,0.012539
21150,0.01372
215240,0.020148
69502,0.014035
60646,0.018529
168822,0.013309
189899,0.017335
188388,0.013904
224907,0.017724
16299,0.01417
37258,0.02017
68559,0.015631
239430,0.022328
69521,0.011455
77442,0.020047
242752,0.013069
3746,0.0114
50814,0.016421
96279,0.01761
68674,0.014698
148510,0.017484
79449,0.01312
170819,0.019053
221528,0.020589
17435,0.01394
74304,0.017786
245953,0.019917
178776,0.022438
3364,0.01418
171777,0.022908
66718,0.011517
173588,0.019475
16422,0.010158
169669,0.024305
91664,0.014201
7805,0.018143
234371,0.014485
230148,0.016815
221662,0.012561
218432,0.01366
96986,0.014719
247150,0.015912
39310,0.017379
78833,0.020079
38265,0.012997
95671,0.020362
14154,0.01126
151063,0.016199
15087,0.018627
62822,0.016236
248162,0.014967
122534,0.013374
11372,0.014315
108294,0.017396
51472,0.013688
57586,0.023531
217462,0.017963
189067,0.014116
166866,0.009562
129654,0.015908
149600,0.012261
103902,0.020232
197348,0.009315
82624,0.017384
19660,0.017289
195530,0.020959
20162,0.017748
190452,0.019754
185795,0.021937
141550,0.017674
9928,0.015893
196594,0.018821
185477,0.018583
231481,0.021968
172640,0.015087
207381,0.014992
84577,0.011385
23481,0.013552
218798,0.013142
98007,0.01426
225181,0.017535
210773,0.018242
13729,0.014308
183285,0.019995
37015,0.014506
214713,0.013456
163053,0.020134
157792,0.016764
194339,0.017616
21744,0.014886
206807,0.020119
74116,0.021438
113826,0.012315
136804,0.017921
95198,0.016024
153170,0.013327
220712,0.01321
47698,0.014551
211926,0.009056
11315,0.014012
169811,0.018762
48263,0.022541
172633,0.013389
167432,0.012668
1990,0.015343
108075,0.025234
72825,0.02159
27443,0.017368
89487,0.015384
83748,0.014472
164997,0.0188
105774,0.013745
240272,0.018227
113523,0.01396
215458,0.018081
158899,0.01647
249901,0.01431
91815,0.015564
121959,0.016258
178912,0.016864
229790,0.017149
53587,0.012758
174234,0.012884
47237,0.011945
206539,0.011177
18750,0.017371
67006,0.019602
54847,0.015223
176668,0.022741
234426,0.021012
197176,0.011386
23600,0.016689
124853,0.021825
6436,0.024087
61188,0.017336
80848,0.021238
155182,0.018243
108091,0.021408
37304,0.013797
103882,0.015979
178521,0.01459
186404,0.018136
220554,0.022217
229470,0.011368
56641,0.018615
78647,0.012411
156448,0.01712
59080,0.014181
204333,0.014905
147616,0.020126
217935,0.017273
126622,0.015694
57599,0.022848
225573,0.01633
219500,0.014797
112727,0.017879
153882,0.0196
230445,0.022368
126798,0.013706
225423,0.017104
104187,0.018217
161664,0.014033
27102,0.012345
41856,0.019299
226387,0.011935
226747,0.012452
5613,0.021602
132062,0.021371
129632,0.015777
1700,0.013401
78288,0.01785
86905,0.019761
45905,0.017275
38752,0.020821
109750,0.016347
237558,0.018925
221980,0.02104
63975,0.018089
201839,0.022468
175857,0.016991
165426,0.014454
218367,0.014139
215990,0.017574
219540,0.011221
3188,0.017069
103428,0.020213
154027,0.016486
58623,0.014566
205303,0.016378
196183,0.013049
142181,0.02044
18050,0.01331
141039,0.013166
108649,0.027227
213668,0.013935
183392,0.017404
247091,0.012346
43581,0.023989
141112,0.015484
9617,0.015097
52131,0.015019
56374,0.017694
249166,0.016326
143919,0.010653
141181,0.021718
21685,0.015012
136963,0.019092
101807,0.023457
79681,0.019392
53514,0.01492
39052,0.008655
66012,0.016756
58343,0.014966
142498,0.020335
86955,0.01857
191944,0.022237
32871,0.019034
67938,0.014376
242725,0.013701
246553,0.01868
22168,0.018682
175510,0.011425
166531,0.015521
53187,0.013634
48865,0.013065
195854,0.014052
9646,0.011054
27008,0.01831
30258,0.013514
120341,0.014599
244227,0.019673
155705,0.011527
109072,0.019711
186633,0.010805
37208,0.021587
88466,0.018417
235024,0.013018
133175,0.020507
32737,0.023234
239329,0.01849
177352,0.014468
199492,0.014995
78676,0.015456
15610,0.012697
66200,0.016037
126419,0.021959
138132,0.017064
51013,0.016968
230748,0.015526
42587,0.020626
2006,0.010357
107229,0.014993
98847,0.016543
222394,0.018518
77431,0.011833
69950,0.01337
126728,0.018694
100637,0.021305
131176,0.016398
234947,0.012156
24697,0.016721
63189,0.01559
55128,0.010524
64685,0.024399
6018,0.020674
232061,0.012551
193270,0.017653
20885,0.016482
198654,0.015765
236985,0.016094
131177,0.021782
211646,0.011399
22159,0.016578
148134,0.019123
92107,0.017705
198062,0.018776
164686,0.019805
105559,0.012214
71979,0.014024
135781,0.017951
228120,0.017062
67497,0.014197
204064,0.016411
186636,0.014357
247798,0.01875
174805,0.017389
195510,0.016124
85062,0.013877
180986,0.013258
28618,0.02142
54092,0.019441
116713,0.017668
199551,0.014323
19749,0.016715
104382,0.020407
10558,0.012823
75310,0.016345
159993,0.012081
161808,0.024789
64088,0.016784
50491,0.018993
90396,0.01628
72559,0.01698
112699,0.014747
238600,0.01814
46773,0.010257
54083,0.01367
35620,0.025216
138533,0.018085
155217,0.018768
68654,0.013622
158478,0.013127
226034,0.013471
124885,0.023873
239345,0.015414
238900,0.013461
178735,0.013063
142407,0.016679
106483,0.009906
32098,0.015846
51586,0.018872
200201,0.021553
62105,0.017256
79659,0.01991
79416,0.020019
71508,0.011239
58175,0.022164
248225,0.01739
219887,0.014094
128243,0.016837
38916,0.01814
146468,0.021677
248034,0.021704
62998,0.014812
139860,0.011246
33282,0.012263
215898,0.021362
31457,0.015694
231911,0.015156
207358,0.017295
148581,0.015668
138738,0.011856
129779,0.014192
18111,0.019109
221956,0.0189
8231,0.018587
90756,0.015567
35949,0.018713
100877,0.01258
230832,0.015507
164372,0.024453
70003,0.013942
57859,0.020445
201255,0.016593
62170,0.014785
41414,0.018164
46560,0.01455
185452,0.019927
112304,0.018547
39989,0.01118
223126,0.016324
76333,0.012016
242641,0.010539
9210,0.013447
79428,0.019438
66601,0.014365
19058,0.014593
68924,0.013776
207722,0.017027
39672,0.014796
183097,0.016981
162779,0.019936
99981,0.016585
42312,0.012742
154569,0.014633
32066,0.016912
108349,0.020021
22672,0.009645
84954,0.012345
165617,0.014311
187688,0.015959
131576,0.019346
229174,0.018279
127165,0.02019
160279,0.014423
38970,0.013597
149062,0.0105
36404,0.014129
21469,0.017431
161244,0.015314
220463,0.013822
77303,0.014124
210963,0.013956
58637,0.019637
18592,0.015812
3152,0.014889
143402,0.017612
48844,0.013749
15661,0.016053
8584,0.015055
181265,0.012723
143779,0.012997
48927,0.012383
79863,0.019984
79089,0.013244
118515,0.015647
85823,0.017435
242501,0.018795
132190,0.012073
200889,0.018575
193825,0.012836
206564,0.018243
184859,0.023705
162463,0.021221
216275,0.020368
184189,0.025895
48532,0.015258
123897,0.014233
180025,0.017197
53461,0.010006
205184,0.019159
237489,0.020085
195738,0.014483
100936,0.013904
117322,0.017477
160303,0.014567
94611,0.016778
178268,0.019809
220459,0.01326
113535,0.015212
142324,0.012906
214981,0.017779
57986,0.025075
86128,0.02659
159311,0.014482
76392,0.010844
24252,0.014196
138565,0.022838
149785,0.01471
11780,0.016757
232845,0.013062
56854,0.024186
102824,0.020024
56052,0.014367
125008,0.013358
187668,0.019143
51208,0.016877
35215,0.017911
158673,0.013258
139687,0.021813
115417,0.01937
196357,0.0172
119976,0.012036
169131,0.01928
85014,0.020432
809,0.0148
69431,0.012352
58683,0.016407
123524,0.01889
134081,0.014735
203142,0.022468
85037,0.015123
162006,0.016753
62096,0.01258
46591,0.011006
224885,0.019936
207698,0.019662
203488,0.017257
236408,0.014578
192237,0.014272
89425,0.016816
218637,0.016156
240221,0.015714
31847,0.016675
51088,0.019022
90044,0.019716
189784,0.015136
196606,0.012692
210315,0.013401
181029,0.014074
139851,0.017686
174589,0.015312
5278,0.018307
226381,0.012581
147090,0.019083
211962,0.011932
188254,0.015784
179641,0.015197
45594,0.012728
141314,0.014051
11087,0.013953
113585,0.011032
74672,0.016307
20005,0.018388
82420,0.017453
188088,0.014713
212432,0.016827
22164,0.019314
153823,0.016571
188286,0.011627
32311,0.01474
88212,0.025035
202546,0.012308
11145,0.017034
195425,0.014846
219649,0.013144
126564,0.013496
241776,0.011403
176294,0.017625
17496,0.010514
147520,0.018503
244553,0.015944
209764,0.014921
195976,0.013237
220597,0.016479
100062,0.015923
12251,0.013643
112581,0.01985
245372,0.013108
115399,0.017918
242809,0.009757
217767,0.015195
67937,0.012267
95002,0.016908
22285,0.012113
153632,0.01885
46475,0.017317
71341,0.015203
20882,0.024092
92357,0.01641
119004,0.014217
205105,0.013553
70154,0.010069
244785,0.017004
105162,0.01397
53886,0.013545
246779,0.016634
151828,0.014353
107756,0.014859
44073,0.016102
180503,0.012789
44560,0.01737
117475,0.015436
152253,0.012774
239182,0.017569
152155,0.02075
28824,0.017814
238234,0.017443
247750,0.012843
107139,0.015422
159028,0.015978
68359,0.011616
39585,0.008726
112869,0.015306
218694,0.019884
160297,0.019315
46878,0.013984
27165,0.021607
177093,0.015482
183148,0.011465
107146,0.013844
68687,0.011806
87228,0.01954
213131,0.01118
122099,0.018366
51437,0.018611
190990,0.014407
198201,0.012533
31409,0.015647
30396,0.014255
55865,0.013652
156013,0.021248
64818,0.030276
63840,0.01677
45600,0.009451
97926,0.015873
111118,0.022356
219138,0.017807
82301,0.011203
182995,0.020194
181104,0.014537
109792,0.017451
95047,0.015914
71528,0.018006
219708,0.011677
135526,0.014758
206007,0.018412
7918,0.015635
158802,0.015586
125015,0.016857
179579,0.015163
191457,0.0182
2379,0.016484
59773,0.011516
112828,0.01661
192382,0.018804
8902,0.011876
90788,0.009611
113075,0.015293
90741,0.022224
90775,0.015446
190634,0.019851
34572,0.024209
205779,0.019585
63101,0.012056
207604,0.013532
49650,0.021306
151065,0.015692
27754,0.016301
130161,0.020594
193208,0.012709
68512,0.014977
192595,0.023666
92345,0.015465
127470,0.017543
30880,0.015409
14070,0.018906
306,0.017526
188054,0.016934
56134,0.01745
131377,0.014143
174891,0.017285
54897,0.01675
162509,0.023629
161305,0.024121
151896,0.015576
237756,0.025105
6488,0.02033
214201,0.015152
128249,0.018534
57983,0.024044
115569,0.016735
241414,0.015382
81930,0.014856
3655,0.018949
127904,0.013447
249323,0.018274
80296,0.016217
191988,0.015666
176552,0.016668
178277,0.0199
206676,0.023164
120441,0.01054
97017,0.019389
164589,0.017945
243914,0.01329
111966,0.012958
229823,0.015091
70193,0.012806
203435,0.017269
62331,0.011686
163282,0.01629
100986,0.014906
80762,0.015973
24365,0.016866
48562,0.015235
17452,0.009707
158558,0.017824
10675,0.01763
205286,0.014756
222399,0.02452
81421,0.018021
42853,0.01696
151378,0.011916
126386,0.01623
207390,0.019063
3440,0.018226
95896,0.017438
129725,0.013824
24523,0.010601
162556,0.020842
65039,0.021561
141966,0.017615
145328,0.01427
101951,0.021298
139466,0.020337
104990,0.016357
121360,0.015936
14489,0.021082
4054,0.014898
138474,0.023795
64476,0.013592
124327,0.014763
248324,0.018638
225621,0.011772
21495,0.01741
21578,0.02234
1258,0.011162
230506,0.017155
8846,0.01197
153371,0.011042
73228,0.017194
207473,0.023093
113410,0.012207
12433,0.020041
151169,0.017035
145226,0.012717
109195,0.01696
175559,0.013882
206782,0.023068
83912,0.010905
129129,0.016005
148760,0.018317
213063,0.010335
44121,0.020655
92902,0.020512
185663,0.012912
135084,0.011807
152626,0.021748
149881,0.015415
164635,0.014813
14495,0.015973
196646,0.014525
111644,0.011695
105410,0.014159
15520,0.019895
37394,0.017415
38532,0.009652
55171,0.018298
130579,0.014462
242177,0.023869
55082,0.014592
151786,0.01692
188883,0.013284
109612,0.017269
118559,0.018326
2176,0.023076
142509,0.0131
109946,0.010854
226088,0.014548
32860,0.013815
30111,0.017111
88031,0.019437
235948,0.01284
228517,0.012615
91321,0.017255
159730,0.015847
200090,0.014386
130379,0.012023
169738,0.015903
245258,0.023103
25106,0.015045
195893,0.017968
135274,0.019621
159653,0.01327
163965,0.01368
20984,0.014335
84765,0.014048
213889,0.012572
179180,0.014371
183550,0.023415
55597,0.017532
194304,0.016689
243630,0.015574
239068,0.019715
61183,0.010356
188527,0.016081
12391,0.01586
200093,0.018678
167844,0.017096
106933,0.013186
19198,0.024019
217259,0.021267
141675,0.020985
75244,0.010396
53317,0.014441
163294,0.025395
187912,0.021293
219479,0.018839
126828,0.01818
67274,0.014573
149342,0.021482
72847,0.017077
163406,0.022309
224097,0.017431
34806,0.019882
152156,0.018793
2872,0.015987
137915,0.016332
192902,0.022615
153594,0.019782
26866,0.024391
58671,0.02023
100728,0.020568
116324,0.018234
156767,0.021961
173355,0.012609
34961,0.015364
219551,0.014592
169853,0.020445
133853,0.018741
209491,0.012448
241507,0.017807
188666,0.021825
46010,0.01755
74636,0.011801
107057,0.013173
244952,0.014089
214134,0.016122
176486,0.023532
95822,0.026692
224138,0.027448
184145,0.021057
21105,0.018269
64069,0.013716
106323,0.013247
142337,0.016259
124125,0.022162
120338,0.01328
194528,0.013477
214826,0.015633
231508,0.02461
71556,0.017012
86441,0.024659
228092,0.0116
90216,0.021381
81535,0.017286
186472,0.022517
149479,0.021866
116252,0.013638
116251,0.013541
105437,0.011862
101882,0.014732
219356,0.011034
108635,0.012439
132907,0.017696
56611,0.01945
232679,0.015451
196088,0.015062
49057,0.017666
143936,0.013119
11385,0.023334
40605,0.011904
173974,0.009418
146056,0.01893
4060,0.019154
153121,0.011694
172694,0.014236
115256,0.012988
144319,0.009019
167826,0.012735
240685,0.014867
206172,0.014523
19222,0.010779
230804,0.016385
132831,0.02254
17732,0.014336
143972,0.018754
40236,0.012475
81447,0.018936
22630,0.012056
228642,0.011545
53366,0.020001
61639,0.014946
98810,0.01564
74874,0.013911
232641,0.016724
210782,0.015351
112763,0.016569
173701,0.014435
141262,0.021375
160553,0.016714
206276,0.014545
219363,0.011873
69408,0.013767
156111,0.016654
20490,0.015933
170059,0.019948
145138,0.019098
26737,0.019331
79768,0.019981
243833,0.013392
186278,0.023859
189701,0.012621
184917,0.019527
80365,0.015916
194862,0.018917
36444,0.013825
239875,0.013449
2061,0.016334
125549,0.015859
137145,0.012972
225582,0.01783
28031,0.013313
191530,0.018031
30727,0.01828
59875,0.018957
87537,0.016489
58266,0.018385
74202,0.012633
61660,0.012413
71902,0.019733
117113,0.016409
125510,0.019527
223384,0.022889
195295,0.01679
151624,0.0159
216892,0.021398
20101,0.015527
34561,0.020548
10454,0.014076
108790,0.029471
170155,0.01432
132902,0.018238
180885,0.011724
34910,0.019242
183870,0.016294
141126,0.018183
138180,0.014568
236513,0.016252
152751,0.016825
72771,0.017994
25192,0.015055
183005,0.010135
195373,0.013279
212534,0.014163
166927,0.015082
155333,0.015996
228620,0.017698
123776,0.014549
54343,0.016633
41006,0.019026
90825,0.01706
101389,0.020222
240366,0.015155
54868,0.014508
117747,0.018747
140656,0.015214
111560,0.02487
105632,0.015449
6271,0.016152
158266,0.013796
116536,0.023368
214423,0.013465
235441,0.017476
8912,0.015669
76951,0.016759
243825,0.021399
54908,0.014212
164259,0.018076
133009,0.02071
159811,0.014565
78979,0.021263
181969,0.014593
211320,0.00894
82575,0.018759
205671,0.014029
5741,0.016593
175381,0.013219
108429,0.020821
229891,0.015106
188267,0.018515
76019,0.017143
242919,0.014641
215142,0.018603
194794,0.01975
2046,0.015768
195126,0.014446
242766,0.009114
45165,0.016852
41192,0.015682
38521,0.020566
144092,0.010979
163387,0.018873
102429,0.020596
97815,0.011651
131896,0.014594
76828,0.010023
120128,0.019276
3686,0.013881
115045,0.01509
85158,0.011733
11965,0.021589
147384,0.017677
35665,0.013102
179043,0.020947
2638,0.01809
174644,0.009449
248683,0.014219
37766,0.018964
53456,0.01357
80717,0.014263
185883,0.021674
112481,0.012918
189612,0.01965
109345,0.021922
41895,0.012446
58871,0.016949
192395,0.022082
171687,0.020567
235368,0.017952
239302,0.015466
96193,0.014031
125064,0.018927
5667,0.021647
175132,0.019834
12516,0.021168
101627,0.014197
62906,0.017459
12706,0.01829
125128,0.014483
83510,0.020818
172356,0.018593
216786,0.016624
86724,0.015911
178899,0.021678
216699,0.01189
56709,0.014334
19280,0.023331
203037,0.016271
221744,0.017472
108500,0.016605
106022,0.017535
66609,0.019111
64746,0.021863
203600,0.020436
134950,0.016277
13055,0.016893
193953,0.012158
26176,0.013702
209214,0.017524
27049,0.019812
174377,0.022598
192436,0.024831
145512,0.014417
57388,0.013104
178288,0.021087
45381,0.01718
25589,0.021369
205688,0.016776
98640,0.0113
67335,0.01382
180545,0.014276
107903,0.018341
162035,0.017884
114326,0.014639
215375,0.019458
227872,0.012806
163361,0.013447
121160,0.016393
26495,0.016756
246829,0.013123
148557,0.023055
24319,0.01485
4977,0.01849
158927,0.017089
121327,0.018107
183172,0.021778
40808,0.014461
228652,0.016124
113876,0.015533
194149,0.015669
156427,0.015391
130480,0.01706
126840,0.01852
18847,0.014365
81967,0.010887
24436,0.012179
246956,0.020754
44738,0.011915
27146,0.016588
100604,0.016278
219497,0.010866
168529,0.013021
143089,0.014938
116010,0.014472
60482,0.010627
21091,0.012487
182907,0.015748
94263,0.012978
224606,0.019012
200180,0.022423
112343,0.013468
176360,0.01645
38231,0.018743
117783,0.023533
225398,0.022072
82895,0.015362
173787,0.014979
35381,0.015016
232118,0.015624
86783,0.01827
25203,0.011813
157501,0.016676
11505,0.023391
97600,0.012368
48426,0.018339
119785,0.01463
145024,0.011085
164893,0.01182
70491,0.012195
195208,0.012995
177783,0.016858
243625,0.01166
240872,0.016157
132906,0.021156
18560,0.016544
130806,0.02072
218604,0.01375
71104,0.016752
104021,0.020106
128010,0.013193
148341,0.019557
234996,0.011989
191332,0.018667
28387,0.023842
27332,0.015072
103932,0.018919
36640,0.016587
144722,0.017198
144378,0.012501
182871,0.017679
95048,0.02328
175854,0.016589
206753,0.021858
170598,0.022695
221900,0.017784
66038,0.018784
158707,0.016238
204286,0.011635
29091,0.016584
221264,0.016097
28983,0.021539
25632,0.017788
244366,0.015296
218047,0.014757
112137,0.020458
18935,0.016614
197515,0.011157
206439,0.024478
144402,0.014669
30907,0.016709
191168,0.015223
62333,0.011232
72759,0.020224
144754,0.013102
54597,0.017968
56667,0.013144
110103,0.020774
114976,0.022555
132494,0.014686
27744,0.020363
113529,0.009839
207460,0.016895
38116,0.015804
193328,0.027403
236826,0.011615
213024,0.014175
169279,0.018299
51706,0.016737
181323,0.01219
128971,0.009803
185256,0.023649
64190,0.02543
137715,0.012965
173615,0.014554
145792,0.02234
165693,0.017425
25622,0.018827
174302,0.01374
88467,0.017673
142267,0.011371
232029,0.016626
2592,0.016304
61721,0.017213
87899,0.0251
150310,0.012043
244443,0.015527
191328,0.016184
36387,0.021279
33261,0.019294
12151,0.012977
139605,0.017817
163034,0.016385
226301,0.016982
123318,0.015766
196463,0.012136
960,0.014051
73708,0.028069
118893,0.020414
146358,0.011977
62482,0.008982
57410,0.01656
136486,0.012128
210261,0.021169
104765,0.018732
205389,0.018141
138139,0.012832
235531,0.018078
10581,0.013788
44215,0.021093
108865,0.02473
36301,0.023322
71551,0.014011
42783,0.017778
223329,0.020343
117702,0.015574
215275,0.015367
205536,0.016435
163673,0.0218
238410,0.020701
189606,0.009754
66390,0.018781
160275,0.015905
119217,0.021825
32896,0.017394
45401,0.011843
38623,0.014725
163000,0.024619
28891,0.024102
90865,0.018681
155032,0.012219
235915,0.016795
5590,0.02731
114345,0.017146
58291,0.019537
70236,0.020029
58402,0.016952
191292,0.016493
220286,0.018074
112281,0.013246
91733,0.020374
211244,0.011874
691,0.02091
31225,0.013649
55243,0.017144
62978,0.016816
7696,0.019703
154786,0.025313
26539,0.016354
79937,0.018593
178019,0.017406
49324,0.022088
182933,0.015427
175369,0.012541
130500,0.012631
168382,0.020922
103805,0.013041
177869,0.019004
97814,0.0135
169455,0.011925
244740,0.019205
131171,0.015297
213831,0.017734
99206,0.01055
119869,0.017621
155062,0.021307
222575,0.012709
5822,0.02102
115341,0.014929
31213,0.012588
22002,0.020797
13512,0.016032
202317,0.022178
52174,0.010784
242160,0.015117
194432,0.016115
238840,0.014154
10988,0.017525
101684,0.014107
22823,0.017362
79952,0.019525
166041,0.020582
11143,0.011974
101625,0.011858
218649,0.016613
93547,0.01635
117192,0.020326
132952,0.023516
249520,0.012839
211408,0.010873
89905,0.016324
25497,0.012571
105414,0.013742
163761,0.015459
72672,0.021595
155421,0.018007
122947,0.018799
10923,0.01691
21366,0.024188
44340,0.014169
138839,0.016628
108226,0.015498
140756,0.019013
102892,0.012417
23917,0.00842
159986,0.020164
108823,0.018051
112759,0.017624
179894,0.01421
235463,0.014335
155509,0.02162
223492,0.026357
88779,0.013499
232026,0.017559
257,0.018206
144729,0.011079
131175,0.023165
83285,0.010201
34277,0.020494
225296,0.014468
63837,0.022708
48203,0.019742
207922,0.021365
153643,0.01457
37637,0.017449
168362,0.013196
204348,0.014191
104266,0.015048
201270,0.018209
231354,0.017254
222648,0.014495
180442,0.012807
212193,0.014278
47786,0.013913
60528,0.010048
129276,0.020377
156384,0.01631
34585,0.019408
138708,0.0139
54162,0.016623
32778,0.020736
156378,0.021569
46755,0.010092
147737,0.013416
182794,0.014218
198204,0.014162
142900,0.018969
160061,0.010873
215192,0.021611
216661,0.016575
99063,0.013584
129551,0.015167
235908,0.010443
230368,0.023126
135062,0.012836
58498,0.017608
240392,0.015767
143466,0.019113
178185,0.018729
86617,0.01774
111730,0.013909
164690,0.015485
130277,0.015837
54787,0.014252
221195,0.016068
233426,0.008681
179822,0.012586
98889,0.017258
68268,0.018462
142249,0.016794
82847,0.012279
156112,0.01825
66845,0.013469
7913,0.018161
152206,0.013007
247403,0.011557
114021,0.014047
33765,0.01772
190046,0.014528
159082,0.01875
164937,0.01942
6447,0.013701
248350,0.016865
61199,0.009251
162596,0.021549
116674,0.0159
196931,0.012295
165061,0.011448
56384,0.015256
202499,0.024902
137152,0.017969
114931,0.016461
193675,0.012403
78383,0.014043
240163,0.015615
128027,0.010114
115950,0.02131
229813,0.014112
3909,0.020743
97793,0.018064
149551,0.018076
60155,0.011842
194401,0.019956
232696,0.012129
204403,0.016663
146685,0.020625
81745,0.018697
62579,0.01595
44828,0.01387
205784,0.012221
71432,0.015398
212278,0.015517
99452,0.017648
155133,0.020132
198232,0.010671
235643,0.013163
24616,0.014105
222135,0.019444
46077,0.010971
244037,0.021285
33580,0.019436
155356,0.014032
184783,0.021418
73173,0.018058
13269,0.019838
226486,0.017606
54589,0.017311
48322,0.013179
181844,0.024855
113630,0.018055
225813,0.017932
132697,0.020129
59386,0.019397
68573,0.017579
132444,0.017316
199037,0.021249
241921,0.020342
94348,0.017874
181129,0.012063
139737,0.020806
163655,0.015943
105700,0.017027
100338,0.017243
15781,0.014507
233478,0.011545
20698,0.023187
147210,0.0215
150130,0.016289
142743,0.014334
189675,0.012853
161499,0.022053
156119,0.012043
179550,0.021631
55024,0.01575
164037,0.01572
78962,0.016991
210926,0.012235
93431,0.017304
221380,0.018598
110606,0.015275
67879,0.013281
13603,0.022214
113530,0.01409
24803,0.009952
36551,0.024174
148948,0.021134
65346,0.019135
71557,0.014556
124792,0.022212
58981,0.015797
25952,0.018342
62075,0.014764
159263,0.01751
56396,0.014443
122820,0.014692
58373,0.016853
247843,0.014832
38296,0.014536
187519,0.018046
102770,0.01395
174418,0.022529
88088,0.013982
146355,0.020606
24306,0.011432
220031,0.015834
67415,0.015133
92852,0.016076
137026,0.020355
200065,0.025723
66807,0.020019
29605,0.010928
162168,0.01597
177327,0.019253
142906,0.021097
229904,0.022762
221099,0.015953
216038,0.020981
173700,0.011051
13059,0.010878
231032,0.020399
225872,0.019961
190614,0.018673
177221,0.017574
186683,0.018773
74843,0.019311
17952,0.01733
236653,0.019846
193266,0.017849
75819,0.014272
102098,0.021629
81740,0.021494
154711,0.020246
185416,0.012618
218302,0.019842
32881,0.015519
94236,0.017458
228797,0.019188
155424,0.01613
88838,0.022596
159577,0.010763
46423,0.012088
154729,0.025881
202467,0.01616
206784,0.021621
108129,0.01701
100824,0.016078
153433,0.013156
147729,0.020701
83476,0.009968
245278,0.014732
216072,0.01545
151015,0.012826
183955,0.016699
76128,0.024436
176362,0.01808
132048,0.023016
241602,0.018754
40857,0.014702
197948,0.016869
246350,0.011763
26029,0.01497
177205,0.018185
56822,0.014458
12127,0.018686
34271,0.014688
103178,0.018799
12786,0.019827
51737,0.020878
106561,0.010803
218180,0.016771
187188,0.014057
116471,0.021158
141950,0.017696
212281,0.01491
188923,0.015015
49297,0.019676
158637,0.014166
148741,0.011578
145295,0.011801
231030,0.026872
198653,0.012893
148676,0.015324
158780,0.013631
222960,0.026313
68011,0.014566
183537,0.016456
53110,0.0176
106234,0.013344
155387,0.020765
43197,0.020656
13101,0.023516
201211,0.0209
238793,0.016234
168076,0.016484
134642,0.015707
59984,0.019079
28709,0.020052
227587,0.012932
82248,0.01893
59307,0.024066
223604,0.015758
18339,0.023799
231285,0.026006
215242,0.011062
154292,0.015289
249549,0.013567
26836,0.020283
160022,0.019576
139893,0.014885
177830,0.01688
155796,0.018782
56931,0.015201
216242,0.01747
135443,0.017297
245270,0.020426
186622,0.020153
71037,0.01288
121206,0.012553
12524,0.021233
223314,0.021624
179861,0.01382
170490,0.020632
119265,0.018175
146841,0.021266
76104,0.013784
211886,0.012019
25164,0.015037
122009,0.017321
68380,0.017573
125884,0.017569
46793,0.012887
59762,0.019088
218865,0.013838
63906,0.016323
76595,0.018589
12006,0.018592
159918,0.014697
53122,0.015041
213026,0.015227
239806,0.015638
19365,0.022498
150063,0.015768
124533,0.014996
21169,0.015603
86489,0.012607
69030,0.018012
18018,0.016137
148447,0.012659
7553,0.013577
237551,0.017549
35509,0.011165
62919,0.01571
23658,0.012937
232718,0.015682
146864,0.012747
186733,0.017417
4894,0.026156
31228,0.013258
17127,0.016637
9821,0.016278
81290,0.016241
84376,0.016143
74813,0.01917
230159,0.023084
56029,0.017129
103279,0.025607
42269,0.023195
53989,0.013792
40631,0.015335
117102,0.020869
56220,0.013266
138392,0.015737
219016,0.015527
236435,0.017884
218222,0.013152
55350,0.017648
92440,0.017956
143590,0.010986
98586,0.013834
62854,0.013321
220624,0.013711
119993,0.011925
186841,0.017189
224562,0.014414
123939,0.018824
30529,0.012289
62376,0.015715
247499,0.011236
61441,0.014154
203608,0.011203
137083,0.019485
195951,0.014007
77544,0.01154
150343,0.010311
187383,0.023554
181775,0.018351
128692,0.018284
187871,0.013931
202414,0.016203
6395,0.021377
33992,0.012063
82736,0.009928
106989,0.016092
184034,0.017796
5604,0.015954
90678,0.014686
188839,0.011365
103259,0.016944
75140,0.0187
152025,0.01652
86902,0.019467
23774,0.017087
56444,0.015011
31404,0.013656
145828,0.01326
228973,0.01129
145629,0.015721
199875,0.024921
169910,0.019864
202429,0.018165
41971,0.021043
31193,0.015486
46528,0.015145
152854,0.014727
169756,0.01744
17734,0.015862
19257,0.011769
74795,0.0152
162066,0.018471
203079,0.014463
168734,0.019684
233593,0.009436
233887,0.015244
88671,0.018181
130726,0.018613
73550,0.018529
151559,0.01037
9296,0.013676
108313,0.016615
199181,0.018307
144746,0.014221
146299,0.014638
50173,0.020061
157188,0.011264
190895,0.017201
205109,0.013608
230896,0.019192
128922,0.016394
174132,0.00983
29603,0.013658
30226,0.016458
142787,0.01525
124492,0.018096
221007,0.022042
158785,0.015792
67721,0.01293
29006,0.020802
94328,0.01767
133563,0.019541
133573,0.01737
233210,0.021631
78038,0.010832
174436,0.016626
103009,0.014005
144542,0.018428
234414,0.014509
46476,0.012687
39091,0.01526
183310,0.014376
12379,0.017845
161922,0.016654
1414,0.013821
203907,0.011527
225362,0.018616
206205,0.012812
50183,0.014733
205588,0.020909
176142,0.016633
5904,0.019375
116575,0.021814
165228,0.018683
129098,0.014216
33654,0.019468
210859,0.018955
85438,0.016175
3589,0.017127
196302,0.015694
18678,0.021599
42077,0.023348
199289,0.019796
203286,0.010429
31021,0.011996
133903,0.016718
203332,0.014448
170330,0.023513
58611,0.021376
109837,0.018792
121171,0.010013
44378,0.014518
96681,0.018858
212898,0.018006
149692,0.018002
179874,0.015466
171158,0.022558
35948,0.024867
131199,0.016494
122456,0.018805
99155,0.011276
183371,0.01817
248416,0.016174
246142,0.039815
243057,0.014784
170366,0.019851
47047,0.01696
244536,0.019985
54024,0.014433
201142,0.019853
133277,0.01584
150120,0.012291
1072,0.016891
235747,0.011516
247831,0.018799
234486,0.015776
118373,0.037533
220082,0.013633
70620,0.017346
146780,0.017159
152261,0.012654
125185,0.019513
179627,0.012989
186584,0.018369
96519,0.019859
165730,0.01591
69856,0.01205
122490,0.011034
130617,0.020522
178771,0.012005
221202,0.016669
143363,0.011054
153994,0.021876
61611,0.013536
79703,0.016756
86496,0.024828
55556,0.009869
152617,0.012438
139166,0.016398
122114,0.01953
136986,0.020867
207300,0.019992
67297,0.012844
67844,0.012198
129356,0.018975
68449,0.019155
213200,0.014482
106613,0.021446
74554,0.014277
95423,0.022576
99189,0.012351
53979,0.009304
207331,0.016432
32465,0.016349
201592,0.017865
127436,0.017483
166097,0.017426
176589,0.01234
53997,0.013236
80577,0.015176
140557,0.015303
225643,0.014656
41803,0.01844
9592,0.012559
54325,0.013882
207780,0.020609
132677,0.017809
175970,0.018803
13275,0.012124
72478,0.018227
35063,0.023402
241091,0.011882
11060,0.01809
169475,0.019385
60760,0.010442
2890,0.01113
96255,0.020391
28182,0.01872
125323,0.015062
92639,0.014947
47861,0.014882
37987,0.014892
195176,0.015904
70248,0.01294
224488,0.013892
168767,0.014635
67859,0.015717
90093,0.014314
232007,0.013557
74748,0.023302
216476,0.018163
72516,0.013947
37899,0.010638
152806,0.018805
60091,0.013697
213404,0.019068
233056,0.012607
132715,0.02261
135426,0.018174
210030,0.018194
130484,0.016382
119633,0.011745
149400,0.015081
211145,0.01476
159251,0.015812
200916,0.020127
29202,0.020767
139949,0.011785
21493,0.010923
35507,0.021107
41187,0.019527
240578,0.015742
17520,0.018729
199580,0.015975
203223,0.013096
163397,0.020077
25577,0.01145
239463,0.017721
204740,0.011507
164228,0.018159
82386,0.014435
224775,0.015878
226491,0.014719
16467,0.013815
199684,0.012198
131841,0.017804
168181,0.019171
9321,0.012666
189251,0.014063
11094,0.020448
157177,0.016028
55494,0.020853
51807,0.015826
64065,0.01773
246256,0.018999
180003,0.017151
117355,0.015241
109254,0.019591
57847,0.025673
223134,0.018951
78663,0.013893
41824,0.022187
191481,0.016593
50963,0.018918
228795,0.017675
128617,0.019026
26535,0.022813
109092,0.014562
121338,0.014772
4934,0.014887
190532,0.017193
135925,0.017575
84950,0.016257
58293,0.015968
163620,0.017054
78428,0.01343
139154,0.016114
147165,0.019681
16493,0.01507
237816,0.022854
154431,0.02838
68996,0.013783
50493,0.022247
239197,0.02115
217732,0.009284
28708,0.022043
194311,0.0171
61225,0.013272
89923,0.013052
79341,0.014683
128347,0.013436
73305,0.021825
2266,0.016516
155194,0.013861
193015,0.021967
77915,0.014829
49663,0.01679
5060,0.012201
218042,0.013808
200756,0.012886
239900,0.020034
15363,0.013267
189234,0.013219
215530,0.019912
192947,0.013864
233458,0.012835
242511,0.015279
198339,0.019303
65260,0.023579
64320,0.01393
20869,0.018685
44123,0.020804
127215,0.01221
96892,0.019084
64630,0.016925
201951,0.020349
45189,0.016413
78077,0.013169
125026,0.018652
121776,0.013651
10193,0.017825
1857,0.016566
16705,0.015859
19952,0.013099
41035,0.022718
220151,0.016051
120246,0.014134
167971,0.01178
209590,0.022148
71134,0.013854
82805,0.012486
122850,0.014968
116452,0.012645
232170,0.022814
96247,0.024209
80248,0.022441
129575,0.01128
170820,0.017315
11610,0.022567
213787,0.019173
127253,0.013054
73685,0.014103
224664,0.016936
164435,0.012004
243688,0.019132
87941,0.023817
86423,0.019905
19707,0.015791
133508,0.022598
134996,0.02211
9475,0.019975
81216,0.014287
28962,0.016402
36169,0.018387
180204,0.014309
224306,0.017471
49730,0.018427
31986,0.014335
36796,0.022223
157014,0.016553
191429,0.01787
240424,0.010228
132055,0.011099
207884,0.017196
206960,0.020136
121371,0.017085
131485,0.022149
90391,0.015946
53742,0.016674
242786,0.019952
45316,0.016988
170861,0.016435
143131,0.016031
14004,0.015709
246446,0.01243
55436,0.010876
101896,0.026394
247278,0.021073
173951,0.011843
9039,0.014794
125411,0.019898
53610,0.015696
5814,0.017508
172997,0.01111
81358,0.016386
121076,0.011878
111002,0.015153
115194,0.013016
30036,0.012683
144294,0.01337
221402,0.01931
215306,0.018325
84009,0.01042
40909,0.014325
186050,0.014065
113101,0.016392
249546,0.012287
89494,0.016619
176598,0.019431
215337,0.016898
81817,0.01025
196676,0.017156
168483,0.015138
57463,0.018855
133492,0.022064
245219,0.021512
24487,0.010821
117784,0.020873
44341,0.014816
208065,0.025474
137678,0.014037
15514,0.013352
165562,0.016797
196317,0.009358
166109,0.014024
207327,0.016754
244440,0.021873
93302,0.011814
169594,0.02076
198213,0.015652
228901,0.013783
184276,0.01508
91152,0.009208
91404,0.014427
212162,0.018711
233381,0.018142
181983,0.019017
79486,0.019642
203342,0.016646
124751,0.015893
18070,0.020029
92439,0.015864
225305,0.013708
147673,0.021948
163375,0.018318
58965,0.020801
195759,0.014371
182539,0.01834
169934,0.017554
128367,0.01603
6179,0.014695
32572,0.014262
17726,0.018907
134884,0.009997
29158,0.019267
232115,0.019697
109610,0.014109
204246,0.017071
107359,0.012993
174437,0.015448
3778,0.026002
218626,0.015675
248702,0.01623
140814,0.017409
204957,0.015745
192968,0.013989
214476,0.016383
220114,0.014289
230026,0.0184
71495,0.022812
52604,0.018335
58779,0.018502
84984,0.017543
1882,0.016494
87190,0.010686
86535,0.018157
81927,0.015551
124352,0.01562
10872,0.014857
207550,0.012599
109994,0.017695
91758,0.012312
229074,0.025015
143512,0.014763
129567,0.016523
70987,0.019603
185664,0.027681
179788,0.012557
49869,0.011932
185336,0.015063
186557,0.026524
67892,0.017756
93686,0.01477
123797,0.012625
71987,0.031413
233670,0.011431
140942,0.01327
164482,0.018805
242647,0.017965
145135,0.011786
25872,0.017382
170680,0.013728
227277,0.018762
217561,0.013981
66809,0.013742
182240,0.017346
246380,0.019738
70635,0.018109
231097,0.028043
140508,0.016864
219998,0.012713
160254,0.016845
96655,0.015289
228126,0.016672
34331,0.023728
40582,0.013808
148217,0.01867
235014,0.016287
227741,0.012391
145227,0.013525
234530,0.014299
100259,0.018149
232656,0.015963
160121,0.015198
154535,0.023045
105685,0.018195
162689,0.021223
4140,0.02709
184639,0.022146
152646,0.012717
41746,0.014959
99593,0.016562
239572,0.013512
143540,0.019305
148906,0.017629
172744,0.01872
95704,0.013042
97481,0.01735
187562,0.020323
118787,0.025546
212523,0.014879
107219,0.013245
127443,0.017343
20647,0.020895
39211,0.012765
171398,0.018419
69056,0.019223
155248,0.018281
37565,0.022974
37909,0.020952
113213,0.011341
52447,0.01766
34807,0.012515
67865,0.017116
124077,0.019351
20166,0.015275
173120,0.015303
227394,0.010636
205676,0.018955
158256,0.016262
92792,0.018298
173953,0.013678
211478,0.019891
173690,0.016775
157335,0.016814
172550,0.012065
61324,0.01219
187926,0.017753
131533,0.011913
220416,0.016703
5360,0.015344
124619,0.023919
110040,0.013712
124644,0.012838
104051,0.019681
147818,0.01385
53310,0.017546
141445,0.019309
236168,0.01852
249182,0.015884
192457,0.018985
111652,0.021154
85097,0.021184
146928,0.01615
55536,0.014492
236063,0.012298
106031,0.013545
135258,0.02172
44737,0.016055
208877,0.017298
239249,0.026123
110047,0.023943
93902,0.020464
165844,0.014953
97896,0.011358
63970,0.014215
8269,0.022009
221210,0.014091
23379,0.016191
201740,0.017386
49825,0.018975
128100,0.010426
23537,0.014684
150330,0.013203
220556,0.014367
43166,0.023893
140016,0.023823
37481,0.017988
129697,0.01125
221822,0.01516
160222,0.015196
196965,0.017724
142925,0.013599
101355,0.014233
57515,0.013616
73324,0.021546
236298,0.017605
78421,0.018528
159585,0.01631
103379,0.017053
63992,0.017635
25988,0.010786
168606,0.019626
33354,0.014603
201155,0.020979
97154,0.010932
176087,0.014684
108191,0.020703
228845,0.019289
242983,0.018476
123482,0.017295
55810,0.014631
125918,0.019638
192496,0.017555
25271,0.012019
14454,0.016251
130182,0.020611
148584,0.020083
49765,0.017514
221440,0.018637
50023,0.025156
123347,0.017589
201661,0.02101
237897,0.023723
115303,0.015506
180514,0.020312
111909,0.017285
110854,0.020548
117182,0.013953
50816,0.022999
124635,0.022566
4703,0.025592
154927,0.025878
172683,0.018177
137732,0.013221
11947,0.023363
10724,0.017737
154256,0.017026
214944,0.021025
15773,0.015044
141061,0.01972
9671,0.014002
245525,0.01909
190306,0.011914
169857,0.019436
104488,0.010497
202143,0.018007
20475,0.018573
152404,0.014111
98812,0.016482
101687,0.025486
165373,0.022319
41238,0.024151
183948,0.019255
38981,0.015151
75430,0.018537
59240,0.018101
15153,0.014872
171816,0.021585
85785,0.017026
219964,0.015626
224213,0.022298
53273,0.013953
92599,0.016386
228181,0.014299
44487,0.014043
62734,0.012914
240653,0.010952
126647,0.015136
44127,0.018301
84843,0.017311
210286,0.013347
162431,0.014906
248522,0.011996
206252,0.01581
116691,0.014049
53769,0.00823
185742,0.016837
176773,0.019151
225503,0.017507
237945,0.025963
218250,0.013109
168490,0.015755
100109,0.019643
237407,0.022076
94522,0.01807
15641,0.016321
120718,0.01869
242317,0.014813
42858,0.016649
46161,0.012095
64181,0.013695
125873,0.014671
7857,0.015049
155495,0.01869
130309,0.011972
1818,0.021265
228610,0.020126
91022,0.017188
248046,0.015648
44754,0.01538
171376,0.01965
147941,0.019087
233013,0.019985
21177,0.016287
227905,0.012756
118236,0.020937
5213,0.024842
120693,0.013689
31706,0.013952
239143,0.020837
3475,0.016455
2687,0.015039
78006,0.015004
240933,0.015045
102855,0.025575
214034,0.02659
193337,0.025295
181597,0.01944
122643,0.011277
147043,0.018839
174446,0.009256
67018,0.020379
216597,0.01254
45735,0.015698
52379,0.019449
78462,0.021095
201534,0.016406
185407,0.023343
182764,0.010297
170585,0.022665
161627,0.02433
163837,0.021124
225914,0.011829
212983,0.016155
32493,0.015724
219842,0.014864
112425,0.018993
77753,0.015472
70844,0.017264
61233,0.014627
74625,0.014989
36322,0.016357
127136,0.015472
180091,0.012112
104011,0.019531
11193,0.018503
205180,0.019487
82074,0.016783
32627,0.013107
114138,0.013631
101169,0.014167
66608,0.0169
196000,0.019805
38140,0.017884
26203,0.019638
44043,0.014727
186805,0.017106
131333,0.013857
11896,0.011893
190544,0.014698
136128,0.015261
225432,0.019149
48212,0.021073
110391,0.018481
110229,0.025105
240990,0.016244
14787,0.016007
240172,0.015066
225338,0.012268
65142,0.024817
84449,0.01732
207686,0.025539
226838,0.016095
175082,0.010803
41569,0.021507
193852,0.024458
72705,0.01675
8565,0.015362
207773,0.019065
206186,0.014277
205395,0.015658
62876,0.014042
72235,0.020503
233454,0.012363
138088,0.015112
6851,0.012617
226592,0.014235
90458,0.009834
121928,0.011274
102596,0.018454
151537,0.017627
24355,0.01954
117894,0.023202
85667,0.025538
108135,0.016667
928,0.020666
142845,0.015315
203237,0.016898
97125,0.011104
107026,0.016228
150013,0.017321
76336,0.014796
230708,0.018185
199297,0.011109
46665,0.016849
118161,0.014099
57456,0.017966
71626,0.010388
17366,0.015496
126797,0.022649
72052,0.019326
119918,0.018036
72775,0.021035
183499,0.015037
2730,0.018147
148298,0.0177
81622,0.014532
17405,0.01329
173645,0.013387
198712,0.017059
9731,0.020535
151167,0.015859
227760,0.01481
234716,0.01263
228292,0.016037
150304,0.015413
18086,0.019481
85779,0.019381
227567,0.018825
171900,0.020043
216499,0.019605
188566,0.014071
45806,0.016654
197848,0.018208
103637,0.014734
53440,0.014016
80099,0.02173
65218,0.016707
240828,0.013878
67172,0.01524
21957,0.020662
22845,0.019716
206926,0.013328
34027,0.015623
43194,0.01995
174969,0.015327
90211,0.012952
100252,0.018066
124061,0.020221
170328,0.020541
200355,0.017694
216394,0.011711
119829,0.01596
74260,0.01954
29160,0.01831
32162,0.016309
114162,0.013203
181255,0.012567
212650,0.017387
165137,0.01579
189290,0.014074
32080,0.018662
38229,0.013473
4506,0.021117
146492,0.015491
220371,0.017187
137766,0.014039
110090,0.012961
164640,0.015721
234629,0.019508
136030,0.015203
167485,0.01268
709,0.015691
176513,0.019412
239906,0.019635
135907,0.016613
58496,0.023597
88092,0.016619
23219,0.014022
165476,0.015307
135158,0.011021
127928,0.013748
188457,0.015044
192893,0.020241
184499,0.01739
122469,0.01422
135356,0.017284
92760,0.009179
133742,0.02089
16831,0.01961
193112,0.023112
165138,0.013961
151818,0.012663
236760,0.017852
188174,0.020129
214155,0.01632
163334,0.020442
137583,0.012993
169615,0.019692
177191,0.018837
210167,0.018759
213215,0.019144
23746,0.012343
224654,0.015253
112207,0.014818
158277,0.018242
19926,0.021435
106882,0.011483
238493,0.013168
88604,0.017607
98183,0.014262
38261,0.013817
109605,0.013278
38003,0.012636
154607,0.022561
33868,0.019603
117046,0.016843
70778,0.020553
183527,0.016396
19263,0.013334
183736,0.015062
25755,0.020911
68228,0.011908
121272,0.012677
102655,0.024168
15076,0.012555
51988,0.010682
161989,0.025991
121568,0.009446
187530,0.019465
14337,0.020196
175364,0.015596
226114,0.015294
220053,0.013512
186667,0.021655
11819,0.018715
210352,0.017065
247451,0.01556
132901,0.013482
172859,0.02103
138140,0.016374
190323,0.012312
82940,0.012505
155950,0.019537
22402,0.01672
125637,0.021414
209116,0.019149
203395,0.013643
181800,0.014058
139560,0.021077
73045,0.022042
37437,0.021299
132269,0.02068
83960,0.019833
13195,0.020728
3481,0.01996
12182,0.019834
50421,0.018122
195109,0.011063
229845,0.014799
166622,0.016907
58124,0.014759
106373,0.01739
33247,0.015654
5258,0.020263
128219,0.012194
206531,0.029009
152108,0.015805
1186,0.017678
44655,0.016246
7391,0.019019
220119,0.01333
72574,0.023698
221299,0.016156
39924,0.012302
196358,0.01514
223978,0.014886
116638,0.016707
164745,0.016393
67382,0.021035
6419,0.016967
111076,0.013997
58121,0.014891
181312,0.011789
98256,0.017752
231803,0.026709
86268,0.015832
232776,0.016825
245558,0.018096
139991,0.023967
199323,0.016632
212367,0.013964
218469,0.016879
4400,0.017167
117330,0.017145
6249,0.017093
20137,0.024773
16005,0.011748
124854,0.017543
188824,0.016525
38867,0.011415
161903,0.02058
144376,0.013676
7025,0.016371
103788,0.01682
150277,0.014515
35186,0.01636
221879,0.019214
210570,0.014256
8710,0.015988
230386,0.019224
1283,0.015366
164266,0.022354
157677,0.014656
17328,0.019283
121701,0.027867
162175,0.018671
121342,0.015848
104344,0.018812
216483,0.017772
146565,0.011556
172351,0.015202
44493,0.021006
191754,0.012423
44969,0.021976
97089,0.01588
159503,0.019618
157029,0.012529
161859,0.018989
62821,0.017639
118706,0.013173
213146,0.013824
41608,0.015057
201967,0.019254
132471,0.014795
136951,0.011295
43527,0.021994
80609,0.014455
24548,0.013772
107214,0.011341
243580,0.019919
45805,0.017613
175818,0.014561
95936,0.023341
178931,0.02213
193617,0.018278
104415,0.01406
199515,0.020502
193503,0.014449
104043,0.018273
202721,0.015782
33266,0.015487
203009,0.011342
169938,0.015192
233693,0.025153
199262,0.017323
25129,0.01215
244291,0.01298
214443,0.016432
211861,0.012447
188732,0.021304
92797,0.021291
83121,0.018755
39942,0.008841
129154,0.010229
137509,0.018152
215631,0.013205
180000,0.016131
91769,0.011529
35323,0.018257
7506,0.016705
15061,0.01377
236910,0.020516
224690,0.018529
109694,0.014512
169286,0.019724
7530,0.015863
66812,0.017876
179819,0.016269
193089,0.022588
118463,0.014308
180907,0.011616
219287,0.017489
62329,0.017136
107489,0.016665
2636,0.018767
171485,0.017992
25830,0.018687
81974,0.014418
31379,0.020143
71881,0.015099
150227,0.011232
124350,0.017346
230146,0.017103
101628,0.019761
224824,0.011897
12494,0.012543
125745,0.015696
168759,0.019037
89967,0.020786
10286,0.014081
118696,0.012806
58337,0.013388
145837,0.015383
70254,0.01514
195901,0.012175
67668,0.015615
154330,0.021893
155154,0.014333
145296,0.020616
104646,0.020453
104736,0.015079
34198,0.025367
162698,0.018827
237890,0.017345
28957,0.018295
182616,0.014012
232921,0.024998
174812,0.013041
247660,0.017865
238058,0.022971
215490,0.019425
46968,0.014132
142396,0.016702
233101,0.016041
225041,0.013865
162531,0.022306
48445,0.021708
14905,0.023952
4800,0.022929
7406,0.011454
199613,0.015344
98542,0.011888
156307,0.016047
38027,0.010011
131657,0.013492
130085,0.017748
73990,0.016881
11318,0.017531
218040,0.014043
640,0.013332
121714,0.016494
54371,0.014836
40458,0.012509
142287,0.015408
140183,0.027267
123349,0.016009
73598,0.014768
239796,0.014572
216266,0.014668
24779,0.018494
193833,0.014778
248250,0.010575
188810,0.024661
93922,0.023963
38164,0.012805
175664,0.013989
171380,0.014813
185455,0.017695
98064,0.012166
198247,0.01237
59522,0.020919
68668,0.019764
116143,0.01688
237894,0.019088
165855,0.01297
134769,0.019123
247279,0.020421
2354,0.017226
111478,0.015554
135980,0.011142
233604,0.017203
161710,0.024393
107464,0.016051
57879,0.020735
215748,0.015991
18882,0.022137
172147,0.010549
29417,0.0186
117197,0.015972
207234,0.019183
69653,0.010482
25312,0.016286
10395,0.020855
75001,0.016531
14728,0.016729
18811,0.020139
224646,0.01459
242300,0.012442
28232,0.016829
32373,0.016822
40959,0.016848
40305,0.018047
135112,0.015751
33498,0.017811
130523,0.015554
65977,0.014525
70551,0.017739
117708,0.013421
131477,0.017268
35178,0.015596
204352,0.012262
42814,0.018119
163557,0.01382
194536,0.014196
191493,0.016051
106443,0.014364
122089,0.015237
14086,0.016341
22953,0.015931
3471,0.016865
35250,0.017232
156676,0.012899
109981,0.02188
175912,0.016375
231268,0.017764
237934,0.01544
87236,0.018636
236216,0.010979
79292,0.023036
137331,0.017326
239879,0.019115
72383,0.020227
91530,0.017075
147073,0.025662
126027,0.018617
147247,0.017858
215004,0.023807
106392,0.015466
155824,0.017612
183036,0.021934
639,0.022356
13151,0.023632
136329,0.012513
106317,0.019118
139117,0.023086
39409,0.016011
239436,0.016276
90423,0.019313
76265,0.01139
203537,0.020728
164871,0.012335
113462,0.010937
14016,0.01986
177546,0.020029
1975,0.019061
157746,0.009361
16375,0.01799
161071,0.021859
43315,0.011102
229021,0.01421
14639,0.014859
116923,0.01595
231275,0.018227
128822,0.010008
246128,0.026438
116783,0.013261
212691,0.014978
215210,0.016364
82518,0.024242
82055,0.020251
117497,0.017647
48414,0.017893
189260,0.012778
83219,0.017862
72628,0.02008
94344,0.012976
73736,0.022436
24035,0.017665
79105,0.013162
67629,0.018275
183363,0.015028
226176,0.018083
182529,0.009958
66424,0.020993
169434,0.018652
37267,0.016657
153191,0.018101
248594,0.017114
168862,0.020143
101519,0.018914
87459,0.021564
111903,0.016926
69980,0.013104
3754,0.018163
65096,0.021863
234958,0.015664
233301,0.018683
108948,0.014706
112054,0.018449
134359,0.019866
180763,0.019293
40780,0.020797
137149,0.013726
172671,0.01193
19121,0.014702
201952,0.013697
19565,0.017184
144096,0.019944
93020,0.016753
221074,0.018021
185952,0.021085
7954,0.014686
171265,0.01849
94084,0.014958
22062,0.012545
127896,0.018856
144084,0.016552
142490,0.018377
139735,0.01278
246348,0.013456
230300,0.013453
128353,0.018068
41232,0.016388
32833,0.014506
15165,0.016674
86941,0.020759
123940,0.01907
124793,0.017102
76693,0.015201
170246,0.018151
191184,0.015229
201169,0.01825
162626,0.021067
99841,0.012884
81257,0.019242
142598,0.018053
36191,0.019633
90118,0.021722
38099,0.01619
221468,0.014005
148065,0.014844
26962,0.022728
176424,0.023663
208281,0.018165
243416,0.01718
183329,0.011109
59978,0.014914
54209,0.015134
172187,0.009354
203384,0.016199
148730,0.019577
229521,0.017659
36978,0.012577
100771,0.019105
225695,0.017478
156791,0.019534
99225,0.011969
249648,0.010693
91268,0.016703
212220,0.014438
42463,0.020915
236979,0.017451
156604,0.014118
29187,0.014981
223360,0.013946
244726,0.012613
158477,0.017665
185320,0.021991
75194,0.011725
198542,0.014272
79850,0.020897
209048,0.021237
38823,0.014464
173458,0.017692
34435,0.024079
70060,0.013
52144,0.021299
99903,0.018625
195799,0.014648
141596,0.019255
154509,0.015791
190349,0.014288
141674,0.017703
140694,0.022492
229684,0.014111
19155,0.016437
736,0.012795
90856,0.015535
11366,0.019424
21206,0.012639
106696,0.012303
54004,0.017343
187017,0.012725
14765,0.016227
33074,0.010114
112379,0.018849
197805,0.014511
112102,0.018218
204810,0.01083
65586,0.019197
22716,0.010128
116534,0.021043
146390,0.025662
13694,0.019155
16235,0.010609
162974,0.019801
143116,0.020322
242989,0.010384
145063,0.01597
67734,0.016091
32068,0.013357
177350,0.01856
27944,0.025089
235275,0.014666
88947,0.014743
170982,0.01769
3473,0.017851
158314,0.023518
195374,0.014362
128366,0.01546
220971,0.012873
82945,0.009617
187308,0.017251
115971,0.017959
76909,0.013977
165022,0.021288
66582,0.019168
229248,0.013082
137950,0.018134
227369,0.012089
5039,0.018237
93317,0.018901
175351,0.014779
17833,0.015276
200399,0.020244
30873,0.015378
64186,0.019415
95485,0.026281
165370,0.01755
13500,0.0218
93521,0.013115
158604,0.015639
62948,0.015599
86563,0.015559
111961,0.012075
35734,0.019698
59364,0.017206
100282,0.016455
202063,0.020551
235026,0.009315
49460,0.014349
242713,0.016927
6707,0.016501
146436,0.01723
122787,0.019315
213244,0.014378
97642,0.013686
88976,0.025694
94552,0.020632
233432,0.014524
6218,0.014625
124672,0.018086
103863,0.021653
168836,0.018443
103076,0.015453
244768,0.022828
171945,0.018445
191713,0.024428
219397,0.01299
221404,0.019073
139804,0.014855
174630,0.022679
215266,0.013447
6291,0.02054
129943,0.014227
140994,0.0148
241452,0.015807
34761,0.021147
82431,0.013631
244351,0.012334
163419,0.019339
199561,0.021742
87226,0.015567
244332,0.017235
174481,0.01147
84148,0.015338
120696,0.014112
63832,0.017018
36259,0.015658
187465,0.016747
221476,0.018827
168799,0.014477
14822,0.018548
196306,0.013001
167335,0.013474
34414,0.019097
133748,0.022417
118941,0.018757
45859,0.011051
37529,0.013023
213545,0.015823
82002,0.013189
69802,0.022611
15039,0.018509
128372,0.019287
87492,0.014077
167157,0.014511
129427,0.014299
236703,0.019512
28290,0.027693
43143,0.01812
230552,0.021806
146789,0.025635
176155,0.021201
67066,0.014261
20849,0.015077
169939,0.012382
71067,0.016057
1669,0.0198
104539,0.017943
87447,0.017684
18545,0.017712
34733,0.012294
2509,0.012483
73278,0.015115
140093,0.023663
22319,0.019542
17755,0.018855
209916,0.012653
127134,0.010923
121600,0.015683
110385,0.023067
5537,0.016919
150183,0.012268
95996,0.017513
26646,0.01713
16593,0.017992
182785,0.013198
169243,0.015756
55419,0.015613
119524,0.011808
64597,0.029437
113464,0.009809
107816,0.011527
154225,0.016363
128863,0.015183
174188,0.012316
218074,0.015662
126399,0.02754
171529,0.020471
107619,0.010717
123559,0.017307
143911,0.014663
83560,0.018415
65212,0.019312
168394,0.017121
54045,0.009324
39823,0.0161
92783,0.011759
36430,0.013096
195767,0.014594
7956,0.011134
229014,0.018938
223186,0.018853
78568,0.019248
208671,0.022797
176308,0.013625
164751,0.011678
122989,0.01978
110137,0.018109
137734,0.010452
154314,0.021599
41669,0.016008
17030,0.01354
125112,0.016441
184177,0.017823
43226,0.023028
115957,0.015571
169532,0.022341
188147,0.017912
193988,0.02426
55958,0.019956
84633,0.013048
230590,0.019286
97383,0.014231
92911,0.017881
226932,0.014506
152559,0.015897
165995,0.015064
112163,0.016805
160356,0.017797
2696,0.016732
117694,0.023465
158001,0.016299
230813,0.027691
178422,0.019099
149278,0.01939
137833,0.021094
149208,0.012269
36964,0.017127
113421,0.020475
195142,0.016888
16161,0.01341
183101,0.018775
118858,0.029568
177089,0.022065
141949,0.016875
210560,0.015744
199740,0.022135
108229,0.013889
94088,0.013003
205825,0.01477
124710,0.015777
3734,0.013263
163947,0.02223
222038,0.016968
54591,0.015909
245989,0.017268
59446,0.020314
42081,0.021333
164813,0.016613
215360,0.020925
142539,0.014362
68080,0.014007
135297,0.018123
105715,0.015247
12802,0.01758
151340,0.008942
68555,0.020159
187789,0.018105
75797,0.016023
195645,0.018738
108933,0.017152
244405,0.021182
151822,0.020744
84151,0.014749
193111,0.0245
185269,0.015356
240957,0.020931
29228,0.018239
230472,0.016783
129542,0.013527
69204,0.012835
107241,0.021902
79509,0.012675
247028,0.022591
118194,0.024783
192778,0.015881
82385,0.021638
248994,0.015354
199504,0.012848
60460,0.020229
134909,0.016005
166270,0.01646
5143,0.021699
223730,0.016373
245864,0.013076
21103,0.017112
98841,0.012426
53694,0.010398
207140,0.015406
147963,0.021704
207054,0.019646
204584,0.019935
136527,0.011395
249576,0.017584
137712,0.02205
151299,0.017352
174468,0.020164
80719,0.019774
40250,0.011067
201173,0.017996
249555,0.015638
206618,0.017702
124977,0.016359
81544,0.015855
132827,0.015374
213256,0.009849
204971,0.019062
48541,0.023702
9267,0.015974
200587,0.02077
115283,0.012743
122083,0.015821
72200,0.022104
26402,0.013756
14985,0.016739
188215,0.011482
183837,0.019252
51566,0.025925
49322,0.018495
169148,0.022112
110673,0.020815
9458,0.01566
13548,0.02687
201418,0.015232
54194,0.010419
125339,0.019895
8677,0.017005
181177,0.014492
67348,0.012068
221727,0.021131
137166,0.011662
167005,0.014912
149139,0.014349
2747,0.02187
244017,0.015072
4026,0.020644
3819,0.017038
91007,0.016043
37932,0.019646
207647,0.013741
67992,0.017467
215492,0.021987
243812,0.011685
247161,0.021912
135153,0.010939
86780,0.014187
7242,0.015296
107496,0.015566
109819,0.020921
164165,0.018283
201375,0.020625
215123,0.014029
4868,0.026189
142792,0.018735
136293,0.016134
86057,0.021406
2280,0.021069
239211,0.019536
170654,0.021473
45753,0.014977
149615,0.013871
111607,0.014529
142981,0.011661
152449,0.012572
135318,0.016771
204379,0.014273
137974,0.020495
240075,0.014138
42724,0.017436
215806,0.019765
118544,0.018535
188775,0.019249
100214,0.012579
9675,0.015744
115304,0.014946
22070,0.01543
139031,0.017882
125122,0.018392
244301,0.019682
154177,0.014664
82984,0.010927
56797,0.019544
157079,0.022846
165865,0.018476
104939,0.020307
240936,0.017311
237993,0.021982
105504,0.012984
125202,0.025049
151195,0.015697
28039,0.01708
1319,0.018307
77314,0.013295
100221,0.019228
201111,0.020011
25681,0.015925
243564,0.015978
73574,0.016083
27040,0.020034
90447,0.009771
218753,0.013171
63015,0.013838
13600,0.011165
192426,0.02861
7759,0.018767
55301,0.017548
92344,0.011263
131674,0.015049
3586,0.025722
109688,0.011711
150653,0.013917
154245,0.019262
117067,0.023907
196007,0.014415
131931,0.014877
94101,0.016897
189527,0.013012
75582,0.014794
117902,0.015702
71329,0.020057
95110,0.025863
126993,0.011528
166671,0.01874
171450,0.013873
138694,0.015869
198780,0.020274
172204,0.016841
40366,0.01469
188697,0.016878
173592,0.011411
233810,0.013099
86444,0.010061
108861,0.016112
138156,0.018068
30612,0.016187
66641,0.017922
6862,0.014791
149263,0.011752
201165,0.020064
211967,0.013525
69892,0.013553
98769,0.01684
243790,0.018384
51873,0.015014
19388,0.016476
178452,0.020918
199118,0.017666
154706,0.021376
132993,0.019367
176860,0.012335
245083,0.012876
247581,0.01319
41185,0.012508
206256,0.022255
239665,0.012506
115097,0.012855
39747,0.015223
233448,0.013347
36167,0.01679
46454,0.015055
82504,0.020317
9939,0.012767
180230,0.017219
225290,0.030986
151432,0.01109
238085,0.011956
132789,0.015999
247333,0.019822
24586,0.016487
179358,0.017276
239012,0.019272
118024,0.017905
76349,0.016978
42276,0.014856
83858,0.018297
77433,0.014818
193669,0.016288
84752,0.015055
104528,0.01099
245890,0.01363
114511,0.010532
192580,0.021449
31320,0.015234
222650,0.015385
101413,0.014267
124684,0.022774
139646,0.012939
228309,0.013503
188285,0.014012
248373,0.014753
7770,0.024219
75325,0.021518
58656,0.019119
87805,0.017534
140198,0.013603
241299,0.014606
187622,0.013212
17060,0.016551
146210,0.021204
242749,0.013829
87881,0.020832
160211,0.014999
28390,0.020934
11624,0.018434
216693,0.021434
245419,0.014299
216422,0.01399
100455,0.016338
100738,0.018988
247154,0.019748
194455,0.013757
249153,0.016766
55318,0.012942
89424,0.016216
143247,0.015507
58874,0.017294
2973,0.01654
48478,0.014976
5523,0.013054
23719,0.010874
17140,0.022858
172392,0.018579
160976,0.017639
168194,0.014506
249455,0.015106
109104,0.016695
67736,0.015079
177032,0.01503
95712,0.012473
194670,0.019887
41897,0.015965
182683,0.010546
247428,0.014329
162914,0.016028
2570,0.017275
48306,0.014926
57404,0.018627
10287,0.013592
131118,0.019924
212733,0.01276
182769,0.012301
45097,0.01412
220036,0.014564
197632,0.015608
232580,0.021099
226197,0.024904
58417,0.015366
62278,0.015806
27605,0.017445
191290,0.012727
173845,0.016304
212094,0.020789
113817,0.01133
61641,0.014465
133865,0.025474
119729,0.02053
22190,0.020585
203954,0.015811
8612,0.008611
237864,0.023561
61678,0.011188
172895,0.014601
80415,0.012162
212978,0.011756
7266,0.01988
214296,0.021891
97674,0.015742
101912,0.020319
182400,0.012565
21499,0.019261
239961,0.013027
47080,0.013413
138882,0.018208
69579,0.014373
188711,0.012301
35350,0.027087
16759,0.010672
28628,0.011581
59059,0.017677
66000,0.020084
233968,0.018133
160993,0.021902
137505,0.014529
244054,0.015768
245920,0.018892
236082,0.018706
127894,0.015556
118916,0.027413
386,0.023566
29509,0.024717
65825,0.020954
166319,0.012553
230877,0.016899
126209,0.017742
59741,0.015336
208494,0.019197
10103,0.01455
117868,0.022138
61943,0.013953
143858,0.016487
173231,0.00944
91269,0.009742
4096,0.022153
32745,0.021546
99429,0.010845
156223,0.020635
189966,0.014914
229957,0.015789
156297,0.018177
222194,0.025292
44967,0.014864
22592,0.016818
223786,0.024703
60172,0.017926
5595,0.017678
87785,0.014243
165254,0.01489
48586,0.017535
52390,0.020919
125956,0.016318
152907,0.012735
10031,0.011058
119985,0.010712
167600,0.015793
122717,0.010128
102088,0.018783
175491,0.017672
116789,0.015545
10655,0.018553
238387,0.01815
220139,0.016251
195079,0.014588
190185,0.017193
238371,0.018479
169744,0.018443
144095,0.011234
188693,0.015198
73256,0.015907
3973,0.01461
194181,0.020268
129239,0.01394
81895,0.013238
25939,0.020262
69139,0.010518
240181,0.010531
42995,0.021649
40533,0.013591
59063,0.015587
94749,0.015913
111042,0.018885
143681,0.014296
49648,0.020611
26108,0.017038
206470,0.015647
38128,0.014345
34465,0.02131
218060,0.014233
209897,0.01844
55722,0.020058
212788,0.015889
88082,0.028226
47734,0.012117
40088,0.015717
94922,0.022019
57752,0.023032
22733,0.014398
95210,0.017992
98844,0.014424
41586,0.015219
188766,0.018014
231356,0.010954
212164,0.014005
226007,0.011691
151600,0.015575
74266,0.017854
119319,0.019471
146912,0.020579
62120,0.016095
234662,0.013731
202426,0.014316
216146,0.016698
212417,0.015513
70707,0.013877
34809,0.014888
230924,0.022568
77203,0.016637
152699,0.010705
140527,0.0107
142651,0.012698
22441,0.017557
214824,0.015424
83302,0.013475
156296,0.012757
244950,0.02021
119394,0.019548
18405,0.013469
34673,0.011425
159911,0.0099
221520,0.014768
207741,0.014291
209835,0.021361
60145,0.018796
232594,0.018864
121050,0.012171
188730,0.012324
33762,0.021224
220470,0.0143
170741,0.0279
221348,0.019638
82669,0.01679
214101,0.013919
206863,0.015923
150763,0.023042
54018,0.0149
229564,0.014833
179439,0.021528
224250,0.014048
78634,0.018263
246017,0.013142
16894,0.014964
154941,0.020079
119555,0.01587
246048,0.017071
238467,0.012147
192907,0.013725
5745,0.021834
197943,0.016959
742,0.014956
9121,0.014678
138636,0.018559
139533,0.014597
54179,0.013013
180834,0.016201
84344,0.01213
68627,0.014082
172362,0.011619
157743,0.018794
200456,0.030358
90694,0.015309
36438,0.017784
125464,0.024278
3537,0.020543
87749,0.011352
123155,0.01725
99438,0.010504
76083,0.018861
39450,0.019329
236715,0.01846
49047,0.016456
171983,0.013798
39015,0.016764
63678,0.013964
236699,0.014478
146070,0.016897
189825,0.014107
18486,0.019724
222382,0.016698
248495,0.021285
245441,0.013626
223058,0.014318
244550,0.016041
207076,0.017233
240323,0.020076
218004,0.017951
158738,0.020061
201895,0.015696
181241,0.015585
124486,0.019404
116355,0.009776
166625,0.013907
176245,0.01609
5232,0.018012
87362,0.018814
159540,0.014218
202060,0.015363
66840,0.016047
228105,0.009206
3912,0.014594
177411,0.023258
178138,0.017558
138072,0.02191
180107,0.016118
152601,0.020184
218598,0.011533
29502,0.018872
31952,0.014885
40672,0.010133
32164,0.014833
222124,0.014024
30260,0.01698
42860,0.017648
219914,0.01308
34647,0.017788
132775,0.015048
106895,0.01423
96234,0.015835
152655,0.01116
98612,0.011467
102081,0.014403
142823,0.017012
128025,0.013284
63357,0.019031
8512,0.017789
180343,0.014178
142290,0.012281
83688,0.013725
98165,0.019321
39113,0.012102
154967,0.018799
35286,0.019538
7101,0.016158
216068,0.014888
39734,0.018779
9388,0.014489
149261,0.012219
140629,0.015377
59177,0.016578
198725,0.014527
50561,0.019503
7855,0.014254
238471,0.014681
166447,0.01065
115866,0.019952
41928,0.015512
136172,0.014437
119597,0.014892
158378,0.011376
41159,0.016817
49158,0.015929
135151,0.017193
10782,0.015442
121244,0.012922
70729,0.01318
116547,0.017446
145973,0.019035
175419,0.014563
32810,0.013462
43759,0.018535
71182,0.013502
52506,0.013767
178373,0.01929
243702,0.015173
93569,0.010328
65616,0.019018
114617,0.012853
185189,0.021689
81537,0.019206
57881,0.021459
86899,0.021569
224149,0.022317
57914,0.013208
199246,0.015151
237424,0.016356
168088,0.0176
98923,0.016895
59125,0.018774
15615,0.014171
41270,0.015252
74546,0.014361
218076,0.020767
237856,0.017031
171043,0.017679
110000,0.023184
158312,0.014735
154730,0.016028
36615,0.014473
163676,0.019558
214383,0.011832
179836,0.014074
19107,0.018607
60984,0.017577
176472,0.015936
71450,0.012582
7785,0.013497
120932,0.017929
19671,0.015314
95540,0.012941
156815,0.017347
124783,0.019684
177224,0.019597
169190,0.017945
104902,0.012522
49381,0.016671
201958,0.020143
137965,0.016823
37421,0.017885
121772,0.009054
45104,0.01985
192303,0.014494
128567,0.014725
107598,0.021677
187350,0.010531
3575,0.020622
46089,0.016831
45654,0.016663
86363,0.024177
220995,0.020437
140452,0.014737
570,0.024457
108899,0.018037
171825,0.015103
140397,0.020754
127965,0.013653
185324,0.012419
133061,0.015398
78923,0.017518
200503,0.019569
223738,0.015329
177503,0.021021
189748,0.019986
188603,0.014824
208564,0.01517
189380,0.017283
41574,0.013076
54670,0.018649
91060,0.016749
206873,0.019567
11901,0.015066
19286,0.018149
1035,0.014023
229171,0.01593
178279,0.015874
76328,0.010735
139225,0.014659
50229,0.019087
79312,0.011182
27988,0.020845
213420,0.015646
231983,0.020077
81348,0.019282
9920,0.01608
236426,0.01237
25450,0.017457
234541,0.01435
17982,0.015349
140649,0.013909
81728,0.019878
138819,0.013848
105118,0.023038
126196,0.012478
48402,0.022257
241480,0.027757
129708,0.012159
58471,0.017103
186840,0.019645
125682,0.019741
67861,0.019375
79219,0.01715
42671,0.014163
153198,0.012006
41133,0.019846
48855,0.018868
140865,0.013325
53605,0.011683
84419,0.012823
86155,0.026213
241286,0.016422
21866,0.020146
232647,0.012901
50744,0.017811
13826,0.01799
132818,0.022805
248562,0.013964
240887,0.012824
35686,0.018578
62636,0.008829
243603,0.015778
59535,0.012201
221949,0.018831
120185,0.016468
155491,0.017298
175853,0.018015
243671,0.021077
20985,0.020233
41069,0.018019
29782,0.015402
71458,0.018038
248911,0.012341
124912,0.02299
165270,0.009599
126009,0.014277
133946,0.013439
135648,0.013386
100951,0.011797
88157,0.024704
46461,0.01314
55950,0.013876
183646,0.012475
71942,0.01648
174170,0.011594
17863,0.020081
70246,0.012409
127798,0.015104
76723,0.016007
226768,0.015358
42611,0.021519
112441,0.00974
128217,0.014759
207723,0.021291
96166,0.01624
248082,0.016456
85071,0.015905
635,0.019366
236145,0.014199
24498,0.010313
100930,0.016473
188373,0.020456
186542,0.023993
205488,0.012349
214950,0.022588
21831,0.0158
7613,0.017855
167605,0.016633
93678,0.018251
118768,0.02053
134463,0.015518
139710,0.011955
118957,0.012689
136025,0.011257
127501,0.01462
119440,0.01802
197918,0.019785
84709,0.013917
119404,0.021758
186070,0.017594
113070,0.011409
48452,0.014216
62993,0.017503
7644,0.016441
86707,0.021192
73628,0.019822
98392,0.017275
140784,0.01966
10486,0.019307
142649,0.010934
6781,0.017592
118466,0.023695
65024,0.01949
231125,0.021677
215999,0.01433
53872,0.011789
24791,0.017152
185758,0.023658
47468,0.02116
151314,0.024104
236130,0.016072
225764,0.015637
190166,0.012919
223686,0.021289
101503,0.018003
202248,0.020551
66326,0.013945
122084,0.017302
216586,0.026807
87034,0.020447
93957,0.018156
84308,0.016845
129722,0.020444
14457,0.01613
35017,0.017012
169981,0.015126
131762,0.01827
194521,0.021208
167479,0.022645
234186,0.016089
78162,0.01789
124830,0.016469
116748,0.020601
26151,0.012844
5571,0.018328
108646,0.018541
169290,0.017108
160455,0.017014
164763,0.016238
117948,0.01797
79810,0.014136
17937,0.019599
30508,0.017069
224268,0.016952
186649,0.019033
20868,0.027439
50852,0.013774
236187,0.019813
171596,0.022858
198841,0.023993
111461,0.020323
167911,0.015967
32237,0.01959
31075,0.017005
243352,0.018609
167755,0.020695
237498,0.018709
102158,0.022659
130824,0.020523
5267,0.021027
107673,0.019949
116830,0.022635
118577,0.015036
67971,0.016307
110872,0.013387
165407,0.01422
151971,0.018125
214454,0.01605
214525,0.016705
171535,0.0164
141192,0.017711
198440,0.017332
94625,0.011695
93211,0.019231
174797,0.020766
74812,0.018839
39945,0.016253
179995,0.011239
192989,0.017151
248745,0.016412
829,0.018683
224486,0.018599
245960,0.016445
237561,0.015002
48730,0.017366
181152,0.016627
101137,0.01918
222966,0.015663
63835,0.022725
224334,0.020179
54487,0.01657
127739,0.018579
36391,0.01956
73414,0.017709
170771,0.023253
98961,0.011153
35490,0.018455
92325,0.010919
14707,0.019993
207379,0.021543
167403,0.011395
163717,0.011906
106515,0.013299
243222,0.016801
220743,0.013314
209015,0.017104
77550,0.021252
155374,0.022016
145788,0.015451
55642,0.022799
221975,0.019484
104348,0.013168
177825,0.013053
200179,0.017156
115520,0.014779
60708,0.020628
121349,0.015083
232875,0.020119
186246,0.023767
44349,0.021272
63805,0.020124
99649,0.01543
69561,0.012188
202517,0.016938
162449,0.018419
221823,0.02159
187165,0.018076
190032,0.012575
151205,0.016451
163020,0.013953
2373,0.013949
205770,0.015128
125572,0.019843
82693,0.018145
61784,0.020355
13885,0.019018
177731,0.013843
38290,0.012918
38730,0.015345
79153,0.022185
188345,0.016588
14899,0.01863
189347,0.010788
180620,0.013605
88050,0.016035
246091,0.01272
58020,0.01936
157178,0.021246
40151,0.01415
11558,0.011564
8547,0.014433
32491,0.017521
177337,0.02339
6822,0.018868
17111,0.009356
182356,0.017914
151667,0.018407
189365,0.019196
116985,0.012848
84918,0.017926
83223,0.013632
61231,0.009771
186970,0.016243
28494,0.018557
164302,0.025367
219077,0.01497
119754,0.017784
34001,0.018174
50991,0.021303
241785,0.014821
191920,0.021692
122638,0.012743
143867,0.020577
246002,0.018194
13785,0.016362
222813,0.015003
174003,0.013998
176438,0.023777
240053,0.015884
1572,0.013925
126498,0.017
143429,0.0169
84874,0.016309
22179,0.017362
168061,0.015331
24226,0.013739
196615,0.010489
18294,0.015468
149509,0.012855
34738,0.018447
20197,0.016528
221647,0.011604
184349,0.023019
243212,0.017397
18331,0.017823
152857,0.012975
209604,0.025279
189188,0.013218
1153,0.017342
121799,0.010684
10849,0.023393
211780,0.020554
249885,0.01142
192741,0.015252
92074,0.018719
108750,0.017805
164346,0.011716
98181,0.012985
156353,0.02143
56077,0.027952
180801,0.016527
212629,0.010272
165580,0.01177
29010,0.012402
151936,0.011152
121285,0.012934
205680,0.014757
178960,0.021037
242301,0.016948
126351,0.023463
44600,0.015162
197728,0.019528
202066,0.021791
27954,0.025592
208599,0.018899
141265,0.020565
73483,0.01364
56122,0.019025
156790,0.017092
160445,0.017846
213638,0.015507
17446,0.017943
81912,0.017791
236416,0.021128
231184,0.019976
240708,0.01777
7375,0.016889
108029,0.019235
93234,0.014421
127567,0.012874
153884,0.01424
128656,0.015612
221923,0.014226
33959,0.022656
193316,0.024144
195731,0.013057
61415,0.01263
233310,0.020266
192523,0.02
237774,0.019382
229802,0.018312
19535,0.013712
8657,0.015886
215543,0.023141
68675,0.011555
188140,0.017076
24238,0.011798
187819,0.017525
154037,0.021126
69666,0.012078
183070,0.010627
158247,0.015298
137967,0.013058
237358,0.021426
89114,0.019008
80560,0.015095
31442,0.015416
9903,0.01192
24434,0.018069
185340,0.020143
56555,0.015715
8564,0.012645
164985,0.016726
69069,0.016897
200878,0.017706
226276,0.019574
81575,0.013203
20201,0.017937
160567,0.015037
196327,0.019092
115896,0.017567
32198,0.01451
28147,0.019967
101376,0.020767
243236,0.01635
220172,0.010423
199166,0.015645
246855,0.021629
147576,0.012759
121117,0.008646
37067,0.028029
42686,0.01645
97196,0.012276
163131,0.016923
231566,0.018099
123747,0.015968
180444,0.014838
61154,0.014269
86778,0.015127
52295,0.015007
189841,0.014796
56490,0.012197
158913,0.012502
192281,0.018664
16749,0.015497
179365,0.011578
205560,0.014111
240138,0.015707
57367,0.015541
67261,0.014099
90654,0.011836
230427,0.022737
155112,0.016099
55104,0.010116
174548,0.013046
95236,0.020348
78718,0.015052
3339,0.019884
174194,0.013185
154029,0.014113
170612,0.028299
75800,0.011766
146083,0.015732
187325,0.013713
44260,0.012587
202239,0.011641
140364,0.020983
131397,0.020157
49546,0.012502
61585,0.015296
178159,0.018061
107448,0.014286
62039,0.018516
102493,0.015467
235179,0.015873
159599,0.012541
6113,0.019
74493,0.013654
210420,0.017282
144321,0.013581
106951,0.014382
194933,0.016586
206407,0.014318
16344,0.016848
58359,0.018961
24768,0.014112
190834,0.015525
158324,0.016714
110700,0.019844
91188,0.016158
42800,0.024337
108150,0.011651
91303,0.012655
124290,0.017189
226213,0.015966
184593,0.019733
221569,0.012803
150883,0.009226
113080,0.018949
57627,0.014827
67672,0.014899
113211,0.016399
8651,0.013399
96863,0.016654
114240,0.016718
102378,0.023352
60365,0.018049
113145,0.013209
65875,0.017478
99288,0.013432
116330,0.018948
97073,0.017604
6044,0.020798
149331,0.011838
157890,0.014664
22990,0.015679
77413,0.017814
21210,0.018242
159291,0.017211
217214,0.015801
170107,0.017954
224140,0.017214
193137,0.014308
21324,0.020613
20457,0.02485
151203,0.012546
193962,0.018931
12081,0.019004
138683,0.017278
233402,0.013698
130550,0.010907
13155,0.024555
108042,0.018854
107749,0.015425
229968,0.020243
55241,0.011904
25696,0.012923
74711,0.012663
29984,0.015786
224335,0.016965
182897,0.017081
34348,0.019513
160724,0.013714
44785,0.021285
14090,0.018764
163630,0.020613
236017,0.021042
50438,0.019015
2894,0.013709
92014,0.017039
176600,0.016952
162658,0.021805
199705,0.020542
80129,0.02015
34460,0.015509
78775,0.015897
170804,0.024607
243116,0.017212
183045,0.012286
79134,0.023028
240840,0.023924
178133,0.013126
249749,0.014422
160846,0.012308
225615,0.013933
130347,0.020451
235658,0.018612
120629,0.015316
219985,0.014703
220431,0.018481
84288,0.016116
178832,0.014761
135065,0.014951
113765,0.012553
199395,0.015433
102055,0.020625
218318,0.014794
229811,0.015797
97833,0.011053
85107,0.012704
105904,0.015735
69483,0.017453
77816,0.013538
77093,0.010296
36416,0.017945
119803,0.019699
240429,0.010873
65184,0.020621
188982,0.010922
147002,0.014332
104331,0.023408
196697,0.020171
151893,0.018982
229624,0.023377
195249,0.019839
232420,0.017333
224628,0.015129
85751,0.018951
92473,0.018583
220582,0.020966
216855,0.021834
73755,0.012819
161798,0.011807
56856,0.016256
116195,0.013768
120080,0.020916
208670,0.015983
39207,0.01571
7119,0.022405
245196,0.017295
91992,0.01749
135257,0.020655
67747,0.016613
111040,0.012966
114059,0.017715
117252,0.026096
43114,0.019114
19586,0.012332
244855,0.019624
27904,0.017272
134226,0.015254
217992,0.013659
230290,0.01731
68185,0.015653
35513,0.016419
183741,0.020014
151562,0.010877
225968,0.012176
100413,0.013341
187741,0.017435
227653,0.011755
78342,0.013341
43017,0.013551
222370,0.017712
39893,0.014417
17341,0.013197
18780,0.017615
143321,0.009309
13519,0.012999
227560,0.021286
47920,0.016924
34111,0.020336
177882,0.020428
39919,0.016287
21812,0.014389
98321,0.016237
228146,0.012873
75625,0.013891
175833,0.016222
81739,0.016475
212630,0.016857
130776,0.020319
198671,0.016788
124451,0.019457
194318,0.018918
123813,0.01937
165295,0.016822
49738,0.012305
100120,0.014915
176891,0.018863
63234,0.024641
110019,0.022992
71299,0.012853
146331,0.013192
65838,0.015666
149964,0.016224
13396,0.018001
56192,0.020862
213652,0.01428
1936,0.015205
174819,0.019547
137943,0.019914
35143,0.012387
220604,0.015116
83652,0.019472
239566,0.015415
101420,0.021967
36818,0.017588
109145,0.020736
85445,0.014763
59015,0.018884
237738,0.019106
79284,0.013902
120891,0.016169
239649,0.015127
241845,0.016673
43751,0.014944
197741,0.011024
150784,0.016889
61851,0.012354
22455,0.013858
167692,0.014289
49240,0.022449
22563,0.01283
171454,0.024468
209161,0.012439
170089,0.016261
25340,0.016161
172516,0.026617
58994,0.020048
172891,0.024231
44449,0.02008
120162,0.013121
28424,0.017152
218822,0.015731
70840,0.018906
114761,0.014883
70284,0.01437
89394,0.013492
13938,0.016804
184299,0.024424
181881,0.012855
135108,0.015086
76249,0.016597
179772,0.019117
172935,0.018489
86425,0.016038
225346,0.014768
80862,0.018579
87451,0.021083
235249,0.014768
130934,0.021095
38816,0.014905
208425,0.01738
120856,0.013326
122928,0.019796
161361,0.017571
98637,0.012729
216725,0.016335
181000,0.017205
236447,0.012254
187384,0.01643
58122,0.0204
189135,0.019599
95054,0.017773
237843,0.013408
12195,0.022678
43070,0.016355
118411,0.02655
153738,0.019967
180887,0.015936
210076,0.020105
221267,0.018001
146564,0.019213
77020,0.014757
187148,0.018211
157133,0.010966
191791,0.017742
198996,0.019041
204179,0.010026
85342,0.014372
184204,0.014595
110272,0.018743
213945,0.019368
31817,0.01815
162697,0.017277
46262,0.011043
23191,0.015052
156301,0.021359
210670,0.014289
18396,0.020312
146630,0.016135
249997,0.013996
98265,0.017407
130688,0.016495
178513,0.018013
227133,0.014712
103736,0.020533
162058,0.019092
161985,0.012317
173803,0.012638
21057,0.014274
162251,0.015205
202860,0.018384
212958,0.014589
232373,0.015894
179466,0.018576
12441,0.021658
95891,0.023575
4999,0.025533
81332,0.023557
79573,0.018581
112416,0.017019
246837,0.018104
35329,0.029742
155034,0.018925
227077,0.010284
197958,0.0163
155219,0.015728
54187,0.014672
199437,0.013672
400,0.012111
177642,0.014773
167071,0.012553
117341,0.02236
144392,0.012157
147525,0.018829
181221,0.017631
174221,0.015855
199158,0.017642
101919,0.016497
139779,0.021951
57277,0.016026
59666,0.014571
242507,0.011797
2641,0.010669
143930,0.01532
29676,0.013127
225464,0.019148
10660,0.013662
124076,0.014164
64169,0.023366
64666,0.016167
108,0.011989
167719,0.013421
135181,0.020454
137370,0.011372
191969,0.014663
52957,0.018289
56437,0.01556
90896,0.01786
85047,0.014965
5854,0.024122
48885,0.019421
217874,0.012229
146248,0.017899
100300,0.015312
12214,0.019219
134404,0.00938
54507,0.016295
106047,0.01395
33183,0.014204
50808,0.018257
10778,0.022454
134333,0.016507
236956,0.012506
152390,0.01585
128900,0.010564
152134,0.012501
28964,0.014194
165217,0.017087
34899,0.01647
73861,0.017938
141027,0.015706
189326,0.016972
100361,0.018522
130727,0.02066
148890,0.022467
197893,0.013625
33642,0.015376
38937,0.01363
45698,0.013124
66536,0.014745
96267,0.021897
116067,0.014311
113189,0.015448
135616,0.01715
86144,0.021526
103247,0.027188
88289,0.019253
121797,0.013679
223276,0.016949
12908,0.017291
231476,0.016602
61298,0.015218
76540,0.012051
141171,0.014202
48489,0.009482
155093,0.02429
133638,0.019152
45657,0.012162
167586,0.009782
50472,0.018211
61759,0.015562
249026,0.012258
209346,0.017152
118755,0.019367
146406,0.017827
207821,0.015857
74661,0.019546
118970,0.01694
233445,0.011848
73283,0.01553
226878,0.014838
231160,0.021575
184691,0.020257
188599,0.016246
95826,0.016723
122475,0.016495
141214,0.018608
141473,0.023193
138210,0.019896
196332,0.013691
193418,0.015134
228474,0.017057
9226,0.01685
223886,0.01678
175994,0.020822
151575,0.015678
169035,0.020647
151226,0.014069
27449,0.014684
226032,0.012451
213124,0.014105
241073,0.020208
178868,0.015163
193288,0.016112
113002,0.008729
76051,0.015706
100382,0.012007
33237,0.012002
240931,0.020902
55646,0.016986
74578,0.023236
205014,0.014902
84696,0.0125
191778,0.018926
180523,0.017716
108085,0.02294
32154,0.013889
75915,0.012569
137684,0.011181
26898,0.012466
189687,0.016401
115857,0.014663
132839,0.01905
174845,0.015232
234286,0.017493
49572,0.013492
97574,0.020724
114741,0.017647
89677,0.018091
189125,0.016759
118693,0.019868
164405,0.017572
138170,0.022139
16111,0.011157
2283,0.017021
30155,0.016789
201920,0.019281
65806,0.015357
246141,0.011295
169497,0.016017
78014,0.019342
119858,0.012322
59260,0.018934
218475,0.015413
194470,0.017784
45563,0.019246
133850,0.021476
162248,0.011969
84390,0.014574
161021,0.020996
51460,0.019789
76550,0.016057
121769,0.012147
240417,0.011696
21142,0.027862
84906,0.016725
96742,0.014552
19456,0.014835
49317,0.015163
63539,0.01742
153993,0.020711
140645,0.015994
106764,0.015312
39224,0.016523
72923,0.017256
169079,0.01302
227304,0.015896
4512,0.020259
24040,0.01644
99621,0.015831
167996,0.014218
171318,0.018817
211733,0.016462
41937,0.017722
56735,0.013909
157295,0.01821
94944,0.02355
226385,0.018061
111377,0.024131
83982,0.013078
211083,0.014343
183832,0.013799
193098,0.016566
243841,0.017989
105664,0.010351
57630,0.016873
234580,0.010771
183026,0.014925
93899,0.012217
126423,0.015234
70122,0.012613
168217,0.014762
196247,0.017373
3126,0.013789
23499,0.015824
173324,0.018962
4473,0.016332
17910,0.019186
248693,0.011725
134477,0.018455
186960,0.010968
22627,0.015841
125866,0.021999
50235,0.018603
167876,0.015539
182944,0.021213
7517,0.018118
16796,0.012484
61568,0.018028
63723,0.01831
79694,0.017542
40058,0.014217
33523,0.016839
96189,0.01237
162839,0.013721
78604,0.012168
71002,0.016261
80217,0.017024
49817,0.014773
134398,0.024632
207758,0.019658
22747,0.015396
49866,0.02411
208708,0.02516
53776,0.011399
228367,0.011468
127111,0.018073
60547,0.016647
159566,0.016194
17935,0.014085
160463,0.016702
159670,0.012212
46724,0.014726
83012,0.015455
85950,0.015824
184751,0.020988
21624,0.017329
146398,0.019219
220039,0.011779
114887,0.018685
235526,0.017186
169930,0.027806
199919,0.020178
210163,0.013534
42498,0.013887
112813,0.015163
248129,0.016996
153302,0.015856
152881,0.012273
241961,0.016171
58938,0.014109
182559,0.017749
163135,0.017121
80191,0.021334
58277,0.019395
166920,0.01464
87803,0.017626
96348,0.011123
242789,0.014559
35962,0.025059
23305,0.009633
50175,0.023797
151377,0.016593
153005,0.018228
76917,0.016711
89212,0.016202
151468,0.021004
64930,0.019454
32897,0.015823
78345,0.01233
106008,0.011983
44405,0.016007
52925,0.016062
54903,0.012959
35331,0.019998
186799,0.01638
128068,0.012454
59879,0.020153
66092,0.018773
176194,0.016787
52371,0.019598
6913,0.017054
224016,0.02211
204503,0.012522
122073,0.016357
65764,0.015832
193643,0.020649
9687,0.020365
27244,0.020086
130286,0.013949
166026,0.011155
96014,0.020205
96837,0.016382
74477,0.020943
156965,0.019506
44966,0.01547
116624,0.019733
57121,0.026424
4338,0.019543
126388,0.013173
10018,0.008164
162044,0.011784
139875,0.018602
27884,0.013579
9091,0.010766
78050,0.010967
194365,0.015287
226429,0.01322
9759,0.012376
153782,0.017243
183910,0.014113
132216,0.015323
40996,0.015974
120465,0.014337
238144,0.014372
59598,0.016458
81601,0.021912
20716,0.016948
49853,0.021003
228804,0.017655
28486,0.024548
124979,0.019834
69087,0.014024
102326,0.020914
162390,0.017476
249019,0.025549
37663,0.014652
103699,0.017134
233322,0.015804
166561,0.009851
177231,0.022332
112151,0.017503
183440,0.02433
68518,0.014703
114964,0.015926
127834,0.013161
91478,0.011476
13122,0.023906
197188,0.01038
221838,0.016
107051,0.0158
137204,0.011395
45761,0.01555
132941,0.022738
249257,0.012534
71434,0.018892
142090,0.01406
96408,0.020202
24046,0.01393
98037,0.017078
230842,0.019072
200674,0.021044
209872,0.014634
18712,0.014393
229199,0.019457
31099,0.011477
90857,0.014373
214250,0.017836
119811,0.025884
226081,0.019574
13470,0.01628
47721,0.017544
164875,0.015874
121637,0.011748
15824,0.010347
215216,0.016794
45999,0.010327
49126,0.012076
129422,0.016393
111259,0.018558
61050,0.01462
51421,0.019422
147066,0.016208
36980,0.014274
232415,0.017758
59118,0.020069
229046,0.016785
191155,0.014058
248902,0.020083
204964,0.016741
13860,0.016345
170917,0.019193
4885,0.022358
222015,0.012651
50585,0.020584
102391,0.025175
148717,0.020239
203262,0.024229
226402,0.017005
192015,0.012859
136068,0.018686
152628,0.014711
78219,0.01291
50584,0.023232
89169,0.015862
83550,0.018848
190298,0.018994
81584,0.023841
142659,0.017665
61153,0.017929
174746,0.015969
137557,0.01821
75084,0.019805
3788,0.012576
204245,0.01552
131172,0.018149
146131,0.020557
242221,0.015747
138283,0.014527
220662,0.021391
96223,0.02065
58719,0.017584
75634,0.013235
229144,0.013658
49641,0.018853
33105,0.015703
95094,0.022162
224634,0.017978
228448,0.015727
204391,0.010274
125822,0.0196
108886,0.015921
192653,0.025556
113237,0.016074
213041,0.015797
99284,0.015807
167742,0.018497
112202,0.018269
216222,0.013076
127112,0.018486
212532,0.01265
161753,0.015701
184164,0.013702
147563,0.018799
69513,0.018072
154614,0.022297
26530,0.025444
21196,0.021738
81721,0.014715
206222,0.021854
141321,0.018074
124210,0.021058
228698,0.016926
189172,0.013258
176626,0.018025
247847,0.016823
23929,0.016328
215368,0.016717
162136,0.015288
127581,0.012943
123868,0.014787
57343,0.014198
175068,0.01902
102707,0.014923
187705,0.0215
27499,0.015328
45515,0.013301
200098,0.021593
171273,0.017387
140869,0.026412
124871,0.019359
64369,0.021029
76777,0.013717
23689,0.014663
83025,0.019993
164234,0.014698
78701,0.016218
210778,0.016248
32053,0.015445
134973,0.017213
1890,0.015071
89404,0.009934
33606,0.015158
107351,0.017648
163561,0.0207
248007,0.016348
162141,0.017048
42913,0.019203
241873,0.014501
213180,0.018981
68025,0.012405
75087,0.015533
198650,0.018833
221659,0.018927
89201,0.015532
30004,0.015241
15879,0.016071
211891,0.012033
9885,0.013074
100563,0.01788
157221,0.013351
56196,0.018538
4628,0.022348
78631,0.020764
132262,0.017017
7790,0.016675
243358,0.017086
168381,0.016813
211840,0.014031
45800,0.010761
47432,0.013319
17104,0.01573
34660,0.014829
114281,0.014305
40251,0.013722
118150,0.015002
185739,0.022103
131826,0.022447
25020,0.014277
174752,0.019557
177185,0.020012
194115,0.023706
175154,0.01596
239902,0.015441
218058,0.012257
28888,0.017047
71052,0.023209
109451,0.011181
114592,0.012412
82514,0.023416
109330,0.018441
41074,0.028162
64015,0.014492
129512,0.010141
198341,0.017504
223753,0.016005
47896,0.017307
135647,0.013814
24964,0.012545
220094,0.028849
110953,0.024486
245237,0.019214
211734,0.016631
26152,0.012311
201489,0.011215
71021,0.017339
51970,0.0189
111879,0.012024
36528,0.010907
13724,0.013197
216967,0.015374
10227,0.009909
118003,0.013324
102638,0.02086
203365,0.018033
131847,0.013673
27500,0.021276
11924,0.018529
99433,0.016079
15512,0.013006
173960,0.015439
225687,0.015575
49212,0.022083
46735,0.014725
201064,0.016804
54433,0.016406
179484,0.012621
188560,0.010198
63319,0.017423
126706,0.017305
116511,0.014686
195641,0.012808
51002,0.018611
69043,0.016147
204204,0.011726
134710,0.01629
230568,0.02338
248845,0.018213
100608,0.015584
3606,0.011845
27149,0.020112
139580,0.024682
214926,0.018021
31168,0.012262
221515,0.020086
236731,0.019819
17483,0.011845
195778,0.024223
154699,0.016451
103658,0.020344
37568,0.01539
99204,0.021139
134646,0.011496
238511,0.017155
67707,0.016595
41591,0.012298
178489,0.02142
83862,0.014565
59176,0.016875
236219,0.016183
132569,0.021684
67968,0.015118
129447,0.010671
129282,0.013299
172060,0.023234
212218,0.014314
224145,0.018565
213846,0.019657
209369,0.020873
3886,0.021636
190862,0.018011
196173,0.018655
62076,0.022077
225624,0.016605
125856,0.020704
170281,0.013284
44729,0.016225
58578,0.016741
62417,0.013845
94109,0.020303
63949,0.016053
10757,0.015967
108772,0.023258
202605,0.012743
77878,0.018799
221736,0.010824
151550,0.013655
91809,0.016155
56058,0.010231
146684,0.019604
141212,0.019893
51308,0.015207
48827,0.020241
52826,0.018641
147693,0.017071
137258,0.015619
42516,0.014672
72999,0.019539
193358,0.021567
212352,0.012993
156539,0.017359
96728,0.014082
130101,0.018009
244511,0.015772
41805,0.023223
26723,0.022768
18544,0.019962
156345,0.01723
65661,0.017426
207108,0.018451
78325,0.017453
37763,0.010986
55546,0.013093
188512,0.014528
169197,0.018459
45536,0.015278
57311,0.015552
103993,0.016122
227572,0.011628
151332,0.0155
73852,0.017097
6137,0.016461
29211,0.011713
41902,0.014586
177932,0.01742
96612,0.017566
214480,0.020522
174331,0.01376
86767,0.019707
40595,0.013502
245716,0.012809
5807,0.025242
236380,0.02198
124907,0.01754
170267,0.023258
196755,0.017594
123341,0.019508
32595,0.018392
230863,0.019075
217225,0.01737
63590,0.013497
174773,0.011853
214521,0.023638
98956,0.018387
77363,0.015148
213058,0.011043
225260,0.01792
222508,0.013022
19579,0.021007
40148,0.013553
193101,0.018184
20781,0.01399
63571,0.020381
90735,0.01428
26707,0.012279
10100,0.017949
44927,0.009799
105848,0.012434
246483,0.012911
176579,0.018162
111634,0.0189
143031,0.014254
32508,0.014472
58145,0.019074
175258,0.013804
161572,0.024269
42120,0.021323
240067,0.023231
41353,0.012804
231665,0.019776
127039,0.014849
66631,0.01288
22581,0.01647
99577,0.010514
11796,0.018344
199460,0.015652
66498,0.018699
27996,0.021405
199126,0.017865
66795,0.022135
232862,0.010624
28256,0.014891
12571,0.019399
204913,0.015333
202364,0.013687
195720,0.014704
189084,0.014131
112306,0.02084
112576,0.012225
198992,0.013038
82314,0.012068
65976,0.021539
109093,0.021782
23924,0.016478
238633,0.024051
149954,0.018963
105284,0.012139
100980,0.015922
91323,0.011277
83872,0.016301
94462,0.014382
243434,0.016776
233230,0.01512
154095,0.016169
217127,0.016011
39044,0.010149
59214,0.020091
40604,0.020238
118839,0.01993
60935,0.015535
27776,0.018157
177159,0.02109
145012,0.01381
9247,0.012342
33279,0.0118
44307,0.017951
134216,0.016355
140546,0.018188
179838,0.018429
141799,0.022723
46347,0.016937
226149,0.01324
47548,0.013975
76974,0.017889
237387,0.024916
51924,0.012914
57035,0.018244
64425,0.019878
58672,0.013592
59459,0.01164
7849,0.020735
60674,0.01745
97770,0.015965
157389,0.011135
155924,0.016953
62989,0.018139
223391,0.017948
84445,0.023585
92327,0.01836
239226,0.010976
135408,0.017514
71503,0.019267
179923,0.013382
44030,0.020496
202824,0.020575
82374,0.009943
221663,0.016418
166275,0.015492
244493,0.023353
22278,0.016039
247579,0.015696
147467,0.02119
246116,0.019217
49425,0.020794
25013,0.017315
70914,0.016915
218772,0.010008
33512,0.020584
219748,0.016237
2984,0.014999
52026,0.022142
88388,0.020552
132098,0.016822
14226,0.026668
103032,0.017585
81545,0.01398
86207,0.01388
3026,0.012659
223969,0.020594
123325,0.014663
191706,0.015292
159568,0.010155
41451,0.023101
227179,0.012743
67260,0.011336
59277,0.018776
23998,0.011053
196285,0.015715
91850,0.016358
203591,0.020312
225857,0.014757
243817,0.017532
180169,0.015468
111442,0.014771
150023,0.012902
25060,0.014246
212419,0.018743
40694,0.013608
72502,0.024176
31321,0.011586
106146,0.021914
247644,0.013063
36083,0.022706
138519,0.016614
154994,0.025596
67567,0.019185
36460,0.015603
21262,0.021003
80916,0.012102
212617,0.016387
18340,0.015361
39004,0.012834
36985,0.018069
240353,0.023991
133511,0.013126
118538,0.012809
27687,0.023117
184792,0.015884
115051,0.009882
173778,0.0137
157084,0.011451
52051,0.019144
207940,0.021704
181977,0.020161
35730,0.018233
156588,0.017717
158401,0.019392
107895,0.019507
42922,0.026679
22325,0.018216
92000,0.01534
153354,0.022395
83257,0.013729
224446,0.012601
133653,0.012614
95427,0.01981
90415,0.015247
235820,0.024328
170599,0.01481
47513,0.012971
95736,0.021813
138155,0.012069
115320,0.017472
245830,0.01736
68820,0.014253
9473,0.01646
124343,0.013698
239424,0.012065
152231,0.009998
228112,0.010115
48235,0.01844
91912,0.012203
128165,0.013444
54103,0.019121
86995,0.01647
14193,0.016484
49358,0.0172
197605,0.013123
181958,0.019652
139277,0.015351
157517,0.01683
186162,0.015508
163615,0.01981
223718,0.012513
53660,0.00955
77296,0.01733
193823,0.02023
145058,0.012066
235469,0.017506
144285,0.01763
16332,0.013809
222333,0.012098
72076,0.015763
235328,0.011156
133399,0.019503
4456,0.020402
104514,0.01557
25473,0.015866
168772,0.01655
110140,0.014312
38238,0.01482
147918,0.020349
52829,0.010438
10847,0.019694
163508,0.012454
121616,0.014767
134539,0.017669
205393,0.012357
81952,0.021239
37533,0.017212
148165,0.018632
179514,0.013919
184014,0.018176
230310,0.021307
19168,0.016213
4230,0.018302
153931,0.018634
75328,0.02019
169184,0.021206
194137,0.015698
236730,0.019247
97107,0.016254
191042,0.020456
178781,0.018121
154049,0.01602
210841,0.019607
182677,0.018692
75531,0.017737
47805,0.012319
243365,0.013788
121939,0.012149
193889,0.012763
30548,0.012881
143282,0.021528
16193,0.018585
194136,0.019381
86792,0.020547
208852,0.016204
73097,0.021287
1364,0.016928
152394,0.018389
237905,0.020007
225672,0.013342
245764,0.020739
71722,0.017007
32230,0.016256
167090,0.011183
1305,0.019187
120604,0.014601
121509,0.01268
16368,0.018847
10970,0.012373
175160,0.014196
233944,0.01665
125720,0.014459
4925,0.022696
213106,0.019531
10881,0.013741
219075,0.013508
167056,0.011757
247648,0.013391
8538,0.019007
230488,0.018986
35342,0.015394
211899,0.015733
192952,0.023124
102334,0.019628
191370,0.021998
99791,0.019543
191049,0.01529
162354,0.02033
227879,0.009698
138172,0.022619
221494,0.010844
77798,0.015352
224846,0.0215
43686,0.017604
143541,0.014876
133305,0.014796
176188,0.01712
76971,0.017833
142637,0.022294
189085,0.019646
56428,0.015089
63935,0.021996
3179,0.012933
47094,0.015613
65623,0.018123
14277,0.013696
111535,0.014349
25195,0.01657
115150,0.022626
222683,0.017027
106931,0.01332
242203,0.009978
115769,0.012951
51003,0.022214
244152,0.022774
81420,0.018895
93400,0.013558
85377,0.014321
212969,0.012577
39882,0.013902
141555,0.01406
175939,0.02429
215574,0.019884
123819,0.012617
20371,0.019771
5032,0.016509
124609,0.018983
122054,0.015761
45391,0.013248
125070,0.022203
211814,0.020093
36282,0.015913
442,0.022765
214814,0.014263
180004,0.020964
14354,0.02216
203580,0.017326
56686,0.024616
38568,0.017345
55827,0.017402
117977,0.014465
90079,0.010647
61722,0.020444
33107,0.017391
129945,0.013345
48696,0.009939
158853,0.028556
175490,0.019297
89595,0.017918
89223,0.01478
165097,0.017115
161591,0.012091
167532,0.012724
81683,0.018962
37501,0.015642
144027,0.018197
17168,0.014484
109575,0.011216
104302,0.018639
121357,0.018725
152249,0.016929
22997,0.01478
19866,0.013141
218638,0.016085
57026,0.021683
26587,0.022166
18343,0.019514
26081,0.010201
147068,0.013415
123257,0.012897
138310,0.019876
118206,0.016369
130489,0.014798
100642,0.016496
120096,0.011252
182543,0.016692
216338,0.020471
47386,0.014657
122927,0.015227
142624,0.016242
197972,0.016001
134493,0.022152
131894,0.014613
4164,0.01702
199,0.019054
213259,0.010925
17590,0.014343
53281,0.018311
174176,0.011125
146769,0.019038
229934,0.018232
203791,0.019595
248199,0.011231
61701,0.011703
108045,0.019332
142053,0.014525
81693,0.018124
15154,0.015085
136118,0.012361
225416,0.019114
205300,0.013309
218437,0.01427
223158,0.019868
46779,0.013233
144222,0.017054
127931,0.014608
40029,0.020697
7373,0.014404
248653,0.017855
83200,0.013323
110256,0.024231
175915,0.01559
52292,0.021098
213613,0.019711
246848,0.020633
21297,0.021357
56411,0.01635
17063,0.018878
174674,0.01581
153309,0.02307
72461,0.021419
11524,0.01738
153088,0.017841
211017,0.016393
108843,0.021276
199428,0.0174
223837,0.014155
81407,0.023802
125837,0.022338
19796,0.015415
148893,0.014274
191402,0.016644
234820,0.012037
145326,0.012836
12979,0.021248
87326,0.013219
213973,0.020368
110086,0.018536
217480,0.018306
22228,0.014338
81998,0.017119
17241,0.01398
216112,0.013486
24186,0.012651
39093,0.016355
182101,0.014595
81830,0.024167
197370,0.016113
130378,0.018806
186607,0.011877
168398,0.018342
5727,0.021833
105140,0.020375
183055,0.019347
74816,0.01593
97463,0.013201
223650,0.018453
218757,0.010515
155100,0.017008
203180,0.018769
231017,0.021914
203951,0.010583
155868,0.013405
128925,0.014194
98238,0.015771
85748,0.016195
222647,0.030045
79004,0.022217
179239,0.021407
249007,0.017254
111026,0.021916
186210,0.013143
194456,0.013967
184345,0.016133
12556,0.021473
171673,0.024303
84619,0.020536
25080,0.011027
95394,0.016635
16873,0.010903
205215,0.011417
166608,0.012103
194610,0.019389
68201,0.014906
1289,0.012592
134791,0.014742
128380,0.018068
73356,0.020203
223427,0.02252
70305,0.012066
240064,0.020715
210289,0.015488
197138,0.018811
120277,0.015674
78754,0.021998
32461,0.014856
47160,0.012174
242505,0.014821
119104,0.018967
67598,0.009282
27864,0.012587
89229,0.012001
112391,0.014751
78657,0.018052
44846,0.01753
132085,0.021921
64275,0.019709
85968,0.015089
28287,0.017691
64162,0.018906
106464,0.013104
228222,0.015524
84271,0.016453
16010,0.010242
227774,0.010993
2774,0.025126
166569,0.015511
58071,0.016285
45457,0.014627
247463,0.016571
179535,0.016784
15108,0.011588
202611,0.015384
227400,0.01257
162546,0.017026
103811,0.020872
162593,0.018714
21481,0.020904
15964,0.015765
60,0.022689
44295,0.019075
196329,0.01576
200994,0.018564
196008,0.01484
113216,0.013325
108688,0.016605
138807,0.020478
207688,0.02167
148319,0.013397
219535,0.011146
84466,0.015455
240153,0.020593
240669,0.01158
132432,0.019573
74334,0.020424
137197,0.012525
118867,0.019549
139110,0.019704
219544,0.012292
111656,0.019388
62635,0.011433
200200,0.020353
19810,0.02674
37704,0.015504
9171,0.014178
63756,0.014121
66358,0.012333
124701,0.017049
4306,0.014125
141426,0.019171
211789,0.014095
239544,0.0196
4373,0.014182
124685,0.017736
207304,0.013437
44083,0.011443
237409,0.020834
6118,0.018575
180009,0.01769
159694,0.015411
246988,0.016757
97098,0.014618
225248,0.016619
114791,0.009832
83867,0.020357
216484,0.02114
186384,0.019774
187873,0.018175
170968,0.019496
103302,0.018519
149736,0.015761
56200,0.016867
46853,0.012772
160126,0.016945
147908,0.018511
224430,0.018219
198648,0.016089
231601,0.022492
157189,0.016267
185703,0.015765
226752,0.020756
20696,0.020932
162478,0.014006
204462,0.014144
236350,0.014551
43040,0.020567
198778,0.01579
171774,0.016448
113894,0.01456
128861,0.011612
150658,0.017657
247928,0.015317
23167,0.014804
136348,0.011939
241352,0.015398
46611,0.014399
247514,0.0196
208090,0.019524
85083,0.015932
135314,0.021033
30167,0.016209
97239,0.016148
208893,0.01636
238853,0.022437
136308,0.011849
97684,0.015635
21978,0.014947
40018,0.014516
214053,0.021624
56767,0.011941
245802,0.018442
101680,0.015199
175225,0.012689
45409,0.018282
123880,0.019356
143134,0.017246
153890,0.021082
73726,0.022253
220020,0.0113
55795,0.012979
44273,0.019662
48960,0.015026
48810,0.01863
56985,0.020133
85142,0.031379
219366,0.010811
98609,0.014776
17839,0.014689
67817,0.020785
46588,0.013536
14712,0.015565
197898,0.012299
132986,0.025182
164929,0.024728
245673,0.014751
233868,0.011448
90905,0.01966
11198,0.017946
187885,0.016544
191033,0.013963
83247,0.01195
244835,0.016174
178928,0.02109
137690,0.022309
92762,0.013884
76040,0.015779
38846,0.01301
142655,0.015817
73165,0.020577
131624,0.017202
148654,0.01951
93737,0.015567
221832,0.017199
212901,0.0182
153297,0.011455
157466,0.015777
64558,0.024111
33259,0.023745
104642,0.02347
199912,0.010587
177565,0.020512
189775,0.019402
40768,0.015583
219890,0.014376
139359,0.02697
90379,0.019442
164350,0.022669
149766,0.01907
61065,0.011557
129286,0.016578
127370,0.012234
17707,0.021374
62478,0.009999
57330,0.023486
69469,0.019243
6083,0.020298
76283,0.017485
115136,0.013655
242326,0.01621
51222,0.018778
39805,0.011833
215416,0.020915
202710,0.017619
65315,0.013148
48941,0.011697
28712,0.021157
187508,0.01168
145827,0.016343
56585,0.020825
173890,0.012496
152574,0.016338
88314,0.02246
59718,0.012495
236946,0.024183
614,0.017196
239987,0.013725
212280,0.020224
239795,0.020081
83236,0.015656
188707,0.01558
122704,0.017519
199464,0.01921
240233,0.01863
46003,0.021444
123448,0.015576
52808,0.013756
74411,0.014068
87957,0.017383
228880,0.019507
52464,0.016414
73609,0.022743
225335,0.015449
213428,0.015244
143603,0.014225
102581,0.014839
191220,0.025534
133468,0.022704
61454,0.018277
184633,0.018816
207619,0.014722
53328,0.016249
163167,0.023067
243266,0.018038
186291,0.01648
128944,0.011751
213705,0.015592
2527,0.016025
166254,0.022626
110034,0.024805
106526,0.01765
75192,0.016768
45466,0.013515
145398,0.013109
17889,0.017304
92448,0.018282
16041,0.018299
248190,0.017624
186857,0.014668
168715,0.020752
77060,0.010245
241938,0.01499
26657,0.011076
202207,0.015232
86138,0.015244
18919,0.015234
167757,0.011583
1683,0.019462
246171,0.015225
142037,0.011016
94020,0.01844
18581,0.021465
66573,0.017473
38527,0.009833
85507,0.019887
183545,0.012004
109508,0.019541
46354,0.010439
220242,0.015417
212172,0.024182
219060,0.017226
16507,0.015012
234597,0.013318
154574,0.014827
78192,0.012946
46910,0.015945
66720,0.011652
219009,0.01046
32184,0.015049
174057,0.015481
183201,0.018699
109229,0.019161
217518,0.019316
46708,0.011299
107930,0.01428
72173,0.017965
200500,0.015676
27812,0.020171
229937,0.018427
14761,0.013528
56748,0.019409
249977,0.017443
10043,0.014428
96113,0.016283
243356,0.016664
2422,0.016628
162487,0.020469
100385,0.012566
46913,0.012055
17479,0.016888
196325,0.015553
49131,0.014877
230999,0.017919
61729,0.017624
114792,0.016564
80895,0.011351
107457,0.016383
145569,0.018118
106819,0.014945
224220,0.012388
68143,0.018095
35150,0.018263
184880,0.018509
33371,0.013583
45474,0.017515
134727,0.013992
102645,0.015141
111736,0.012482
211627,0.016354
106739,0.010623
141753,0.015232
246024,0.015299
15481,0.010771
228819,0.016974
102754,0.022883
218895,0.011691
175764,0.016469
164969,0.013057
47824,0.021363
211202,0.01779
45034,0.011457
83546,0.016963
88299,0.024833
162844,0.024376
214198,0.015023
222485,0.024281
191626,0.021196
191677,0.013538
88187,0.013788
191037,0.018791
167119,0.016209
180628,0.014514
155940,0.010862
40645,0.017576
146450,0.012373
54005,0.014734
213458,0.014814
26592,0.011393
8866,0.010377
199374,0.013506
181353,0.016187
105898,0.009135
226790,0.015464
188740,0.012932
91065,0.015457
52565,0.017555
176957,0.02579
176624,0.017653
194682,0.017753
54682,0.021852
125612,0.020744
12459,0.018945
61229,0.017126
170811,0.019152
48972,0.020675
80819,0.016499
86835,0.014301
185969,0.015493
219685,0.016442
110625,0.021721
44998,0.018115
121641,0.01445
196528,0.012755
90920,0.015523
177802,0.020516
235267,0.015607
58945,0.016904
93819,0.022102
13300,0.019369
52644,0.013263
162473,0.011047
196906,0.017558
126032,0.011832
227026,0.013888
115199,0.019161
159728,0.015601
42286,0.017715
155390,0.017016
2776,0.011804
218317,0.014315
35591,0.022033
109490,0.020087
185222,0.026857
197588,0.019704
248964,0.026325
27447,0.015758
212828,0.013786
177425,0.024888
70021,0.01544
180159,0.015134
23439,0.014903
52958,0.015411
123480,0.011361
16156,0.011259
150539,0.016512
85295,0.016183
211326,0.009359
31585,0.015109
3301,0.024567
228363,0.020389
9535,0.014145
164354,0.016655
12930,0.019181
226970,0.016437
60270,0.017942
32567,0.016632
30841,0.013429
188781,0.016026
157572,0.019226
31545,0.016725
51131,0.014397
177245,0.015898
126358,0.01791
172537,0.011334
162691,0.024216
237183,0.013678
148782,0.019545
97887,0.011913
137900,0.015831
249465,0.014464
129024,0.013428
29449,0.014075
162146,0.017716
135788,0.014653
57609,0.016273
47659,0.013991
14688,0.018796
29480,0.020076
191489,0.020214
97954,0.012926
35188,0.019135
195477,0.016759
158353,0.019723
156093,0.014169
173741,0.014467
235947,0.014898
116341,0.019625
1372,0.017807
171724,0.013546
60450,0.013211
74522,0.019539
160328,0.020393
91668,0.016139
144431,0.013104
195512,0.013014
240870,0.017533
6841,0.015041
196466,0.013954
218577,0.010354
98057,0.018889
127873,0.013046
35467,0.020963
42194,0.016724
153755,0.019841
238946,0.015911
38682,0.015723
5602,0.021937
209203,0.016825
233550,0.016875
15276,0.011265
99487,0.012329
146700,0.017538
161729,0.015186
243587,0.014826
240974,0.015903
230053,0.021751
136770,0.011991
10990,0.015718
162469,0.020427
210246,0.015922
81792,0.01707
46785,0.020472
189817,0.014691
38427,0.015349
34105,0.0178
109014,0.016765
8045,0.013595
71788,0.013143
230223,0.012732
66643,0.020514
19118,0.016468
232219,0.024624
128524,0.009204
19551,0.020403
169593,0.019589
3841,0.012028
145484,0.013148
14997,0.022097
63859,0.020957
3008,0.021747
28845,0.013289
220317,0.013657
185912,0.031689
59187,0.018525
41140,0.012755
160160,0.013281
162405,0.015069
227050,0.015895
1767,0.01402
121374,0.016107
248534,0.015129
2584,0.016275
52801,0.010328
191126,0.017621
84377,0.010988
175329,0.018393
76087,0.009371
72373,0.01765
43029,0.019214
238905,0.01628
152424,0.02263
135005,0.017362
95004,0.019535
17976,0.013278
161164,0.013309
12292,0.014747
157051,0.014946
65563,0.013787
247174,0.016112
175579,0.01835
18387,0.015465
210473,0.012708
229235,0.019777
3823,0.021134
204882,0.012482
140334,0.021447
237679,0.018275
113961,0.017497
17562,0.013047
78005,0.015331
42160,0.019969
180031,0.018908
33441,0.018461
11003,0.021123
213249,0.017206
213792,0.014528
157918,0.017463
114740,0.01413
208192,0.01646
199145,0.014278
11504,0.011749
188250,0.012267
40849,0.013803
149425,0.01569
193544,0.011938
85247,0.016424
148569,0.021356
230174,0.015564
243824,0.017032
204195,0.01916
124577,0.015065
209576,0.017154
30607,0.015549
248804,0.014409
9666,0.016451
71317,0.011101
235858,0.01477
3757,0.016051
144849,0.016572
165468,0.015687
36138,0.015966
70834,0.017337
82922,0.015788
87958,0.024744
147219,0.020722
14740,0.015398
52260,0.01993
3551,0.020223
15777,0.01637
230218,0.017012
18693,0.016006
90360,0.013649
133179,0.024218
76843,0.020901
191779,0.018405
176634,0.016363
218934,0.018458
22111,0.019439
12762,0.01622
168849,0.01989
247052,0.018177
93155,0.011058
178791,0.016825
13666,0.021089
45748,0.0145
26598,0.017259
63297,0.016263
102147,0.019264
111108,0.017398
7525,0.016491
201674,0.020741
186606,0.013382
211156,0.014202
68287,0.018109
176660,0.017761
233336,0.017316
176381,0.019485
183410,0.019706
31288,0.015938
236201,0.015069
89745,0.017221
142765,0.014876
216358,0.014955
166470,0.013529
234045,0.019631
16875,0.015795
98955,0.011224
158937,0.011782
213412,0.019246
191840,0.020626
52201,0.015098
53521,0.016652
188438,0.021522
26257,0.017262
150106,0.016015
236016,0.01337
74021,0.017391
37608,0.016583
33376,0.01517
83500,0.013446
194358,0.014972
97610,0.014422
228581,0.016659
83028,0.02544
203293,0.014544
188652,0.015322
33483,0.014168
57397,0.019255
174941,0.013427
158039,0.012343
173168,0.011898
27344,0.019056
99836,0.016812
18960,0.015297
3585,0.013615
154373,0.019678
109666,0.017187
227341,0.0189
178855,0.019066
151077,0.010254
7560,0.012382
153459,0.017308
161980,0.024478
148871,0.017229
102318,0.018356
205541,0.010795
163916,0.018157
90526,0.021348
220256,0.015406
120833,0.012995
42327,0.018307
189539,0.011552
204215,0.01172
41554,0.011536
20727,0.027032
9683,0.022856
183144,0.017323
212152,0.009579
70832,0.017958
120111,0.016957
56179,0.012554
209483,0.013695
46956,0.014404
239409,0.0192
112837,0.011865
236191,0.016172
123833,0.017686
55091,0.01481
3798,0.016588
151067,0.009862
73103,0.018994
49827,0.018515
110476,0.018598
238837,0.015976
106074,0.013885
136962,0.019685
49234,0.016656
149812,0.013113
123686,0.013075
84647,0.01396
141584,0.016919
149125,0.015405
115323,0.014581
120521,0.01925
92616,0.014475
244917,0.018381
199669,0.017728
188315,0.017894
159565,0.014523
101014,0.018371
124083,0.017149
15297,0.018958
197648,0.015266
225522,0.015086
70848,0.014754
167609,0.015143
183800,0.018692
185036,0.019462
208190,0.021859
203187,0.022938
195622,0.017918
111252,0.026011
81995,0.016993
10386,0.014883
111908,0.019534
56042,0.015262
21360,0.01747
127964,0.017442
198498,0.01673
235677,0.017767
126355,0.022441
196290,0.014571
117593,0.019539
158289,0.014473
43726,0.01134
122495,0.012194
171263,0.020931
124869,0.01813
84523,0.019228
91575,0.015558
43340,0.014531
54096,0.015765
79815,0.024995
90990,0.015916
18479,0.015076
9775,0.013743
217984,0.016134
76698,0.012302
159938,0.013796
80483,0.017012
48159,0.010723
153140,0.014776
184584,0.012701
130624,0.017123
122028,0.016168
1006,0.01867
109497,0.020977
91788,0.015982
73715,0.015767
50280,0.014522
164740,0.024122
145573,0.017407
54647,0.014312
54717,0.014615
129328,0.011608
66139,0.013192
170228,0.017445
199411,0.017974
187659,0.013053
206217,0.023247
138868,0.016841
201646,0.015645
105047,0.0194
10114,0.017615
153693,0.016113
155232,0.021572
1923,0.014392
53434,0.016913
71566,0.020026
224082,0.018037
41068,0.022339
19232,0.023958
107204,0.018296
152200,0.01812
17267,0.013874
49259,0.017566
61293,0.012386
209605,0.011637
64969,0.020694
234283,0.018668
115847,0.020324
4337,0.02023
48939,0.011887
31781,0.014515
136872,0.010935
170433,0.014536
124336,0.020147
239048,0.023163
218696,0.011517
226093,0.011085
242191,0.011197
12940,0.012627
133634,0.022237
10780,0.017337
53490,0.015745
120402,0.010414
82427,0.014217
138929,0.013834
180901,0.009841
174420,0.011923
131408,0.01468
110656,0.015209
189476,0.011318
138250,0.016114
223640,0.015743
242421,0.015068
155916,0.020355
91062,0.013084
156821,0.01582
177446,0.024202
129633,0.017843
90582,0.009411
153232,0.015761
222611,0.021065
77420,0.023043
221168,0.015245
48745,0.012624
27293,0.016575
84428,0.016456
50826,0.017609
104519,0.015155
29810,0.018091
41493,0.020186
187840,0.014563
211128,0.015785
68684,0.029495
100462,0.0131
203753,0.013693
231792,0.023083
242559,0.014337
130923,0.022454
192442,0.013859
4805,0.020809
5005,0.015658
201987,0.019142
32444,0.014125
105752,0.010505
190578,0.018512
101264,0.017434
17358,0.016974
142737,0.013804
19861,0.016757
5172,0.017684
238599,0.016562
91070,0.016559
127452,0.014742
100306,0.014588
17259,0.017475
34963,0.015868
230043,0.021404
139932,0.027053
188040,0.014865
108737,0.015911
51135,0.021827
221337,0.014715
133280,0.021299
189381,0.011381
205040,0.014928
225327,0.013177
124740,0.018699
196558,0.01343
49243,0.022678
248978,0.01946
176044,0.01212
150569,0.018111
216401,0.016665
223624,0.023851
101989,0.027189
3402,0.013579
50506,0.019345
34886,0.014213
106461,0.015731
217413,0.017217
222768,0.02045
85064,0.012491
246532,0.017154
156610,0.014299
157531,0.019913
24098,0.010605
176766,0.016264
29430,0.016496
197128,0.019605
66114,0.020113
29904,0.015035
237953,0.018665
145240,0.017635
79471,0.023915
158384,0.010619
33374,0.019709
142629,0.021921
136640,0.009697
169678,0.017799
142215,0.019288
147052,0.013988
77427,0.013679
84783,0.015289
234166,0.023007
95769,0.013716
107228,0.016811
166662,0.015656
47162,0.018618
87193,0.013965
144140,0.011929
115052,0.011595
180593,0.016704
202366,0.016971
158627,0.016426
113068,0.018405
224233,0.024836
167865,0.012901
47402,0.014134
189107,0.014493
125734,0.01233
233886,0.017889
165252,0.016905
85378,0.011525
150832,0.014054
47360,0.016435
225718,0.019416
82083,0.020121
90893,0.018973
153287,0.012521
104023,0.025298
174478,0.01334
151356,0.014459
146778,0.019719
49834,0.020733
209874,0.009706
198466,0.012711
77460,0.014611
49789,0.020123
200836,0.017652
81832,0.021403
191943,0.02303
248363,0.017915
222149,0.017266
194004,0.01872
73767,0.016936
97948,0.014682
210092,0.01769
240099,0.015155
245731,0.01468
202380,0.018386
134737,0.016099
22585,0.015675
124134,0.024304
120772,0.015301
249773,0.012566
81685,0.016333
236119,0.015131
121257,0.016648
192588,0.016367
125907,0.017255
118213,0.018049
219605,0.015997
40311,0.017903
153995,0.020584
51433,0.011386
184754,0.020291
103179,0.013066
59252,0.021614
190071,0.022929
80049,0.019714
11255,0.014206
64460,0.020642
55992,0.011142
236365,0.011842
217384,0.017506
214069,0.018263
174575,0.012396
174897,0.011611
82531,0.015147
40726,0.016965
64127,0.026702
172255,0.018093
11687,0.01711
58753,0.020434
193179,0.024841
180814,0.017951
103557,0.0205
175701,0.013338
199227,0.013195
135642,0.01518
155489,0.018449
44756,0.015711
147526,0.016503
86304,0.018908
177384,0.017783
95037,0.018544
127831,0.01884
106972,0.013176
244882,0.016102
237486,0.01412
38886,0.019831
175743,0.016955
42559,0.017265
147211,0.011926
54747,0.016117
16435,0.011677
140524,0.016799
9785,0.014324
28798,0.017741
112176,0.016362
102386,0.019442
60685,0.011263
33177,0.011294
134995,0.010752
132374,0.018952
142244,0.018688
109012,0.013813
246415,0.021677
196078,0.012564
32062,0.016934
229320,0.015171
110275,0.018939
98125,0.016842
163343,0.013778
11281,0.019436
129522,0.014605
106093,0.013822
180531,0.015377
44300,0.019203
36095,0.014931
176034,0.021388
165175,0.012991
217661,0.021965
132290,0.013187
20084,0.015526
146701,0.019163
119090,0.019506
248258,0.018437
38478,0.018886
179748,0.019834
36311,0.017338
231750,0.022084
116279,0.014245
144771,0.01338
199517,0.016222
90646,0.009371
76545,0.015016
11582,0.016643
121518,0.009514
218243,0.016831
97910,0.011546
87928,0.019576
61170,0.018067
144224,0.018356
75904,0.026694
236596,0.021292
79480,0.019228
145253,0.018882
89023,0.013362
60859,0.022372
137982,0.017123
56059,0.016112
44714,0.009527
7462,0.017495
157246,0.018547
111100,0.021518
56328,0.015457
119408,0.017973
130349,0.013342
189024,0.017875
41108,0.018556
97096,0.018239
115838,0.020687
34267,0.014954
246015,0.017142
11386,0.022299
201826,0.019661
159553,0.015706
34497,0.017089
217293,0.012867
99970,0.015578
41475,0.021089
176814,0.011991
139607,0.010286
103214,0.018824
84851,0.014523
33876,0.021423
235116,0.01753
96647,0.016665
78662,0.016285
105457,0.012746
57899,0.019822
46685,0.012336
73655,0.023454
15864,0.019911
34774,0.025219
42446,0.012391
170620,0.014484
209705,0.011715
17626,0.010392
221585,0.012961
222878,0.01906
138709,0.009162
246308,0.02239
68550,0.010682
11975,0.020048
186613,0.015036
205126,0.021951
101222,0.021556
125854,0.017078
118866,0.022891
166372,0.014646
162940,0.018876
236784,0.014442
191356,0.012443
152753,0.017205
116809,0.018329
112057,0.017551
41065,0.02165
128117,0.016975
141649,0.018444
246198,0.020315
4986,0.019896
23697,0.011756
152918,0.012685
114094,0.016932
95000,0.013039
38554,0.01613
8102,0.01629
220704,0.014574
153389,0.015293
27619,0.018585
143074,0.0147
67334,0.018135
247780,0.021892
46612,0.012302
78291,0.012469
40978,0.016661
73280,0.019938
18599,0.010818
45387,0.018886
149822,0.016609
6131,0.018247
50488,0.014044
5420,0.021319
133992,0.018294
152861,0.012791
119535,0.013376
157622,0.015036
154571,0.017689
183417,0.02149
191650,0.013715
249865,0.01585
66177,0.015616
184784,0.017555
31439,0.015863
155934,0.026463
14773,0.018259
10435,0.014821
145611,0.015854
41122,0.013703
246484,0.016536
221361,0.016183
131349,0.015691
241392,0.016326
143552,0.014892
121034,0.012426
112105,0.014041
133261,0.019673
154912,0.021309
169533,0.02059
109940,0.018608
104978,0.018463
102827,0.018244
84204,0.011552
61708,0.012894
142035,0.019458
63503,0.01667
154828,0.019398
188723,0.016512
49864,0.01734
13036,0.01619
183823,0.019668
88851,0.017564
161313,0.016966
84907,0.014211
102769,0.016214
23816,0.011976
36534,0.016579
203505,0.012471
81850,0.016542
120888,0.011248
221651,0.010896
31921,0.020448
10294,0.010975
206815,0.020827
186715,0.015732
100549,0.019501
7736,0.015769
82243,0.018355
23714,0.02006
20268,0.016485
110956,0.016983
238202,0.020827
64406,0.013168
48057,0.014652
172667,0.013661
101237,0.018413
148808,0.017145
60324,0.017187
116584,0.019939
68811,0.019924
111066,0.021176
85746,0.012464
40758,0.022588
124942,0.012429
219900,0.011848
227695,0.014684
142449,0.017614
143549,0.01204
60265,0.012301
86909,0.022284
231929,0.021208
228400,0.018007
143584,0.015878
242880,0.016232
149368,0.018359
47305,0.014551
72506,0.015031
6043,0.027362
216876,0.024438
176345,0.015647
249139,0.009262
210462,0.015314
155714,0.019857
203495,0.016289
18664,0.020281
9640,0.013585
227980,0.014478
119663,0.016424
110299,0.015307
33110,0.01628
99347,0.014954
32182,0.011814
221097,0.018809
130632,0.009838
40747,0.017644
207571,0.014513
244473,0.019564
152743,0.013439
98875,0.013207
7141,0.019402
19985,0.024428
47914,0.015135
13878,0.020833
41871,0.014376
59833,0.012542
94631,0.014166
144013,0.017199
205703,0.016734
162052,0.018473
207893,0.025641
169377,0.017875
226773,0.017247
42924,0.020976
209674,0.018481
113560,0.017268
99197,0.013341
20898,0.013189
224052,0.012758
242332,0.01414
137416,0.018246
190908,0.012263
231539,0.02281
224657,0.020201
55357,0.013907
88782,0.022669
97841,0.014861
43895,0.02184
33930,0.01516
158362,0.012312
143242,0.016262
165453,0.018475
112196,0.018065
4486,0.018421
4602,0.021193
31256,0.012989
194692,0.016751
238129,0.017898
217361,0.02015
53295,0.017758
114707,0.013233
65831,0.019271
82584,0.011417
201969,0.019263
182699,0.014342
230570,0.018193
59655,0.016489
247993,0.019757
55339,0.019999
229140,0.017254
46510,0.014634
177430,0.014469
22186,0.016625
685,0.017736
54449,0.013854
151830,0.01168
172958,0.011362
221229,0.012703
80153,0.017892
214618,0.020731
184799,0.018457
74595,0.018289
181817,0.013219
91209,0.017576
135135,0.018469
193615,0.02007
112738,0.010552
171477,0.013062
135072,0.016293
160541,0.015236
185621,0.015185
136189,0.01674
242116,0.018224
202623,0.022529
190447,0.015569
147542,0.022055
242443,0.013024
63919,0.015317
147688,0.023727
100117,0.018912
67152,0.013218
65147,0.018437
150379,0.016333
86201,0.020246
156148,0.020287
175888,0.013279
159505,0.012949
203409,0.012848
6655,0.011079
188346,0.012548
16383,0.016051
20983,0.03825
190070,0.017642
133957,0.015438
130317,0.020375
27159,0.017902
66500,0.011183
14872,0.015081
44168,0.017113
108370,0.018322
24316,0.012262
137995,0.014865
175341,0.01347
211966,0.012701
62905,0.010274
127750,0.017479
134099,0.018487
122193,0.017244
136305,0.014753
104705,0.014258
240481,0.012995
46404,0.014957
225527,0.019322
159861,0.014516
205665,0.017379
195148,0.014687
235151,0.014653
93593,0.020464
37391,0.018465
159892,0.016653
102090,0.023585
204565,0.013926
98345,0.015445
61122,0.015612
196600,0.012446
75513,0.013834
44854,0.019193
176841,0.019762
228348,0.015724
96022,0.018101
2722,0.023519
172898,0.016308
38402,0.015242
28980,0.021606
111988,0.02097
135164,0.021768
20351,0.021028
214154,0.019672
17796,0.014785
234976,0.013368
246418,0.019699
203328,0.014327
36156,0.017297
22981,0.016437
198891,0.020572
4562,0.018548
100359,0.024938
192951,0.0149
245096,0.016015
136750,0.018962
59744,0.011558
189640,0.01652
212916,0.013787
215243,0.022651
35664,0.015025
248023,0.013876
136149,0.010773
86112,0.019102
225706,0.016083
130859,0.016506
112777,0.012624
99309,0.013682
132011,0.020195
122573,0.009423
87348,0.012163
100087,0.010693
7585,0.016567
115730,0.016528
112935,0.013379
52676,0.015006
115915,0.013998
152809,0.015029
88044,0.021651
236329,0.021821
101231,0.019357
101586,0.018025
75232,0.012088
39944,0.016209
110125,0.023735
106937,0.024218
80903,0.0239
159782,0.018041
22725,0.02246
123074,0.009535
57016,0.017681
8777,0.013025
143176,0.013943
135048,0.010823
163505,0.019386
186474,0.014593
33465,0.020655
63644,0.012948
88780,0.020129
199150,0.013007
44829,0.018172
142555,0.020652
15425,0.014382
121326,0.016732
242120,0.011147
240913,0.018211
178155,0.015439
85534,0.036369
166867,0.01475
194928,0.017213
96383,0.018125
186941,0.015383
53965,0.011931
37964,0.013485
21403,0.012852
57340,0.019278
5319,0.01229
201198,0.015343
84757,0.016036
4943,0.018609
182698,0.020251
80087,0.022292
39346,0.013896
246955,0.017876
118625,0.019815
101468,0.021213
222261,0.021426
111181,0.017461
22828,0.015231
34831,0.02507
5187,0.019196
242255,0.015391
216805,0.018468
132638,0.018425
20520,0.015787
145942,0.016803
108678,0.023289
60176,0.014071
74731,0.013929
196904,0.016389
152459,0.016303
173831,0.012323
56408,0.018734
151620,0.01264
51552,0.015215
136978,0.016595
175292,0.014024
93216,0.018822
60025,0.017154
149945,0.01954
109487,0.018012
33190,0.02016
190555,0.012915
164734,0.017857
163254,0.015703
155981,0.018497
76309,0.018164
106097,0.014279
160288,0.011168
173577,0.015425
46764,0.015737
47944,0.017962
218182,0.011889
89585,0.02051
36588,0.016056
37019,0.018317
66124,0.019204
191586,0.015759
119261,0.017582
28226,0.016743
26102,0.017199
118744,0.013903
188969,0.012264
138699,0.022801
59818,0.017024
120676,0.018362
90650,0.0104
150528,0.01242
195432,0.013376
23124,0.016778
1921,0.018542
212624,0.016726
152102,0.017051
100655,0.018537
175986,0.019173
15135,0.015125
29236,0.011243
145406,0.014306
7958,0.009122
18583,0.009665
121358,0.013154
22955,0.015097
189218,0.014045
39492,0.017881
229312,0.016404
200138,0.018373
158590,0.017808
72155,0.019626
227093,0.012048
40960,0.019568
39078,0.011662
121179,0.014416
1610,0.013909
131802,0.01878
181993,0.022747
106934,0.018664
941,0.014745
33429,0.017928
5951,0.025128
197073,0.0094
122029,0.015629
245109,0.015336
99307,0.013487
68308,0.021724
197579,0.010054
126363,0.021447
59379,0.015169
13704,0.019901
96096,0.012669
44060,0.016519
184454,0.024704
37009,0.012463
249288,0.013769
218912,0.014674
86348,0.017438
137798,0.014685
30500,0.016592
228097,0.019455
197298,0.013731
69823,0.012197
109006,0.015778
99146,0.011609
178853,0.02101
156076,0.015043
132695,0.020287
93193,0.016271
108738,0.013243
65670,0.017999
232480,0.018141
21999,0.011333
174184,0.016608
47757,0.020443
163388,0.023962
219661,0.01982
142528,0.017439
218055,0.021945
29786,0.019638
117994,0.016079
163016,0.018082
56016,0.014894
164832,0.019888
202586,0.016024
82398,0.01805
81178,0.016867
177142,0.018014
129474,0.012368
5898,0.021299
6384,0.018316
5735,0.02455
186969,0.014114
146120,0.023156
135759,0.022476
11502,0.017386
6322,0.026325
176789,0.021866
126220,0.017223
171242,0.023417
152315,0.011098
190560,0.021817
159768,0.013758
30718,0.019148
18216,0.011247
27680,0.016397
117295,0.016902
247623,0.020715
41840,0.021741
157667,0.014632
95238,0.016696
112098,0.023906
55696,0.020683
2588,0.015301
88034,0.018902
29734,0.016257
117449,0.022101
41698,0.01677
99854,0.018056
146935,0.016642
108176,0.014337
146730,0.021607
246857,0.022131
125396,0.016565
58706,0.018581
45656,0.011137
143177,0.00961
191232,0.013907
174174,0.016549
139107,0.014526
142217,0.014501
169462,0.019581
64283,0.018243
96133,0.012998
186966,0.018583
133926,0.019636
191973,0.020001
213010,0.016355
114434,0.016752
238712,0.021112
113522,0.015252
184483,0.01684
103149,0.017627
204327,0.014474
181362,0.012673
85618,0.020532
131218,0.015815
137112,0.015875
52659,0.019155
76084,0.019605
30706,0.016931
186075,0.018198
16481,0.011114
138967,0.023182
46492,0.012512
152884,0.012227
219973,0.015159
237857,0.024722
93782,0.019314
141558,0.015417
189418,0.014799
86703,0.017515
249628,0.018375
79594,0.013324
26323,0.016614
17679,0.013422
207862,0.017342
243269,0.01758
106779,0.017358
152498,0.015501
90972,0.014965
85502,0.014471
37219,0.023482
240945,0.017616
160602,0.015046
48201,0.013795
188439,0.015516
181008,0.015447
197879,0.019519
158394,0.016318
233061,0.023983
36892,0.024566
125783,0.01867
224993,0.017068
145100,0.016348
70039,0.015658
83751,0.014008
36037,0.017369
66439,0.01131
244083,0.01514
30866,0.014639
55213,0.021817
26297,0.014514
136511,0.017928
104211,0.010652
230463,0.021756
211617,0.016
113956,0.010293
247305,0.018981
68021,0.02018
215906,0.016625
245051,0.016192
220354,0.014136
32316,0.012786
190206,0.022541
93159,0.01423
29715,0.015861
172530,0.010331
24449,0.011443
177955,0.01958
170265,0.014934
248913,0.014639
81631,0.018828
216636,0.022162
218773,0.015669
53640,0.013305
54396,0.013441
45205,0.019759
195564,0.020513
59701,0.020345
220216,0.01355
147388,0.022015
148081,0.021774
174215,0.014568
163502,0.0161
75837,0.020555
134922,0.01105
140438,0.027857
17424,0.017516
165439,0.015195
114625,0.018255
17874,0.012485
60932,0.010019
201726,0.020265
149627,0.016454
156428,0.019534
56446,0.019681
247809,0.021325
107289,0.013192
59583,0.020294
80757,0.018773
173757,0.013419
192524,0.012904
56162,0.016762
96829,0.017242
81082,0.013944
242145,0.012738
169657,0.022421
248720,0.013057
90297,0.016796
68248,0.014385
120260,0.014091
47572,0.013403
245304,0.020913
235361,0.015162
82619,0.01169
74034,0.018436
87391,0.017631
234251,0.013633
226976,0.013418
23624,0.012681
145725,0.017047
44176,0.020258
48513,0.024145
204938,0.011953
143209,0.011343
190645,0.018193
144232,0.010094
35212,0.019259
127582,0.011594
80738,0.014422
95411,0.020896
29894,0.017758
147650,0.016615
106025,0.013619
100539,0.012927
213733,0.0184
121297,0.014306
229437,0.02005
208106,0.015177
90474,0.012038
121221,0.014876
86162,0.016293
31977,0.013151
228384,0.013628
140382,0.021299
132397,0.018699
214375,0.019914
1275,0.013661
2873,0.017322
41629,0.017879
103467,0.018802
112520,0.018165
211207,0.012013
180916,0.018024
163605,0.014316
243150,0.014231
120012,0.010294
55328,0.013261
97972,0.014563
210307,0.022482
15585,0.013868
238360,0.021202
132073,0.021283
231015,0.016529
161642,0.017975
53015,0.015967
152734,0.019838
130746,0.020551
160007,0.019134
111300,0.017441
20190,0.017174
192534,0.019997
201432,0.023796
32834,0.015573
100332,0.018902
3017,0.019102
247785,0.016323
182460,0.013382
119066,0.020313
80797,0.016368
229562,0.015156
113632,0.017537
87549,0.01479
101267,0.012927
79941,0.012946
123997,0.022133
169563,0.021763
156280,0.023802
51810,0.016214
23580,0.012883
47729,0.020714
192652,0.013072
42209,0.018823
165677,0.014773
182575,0.012061
238957,0.024703
177061,0.024383
7201,0.017511
167172,0.017762
20036,0.018441
99481,0.012059
156107,0.023377
249032,0.018429
217363,0.015191
84198,0.012595
77691,0.017592
126281,0.019714
87890,0.019282
234125,0.013951
90557,0.016191
237811,0.020747
50127,0.015509
242679,0.017717
94168,0.011837
106438,0.019459
79426,0.01317
207913,0.022686
222317,0.020295
68005,0.013325
45937,0.01637
229305,0.014518
199280,0.010998
170057,0.02182
47495,0.014357
25668,0.019567
216031,0.021151
226936,0.019006
175897,0.017988
154694,0.017691
131984,0.018996
58894,0.015332
21056,0.017008
206708,0.020662
228300,0.010603
184054,0.011713
249370,0.014501
142149,0.014029
11954,0.025677
354,0.009568
222453,0.020583
78522,0.015626
135888,0.010119
199008,0.016801
177331,0.018867
53589,0.014382
199654,0.013556
212480,0.015651
162763,0.023299
165337,0.017796
28293,0.019066
105356,0.012802
195125,0.017641
17149,0.017319
69063,0.015996
5161,0.020723
79620,0.023008
33306,0.01097
54308,0.014105
247275,0.020626
62634,0.015426
156952,0.019826
140388,0.023145
150680,0.018142
217326,0.013537
209794,0.0185
134860,0.012336
136097,0.011727
3346,0.01936
53129,0.011201
210839,0.012682
206906,0.024797
14702,0.014115
35085,0.016243
234250,0.012363
245035,0.015625
109358,0.020571
186375,0.020945
42421,0.020216
181180,0.014096
162372,0.017984
123494,0.022965
62872,0.019193
23133,0.017729
201116,0.015379
17005,0.013463
45835,0.016248
157876,0.011381
115386,0.01408
56226,0.018761
177333,0.023467
119750,0.013966
196061,0.012533
36518,0.017386
217680,0.018164
104807,0.014771
12241,0.017791
152793,0.011842
216099,0.016479
161939,0.015955
71944,0.014662
35523,0.020661
103650,0.021128
167691,0.015726
1385,0.009035
152833,0.016616
70446,0.014317
20748,0.016542
234543,0.010699
132951,0.021261
7710,0.014683
7409,0.013017
210145,0.014605
237365,0.023891
152230,0.020994
73238,0.021875
131712,0.012118
202306,0.014265
177695,0.022617
151307,0.014287
42565,0.017045
87080,0.015111
63937,0.014957
208746,0.013935
136267,0.011119
138331,0.019129
99935,0.012559
34604,0.01702
72189,0.012647
86482,0.016385
67689,0.017745
104368,0.014082
149053,0.019908
24189,0.014254
111102,0.014964
95780,0.020654
154821,0.015433
239481,0.010776
95130,0.023363
100858,0.020325
113869,0.018035
80912,0.020385
84086,0.013147
235988,0.020302
177275,0.022825
246470,0.020254
213343,0.017704
189472,0.011713
40353,0.01826
96178,0.017603
240810,0.016411
84922,0.009232
224848,0.016404
125971,0.013096
104381,0.017677
91288,0.017802
137113,0.014606
35797,0.019947
98148,0.010245
9709,0.010718
143951,0.012743
219974,0.013899
156159,0.017703
920,0.013294
236990,0.022395
109151,0.01791
9233,0.010755
132988,0.014609
112277,0.015575
110105,0.022312
218944,0.029238
117594,0.018112
9971,0.012205
241691,0.014699
109721,0.018179
164600,0.014566
31793,0.015421
48795,0.015614
242473,0.010246
226337,0.011122
189110,0.013546
203485,0.019138
34988,0.025102
218518,0.01629
199615,0.018088
150842,0.009175
30378,0.018503
213985,0.022764
167668,0.01463
36397,0.022507
23290,0.015521
33097,0.012348
141219,0.016542
178709,0.022306
225245,0.020818
148169,0.019106
166719,0.016287
66815,0.019323
76066,0.014677
137353,0.016444
120142,0.012229
113118,0.01495
179402,0.011413
238782,0.016338
93622,0.016625
5550,0.015301
62181,0.011839
222150,0.013192
185524,0.022424
97963,0.013239
235835,0.017567
131087,0.014332
70597,0.019205
246800,0.017112
74639,0.027728
86255,0.016486
30336,0.015271
61100,0.011613
135376,0.014973
8568,0.018488
179266,0.012903
219750,0.010339
102484,0.014722
150557,0.014585
72484,0.020829
143744,0.019037
52329,0.019438
83412,0.017706
228455,0.02072
117706,0.018097
4609,0.025333
224207,0.017179
29698,0.019063
228955,0.016272
86431,0.012028
170230,0.011429
181696,0.010338
204147,0.017046
41553,0.020036
169261,0.016714
97573,0.012708
236296,0.013745
75818,0.013666
155437,0.015912
75849,0.016476
112373,0.018976
79709,0.016514
233612,0.01237
224020,0.022226
161258,0.02143
8945,0.017724
14321,0.015526
31359,0.015408
35149,0.022381
193329,0.018139
58119,0.019059
66115,0.021469
221538,0.016621
108791,0.015385
165246,0.011923
1297,0.012555
241599,0.012853
180310,0.011146
108687,0.016454
230966,0.017602
63495,0.01788
59864,0.01483
138152,0.014852
117135,0.012554
92350,0.015368
184646,0.019184
96207,0.016692
234940,0.014069
121068,0.015586
65305,0.017258
224980,0.020424
72967,0.012986
179731,0.020771
247353,0.017889
131424,0.022072
193537,0.014646
80749,0.013043
165888,0.020417
82920,0.019905
83603,0.011094
90644,0.014154
148570,0.019935
155556,0.014799
153112,0.010768
151695,0.014694
89309,0.017633
124445,0.024769
138186,0.016103
59995,0.011231
123485,0.012753
186124,0.01485
63981,0.018746
39350,0.014524
61964,0.010802
43769,0.011454
247653,0.019196
24632,0.014186
3711,0.0185
66774,0.014406
37248,0.019215
141409,0.012287
69364,0.017392
85879,0.018155
229899,0.011488
104742,0.016963
32395,0.014563
118884,0.018688
113089,0.014399
36606,0.017935
78255,0.011054
46398,0.014782
225254,0.016158
75240,0.017212
106049,0.013213
114398,0.015425
29245,0.024271
9594,0.020339
38482,0.017044
115529,0.017168
148110,0.017009
142982,0.017803
181611,0.017708
189458,0.019127
102979,0.018623
180759,0.010367
194345,0.020487
229185,0.021421
110429,0.023139
42510,0.018181
14012,0.018274
233269,0.016755
205199,0.015178
109465,0.02302
209044,0.019098
52177,0.020574
193421,0.01764
131050,0.016573
178716,0.012942
32994,0.013845
240955,0.011903
150409,0.016538
73903,0.019923
177675,0.016466
5849,0.015923
57971,0.010651
114957,0.020009
117677,0.018963
40784,0.015183
152700,0.009877
176639,0.023
109340,0.01805
47030,0.018969
164787,0.018549
177393,0.015979
77517,0.01707
234312,0.013649
183675,0.015998
60245,0.010867
117718,0.019928
104293,0.019061
223157,0.019053
69542,0.015482
200653,0.01235
96881,0.019031
142303,0.020045
16862,0.009431
243602,0.015018
67818,0.011068
188496,0.011931
185315,0.019952
31590,0.014078
109357,0.01609
90687,0.016722
109743,0.012183
228960,0.013175
179246,0.013878
196662,0.015076
103937,0.019419
135570,0.01369
118913,0.016775
140154,0.022436
92227,0.014864
235573,0.015261
37253,0.016262
99486,0.017195
93411,0.017292
128101,0.015344
26815,0.026277
119345,0.012394
120822,0.01641
242224,0.014857
57935,0.016399
108057,0.013023
154921,0.020382
90674,0.018793
159541,0.013653
183733,0.016535
205204,0.010383
211436,0.015845
181610,0.011009
237595,0.016907
232864,0.015867
65628,0.018639
47439,0.012802
31786,0.019449
65746,0.017969
117764,0.017428
97340,0.017743
133762,0.020074
33791,0.023018
117952,0.015438
203154,0.014929
38869,0.011388
108739,0.016454
134795,0.015065
31884,0.012919
119789,0.019768
102693,0.020132
242834,0.019802
103128,0.018261
145190,0.017971
44566,0.015217
134927,0.016162
238140,0.018688
124949,0.021991
143323,0.011726
4676,0.016795
12837,0.014893
233266,0.019508
22556,0.014871
69474,0.015961
113365,0.013576
110878,0.021859
84729,0.017955
64345,0.018994
155039,0.022239
26346,0.017878
54824,0.015173
125417,0.015981
184328,0.013002
108423,0.017261
71589,0.021852
221666,0.020089
182013,0.016515
53213,0.011149
248016,0.016825
70772,0.013102
88333,0.022643
214367,0.01738
62350,0.018579
34363,0.018536
198840,0.017935
239537,0.015358
98907,0.013894
74366,0.018741
59624,0.025518
119897,0.01941
19247,0.013622
157082,0.016624
228733,0.017208
237900,0.018587
77185,0.01188
42254,0.020481
120533,0.015292
160260,0.013867
9266,0.018398
153034,0.015785
42973,0.020225
217657,0.015781
94748,0.015129
53250,0.018464
189306,0.01556
96107,0.020038
77584,0.019537
192449,0.015609
177748,0.022666
214270,0.018459
40070,0.020568
98453,0.010311
124641,0.019757
203391,0.013207
87936,0.018107
65372,0.017151
209430,0.024892
237585,0.016812
104859,0.01441
188145,0.016096
242913,0.013547
195729,0.017926
186112,0.019235
163163,0.022478
98259,0.014451
9489,0.016458
171268,0.013239
200076,0.013458
56601,0.014832
129628,0.011886
3297,0.011548
212165,0.01913
184097,0.020136
216666,0.020322
69265,0.010235
83271,0.012636
164620,0.016148
112194,0.02049
68667,0.015334
123282,0.021287
206061,0.01412
68719,0.016497
166491,0.015657
155006,0.016228
2446,0.021531
30535,0.009573
33726,0.015982
1811,0.014753
26035,0.017067
45047,0.014984
159412,0.013981
244548,0.012695
23577,0.009401
245001,0.015503
8037,0.02175
169691,0.018919
12681,0.020665
126133,0.015393
43468,0.017792
117597,0.023591
39397,0.010276
167784,0.021357
10267,0.017699
22694,0.0171
138779,0.020008
190697,0.018636
90281,0.012579
70823,0.013475
30503,0.014957
54042,0.017364
23612,0.016986
144625,0.014173
132013,0.014878
175663,0.017283
79954,0.022953
208392,0.015991
134274,0.014173
115725,0.018457
70309,0.014081
61178,0.015932
72453,0.018677
231029,0.015642
36345,0.015641
33398,0.016191
197378,0.012559
24142,0.015617
40673,0.015483
225705,0.022106
245705,0.0203
104529,0.017809
159868,0.018342
192666,0.018953
205866,0.019278
47774,0.028003
226392,0.012606
245510,0.016608
176684,0.017483
230491,0.022449
132086,0.020586
105488,0.011861
8403,0.011534
39546,0.008514
57033,0.021529
213036,0.015387
218067,0.011326
139109,0.022621
203885,0.01341
30805,0.015992
57504,0.025567
101729,0.018737
197205,0.010522
243090,0.014657
224173,0.016103
111707,0.016986
110894,0.01604
128833,0.01734
189659,0.018456
218623,0.013494
216115,0.013849
39237,0.01159
66490,0.019533
1281,0.01318
122906,0.014029
143770,0.015017
70979,0.012629
246643,0.020517
33476,0.019461
17093,0.012259
3530,0.01577
32751,0.01085
211348,0.012007
52967,0.009304
83070,0.018203
216041,0.023642
247986,0.014913
201430,0.019472
50556,0.016726
233033,0.018311
248857,0.012515
163897,0.022542
4283,0.016852
220355,0.013669
144167,0.016496
157740,0.017588
195950,0.01137
126887,0.015189
120040,0.013825
621,0.016182
106466,0.012764
28717,0.017481
147971,0.021134
32376,0.017034
141598,0.013353
87438,0.023021
67606,0.020419
209329,0.01351
98066,0.011364
31649,0.014914
212667,0.014063
94681,0.016742
79975,0.023002
129353,0.010645
227456,0.015362
22825,0.018153
18432,0.01497
159347,0.011959
55460,0.016905
79629,0.019192
109196,0.011299
205692,0.012997
137910,0.011235
172697,0.011189
100592,0.01331
22012,0.020477
12194,0.017037
31366,0.014679
77194,0.01563
126665,0.015516
63109,0.012587
42631,0.01765
223955,0.018456
93262,0.017662
46722,0.02075
61239,0.010904
246102,0.014375
115836,0.011497
106885,0.01603
30051,0.01702
151343,0.016095
167105,0.0113
190580,0.017133
188908,0.014583
218877,0.015023
25810,0.015779
76297,0.01101
132996,0.01711
95483,0.022307
29384,0.012944
185666,0.023224
35023,0.01949
66083,0.020192
171426,0.017231
111622,0.014353
86380,0.018863
247068,0.016162
167252,0.017292
2355,0.016434
199970,0.017377
29665,0.018536
97614,0.011981
18698,0.01677
153227,0.014624
109794,0.02373
132360,0.018245
1091,0.014813
7650,0.01782
153106,0.017404
186334,0.024215
129378,0.017318
46031,0.012114
173189,0.016261
105099,0.017066
248670,0.014297
18436,0.013509
113302,0.019352
86722,0.019552
232031,0.019437
227296,0.013767
174983,0.012618
158653,0.011161
1021,0.02184
159969,0.008606
174402,0.014861
72003,0.018783
52268,0.01676
71523,0.020544
207691,0.012474
187351,0.020745
4300,0.013046
245061,0.022634
241255,0.013989
7115,0.012634
12144,0.017914
168546,0.016926
60682,0.021903
246912,0.017486
195250,0.014742
115507,0.014274
64207,0.02488
105657,0.014494
126013,0.012338
64449,0.014398
199348,0.016296
101398,0.013465
50114,0.021935
130561,0.015273
203231,0.017669
67389,0.017186
26874,0.020635
200751,0.015772
38029,0.013927
77665,0.010962
71454,0.020999
46029,0.011535
141573,0.015666
35931,0.02367
101635,0.024385
154512,0.017166
9206,0.012726
13270,0.016479
65934,0.015628
120643,0.017024
128600,0.017385
231364,0.020265
215760,0.020629
197740,0.010517
100166,0.014116
241991,0.012184
249875,0.017775
170264,0.02154
26132,0.013997
87183,0.015424
167546,0.019096
173385,0.014492
249605,0.015201
101758,0.013237
218797,0.017005
33004,0.017317
12718,0.022311
64578,0.016894
2751,0.015881
96097,0.023591
135216,0.012138
17610,0.016052
31990,0.014816
140454,0.019579
130370,0.015092
64548,0.015177
15811,0.017172
245127,0.019341
78758,0.015275
167481,0.013752
236469,0.01407
102987,0.019677
56789,0.030992
216762,0.019596
143970,0.019747
28884,0.017971
180087,0.019379
15042,0.019434
122954,0.009655
191310,0.018822
104696,0.015919
183156,0.019683
128026,0.011647
167321,0.011467
45392,0.018065
50736,0.013203
72289,0.019054
22030,0.015691
210902,0.018065
126318,0.022868
2378,0.017862
90245,0.014179
83816,0.01152
184745,0.022425
53631,0.01546
46139,0.012152
208478,0.012477
130893,0.015574
19922,0.015695
80465,0.021897
242600,0.013244
215850,0.015345
136023,0.017748
245756,0.02412
206448,0.012799
85540,0.012026
79091,0.014853
232297,0.018985
199212,0.020124
72532,0.015206
103835,0.011896
107060,0.008421
127616,0.016501
206714,0.023372
180248,0.01799
124291,0.026161
165477,0.012741
184414,0.018119
248488,0.018171
100397,0.011487
210714,0.019314
162095,0.023305
72947,0.015984
45601,0.019489
171204,0.017957
30227,0.017423
120334,0.019429
10879,0.016883
168197,0.013861
66763,0.018866
121354,0.020659
61670,0.015488
4134,0.014846
220222,0.015716
186545,0.018745
92604,0.017709
58041,0.011746
117629,0.018568
218291,0.015712
212116,0.011981
114311,0.011077
16628,0.017717
192491,0.012749
50889,0.012031
54149,0.017099
2854,0.014119
75336,0.016084
158603,0.015567
100149,0.014933
225997,0.017155
49685,0.019802
88601,0.023565
196319,0.010387
28970,0.013699
25319,0.012949
110883,0.010481
98689,0.014848
57678,0.015025
57763,0.019192
76220,0.01391
135764,0.01794
73913,0.014318
104261,0.021247
144134,0.008825
198323,0.021124
172688,0.021025
206551,0.015204
205200,0.015311
143156,0.012294
225995,0.01328
214048,0.014041
212143,0.019505
33148,0.013994
92978,0.017324
24191,0.014802
66661,0.016754
218123,0.014582
184059,0.022275
52872,0.019159
53524,0.011334
136058,0.019625
50216,0.017595
64523,0.020368
145661,0.018192
245086,0.023773
224166,0.018106
220195,0.017009
49608,0.025022
91986,0.012157
90350,0.02761
147470,0.015724
30818,0.017147
228514,0.019591
122450,0.015061
102189,0.014749
197142,0.015066
141908,0.016311
53940,0.01848
134946,0.012309
128667,0.01463
7756,0.019579
58561,0.01824
176501,0.016295
223405,0.016527
186909,0.014945
48724,0.020319
186785,0.016604
194987,0.012531
219468,0.01533
159188,0.014926
103939,0.015957
143446,0.010996
145880,0.015689
227363,0.012261
81414,0.018268
221147,0.01236
72411,0.017131
238547,0.017656
226019,0.018103
232678,0.013912
213370,0.016378
17432,0.016687
148492,0.015519
104495,0.022378
213221,0.014753
72556,0.018076
136432,0.016014
101616,0.015578
21338,0.011262
133094,0.023087
227575,0.016621
214404,0.013884
231567,0.013146
80010,0.013972
160763,0.015632
231250,0.019031
232067,0.017444
194464,0.01607
123759,0.016787
87476,0.013572
10564,0.020316
29889,0.018604
108961,0.016737
234741,0.017854
45607,0.021408
142342,0.013572
159620,0.013353
162503,0.015333
38843,0.014516
85300,0.013901
48117,0.012679
197727,0.014599
146522,0.014924
63041,0.019039
186321,0.016754
61102,0.018332
34510,0.016402
69245,0.009526
78683,0.024663
140941,0.018659
29884,0.019422
2396,0.017514
146842,0.020319
185286,0.023264
226753,0.014071
133842,0.022053
62928,0.017303
184708,0.021782
231924,0.021797
30295,0.009648
146177,0.010315
94211,0.016895
152885,0.014718
162768,0.022894
114318,0.018515
187932,0.01947
185637,0.014725
93307,0.019102
136130,0.014313
102879,0.013576
100949,0.016308
174238,0.010702
144881,0.01581
128098,0.012012
97379,0.015117
123996,0.013163
133629,0.017362
185210,0.021729
233582,0.018591
70903,0.013481
126712,0.021707
71802,0.016485
242253,0.015608
16720,0.024621
32930,0.016056
124215,0.015788
218457,0.015175
2314,0.012767
221475,0.014544
54635,0.015704
232582,0.015125
30618,0.011269
75813,0.010841
224547,0.017194
141807,0.013003
60190,0.015702
231973,0.016063
141987,0.020899
185966,0.019201
33090,0.018383
206496,0.017906
204262,0.019632
63827,0.019071
63077,0.010853
139871,0.017146
68693,0.016222
210244,0.014592
98694,0.012116
199389,0.01443
11489,0.019906
24330,0.012721
19177,0.019901
189863,0.011944
89807,0.020413
9837,0.012143
44356,0.01901
225428,0.013377
155458,0.018892
41769,0.017214
93890,0.014228
21391,0.017007
155723,0.016391
92396,0.021438
188006,0.014298
55501,0.017676
241592,0.015666
92522,0.017214
136256,0.014017
169199,0.016512
222979,0.021197
139889,0.019903
157392,0.015059
82019,0.01527
53167,0.013229
209561,0.013949
187276,0.010745
232947,0.009681
228431,0.016609
32604,0.014964
167890,0.020232
171427,0.016239
106905,0.014133
158388,0.020373
245362,0.017059
74695,0.021121
112278,0.010208
22499,0.013452
177933,0.015536
234995,0.016785
187416,0.016094
71453,0.020685
118535,0.020384
93959,0.012457
25211,0.017146
96405,0.020912
16208,0.017208
38758,0.009834
35137,0.014927
190236,0.014165
55040,0.01541
220191,0.009763
200770,0.021109
194660,0.015215
35698,0.017111
196548,0.010468
143857,0.012827
197385,0.012229
27690,0.017894
189727,0.01185
249733,0.01652
176755,0.021004
215256,0.015518
5070,0.021706
171706,0.021751
138818,0.016794
203050,0.012877
205851,0.020609
161889,0.013813
134501,0.0165
242746,0.018926
155517,0.016678
126741,0.018468
123052,0.017819
117357,0.015174
140480,0.014823
146675,0.016918
192974,0.020251
180722,0.015754
161794,0.020047
125043,0.023108
20561,0.017678
14517,0.018277
125017,0.015628
196705,0.016464
10178,0.021237
21660,0.027658
163431,0.024296
165331,0.015474
242795,0.013627
33269,0.018472
40632,0.011837
158496,0.017446
115380,0.019557
118240,0.015511
98286,0.012714
95207,0.016336
211307,0.018531
27726,0.022659
157165,0.021102
14843,0.022881
221934,0.013424
92378,0.015093
124535,0.016035
116590,0.012392
237675,0.014714
111824,0.01534
23818,0.011875
68476,0.016811
164280,0.014202
245770,0.019769
132843,0.018077
209114,0.01299
108316,0.020023
46274,0.01662
237492,0.01939
227837,0.019706
58349,0.021471
215652,0.024029
81722,0.017578
224085,0.01914
65369,0.019497
172971,0.016119
147207,0.013517
92202,0.017572
88455,0.017494
191089,0.024871
215954,0.015941
62810,0.015673
112241,0.015751
134637,0.016935
232310,0.014239
105292,0.014726
242445,0.014346
5501,0.018439
171012,0.020934
241475,0.011824
189760,0.015011
14039,0.01224
121749,0.015692
136532,0.015801
101840,0.01667
184583,0.015307
211660,0.015954
28667,0.019512
210554,0.009031
178409,0.017131
79935,0.018435
21286,0.015069
102152,0.013806
128653,0.016921
135746,0.017098
106105,0.01449
188432,0.016376
240983,0.014333
95601,0.018191
107303,0.016922
203452,0.017968
182612,0.012106
248103,0.012304
203069,0.016366
192143,0.020273
215302,0.017548
161745,0.013945
175396,0.012925
59086,0.012599
226825,0.010831
69111,0.015437
111506,0.012941
51741,0.01778
64780,0.019823
150437,0.015322
192684,0.014826
161535,0.021847
247149,0.009773
41322,0.016943
28584,0.013934
107689,0.022135
77186,0.00968
102210,0.016424
160068,0.017161
223715,0.016305
34762,0.018403
133597,0.023235
48278,0.021305
230732,0.020814
83252,0.013416
176564,0.017674
138231,0.020243
195903,0.018403
203875,0.011998
207287,0.016772
161955,0.01918
23297,0.009955
161146,0.012611
24328,0.009665
31934,0.014282
89873,0.01352
140670,0.018877
200676,0.011844
92757,0.01726
151920,0.01361
237596,0.01524
233444,0.018627
169500,0.019152
25807,0.018184
161296,0.010649
176007,0.020874
151355,0.010627
123627,0.015444
179798,0.012718
47420,0.011218
161506,0.023326
23467,0.013909
135901,0.013613
244731,0.018985
107067,0.014106
58399,0.023515
233767,0.015538
14932,0.019961
45469,0.020351
199760,0.020368
241442,0.013702
51254,0.019391
238536,0.023814
66630,0.012768
116425,0.016272
181057,0.015659
232803,0.017108
202737,0.012143
198805,0.012893
28032,0.0241
206898,0.014372
97619,0.012651
225728,0.018081
244644,0.014177
117507,0.018636
38438,0.014827
232057,0.020681
116081,0.014957
57509,0.012209
189146,0.019269
231827,0.011348
49211,0.01644
166285,0.011905
182425,0.010553
33321,0.01094
181398,0.010815
59991,0.016266
241804,0.01188
192578,0.01919
66454,0.017275
163537,0.013084
50166,0.017439
121334,0.01602
131195,0.021656
11426,0.01593
71481,0.023954
17210,0.014942
154633,0.021118
230160,0.016085
24524,0.011478
163952,0.02726
174734,0.018891
116956,0.015934
143072,0.015596
200596,0.014751
234243,0.010963
245761,0.018092
52590,0.015675
134387,0.016677
78228,0.021258
130373,0.018681
249103,0.0103
242482,0.01827
239884,0.020261
216797,0.0247
204229,0.011947
113903,0.012437
107958,0.017086
99037,0.010895
5909,0.013931
248180,0.014299
133408,0.01962
114444,0.013416
234847,0.016447
57672,0.025917
48220,0.016375
182971,0.01771
24275,0.009732
31103,0.02041
34355,0.018084
98986,0.01956
141889,0.01967
73365,0.011834
82703,0.017511
132488,0.018362
178231,0.014637
125341,0.019657
69844,0.01373
132787,0.020888
109217,0.020916
211771,0.0162
67226,0.018095
108924,0.019937
157856,0.016861
61965,0.010118
206820,0.017015
146990,0.016016
85182,0.016287
24272,0.015122
23513,0.010413
179946,0.019916
52738,0.013516
136147,0.016003
109706,0.013346
141865,0.018976
80564,0.024482
51987,0.015077
15651,0.013307
230194,0.017745
220144,0.011717
207055,0.016079
207220,0.017334
236647,0.010927
135599,0.013638
92863,0.011464
150077,0.012899
175240,0.016293
51271,0.017386
58520,0.014124
158389,0.018441
89470,0.020742
98192,0.011393
245360,0.020153
328,0.022195
135374,0.010327
127818,0.017554
219680,0.017343
24310,0.012981
143095,0.014188
146146,0.013807
187610,0.014783
181603,0.012122
147990,0.014779
96754,0.013877
3103,0.019405
170606,0.02079
142917,0.017539
249162,0.011866
165187,0.022533
34342,0.015216
178249,0.023449
78588,0.018404
42023,0.016653
213686,0.016551
121707,0.009814
232366,0.014226
205910,0.016184
210395,0.017614
38686,0.017248
13007,0.012263
54275,0.01298
58237,0.017144
112848,0.015704
44690,0.012988
216054,0.023149
215366,0.025619
1577,0.017235
123820,0.016364
90782,0.016143
198822,0.013952
103578,0.015626
58139,0.018985
56237,0.017803
146764,0.022602
150530,0.014472
8080,0.013752
43106,0.017829
87508,0.020896
174617,0.017234
187935,0.018183
161014,0.025604
29513,0.011864
56703,0.020423
127586,0.017087
33123,0.011002
199968,0.019635
20738,0.018629
220992,0.013523
208592,0.017707
202871,0.014987
68697,0.014406
60785,0.017688
104140,0.013654
186885,0.027381
100740,0.016823
234014,0.013511
136318,0.018121
139719,0.02226
29991,0.016987
137818,0.01396
81724,0.01384
141204,0.017563
152864,0.020489
93577,0.017528
206344,0.009176
150844,0.014966
203787,0.014053
245496,0.018653
115711,0.014778
25065,0.012873
97521,0.015096
12639,0.020382
133343,0.026228
134826,0.012248
237395,0.018246
185957,0.019714
72421,0.024682
89531,0.014334
18159,0.01008
98511,0.016275
183050,0.017818
245180,0.017604
94770,0.011589
75672,0.014573
112677,0.016724
109509,0.023178
210565,0.013234
30747,0.013898
4227,0.017399
9083,0.016204
242684,0.020009
94075,0.018453
56305,0.016198
166463,0.012015
48459,0.012163
226178,0.015584
126024,0.020515
190803,0.016072
48652,0.022756
110835,0.020534
204545,0.017101
151766,0.011278
113914,0.012577
9725,0.013097
204669,0.012302
190796,0.013366
218746,0.011654
188133,0.015951
88265,0.012619
193780,0.01415
164114,0.016428
95027,0.011376
145852,0.011577
116972,0.01736
102303,0.020524
153576,0.012557
93841,0.016528
93198,0.01911
23584,0.009878
87802,0.017367
155446,0.020726
171775,0.018862
110394,0.012977
168668,0.015096
242885,0.010571
222632,0.015228
47662,0.014023
154235,0.015832
249248,0.012133
143978,0.01409
40254,0.019281
110904,0.015857
37520,0.015554
235945,0.01437
237904,0.019144
193929,0.021475
179095,0.02208
174383,0.013666
48708,0.022349
92452,0.01721
80607,0.016736
36889,0.018316
201859,0.013018
230221,0.026501
89310,0.023065
127843,0.016256
167571,0.012266
209342,0.01972
135414,0.017605
79472,0.015312
44682,0.02
168589,0.011288
3335,0.017287
24853,0.011365
89457,0.017409
30579,0.013406
94309,0.014861
193841,0.016897
133605,0.017263
67081,0.015198
84027,0.016876
124311,0.022581
173630,0.020349
202327,0.014812
187218,0.011106
244025,0.020621
45110,0.015697
246376,0.018142
135317,0.017893
17437,0.011251
175314,0.011109
147355,0.012804
66422,0.019121
99617,0.020914
238709,0.019048
150874,0.014808
97905,0.013176
45754,0.014051
62564,0.016507
55041,0.01003
26601,0.018663
67375,0.015526
67959,0.015405
125544,0.024291
18302,0.016083
211928,0.015977
158648,0.012361
8326,0.017519
165272,0.015746
60745,0.012836
112735,0.019174
139243,0.015144
150943,0.017521
209429,0.014803
162513,0.018315
61607,0.011909
135725,0.012848
218174,0.015105
165006,0.01661
79098,0.015901
249157,0.015769
49011,0.022397
209149,0.021118
4882,0.018092
27067,0.021289
122404,0.012678
141922,0.020524
46364,0.018969
191912,0.014477
99925,0.009555
33051,0.014525
235108,0.020141
90812,0.012572
71234,0.019752
38666,0.01724
230845,0.012869
189796,0.021171
88626,0.020036
15271,0.017039
65939,0.014863
86082,0.010804
123190,0.014196
205619,0.014923
180174,0.009707
50021,0.013105
173876,0.01291
140220,0.015138
97498,0.020812
40115,0.018206
126817,0.022343
175995,0.019111
149010,0.01783
153745,0.015413
84635,0.016455
200872,0.023354
182046,0.014865
144628,0.01618
241089,0.019714
245981,0.014254
159754,0.013652
214573,0.015214
654,0.011998
201141,0.023212
159245,0.01188
182180,0.014934
56008,0.013996
134615,0.019991
9833,0.014578
101154,0.016219
47374,0.010882
145642,0.017324
55146,0.010921
242560,0.015491
42809,0.017309
105650,0.014369
167937,0.022444
88,0.016643
248971,0.010228
118734,0.021486
223033,0.022546
103168,0.01721
170503,0.018997
190078,0.012225
80354,0.014924
178441,0.023937
121895,0.013319
211542,0.01094
108916,0.015961
96712,0.020478
204459,0.014821
25493,0.013583
31319,0.015971
53785,0.012186
132261,0.02695
223140,0.024203
57884,0.025695
238585,0.025895
103738,0.021509
91542,0.019347
148529,0.019201
197163,0.014709
16050,0.018471
45496,0.020265
117450,0.023025
176460,0.015113
142852,0.01549
57965,0.016422
176107,0.023667
44369,0.037894
208362,0.014967
133087,0.020556
198139,0.012786
165250,0.016617
222215,0.021814
178280,0.024983
214119,0.018999
239066,0.018353
211020,0.020144
201687,0.024602
247939,0.012236
146041,0.016808
195076,0.013196
7582,0.014994
41045,0.015785
66340,0.014955
143185,0.019012
197492,0.015754
220212,0.019309
243283,0.018648
16946,0.012027
78489,0.011465
88542,0.021934
56921,0.016547
57806,0.023404
240451,0.010736
114738,0.012417
93885,0.019197
183113,0.011475
16885,0.01714
54671,0.015079
23835,0.012489
249729,0.014928
30452,0.013682
152246,0.035319
22037,0.022256
55075,0.011829
237511,0.023019
85244,0.018034
36813,0.017191
86485,0.013014
67722,0.015777
98273,0.014637
195073,0.017467
103031,0.014255
75841,0.01772
165162,0.018695
172509,0.014142
49554,0.020669
86731,0.016993
169682,0.017837
126531,0.015373
168304,0.016616
104650,0.014092
218965,0.017008
132361,0.02525
76620,0.012934
161465,0.018108
193821,0.018292
156282,0.012133
182467,0.019087
121999,0.027014
199877,0.01654
24383,0.0088
166597,0.012452
91659,0.014197
238411,0.014171
74278,0.021082
124213,0.022354
148389,0.016832
222564,0.017286
62803,0.013658
185292,0.017724
150986,0.014722
185826,0.021795
136301,0.014939
247231,0.021219
137030,0.016894
226421,0.015841
22260,0.014765
7699,0.015283
46207,0.010811
2853,0.014972
96339,0.020116
101499,0.013725
96380,0.012418
49574,0.01426
181193,0.016362
70188,0.015421
132472,0.01537
133759,0.022764
224096,0.017337
12848,0.018668
94367,0.016297
7876,0.018069
76840,0.014715
188010,0.015371
60080,0.023761
205987,0.016169
161809,0.024893
209548,0.013581
54129,0.012458
130496,0.021641
240049,0.017016
194782,0.022625
103966,0.010489
215378,0.024545
238322,0.01348
20584,0.01368
34026,0.016372
81149,0.017265
116839,0.017062
31215,0.010015
69144,0.014903
92596,0.021108
87201,0.021164
155173,0.019082
27422,0.017712
49281,0.011068
85679,0.020691
50055,0.024299
33403,0.01678
149524,0.017033
25709,0.014943
95410,0.01608
178079,0.015148
18468,0.01378
93498,0.016135
38729,0.016349
148854,0.014583
139070,0.01731
131200,0.018059
145282,0.011631
52279,0.014265
175700,0.016987
72962,0.020563
91535,0.012296
216514,0.020331
220100,0.011939
121775,0.017828
218050,0.012399
142705,0.01574
19407,0.022571
75447,0.013889
7384,0.020205
97935,0.010966
116874,0.012545
168692,0.013287
132487,0.017406
223657,0.021449
228315,0.0136
15586,0.017237
143214,0.017081
12059,0.016272
38518,0.013529
46073,0.017627
53545,0.012817
74351,0.020385
194793,0.011489
236875,0.017684
78813,0.011899
72388,0.024863
86365,0.019608
23682,0.013908
241411,0.012692
212681,0.016288
237329,0.019086
166585,0.014211
47547,0.014601
81322,0.016496
70395,0.015312
214390,0.019192
53244,0.019064
173932,0.012452
6110,0.02054
137941,0.011753
45276,0.013915
84838,0.016344
157081,0.019637
113402,0.012079
36695,0.014338
229849,0.017491
144575,0.01541
234191,0.014264
204695,0.016009
162932,0.020969
215130,0.020723
195664,0.014441
237642,0.014836
168622,0.01887
215673,0.014978
175176,0.012184
60134,0.020255
107032,0.018085
96932,0.019938
63666,0.018112
7428,0.014072
28038,0.023663
120687,0.017543
19742,0.017777
138253,0.017455
213970,0.020711
222272,0.022003
167427,0.014885
182964,0.015916
73588,0.015652
242818,0.009739
111320,0.02212
24276,0.017769
149477,0.027561
46241,0.017299
151725,0.009698
24091,0.019478
50398,0.026109
84811,0.017503
42234,0.020417
28880,0.01804
222988,0.016848
163212,0.014582
194247,0.021465
86029,0.019183
108301,0.013631
148103,0.020246
76886,0.010121
124934,0.0165
52921,0.021927
218892,0.015212
1943,0.012906
177688,0.014123
128905,0.018728
232614,0.010366
18488,0.020564
91317,0.012335
50840,0.020184
14487,0.023304
53251,0.011463
181290,0.011129
433,0.014181
133429,0.016529
48313,0.019718
237055,0.015839
35466,0.01665
188951,0.01055
227022,0.018923
236919,0.022295
207292,0.014875
139666,0.018586
208166,0.024485
66525,0.016277
18496,0.011391
5711,0.01593
168982,0.017286
249451,0.01806
237408,0.013237
249148,0.019666
100731,0.011938
169129,0.017086
52157,0.018766
128148,0.014655
99484,0.011977
50986,0.012203
231581,0.021277
59066,0.01568
144060,0.016732
127131,0.011074
115223,0.017436
16669,0.013023
227875,0.012342
106733,0.012713
167359,0.01764
41215,0.012014
207209,0.018445
231177,0.018254
30685,0.015294
105801,0.017041
9774,0.020406
198125,0.012895
228954,0.020794
54336,0.016444
178496,0.014345
189999,0.01654
245037,0.020386
212091,0.012016
180307,0.011942
27105,0.013445
216206,0.017728
145080,0.015619
49213,0.011825
33102,0.016612
174950,0.012415
103862,0.015563
211404,0.016986
68038,0.021437
96579,0.018705
222273,0.023057
176713,0.016151
95906,0.013863
41713,0.019684
128206,0.016725
75983,0.010218
243275,0.020955
114994,0.016633
198396,0.0151
175360,0.015322
19616,0.016943
82470,0.016108
221819,0.016463
42106,0.017632
20214,0.020667
115384,0.015198
45290,0.008583
189851,0.015485
240330,0.022563
62530,0.018511
47373,0.019187
75547,0.016815
179953,0.015464
190556,0.013761
243502,0.016793
239815,0.016607
105945,0.017117
232570,0.01253
241097,0.01503
208880,0.017624
130348,0.010739
96898,0.020635
1954,0.012384
84857,0.011505
24637,0.012028
3180,0.020305
133065,0.01401
67975,0.016641
181867,0.019165
113000,0.020762
80302,0.014847
227650,0.011429
124823,0.01866
160327,0.011984
208822,0.023066
148555,0.022395
18039,0.016906
20767,0.018662
17647,0.01888
165927,0.014873
50949,0.02614
196413,0.017688
177496,0.014361
158284,0.013091
81122,0.016262
227194,0.018449
184342,0.023288
229735,0.025644
36326,0.02001
22603,0.012574
107154,0.012696
62843,0.011823
41835,0.014624
131071,0.020078
37527,0.017826
40997,0.016464
93103,0.015423
127687,0.019008
49649,0.012953
217925,0.012661
102719,0.021498
98711,0.009637
218726,0.012817
73557,0.020631
36079,0.017143
125409,0.017138
194597,0.023663
118527,0.011376
34237,0.021787
40423,0.01542
243515,0.02331
70738,0.013158
182893,0.017943
186812,0.021137
139210,0.018163
86521,0.016196
138597,0.015132
164378,0.015905
175961,0.017292
92511,0.012536
177429,0.020925
66665,0.014846
206990,0.021851
1609,0.014296
4912,0.019058
4809,0.014324
112707,0.013525
26370,0.018649
61529,0.009358
15136,0.016529
55148,0.01447
155567,0.020906
48382,0.019038
202089,0.016239
208343,0.018122
150727,0.016724
211168,0.015054
24745,0.01525
20273,0.019179
184228,0.014457
13158,0.012359
59473,0.011815
186810,0.017663
158339,0.016077
118302,0.019646
136011,0.013466
120274,0.013668
93325,0.017087
62145,0.010367
44554,0.013531
216685,0.022777
86240,0.013453
237115,0.019909
166572,0.015051
58432,0.024716
83776,0.016318
225939,0.01585
94278,0.017465
239757,0.02535
26381,0.020524
79187,0.015967
123310,0.016131
127979,0.014746
184787,0.019341
29508,0.014931
108545,0.021257
205944,0.009995
227449,0.009981
72402,0.01746
168925,0.023342
120977,0.020402
175478,0.011521
66647,0.019252
232619,0.016101
152691,0.017737
114008,0.015901
159950,0.010206
160142,0.011924
100755,0.016399
70408,0.017736
18200,0.017811
218210,0.016728
23068,0.012089
81788,0.020112
42933,0.014059
90757,0.01428
89529,0.017337
196825,0.014277
210231,0.014968
85771,0.013267
243784,0.020624
239280,0.016748
10251,0.01742
154055,0.017592
174405,0.012977
214076,0.011888
65706,0.01716
220090,0.016915
38060,0.012479
10216,0.015039
18248,0.01628
23185,0.019265
71817,0.011645
82255,0.019751
179892,0.012987
168404,0.016678
57601,0.01249
116918,0.021978
164731,0.013452
221747,0.015823
109079,0.022311
186776,0.01857
231432,0.018311
136410,0.013313
69720,0.016793
148959,0.012489
114983,0.012642
244999,0.014518
216199,0.011534
129857,0.011209
210046,0.016441
171932,0.015772
130360,0.021358
29937,0.017675
44185,0.015265
189927,0.016457
136649,0.020335
24219,0.019865
19254,0.011932
104803,0.013858
199852,0.016345
31887,0.017005
154749,0.033738
85917,0.020893
98983,0.012175
229669,0.019321
81390,0.017677
69533,0.016954
128144,0.0147
155807,0.020725
13507,0.020176
122837,0.013554
198846,0.019421
178449,0.019214
109355,0.020633
151679,0.01373
103861,0.017095
88363,0.022398
180388,0.015892
58924,0.01905
49270,0.022086
232811,0.017861
162189,0.01402
160971,0.013642
116089,0.017243
194426,0.013696
7260,0.018033
184755,0.02219
34071,0.0166
234872,0.016154
237751,0.019383
169783,0.019431
114390,0.016059
203880,0.010589
88191,0.025393
222268,0.023914
199816,0.017778
246839,0.014964
164707,0.019728
27947,0.013226
192325,0.0222
116768,0.017904
116919,0.018761
112258,0.014711
52013,0.027775
88162,0.024632
45631,0.008881
88906,0.018651
223985,0.016695
162255,0.012764
198669,0.014277
181277,0.015046
164866,0.013698
38986,0.014398
136244,0.011673
72918,0.013186
69586,0.014978
229602,0.020655
71292,0.012683
197346,0.014971
144516,0.01002
131393,0.017633
70868,0.014616
193139,0.016798
170288,0.019901
221700,0.01892
66173,0.027212
83916,0.020012
88415,0.017151
52154,0.013009
204063,0.012511
181228,0.016245
50370,0.020288
100022,0.016366
128972,0.0163
158276,0.01961
216808,0.016937
65620,0.027079
177758,0.019084
133587,0.017716
12542,0.020406
143453,0.020145
101681,0.026023
118710,0.01832
154637,0.018648
135152,0.017484
194347,0.0256
27991,0.018271
162030,0.014008
236839,0.018226
24564,0.015171
171057,0.018192
247768,0.017263
42972,0.016994
39469,0.012749
197287,0.009158
180591,0.014494
93931,0.022473
88654,0.022435
225402,0.019558
40614,0.015777
102985,0.022225
166827,0.012964
238954,0.016515
134500,0.019836
27713,0.012415
86649,0.014026
122777,0.014657
29078,0.012229
92712,0.017057
226291,0.015242
67813,0.01717
4502,0.013264
198856,0.02056
223263,0.021474
167062,0.015431
87834,0.021488
112479,0.01927
27847,0.017379
241132,0.019146
52891,0.011864
72919,0.018959
242236,0.018454
87424,0.018848
245844,0.025943
72550,0.011378
166472,0.013996
106556,0.015018
38680,0.013909
139586,0.013852
9169,0.013891
226662,0.012957
9066,0.015834
197225,0.015119
38195,0.009582
189931,0.011042
172289,0.019556
191484,0.018112
165771,0.019576
127038,0.018498
117608,0.018137
215094,0.012363
195508,0.014613
137486,0.01429
35459,0.020399
220908,0.011443
137144,0.011933
196299,0.009707
244265,0.019406
155825,0.020873
62610,0.012996
49843,0.019075
99709,0.010831
25365,0.013635
95086,0.015268
142019,0.009882
78153,0.01699
216093,0.021036
245298,0.02067
136475,0.012352
102654,0.020006
121525,0.010611
153199,0.013453
28563,0.010984
132746,0.016802
126555,0.016433
31410,0.012606
87809,0.014945
49225,0.017482
11966,0.02177
145412,0.013042
11726,0.015113
246973,0.016007
240043,0.020308
65776,0.018607
88870,0.014354
51227,0.015657
78016,0.011811
75108,0.018931
5543,0.019289
45309,0.015728
105743,0.013532
166183,0.014499
26412,0.020592
118419,0.014354
95990,0.018214
198202,0.015869
86440,0.01819
172302,0.018114
222566,0.014132
162649,0.025257
137835,0.0175
67002,0.020792
165098,0.014489
5980,0.022687
161574,0.018437
227532,0.010117
34516,0.015622
95662,0.021443
110726,0.013666
70509,0.018631
243005,0.011221
133692,0.01482
109227,0.026746
141943,0.015835
33575,0.013046
190760,0.010927
155045,0.02224
82346,0.017198
179453,0.016021
117609,0.012144
7501,0.020264
128076,0.018386
123464,0.016107
200590,0.013856
179152,0.010917
5960,0.029621
57664,0.021809
146939,0.014986
216853,0.012815
74597,0.015795
20218,0.021753
197571,0.01857
198328,0.014666
32539,0.013133
176295,0.022755
52899,0.013893
172572,0.010399
69902,0.010683
66653,0.019748
150355,0.013251
49465,0.014456
119849,0.016739
22352,0.020794
170296,0.01829
168392,0.015442
118638,0.02073
15677,0.011662
157915,0.016017
116878,0.016748
18257,0.013584
215572,0.029954
153943,0.019456
83566,0.012215
8640,0.018604
116488,0.017406
63929,0.024869
79133,0.020353
95208,0.018957
57214,0.013592
153903,0.018133
88655,0.024018
220994,0.017288
63564,0.013248
8809,0.013915
154987,0.020083
220465,0.014044
14313,0.01439
57449,0.021796
207911,0.015997
202784,0.018406
118803,0.015457
29852,0.015852
56056,0.019943
103638,0.020502
114389,0.014823
194733,0.011959
150849,0.020975
208091,0.016964
173260,0.013679
106296,0.011164
194322,0.013367
46148,0.016142
178732,0.015356
132386,0.011635
207991,0.019547
123064,0.012971
132766,0.013977
27640,0.018584
209784,0.017217
127264,0.017364
137815,0.014292
63575,0.019469
12969,0.01932
151490,0.016306
60366,0.020893
129824,0.015729
233907,0.013694
1724,0.013768
55591,0.012732
140126,0.018333
15570,0.014092
17858,0.016719
1967,0.012977
192996,0.020108
189325,0.011728
5943,0.023583
123612,0.014977
33442,0.01132
121892,0.010892
243778,0.018569
41522,0.018197
209981,0.017738
165899,0.012093
108211,0.02015
93178,0.015857
17206,0.011263
169713,0.014043
193772,0.019691
155642,0.01291
1569,0.016099
88047,0.020432
171196,0.023476
217430,0.022647
116114,0.014162
161219,0.019243
183834,0.020389
169847,0.019971
156281,0.017875
125531,0.014469
231656,0.014615
8824,0.012554
109147,0.020513
166874,0.015309
73,0.02047
75706,0.014784
183914,0.016425
196536,0.010991
167117,0.013208
117495,0.019712
164398,0.016618
211955,0.014618
4341,0.025854
237627,0.019439
124253,0.018655
236522,0.021763
66270,0.018806
175589,0.010642
22532,0.015047
217087,0.013082
113590,0.012585
118682,0.015053
59686,0.012319
141744,0.011104
80317,0.021323
190016,0.011293
99456,0.020654
206649,0.017819
190600,0.011943
119794,0.015169
147946,0.011242
20007,0.018133
213755,0.018421
70312,0.017729
75704,0.016937
48162,0.018646
145038,0.013621
186884,0.017891
130971,0.014891
156332,0.018797
61517,0.008549
202199,0.022409
163434,0.019561
80114,0.021449
32730,0.016178
7142,0.015004
54217,0.009591
191875,0.019919
117598,0.02002
174021,0.011116
46401,0.012225
98805,0.013394
184085,0.015023
45942,0.021403
200408,0.020834
198097,0.018703
167603,0.016845
190420,0.019884
138841,0.013017
105044,0.013903
240111,0.012166
217751,0.017555
230019,0.018188
63256,0.016686
109600,0.018604
232904,0.013418
208689,0.020161
215092,0.01635
72812,0.026147
107073,0.011804
122803,0.021134
222271,0.016829
145991,0.022038
116585,0.016703
95281,0.018803
26180,0.012731
29172,0.017264
96488,0.017149
147015,0.018466
74648,0.013972
92385,0.016137
82381,0.015772
195210,0.015778
202292,0.020326
224064,0.022966
198128,0.017726
131811,0.018362
58536,0.015004
38536,0.01678
120007,0.016256
194511,0.01907
95080,0.025396
88814,0.021494
89933,0.012655
135714,0.016316
208446,0.017907
26568,0.018716
132841,0.020578
204983,0.014237
45813,0.013813
115796,0.019556
141792,0.014286
116843,0.021698
31941,0.017123
155840,0.017361
59694,0.015758
98648,0.016738
156823,0.024165
82932,0.013833
19868,0.015917
196764,0.016349
82016,0.020603
60719,0.018438
166902,0.018581
85,0.021758
121225,0.013068
8938,0.014436
12885,0.01744
61861,0.013808
62116,0.021711
240716,0.013511
2418,0.015568
242646,0.016381
236881,0.02178
78458,0.01693
21079,0.019432
202459,0.016103
158047,0.012073
92371,0.013047
234465,0.012606
18867,0.017007
96788,0.02089
240702,0.017069
84597,0.013744
230500,0.017855
117146,0.016263
24640,0.019683
199974,0.021456
66563,0.016921
67622,0.014737
217895,0.016856
99716,0.013904
175093,0.012761
86761,0.016499
187550,0.015347
10951,0.016127
34626,0.02089
92868,0.017373
154638,0.019324
203004,0.017641
162386,0.023877
69884,0.012358
60051,0.016446
107008,0.00962
103126,0.023842
7439,0.010108
206188,0.011718
245977,0.015509
247548,0.014712
199199,0.022209
96105,0.019654
218170,0.013367
210278,0.015277
140329,0.023427
192101,0.025665
22521,0.018894
64619,0.020108
27444,0.021541
149852,0.011859
176153,0.020862
91315,0.010512
120193,0.014116
117265,0.022617
112643,0.012114
67373,0.013774
223214,0.018741
167362,0.014499
72170,0.019392
183507,0.014255
146240,0.015528
15170,0.014206
60267,0.019961
162987,0.018559
44908,0.017423
34618,0.019391
244828,0.015559
202834,0.014717
78414,0.011229
1994,0.01291
210214,0.020226
195386,0.022239
155024,0.024515
91640,0.009932
212186,0.022239
2688,0.031441
78194,0.01478
36507,0.019507
164391,0.011442
149666,0.016171
122675,0.012028
200744,0.015857
48984,0.01995
193582,0.024567
107515,0.011675
245599,0.020968
153350,0.022003
177133,0.014988
191938,0.013003
105903,0.016852
199301,0.023148
132533,0.024151
53537,0.011913
195361,0.022044
43479,0.016114
175527,0.014945
110282,0.013855
165130,0.018211
17139,0.019321
54818,0.019452
191465,0.018951
30405,0.019783
84197,0.015985
191595,0.023575
190221,0.013756
140295,0.019502
146123,0.015421
18279,0.010493
212782,0.011061
167446,0.015198
202333,0.019411
86257,0.012764
248058,0.011684
34178,0.016475
34558,0.019863
12965,0.021402
217412,0.018748
248580,0.01898
76198,0.013735
91232,0.010097
92036,0.021784
158597,0.012444
169118,0.020622
91889,0.018212
222490,0.016196
112435,0.013065
232342,0.018479
242288,0.013788
103818,0.020843
24682,0.016228
188714,0.015541
207873,0.016595
157849,0.013309
43407,0.026998
240926,0.018756
54248,0.018169
202698,0.013704
121386,0.014726
233072,0.014306
228891,0.020782
143236,0.013326
78780,0.017752
103291,0.017663
49193,0.017907
88648,0.014341
217349,0.01593
40195,0.009935
158640,0.015976
237337,0.018637
98226,0.018797
90351,0.019121
85513,0.011713
44181,0.016108
170163,0.019378
119407,0.014733
185526,0.013188
50554,0.024778
129335,0.013773
176731,0.020545
49509,0.017246
131001,0.018077
202316,0.016341
86359,0.019068
153564,0.021407
136320,0.0119
71702,0.015914
93430,0.019172
200578,0.013996
206847,0.017426
224175,0.011483
164808,0.021144
17860,0.009653
188448,0.016518
11533,0.01766
19114,0.017336
209655,0.020506
178943,0.012483
188720,0.012843
244423,0.016675
155077,0.021233
171476,0.011682
193959,0.021112
50492,0.021975
10628,0.015531
242920,0.018321
16349,0.01532
130851,0.021006
185281,0.018917
230941,0.016771
7122,0.013193
185640,0.017568
194418,0.02046
235239,0.01383
131933,0.019252
151349,0.010312
221090,0.022754
158777,0.016872
93676,0.013036
204908,0.015563
114007,0.015904
141492,0.013712
790,0.015688
9994,0.010057
182832,0.017396
91357,0.01997
55111,0.011023
237052,0.024263
214111,0.02141
244167,0.019387
109377,0.015314
148444,0.015279
239698,0.016196
238869,0.021082
144637,0.01882
199099,0.019791
243250,0.01586
176110,0.024726
109711,0.021293
204574,0.01223
141727,0.017439
86024,0.018262
196276,0.015978
69303,0.016303
26625,0.020308
7633,0.016338
11480,0.0158
22027,0.013722
46712,0.012753
40859,0.018208
183957,0.017824
127422,0.014953
63364,0.013392
29023,0.018952
121400,0.016592
165681,0.018488
199791,0.018966
156589,0.014399
182561,0.015656
70010,0.01163
186614,0.019133
183926,0.015255
58273,0.014288
244715,0.012745
189495,0.014833
63486,0.012637
157614,0.017506
176723,0.020169
84443,0.017249
66865,0.018289
94584,0.019053
182500,0.018206
89033,0.01863
211618,0.012671
113335,0.015618
39129,0.022885
115938,0.021162
232825,0.012442
204355,0.017436
124277,0.023363
134173,0.009755
150370,0.014316
184169,0.017432
170859,0.011413
170530,0.020746
139254,0.01557
143124,0.016664
200175,0.017791
82779,0.012337
56420,0.020247
34722,0.014631
63286,0.018385
52301,0.018351
130411,0.012159
87369,0.020059
57115,0.017064
124406,0.020041
94030,0.017922
76364,0.010208
169192,0.024616
88155,0.018402
137736,0.016219
3681,0.019683
65629,0.015385
195438,0.010938
52749,0.014516
229155,0.018491
124536,0.014422
202160,0.016815
44118,0.014058
156420,0.01554
207956,0.016009
87191,0.013613
113965,0.009538
26445,0.018577
124241,0.016593
126282,0.013174
59328,0.012028
171292,0.020561
197831,0.013997
210366,0.012143
222105,0.018998
3479,0.020538
14635,0.015473
67228,0.016108
230562,0.02302
43244,0.021674
180771,0.015022
16301,0.019554
112540,0.016123
38979,0.00938
87703,0.01255
233939,0.016194
233824,0.015392
8423,0.014194
234049,0.017118
75750,0.016122
245792,0.024333
29943,0.017441
10806,0.016415
148638,0.021019
66861,0.01335
67095,0.017576
84974,0.010148
138167,0.015946
21818,0.014999
207402,0.012198
208574,0.018345
117823,0.013899
249776,0.018945
202441,0.013553
8101,0.018719
245095,0.022605
118372,0.019672
20968,0.015416
21232,0.015702
106650,0.013863
148920,0.0206
172152,0.019708
104290,0.010006
9773,0.015474
161751,0.016191
118427,0.016211
145916,0.014893
130196,0.019814
189678,0.014757
185160,0.024963
40922,0.023006
173390,0.010646
80825,0.013062
124109,0.019282
77331,0.013398
46901,0.015399
178205,0.018558
180672,0.01343
150558,0.02454
120956,0.012932
173409,0.018638
222762,0.013151
248710,0.013566
248616,0.018277
100331,0.015083
220782,0.015658
236439,0.021558
24224,0.015304
158287,0.012101
212069,0.014437
208388,0.023132
241320,0.013806
121810,0.015183
102731,0.019213
153145,0.014107
17485,0.014006
85555,0.020129
226440,0.016684
189324,0.016587
143710,0.014001
172988,0.015792
99866,0.015102
57150,0.01931
216531,0.022054
151137,0.010886
16795,0.01819
49029,0.0174
213490,0.014806
15364,0.015517
182057,0.017947
12265,0.015986
153383,0.020798
85630,0.014602
159995,0.011279
153677,0.023586
2748,0.014967
2806,0.013839
38528,0.01394
86553,0.013929
110942,0.019405
239949,0.022596
236804,0.020843
41384,0.016837
199747,0.016876
248908,0.015117
16206,0.014677
131018,0.016718
189372,0.020043
48796,0.021205
135899,0.016844
39579,0.014819
181316,0.012093
129641,0.01121
11876,0.016181
84124,0.014223
70824,0.015695
27959,0.020166
101044,0.023437
191165,0.012836
200168,0.026721
171910,0.0211
116949,0.021663
89769,0.016125
221861,0.013251
74577,0.018808
144028,0.012917
134733,0.016477
18087,0.022481
90534,0.009894
91934,0.01864
52855,0.010036
156737,0.013321
31432,0.014182
86371,0.017467
11868,0.024289
150418,0.016247
63915,0.022809
224500,0.017174
125051,0.014178
87851,0.017762
9872,0.019169
247226,0.012717
86397,0.014086
169319,0.019559
58320,0.021025
231577,0.019123
249238,0.019866
29381,0.012678
108200,0.011969
133126,0.021077
87100,0.021549
216407,0.016186
102001,0.015501
247155,0.016946
208618,0.014324
235238,0.012419
209290,0.014563
24404,0.014184
103564,0.016976
207006,0.021987
35322,0.022107
56235,0.015373
94887,0.018654
92892,0.016295
151191,0.014216
185753,0.022517
223765,0.017344
46306,0.017254
239817,0.017057
145392,0.009761
52340,0.013787
40069,0.016591
61219,0.015186
25238,0.018091
198249,0.017059
74050,0.014071
90751,0.019818
245044,0.022201
151609,0.010856
14312,0.017855
142856,0.015469
54773,0.017124
86927,0.010533
5449,0.022798
235553,0.013364
143064,0.010586
94554,0.019599
2674,0.012229
83018,0.015764
12491,0.015291
173891,0.017931
31417,0.014589
125251,0.024568
58486,0.019591
133685,0.014716
134517,0.015073
87395,0.015884
207982,0.019551
147622,0.021813
136763,0.012541
27700,0.01881
139118,0.020133
75678,0.015244
181829,0.017364
216608,0.024316
104048,0.01408
19590,0.01783
105809,0.01448
67888,0.014109
56978,0.016806
182366,0.015969
243013,0.014171
97777,0.021798
84420,0.017434
165743,0.017234
35472,0.019124
227665,0.011787
39833,0.018208
213837,0.014982
204034,0.015752
139296,0.020209
55115,0.012508
202001,0.019092
249194,0.01398
50833,0.015825
245088,0.015446
162063,0.019467
196241,0.012222
102678,0.015981
103121,0.017163
90060,0.01413
85993,0.018785
183358,0.015886
23700,0.014783
111488,0.017811
89396,0.016066
35862,0.014703
107293,0.01404
189850,0.017295
142020,0.016614
30867,0.016984
194646,0.01868
139794,0.020549
133173,0.018534
217435,0.016515
114789,0.011306
228476,0.024759
66656,0.012364
18629,0.014171
162413,0.022724
43452,0.021308
232065,0.012853
31032,0.015413
144570,0.01348
17715,0.010803
155630,0.013028
80944,0.015962
124226,0.020876
56552,0.016135
217268,0.022436
68041,0.019243
232943,0.012421
186933,0.019298
137323,0.015211
157307,0.012052
71496,0.014435
211474,0.01719
19635,0.017147
94136,0.017451
77464,0.011419
25158,0.014619
3150,0.015702
5520,0.017936
190448,0.01059
36891,0.01981
155872,0.021129
69854,0.017073
171020,0.020666
216767,0.020355
131927,0.023189
96431,0.026435
20809,0.016873
195258,0.016847
3359,0.015594
222424,0.01223
1046,0.021597
110537,0.013292
106720,0.019733
154676,0.017423
239783,0.020184
160867,0.01256
51114,0.022275
87022,0.018641
1855,0.013902
131109,0.016122
12513,0.013719
174290,0.009384
116723,0.02034
164335,0.019575
52897,0.0177
57130,0.013093
246220,0.018515
116797,0.022309
221510,0.021148
181355,0.013275
91332,0.016366
102416,0.015949
18976,0.020345
27911,0.019612
117142,0.015889
217400,0.013978
228469,0.022755
131529,0.025792
26848,0.014077
168614,0.020054
21891,0.016183
59639,0.018105
204224,0.014064
28690,0.021089
188025,0.014227
130337,0.015447
198750,0.015551
62757,0.018906
189391,0.009712
96064,0.013578
142264,0.01966
99634,0.015356
200966,0.016926
224624,0.021943
180737,0.017876
199798,0.020372
72955,0.017385
134322,0.020636
33208,0.012957
174315,0.015787
88304,0.019302
56893,0.018755
40192,0.021278
113076,0.015669
219118,0.012402
7762,0.016073
31064,0.012262
16042,0.019002
148042,0.018002
119542,0.017821
185377,0.025653
121319,0.011517
121275,0.012191
129059,0.015427
111958,0.015849
85639,0.01989
221939,0.018324
95460,0.015497
248128,0.014207
44466,0.014672
230451,0.019469
248294,0.023667
148323,0.014512
248505,0.018937
211904,0.016357
36999,0.015895
224297,0.021217
243355,0.015677
238039,0.016021
223812,0.015945
194241,0.017626
119954,0.012329
55651,0.015543
133908,0.017002
187358,0.018142
151565,0.009425
88311,0.015144
10750,0.011722
223236,0.017975
241349,0.024757
152027,0.0166
26118,0.016722
115281,0.015999
9144,0.014643
118585,0.019164
84690,0.01425
65823,0.021227
123656,0.019594
223892,0.02307
177162,0.021172
216722,0.019027
222010,0.023803
5598,0.019284
154348,0.015644
8566,0.014718
214448,0.013672
125222,0.014218
14585,0.0158
46412,0.019356
189474,0.013623
137721,0.011332
160210,0.011235
222848,0.019302
143449,0.016248
43,0.016776
15550,0.012993
90520,0.012456
212567,0.011149
10621,0.018251
231346,0.020201
98017,0.013225
240644,0.019019
48834,0.024483
239518,0.01948
17488,0.011975
33166,0.019035
73849,0.013165
35019,0.013424
119579,0.0145
47590,0.015867
75471,0.016491
11643,0.012127
47010,0.01633
112035,0.017635
64873,0.022061
83106,0.0174
146914,0.016584
243620,0.011415
4719,0.012357
164607,0.019391
23127,0.018533
89705,0.01876
46042,0.018543
157009,0.015718
183234,0.014234
83530,0.011366
195469,0.0112
160084,0.011951
173683,0.017764
107626,0.014224
162231,0.021247
131880,0.015055
104157,0.019291
52460,0.016996
159074,0.014652
62015,0.016293
65929,0.021061
215969,0.022765
218793,0.017736
233809,0.015617
162359,0.018678
41585,0.017305
5429,0.015577
22737,0.010571
53217,0.00977
49174,0.01855
213751,0.020077
113069,0.012635
240437,0.0148
74190,0.021015
241252,0.018494
199847,0.021449
212571,0.012317
192348,0.019215
26956,0.014749
189914,0.013499
86429,0.022226
32234,0.013279
68610,0.015555
27311,0.021171
37845,0.017253
190276,0.011803
6053,0.02233
48672,0.017976
78971,0.018725
51728,0.012892
182445,0.017089
148179,0.016359
158432,0.015404
45355,0.017006
31440,0.018395
153482,0.017942
221841,0.020868
99828,0.014514
86782,0.019864
138809,0.019547
175969,0.015253
142182,0.02047
129371,0.01806
153685,0.018591
17974,0.01192
174019,0.01419
148655,0.012065
148189,0.014008
31048,0.021293
148330,0.015341
32900,0.017332
28030,0.025994
204969,0.020426
110224,0.028309
69632,0.015532
60722,0.010849
215567,0.013832
200910,0.014555
82692,0.011319
49505,0.018898
176006,0.013316
19450,0.021298
162712,0.011095
28068,0.017019
30815,0.017625
16870,0.011478
67918,0.0179
123888,0.018483
2276,0.015247
39974,0.015002
245338,0.01797
29406,0.014895
95402,0.023378
227584,0.011913
78369,0.013537
244145,0.022325
200706,0.022582
110613,0.020164
159089,0.011945
80755,0.015978
67455,0.016627
30194,0.011045
3758,0.018456
221991,0.017438
236810,0.020039
168556,0.016192
156962,0.015227
67409,0.022149
64025,0.010925
193370,0.023699
73757,0.02062
80727,0.014882
222641,0.019819
49529,0.020029
115876,0.014496
108808,0.01264
52004,0.020988
21368,0.018867
44251,0.017026
208949,0.01949
123147,0.014943
120918,0.017024
75794,0.013216
210965,0.015168
125797,0.021515
136610,0.014491
170111,0.018836
134822,0.020482
90743,0.018029
109563,0.015675
240939,0.017506
169057,0.013038
87444,0.018409
196200,0.010635
156172,0.015519
19465,0.015444
186205,0.02034
70627,0.014779
177999,0.02023
213529,0.020315
30266,0.018859
224497,0.018578
130495,0.016364
170116,0.019779
119669,0.014524
149863,0.016523
65166,0.014502
132332,0.022185
174034,0.013883
58860,0.016387
67579,0.013279
64550,0.02014
200174,0.012186
2805,0.017843
125774,0.024746
158830,0.019099
46976,0.013928
2196,0.014382
139523,0.012598
132611,0.027146
200488,0.018855
58519,0.015012
214598,0.018947
239263,0.015998
196959,0.011226
235930,0.017662
11763,0.019199
223673,0.018563
20618,0.02423
28499,0.020641
231518,0.023347
176356,0.020117
69915,0.017594
184934,0.015934
209496,0.021124
164713,0.013648
147125,0.01657
20487,0.018126
3998,0.016122
164824,0.015953
248089,0.014643
43616,0.017352
53808,0.013935
96554,0.014023
66598,0.015717
12543,0.014338
227862,0.013159
32926,0.010261
100267,0.016764
6686,0.011005
32116,0.015545
88397,0.018416
172811,0.01881
40174,0.015616
4105,0.013463
183610,0.011977
132807,0.021639
62881,0.022451
46107,0.014659
227487,0.013834
167561,0.014284
215698,0.014156
221239,0.012325
157358,0.020092
147246,0.018546
74379,0.018302
88546,0.013072
146712,0.022506
162837,0.026855
246061,0.019207
231622,0.021292
52757,0.03102
29866,0.017875
104603,0.021373
17550,0.011781
54394,0.013103
166682,0.015652
211088,0.011144
70007,0.017435
47476,0.018996
81809,0.017356
238656,0.026003
76148,0.01535
67900,0.015257
191383,0.016642
9063,0.017156
210687,0.026992
177491,0.023082
45523,0.017762
128998,0.015208
14483,0.015031
164319,0.01773
49700,0.021687
56415,0.022598
106405,0.011778
53390,0.017197
139334,0.019873
125338,0.023092
241053,0.01137
122004,0.014049
235844,0.02164
61081,0.009153
245177,0.015547
167026,0.013577
197706,0.016524
177152,0.019145
107615,0.011298
117409,0.018954
111307,0.015104
234929,0.013477
70235,0.014649
184340,0.022671
207419,0.027818
34758,0.023062
110407,0.021958
56650,0.021325
15251,0.017122
122341,0.013467
53632,0.013789
216783,0.014383
121852,0.011562
149431,0.019121
86269,0.021815
216708,0.014481
123362,0.015061
141685,0.016736
20702,0.018624
53520,0.013181
41951,0.014252
78135,0.014353
5408,0.016602
196785,0.010759
114306,0.012315
69779,0.019199
213851,0.018519
222671,0.018865
220052,0.016117
14093,0.014138
92151,0.018011
59785,0.017393
196220,0.016603
151635,0.010343
161136,0.036045
156632,0.010425
67062,0.014128
36768,0.017574
109233,0.018943
214765,0.01938
170112,0.016704
108338,0.016962
95036,0.020352
37262,0.016127
5772,0.018503
106151,0.014065
178437,0.021544
169961,0.014529
18471,0.028651
144980,0.016294
199451,0.018333
74542,0.022127
105015,0.011691
194059,0.022443
66562,0.018283
60728,0.017017
18845,0.021476
182485,0.011065
152087,0.011132
169053,0.0156
85355,0.015755
82602,0.011663
127759,0.018151
222904,0.018871
18481,0.020249
78464,0.013648
232211,0.017642
24653,0.015667
238386,0.015128
211598,0.016015
161238,0.012116
171044,0.017138
87195,0.016417
145878,0.018619
151800,0.011952
231434,0.016712
49964,0.022782
221546,0.022027
233285,0.013991
6002,0.014019
100255,0.014892
111229,0.017713
147982,0.023414
19307,0.017272
218124,0.011466
20878,0.020117
121185,0.014424
154888,0.022662
77235,0.013278
226367,0.015884
119021,0.018118
177163,0.015452
94527,0.023948
187444,0.01503
50564,0.013673
130465,0.020675
36087,0.014284
54010,0.010237
230807,0.015199
94120,0.021706
127512,0.015937
33573,0.015661
32169,0.012328
142464,0.019485
129618,0.011366
61648,0.014475
39399,0.015634
93146,0.01248
214967,0.017081
75401,0.014792
69825,0.012894
146080,0.011679
93396,0.017891
235100,0.019105
55640,0.013175
114168,0.018222
204734,0.016042
112830,0.014886
35473,0.019621
133426,0.016255
73467,0.019937
148716,0.013314
6669,0.018306
30010,0.013998
65397,0.019428
64615,0.01998
159109,0.015262
4470,0.022984
91795,0.014884
82230,0.015252
67800,0.020797
198075,0.016243
187895,0.013853
107224,0.013808
117574,0.020179
86219,0.014451
57127,0.021554
234246,0.015976
118086,0.019021
123708,0.017055
185042,0.023869
116449,0.024097
149330,0.020236
245087,0.015854
20433,0.019375
231891,0.010978
30046,0.021889
168467,0.018369
51392,0.013368
135169,0.015584
87760,0.025164
101793,0.017176
127430,0.019016
243773,0.023343
213,0.014509
185839,0.022523
11709,0.019031
207197,0.019088
80270,0.020123
248918,0.01327
132602,0.016098
179123,0.017173
203239,0.013683
134408,0.015857
196951,0.015601
112992,0.019664
228995,0.020725
46645,0.012902
227666,0.018318
131599,0.020928
218121,0.016333
102724,0.015106
28106,0.019948
67510,0.014602
173721,0.01677
211199,0.02196
76028,0.012594
238406,0.019733
145758,0.012491
224077,0.019438
225712,0.010839
232607,0.021197
81702,0.014709
126483,0.023497
73424,0.018886
164133,0.013309
218963,0.017304
204853,0.01353
15901,0.009154
16117,0.014131
74531,0.02023
11254,0.016166
217149,0.018529
83893,0.015741
110150,0.019757
18991,0.015622
68897,0.012324
170021,0.011194
51687,0.018665
3716,0.021765
236923,0.011044
38471,0.011549
239146,0.018309
181442,0.01396
211925,0.016078
201955,0.030595
239134,0.021128
200954,0.01674
83976,0.018883
141105,0.012394
144462,0.010735
205929,0.017986
236891,0.012031
122385,0.01882
49275,0.017319
202314,0.014991
237002,0.023053
225250,0.012004
141557,0.021048
225711,0.021156
38161,0.018889
115933,0.017807
54416,0.016758
210276,0.016831
179802,0.014179
167392,0.019789
10341,0.018238
89430,0.018049
106398,0.011974
86420,0.020982
103668,0.017128
2467,0.014965
192964,0.010752
142171,0.011569
142370,0.01489
225015,0.018151
1533,0.015795
35514,0.022971
130458,0.02359
243259,0.016736
133988,0.023637
173075,0.017316
121461,0.01405
157486,0.009664
9589,0.017632
129547,0.018052
141830,0.014317
22600,0.017143
49679,0.019733
185456,0.023652
123280,0.017036
192153,0.012
241522,0.010805
135268,0.012281
114381,0.011759
89643,0.017388
129950,0.015958
36023,0.017124
88963,0.022125
51922,0.015184
160811,0.015139
108218,0.017457
243262,0.018955
145137,0.016697
194774,0.013865
32387,0.012458
193016,0.024396
72406,0.019967
57995,0.015251
16735,0.013833
119227,0.011617
241781,0.017959
248593,0.018425
150922,0.010265
59223,0.019119
202093,0.01873
969,0.020939
7341,0.015078
242626,0.014582
136693,0.01392
93474,0.016101
55019,0.011691
249053,0.015016
239824,0.014756
173060,0.016274
203043,0.011871
36788,0.014826
125882,0.014293
181409,0.014062
118558,0.017507
175684,0.015228
212119,0.011131
50690,0.01592
69527,0.014762
217029,0.013351
197841,0.014026
30043,0.019506
202017,0.01934
193985,0.023428
233993,0.010817
14139,0.014637
90766,0.019944
174859,0.015609
131899,0.012666
137890,0.014519
67950,0.013269
105159,0.014714
154007,0.021197
177408,0.015653
218288,0.017283
246408,0.0193
215438,0.014859
154875,0.023886
21464,0.024454
55933,0.016365
68456,0.016395
115542,0.01467
11411,0.019943
169370,0.018087
93030,0.013766
23261,0.014013
173874,0.018523
214195,0.012641
113696,0.015525
121830,0.014462
143435,0.012615
3730,0.01845
107279,0.017603
191398,0.013704
191742,0.01864
11024,0.011463
77091,0.02409
116687,0.015378
210099,0.014472
126711,0.018881
168806,0.018678
174318,0.015441
210018,0.019294
224551,0.018039
165776,0.012282
107601,0.013842
162084,0.020896
79687,0.027311
145407,0.019629
108217,0.013675
238563,0.016295
243462,0.017962
49022,0.015038
247520,0.021214
17709,0.015268
191391,0.019893
222384,0.013211
249230,0.017744
122510,0.019131
235647,0.010181
228042,0.013976
218630,0.01453
75780,0.016826
84195,0.015302
138102,0.010051
128019,0.015187
167095,0.01794
155322,0.017984
73335,0.02336
86747,0.016991
241038,0.016593
69034,0.013961
52351,0.015606
121426,0.020893
74952,0.016462
51180,0.022225
172222,0.013457
154566,0.01956
132100,0.024389
52360,0.016257
169159,0.016543
56554,0.019767
104779,0.024716
160063,0.016025
98509,0.010456
174724,0.018831
78070,0.017103
83209,0.017505
58295,0.015516
184382,0.010719
87856,0.020005
33777,0.01662
60957,0.01403
11476,0.01542
171060,0.023527
98654,0.013697
135874,0.015117
48120,0.011219
74487,0.011571
245366,0.018365
86739,0.022341
55138,0.017262
34969,0.017904
8324,0.015844
159543,0.019186
18934,0.014983
191194,0.02073
88444,0.027718
86726,0.014978
121289,0.014477
79285,0.023492
140713,0.023127
158246,0.011103
160048,0.016174
242299,0.018976
225229,0.014583
150685,0.02021
161232,0.014606
155830,0.015935
214385,0.026838
168046,0.019547
9064,0.016318
176638,0.023652
123281,0.015094
200167,0.025162
236173,0.016706
182471,0.019552
120135,0.0127
217072,0.013246
20899,0.015686
129977,0.013631
143583,0.012685
56094,0.013782
202421,0.012211
44758,0.012192
153529,0.023793
213941,0.011741
170372,0.021442
194716,0.015146
236768,0.019318
165906,0.016462
151312,0.016905
40365,0.017718
111051,0.015816
50390,0.014669
179470,0.022845
82452,0.014406
48332,0.017482
166140,0.014813
196682,0.01672
198507,0.015511
47982,0.009759
117723,0.011945
121783,0.016569
136148,0.01789
187163,0.015484
248347,0.016257
29915,0.016632
136705,0.014329
89408,0.016579
40261,0.013189
227633,0.018656
232949,0.021531
108519,0.012492
229321,0.012916
175978,0.011829
37725,0.013801
73825,0.019341
102212,0.013976
119727,0.013071
149514,0.013318
82409,0.009942
45832,0.014323
104635,0.015681
194310,0.020795
139671,0.023189
111696,0.022789
102703,0.018031
238638,0.018157
154909,0.025462
54880,0.014962
159350,0.013156
151862,0.012471
146850,0.020617
102221,0.018678
74078,0.017455
232353,0.015201
152598,0.01761
69241,0.012534
1717,0.019304
33834,0.022168
91961,0.014185
158975,0.014654
186505,0.027905
10015,0.010432
216131,0.01953
205041,0.018259
132218,0.021739
215022,0.019997
241617,0.010497
89371,0.019506
66596,0.014071
81172,0.017224
149112,0.011996
110810,0.022868
227496,0.011849
33602,0.013131
162221,0.012849
34546,0.012692
228227,0.015442
42777,0.022771
154901,0.023331
149438,0.020423
45421,0.014798
3349,0.019114
232174,0.01585
190363,0.012465
2245,0.012378
187047,0.02582
122268,0.0183
220764,0.013392
824,0.018594
78554,0.022438
201938,0.014189
183460,0.01792
198485,0.012092
15623,0.017829
107363,0.017387
101127,0.015971
189192,0.012759
3639,0.02746
236855,0.015803
148119,0.021817
62429,0.013692
203854,0.01229
165994,0.01456
61751,0.014249
174834,0.016488
2919,0.013401
107491,0.012852
235683,0.014369
167791,0.016833
131942,0.016646
130756,0.012876
98921,0.011025
99874,0.01871
76212,0.013545
243480,0.010931
19329,0.02105
138748,0.022735
36531,0.022281
202082,0.019349
238542,0.019832
222144,0.020237
67269,0.020938
119464,0.014201
89189,0.013775
236591,0.013922
81713,0.016237
240430,0.009899
182087,0.017596
47165,0.015859
124571,0.01275
195371,0.017574
17346,0.021643
185359,0.019579
24582,0.012106
169806,0.018205
225274,0.016617
63702,0.016889
214648,0.019474
64078,0.013832
175605,0.009979
132513,0.012115
137704,0.020688
93854,0.025619
140554,0.019947
45642,0.021481
125047,0.019728
21615,0.012255
3805,0.021757
22128,0.016678
175355,0.020913
129011,0.013281
44734,0.021043
226805,0.01609
140938,0.01527
142672,0.020995
167031,0.016703
16840,0.016693
64326,0.019075
70818,0.016388
94039,0.014787
126957,0.012247
176712,0.016871
79723,0.022044
73952,0.016264
20987,0.015915
162437,0.016424
37169,0.020927
63885,0.017894
228987,0.016403
18498,0.013769
140127,0.019126
98571,0.014688
221199,0.015716
75859,0.014386
217011,0.018339
233443,0.020402
187109,0.017981
1914,0.019142
123080,0.011512
36895,0.01633
155768,0.019248
30093,0.010521
128940,0.011453
97755,0.014893
20765,0.020346
172676,0.018212
49476,0.014498
90473,0.02231
20594,0.017446
137531,0.01147
61467,0.017745
224924,0.024443
111640,0.019039
72892,0.018911
233995,0.013049
65974,0.021063
96342,0.0167
195751,0.02093
196848,0.014097
69264,0.012739
100340,0.019637
139319,0.023665
211127,0.014295
155923,0.020763
84645,0.016866
165864,0.014301
231528,0.015745
158883,0.014771
161957,0.019748
229116,0.016162
227758,0.014329
88416,0.017455
32867,0.016867
90755,0.016156
110164,0.016427
248899,0.018226
31119,0.01837
39591,0.015783
152586,0.014904
129783,0.01612
123449,0.02055
4634,0.023695
174114,0.014246
189126,0.014998
16737,0.015706
5723,0.018044
47038,0.012218
31337,0.015647
40536,0.016559
183424,0.019992
35263,0.016091
79537,0.01649
123256,0.012369
237628,0.022125
215723,0.020616
219840,0.014625
5470,0.020139
107420,0.018112
10531,0.017586
198129,0.010356
55287,0.012458
238902,0.021341
24209,0.018441
138852,0.015284
213065,0.020483
143539,0.015691
2236,0.017981
53593,0.012957
169489,0.014551
42816,0.016276
114313,0.01888
72543,0.015781
48285,0.01542
146568,0.021471
105780,0.013512
70887,0.013041
162883,0.022885
175676,0.014076
150356,0.016246
7463,0.019828
203844,0.016153
107510,0.018056
125524,0.020323
246694,0.022377
45551,0.01966
18378,0.012208
212748,0.017804
90986,0.015991
107445,0.021362
194755,0.024009
66617,0.016559
123740,0.020194
129218,0.015228
223605,0.015798
86072,0.01641
20465,0.012751
60041,0.018958
3210,0.017255
148378,0.017845
165276,0.014719
187666,0.011983
86063,0.016128
210677,0.010582
219025,0.018771
73656,0.020517
200592,0.021712
76152,0.010685
69702,0.014437
7099,0.02556
202923,0.012616
114107,0.014114
187544,0.018785
134126,0.013467
113760,0.01204
95533,0.013847
25401,0.015914
249244,0.01362
153267,0.015715
224929,0.019389
106053,0.013584
129085,0.009959
86044,0.013517
47980,0.022863
121664,0.009423
144753,0.014451
179913,0.010959
34826,0.017772
170889,0.019088
127539,0.016844
93357,0.01051
240786,0.015021
244656,0.018672
134473,0.018642
18369,0.011741
225157,0.018129
64909,0.019073
85109,0.014356
186742,0.017996
204408,0.01418
65457,0.02199
171546,0.013376
193267,0.018038
115994,0.023333
201528,0.018951
115736,0.012392
146747,0.0205
111406,0.016253
117637,0.01443
27239,0.021222
24315,0.016948
20593,0.019896
97554,0.014684
214879,0.026455
76690,0.015065
56780,0.018503
133229,0.011506
44447,0.01634
135732,0.015161
129751,0.011429
112367,0.022145
152360,0.017614
70801,0.014597
243860,0.016738
160604,0.02005
101523,0.013839
240780,0.011161
26626,0.014533
22885,0.012145
35073,0.010571
165455,0.015826
22263,0.020621
41637,0.021677
170557,0.016193
56406,0.014921
96292,0.014522
204058,0.01478
88843,0.013333
196006,0.019828
134549,0.015022
137501,0.014269
196074,0.012534
196979,0.010159
113304,0.014639
71082,0.014951
203416,0.014993
234089,0.024386
32512,0.0177
12949,0.022834
20035,0.017274
41860,0.015099
90685,0.020408
183873,0.021309
124371,0.016435
162623,0.022353
91651,0.014092
238077,0.023669
231441,0.021918
83164,0.01816
154523,0.022632
66266,0.020299
200480,0.037499
74367,0.027577
211010,0.012369
140708,0.017769
144386,0.013298
141154,0.034779
233821,0.016072
202501,0.020773
195245,0.011569
32307,0.016134
243246,0.012241
133848,0.020908
61927,0.015209
166391,0.012582
11802,0.020301
169527,0.018434
55638,0.016448
18129,0.011364
66514,0.015907
179726,0.018385
200499,0.015328
158125,0.019653
203876,0.010105
184619,0.021159
246877,0.020278
165123,0.016191
200690,0.023218
25026,0.013771
179918,0.015311
188684,0.010446
209906,0.011836
155057,0.024627
178986,0.014147
169887,0.012713
16480,0.013381
99969,0.012574
235250,0.015386
207094,0.016077
41056,0.013635
5890,0.025567
50456,0.01395
168101,0.015686
68172,0.009737
242917,0.01913
135768,0.013669
9202,0.017739
147442,0.019231
26185,0.019903
83841,0.012141
65417,0.016673
73821,0.026243
187075,0.012961
157412,0.013929
35891,0.020005
65276,0.022639
193350,0.019237
204915,0.014853
162679,0.018369
145355,0.014776
190083,0.010587
207262,0.018635
249431,0.014034
202300,0.009429
213919,0.017118
163336,0.023241
1197,0.016098
46059,0.018652
18307,0.01667
153001,0.017002
242948,0.012486
181272,0.017376
197275,0.019725
52558,0.019418
71808,0.015402
58809,0.016828
101968,0.017171
106568,0.014315
29210,0.02068
127009,0.013542
81068,0.019396
134916,0.012634
206460,0.017318
221960,0.022532
73937,0.021701
94133,0.020199
46362,0.017107
67065,0.013243
214835,0.025736
202684,0.022477
199326,0.019822
118275,0.019078
47664,0.016151
230214,0.023908
119291,0.017431
141985,0.020406
188217,0.013027
229711,0.012728
241463,0.014578
4792,0.021506
162339,0.019011
162789,0.017231
204057,0.0164
92739,0.015692
111750,0.022743
206662,0.013799
176780,0.022782
73541,0.022247
120061,0.014616
67080,0.021676
211129,0.017205
231614,0.019109
86192,0.022211
72807,0.013167
240362,0.021796
117853,0.02028
112377,0.014702
61631,0.012902
210067,0.013072
34746,0.016604
136573,0.020768
13620,0.020427
124181,0.017035
175719,0.017294
52642,0.016307
194166,0.016383
50416,0.013648
154069,0.014686
72617,0.027615
182886,0.01392
116409,0.029147
72260,0.014602
62860,0.012545
214096,0.023602
100575,0.015297
113219,0.038934
81669,0.013591
96566,0.013908
17756,0.014355
19258,0.017608
113066,0.021065
113618,0.014669
34259,0.013184
223296,0.010902
108280,0.024092
213729,0.020251
154378,0.023781
21059,0.019622
193684,0.014011
140849,0.020521
56592,0.017748
79377,0.017415
174183,0.014021
86244,0.013548
130492,0.017066
155753,0.014973
145538,0.011188
192702,0.022973
213212,0.016758
133862,0.015445
159435,0.018338
184022,0.013478
245676,0.014936
114140,0.0152
30853,0.017967
11483,0.0206
182006,0.011197
206329,0.021865
66281,0.018322
87269,0.010666
148007,0.022654
106107,0.00989
246887,0.013228
21524,0.019657
145211,0.014384
204257,0.013321
79934,0.036329
53381,0.014175
64711,0.019476
186535,0.018653
55208,0.013816
189006,0.012689
31413,0.017076
41162,0.0207
247241,0.015516
24496,0.016091
169348,0.023128
109051,0.020144
81845,0.01135
49876,0.021281
92830,0.013972
121236,0.012437
98836,0.010757
41485,0.015363
241521,0.016618
221012,0.017085
194286,0.01477
204277,0.015431
4019,0.025583
50440,0.019407
151729,0.013031
22684,0.011589
96832,0.014694
59517,0.016363
201491,0.019674
52649,0.013128
171584,0.014835
82260,0.011309
46304,0.011432
211564,0.01205
96743,0.01469
209670,0.014079
43466,0.014546
106913,0.01766
217550,0.013885
166399,0.010519
70901,0.015071
224813,0.017972
91475,0.014089
107798,0.011436
182484,0.018781
13811,0.016444
117274,0.026026
248184,0.021007
204703,0.015144
63549,0.014574
97519,0.018999
122147,0.014356
237010,0.015342
187180,0.01614
227033,0.015629
33211,0.012701
1591,0.017924
35172,0.017474
5250,0.02256
215733,0.021859
130473,0.01729
100845,0.012018
9361,0.016688
26120,0.015961
126200,0.015075
26274,0.018442
42259,0.023525
159292,0.016499
56085,0.011862
238723,0.015347
212174,0.011316
15947,0.013228
202712,0.021361
156167,0.019764
145094,0.016465
92347,0.018097
18271,0.015999
15955,0.013289
23257,0.012103
239872,0.014922
96057,0.02042
177795,0.028177
66359,0.018634
185431,0.013421
208644,0.017769
78225,0.014764
136384,0.012369
23028,0.014984
201913,0.014325
24130,0.016283
209241,0.01567
175043,0.015988
231755,0.014728
249527,0.01324
136903,0.012556
70508,0.013767
126165,0.014615
177818,0.027872
120008,0.013949
63063,0.011454
4667,0.023461
141080,0.025315
37638,0.01533
185944,0.023896
230967,0.01879
135460,0.015814
181053,0.013231
99800,0.013389
22360,0.017248
171962,0.010488
90149,0.012834
154640,0.019233
48214,0.011796
200554,0.014528
125941,0.013661
183864,0.024505
67960,0.013274
8207,0.013099
76632,0.011355
126103,0.011894
239437,0.018396
47742,0.01339
174796,0.012895
80824,0.018381
178377,0.018539
107355,0.009029
193689,0.014063
237914,0.016689
84867,0.015581
244879,0.02055
141391,0.0191
21460,0.020414
58941,0.012491
101592,0.017215
156685,0.023579
200932,0.017923
152509,0.011013
229216,0.020429
101916,0.01281
172540,0.015965
65855,0.013393
43703,0.013199
8025,0.014971
74914,0.014843
2325,0.021114
76699,0.015626
242103,0.010137
106195,0.013742
184246,0.023968
168261,0.016684
228444,0.01573
134806,0.022556
191705,0.012169
57778,0.021426
89657,0.021733
7176,0.017093
6785,0.016092
68027,0.010649
226502,0.012258
130989,0.014587
17041,0.01532
95344,0.020463
48187,0.015968
246148,0.020485
63998,0.016311
209653,0.01466
143557,0.015722
670,0.016893
150958,0.013999
223575,0.013068
115688,0.017635
69868,0.010139
238446,0.013955
118422,0.014321
66702,0.018864
205213,0.011751
212851,0.018901
205777,0.013143
15749,0.017896
160882,0.016402
179997,0.015093
84039,0.01688
189916,0.012604
82799,0.017072
237481,0.025206
35014,0.01554
201829,0.026335
114292,0.019927
43891,0.020257
212147,0.014599
23060,0.017306
177732,0.022598
239540,0.013149
237367,0.021859
90995,0.017529
110500,0.017729
215796,0.019385
177959,0.020339
18715,0.013824
116833,0.02125
217155,0.016151
44305,0.018221
80860,0.023408
13496,0.021984
144214,0.012659
191859,0.01747
154358,0.015653
215596,0.017125
211508,0.016926
7961,0.011348
224254,0.017537
128729,0.016806
86495,0.016025
172175,0.015492
222944,0.019361
137703,0.013334
51379,0.019002
175851,0.014966
138722,0.022674
187053,0.017454
194944,0.019358
94563,0.023011
186689,0.012483
34170,0.022196
210705,0.023123
5065,0.018168
193061,0.019162
108855,0.019867
245377,0.013694
104079,0.016893
7398,0.02089
62269,0.014507
217012,0.023605
23369,0.014352
23077,0.013894
245224,0.023244
97533,0.027252
160802,0.018762
6906,0.015674
107550,0.016676
90107,0.020681
169642,0.017311
87385,0.016835
212491,0.013755
108463,0.013939
7937,0.011782
183817,0.020982
80040,0.018888
211451,0.016991
171746,0.017869
146663,0.014265
10683,0.017656
77066,0.014028
15872,0.015983
77855,0.025139
128140,0.017164
199948,0.018521
100540,0.011876
111359,0.021563
5642,0.018615
170232,0.016639
22768,0.012886
64294,0.020643
150061,0.012195
81877,0.01799
148870,0.023838
120031,0.014953
58927,0.021738
52832,0.019677
176561,0.018014
45555,0.011914
138061,0.010746
124026,0.017723
174931,0.014499
122674,0.013928
90228,0.015369
192533,0.020465
155614,0.017868
219706,0.007867
217747,0.020718
120072,0.016465
95230,0.030116
93741,0.018373
43717,0.022357
171248,0.01165
238645,0.015447
75834,0.013856
153805,0.012177
227354,0.015541
5334,0.018266
223839,0.02486
236475,0.017993
200051,0.012827
104255,0.0206
192687,0.020449
235118,0.013943
51167,0.018171
147791,0.022921
104246,0.013445
148287,0.014858
188163,0.01205
198879,0.01707
233514,0.01824
236573,0.018207
49418,0.014184
77627,0.015687
151717,0.017745
139884,0.011645
204770,0.014983
220802,0.016399
236047,0.019331
228574,0.018877
203569,0.010426
135790,0.013837
225898,0.013603
146762,0.019793
245751,0.018744
162222,0.016045
138266,0.01563
153447,0.013793
4018,0.023165
183299,0.019429
244081,0.013552
216955,0.01381
155620,0.017376
247565,0.01828
178862,0.02077
164926,0.023062
162835,0.018532
69462,0.015134
131705,0.020514
130255,0.017713
184507,0.019769
196150,0.016589
173034,0.01234
47553,0.008184
94811,0.022201
189410,0.011249
46452,0.009757
121488,0.015002
248872,0.012156
226444,0.014598
136295,0.013656
166240,0.010989
60221,0.013897
19334,0.017594
166563,0.013757
167464,0.016951
36325,0.012284
240438,0.014334
82663,0.013458
49056,0.018291
56379,0.010933
30863,0.009538
216284,0.020543
209587,0.012797
114250,0.010581
159575,0.013232
190952,0.023757
73516,0.016937
10554,0.01655
226986,0.013097
247062,0.012781
32783,0.019177
89918,0.014313
208598,0.018387
124502,0.017553
8606,0.018822
94485,0.017446
187312,0.012035
48689,0.012481
171780,0.013365
226248,0.014807
228696,0.015835
217578,0.016687
59131,0.0149
118881,0.019609
156740,0.016098
83195,0.010394
75168,0.017061
163155,0.012924
100521,0.020532
180216,0.016865
55271,0.015119
85820,0.011183
157186,0.009806
3807,0.021309
200811,0.017702
93519,0.018911
177495,0.015533
222871,0.018447
238481,0.013368
130170,0.020504
246571,0.021066
5508,0.018776
57988,0.021261
222086,0.021972
144193,0.013574
222395,0.015694
104447,0.014549
64769,0.023203
83042,0.014966
160734,0.021726
161558,0.014106
12141,0.02136
99784,0.016277
63568,0.015709
91557,0.010515
118996,0.020422
156523,0.014969
237093,0.021102
249781,0.013551
79861,0.018682
111783,0.01848
215310,0.015423
3119,0.016201
231226,0.020386
97879,0.018106
89262,0.012947
14987,0.016713
216409,0.016647
7832,0.01481
188832,0.011983
195180,0.014986
128780,0.016595
162323,0.026164
235693,0.014567
6610,0.019847
154667,0.023889
81530,0.015435
217209,0.019645
189258,0.015805
218064,0.015368
141399,0.015307
130949,0.026755
238082,0.014369
150052,0.00936
11494,0.019307
158061,0.016151
158502,0.014908
65512,0.020076
3824,0.021837
191931,0.014305
113142,0.012087
233097,0.018787
30728,0.014816
10606,0.014705
16390,0.014727
83415,0.015006
191464,0.013954
244073,0.015196
51749,0.023102
216439,0.015666
99396,0.019823
162115,0.015568
166716,0.013493
184158,0.020449
145495,0.013007
7489,0.013039
151410,0.013766
149075,0.017419
228371,0.015515
38410,0.018691
190277,0.016885
14032,0.018894
45788,0.018464
134210,0.025322
86550,0.019807
203909,0.019128
60307,0.018409
231926,0.020064
170510,0.013524
6715,0.013414
212700,0.011475
40480,0.013619
65398,0.01588
183593,0.022098
94976,0.014294
61521,0.014868
30551,0.016809
120450,0.0117
172397,0.021427
248093,0.016653
169373,0.014999
33682,0.015643
62185,0.014385
234978,0.014268
242009,0.015741
176344,0.023991
233298,0.012857
160294,0.018064
190754,0.01539
170948,0.020313
25259,0.019499
30440,0.017389
90301,0.009212
27340,0.022081
92405,0.010527
247852,0.011611
58345,0.016533
206199,0.016965
200621,0.015878
191004,0.011815
24785,0.014446
61139,0.012587
194803,0.017281
120367,0.012008
43074,0.024173
81846,0.015184
40203,0.016229
115889,0.017923
48503,0.020194
143472,0.014507
17708,0.012409
196562,0.014952
18441,0.016623
155221,0.02011
182070,0.015789
73112,0.016626
228478,0.011611
222470,0.018898
234091,0.014381
220046,0.012819
217451,0.011192
92849,0.017398
167070,0.013298
8676,0.015693
142195,0.013463
168357,0.015035
82141,0.017858
49069,0.012556
186953,0.018433
176530,0.020987
194566,0.023531
91998,0.017013
248744,0.010015
135965,0.014506
214503,0.01654
213651,0.017871
209865,0.01857
56191,0.012925
30200,0.012376
246079,0.021017
151898,0.013307
42150,0.025496
180848,0.014839
75952,0.01581
143000,0.016081
70458,0.017068
109414,0.015623
8638,0.014605
58573,0.02168
146018,0.016879
143334,0.013984
67871,0.015166
25506,0.019656
98281,0.01091
35247,0.019081
238,0.019568
24603,0.013467
115387,0.016089
96238,0.019111
104744,0.014176
149445,0.020501
229134,0.020009
37788,0.017904
69020,0.016948
109531,0.022522
138356,0.017334
37114,0.019121
219093,0.015828
36786,0.011284
204028,0.017921
231126,0.014117
232635,0.013754
209185,0.024886
56010,0.014052
135541,0.017609
176348,0.012748
215779,0.02054
170320,0.012853
47770,0.024553
86109,0.013898
230106,0.021393
161684,0.017556
134452,0.017337
173333,0.00933
149415,0.0115
18235,0.014811
91829,0.01413
17188,0.014451
116128,0.015091
245090,0.019402
100633,0.012796
131310,0.01912
200986,0.021801
197382,0.012418
17764,0.016647
10680,0.01327
103481,0.022737
76529,0.009908
140880,0.024144
153434,0.018393
50212,0.017071
138902,0.019103
204139,0.015135
33866,0.016511
156300,0.023494
185215,0.019567
200787,0.01369
71160,0.016449
89116,0.017287
117865,0.014219
241698,0.01985
8786,0.019732
18844,0.014354
69898,0.011134
207118,0.011713
180611,0.021262
65642,0.019941
212067,0.016626
211528,0.0125
237261,0.024194
132272,0.016682
167379,0.010474
185552,0.021747
130737,0.019085
247301,0.015067
97685,0.017356
154873,0.018776
69614,0.015298
160864,0.019638
116403,0.033981
169926,0.017849
39011,0.014233
40143,0.01958
241200,0.021276
236345,0.016591
45876,0.018052
246486,0.020011
151801,0.012812
182870,0.018609
18841,0.019803
48068,0.021556
180020,0.018961
188978,0.021451
183887,0.017288
191064,0.025386
101883,0.01725
27465,0.020053
155174,0.022718
12904,0.018926
2403,0.014457
13896,0.012004
59405,0.01292
16249,0.012385
128181,0.01002
153306,0.014388
57291,0.018905
13822,0.019264
118412,0.019574
223436,0.019167
59509,0.017138
117727,0.024095
219000,0.014976
67476,0.012851
208899,0.022927
177753,0.017709
31275,0.014201
96304,0.015827
224041,0.014316
201123,0.019257
946,0.018428
162847,0.010498
88128,0.017418
228202,0.01467
59030,0.01529
163878,0.013137
52178,0.017751
215331,0.017304
62772,0.015635
84788,0.0174
206615,0.017457
122865,0.017724
188128,0.014797
12431,0.020657
244153,0.015224
48582,0.015889
151569,0.013786
24515,0.013833
185039,0.022908
193637,0.019012
228818,0.016391
83462,0.014631
133622,0.021428
160813,0.018544
59565,0.015443
2104,0.013105
87026,0.017782
167107,0.017549
146533,0.019973
67425,0.01208
113667,0.013688
150049,0.015645
81617,0.015161
241645,0.010952
42699,0.02622
229416,0.027378
173326,0.01999
128994,0.016556
111033,0.014502
204690,0.012841
83232,0.01875
167125,0.014757
123144,0.017213
33719,0.015218
125961,0.01352
167260,0.016541
25689,0.0149
53946,0.013708
67359,0.010853
114341,0.021828
47062,0.009392
140829,0.017665
52540,0.013529
128054,0.012762
20667,0.018192
158281,0.013296
58944,0.015416
139648,0.018578
18775,0.018065
3490,0.012727
78197,0.018352
248068,0.018081
154770,0.013211
223290,0.022216
43628,0.016911
73035,0.013259
200631,0.025216
155005,0.0136
8350,0.020927
205924,0.018903
21488,0.019235
217468,0.019525
95774,0.01316
41139,0.022266
247892,0.013664
75270,0.012717
84118,0.019941
239488,0.019928
77563,0.021504
57332,0.024899
223165,0.02547
146532,0.015879
21671,0.014954
99671,0.022383
247626,0.012204
65058,0.020186
205538,0.0111
151035,0.012748
176479,0.015271
81210,0.015267
78368,0.017786
8827,0.012965
57947,0.017252
11421,0.016657
94571,0.020468
83197,0.012023
157707,0.01719
3472,0.016636
24020,0.019784
93533,0.020867
245265,0.017995
25216,0.012129
234799,0.01541
33560,0.01764
79539,0.015261
221341,0.012376
160684,0.017808
144128,0.00804
9457,0.017122
80492,0.019503
61255,0.021644
165416,0.017391
53128,0.01483
42619,0.027986
159341,0.016669
109307,0.021568
197269,0.023988
4517,0.020712
87050,0.020221
200262,0.0201
187175,0.018107
96900,0.016721
139813,0.017999
119154,0.020801
61043,0.01606
165694,0.017119
36884,0.01322
35788,0.013387
39708,0.012481
33954,0.013019
38630,0.014783
38494,0.014773
223991,0.020651
100685,0.022842
233257,0.021567
235420,0.017581
155552,0.015726
38737,0.017347
3399,0.014433
149694,0.010708
128898,0.01366
117959,0.014846
84038,0.017339
85930,0.015649
245565,0.017691
146653,0.018914
144427,0.015645
37017,0.019388
110880,0.017235
196843,0.011049
124257,0.020789
142679,0.011447
207080,0.017236
63247,0.018424
168592,0.013363
94842,0.014022
191896,0.022439
107675,0.015099
186400,0.021094
245626,0.023476
31878,0.009959
74088,0.013588
248640,0.010905
239338,0.023818
107002,0.013983
190391,0.011488
42560,0.018853
84946,0.012824
151172,0.019582
158838,0.010976
37561,0.01572
215125,0.015518
14948,0.010926
62953,0.01056
42720,0.018332
169997,0.014722
192415,0.015003
215127,0.013816
180613,0.015445
165783,0.014115
247243,0.0171
52777,0.010099
203939,0.01193
31773,0.012527
126153,0.023269
147183,0.016595
244200,0.014265
179400,0.01665
131460,0.022967
151592,0.014106
59827,0.017319
14649,0.015124
220424,0.010775
48383,0.019985
103106,0.019792
114312,0.017886
249394,0.019666
242213,0.014663
192699,0.013982
75576,0.015138
143341,0.012537
115285,0.015917
29815,0.018728
226575,0.017597
176250,0.016927
12714,0.01693
22993,0.016176
159049,0.017112
215321,0.024875
167250,0.01887
35924,0.022568
176977,0.011843
17729,0.019374
147016,0.026521
246755,0.017347
139276,0.022866
80272,0.025104
124242,0.015699
12931,0.015968
170408,0.017423
34624,0.016032
35934,0.020177
110495,0.020053
146781,0.021896
178691,0.021371
42074,0.019408
62245,0.017397
164027,0.023313
121536,0.016442
180925,0.017823
47347,0.015822
138566,0.022171
89208,0.025422
113364,0.011174
249254,0.009699
177901,0.019012
232306,0.019985
132094,0.01994
146503,0.019297
197840,0.017776
248453,0.014724
157468,0.017992
148998,0.018868
15640,0.019635
197431,0.015064
183600,0.017087
177543,0.015502
223623,0.021538
207342,0.019271
93706,0.02062
124817,0.016062
134350,0.017159
53415,0.014388
225948,0.016727
206405,0.021914
42669,0.018094
26915,0.021999
196811,0.018126
101153,0.016832
61672,0.012716
122533,0.013588
129374,0.016652
117832,0.019252
69907,0.015893
116090,0.020193
192440,0.016447
113819,0.015911
129095,0.015348
162278,0.019365
214666,0.018281
32477,0.01572
159310,0.017309
93725,0.020315
90927,0.016573
243430,0.012194
165656,0.018945
67881,0.013407
56390,0.020455
201917,0.02237
148568,0.019253
227545,0.01618
175727,0.017401
3173,0.011042
219276,0.017808
56958,0.017102
10084,0.014089
71388,0.013169
200502,0.018122
58368,0.022291
80861,0.013453
161605,0.018677
156083,0.022794
178035,0.019895
190744,0.019188
77760,0.018451
83214,0.011546
208626,0.017582
140967,0.01278
12916,0.021975
210325,0.011346
82357,0.013627
11488,0.014757
234057,0.010873
134575,0.014004
9728,0.014478
54978,0.012621
150898,0.020293
198656,0.020962
20437,0.025179
54954,0.016558
89170,0.015596
205231,0.010951
87396,0.019527
106804,0.017361
209890,0.01874
104020,0.018812
130741,0.018656
91490,0.017367
229293,0.021021
45203,0.011075
141182,0.016111
215712,0.021614
241615,0.017462
184343,0.01227
96489,0.023774
108153,0.022578
189907,0.016461
163472,0.01359
146013,0.019083
209858,0.016983
142803,0.010892
101100,0.01846
18738,0.011233
68760,0.009624
111013,0.018098
124812,0.012869
171834,0.016264
25389,0.016857
236874,0.01842
35799,0.017693
14,0.020449
120522,0.011249
97193,0.015721
125271,0.018029
243818,0.01687
249495,0.021237
194870,0.014347
186787,0.017046
165066,0.019041
54700,0.01027
55250,0.017873
184482,0.016818
184604,0.021126
190227,0.015219
147106,0.023696
240720,0.014528
158567,0.015024
156864,0.012155
29482,0.019656
125195,0.02241
157100,0.012683
26449,0.019711
95330,0.022021
126705,0.022276
206438,0.014664
14389,0.013554
25371,0.014683
226844,0.013576
26621,0.016853
95197,0.016175
136700,0.015942
141886,0.023041
84728,0.017216
198441,0.024635
204371,0.016622
169466,0.013717
240855,0.016786
89803,0.01083
60966,0.011921
141828,0.020769
230907,0.017106
103092,0.021265
49121,0.019586
62375,0.009664
183181,0.015454
47144,0.017877
169761,0.018832
115922,0.012103
102384,0.017711
7023,0.018065
7988,0.010164
175703,0.021263
88421,0.018322
98232,0.013139
74117,0.017714
70006,0.013445
77293,0.011945
134792,0.019095
132978,0.022266
20349,0.017369
68574,0.016367
131742,0.017923
36757,0.026148
143271,0.010686
72085,0.016906
154584,0.021754
34352,0.021122
159664,0.012444
80212,0.011963
36487,0.015975
173851,0.013027
163030,0.016288
212594,0.015402
32776,0.017796
13601,0.016194
236711,0.013773
240658,0.014362
177251,0.020267
85301,0.011079
67670,0.019746
112232,0.015326
249350,0.014393
1638,0.015011
171662,0.013146
206378,0.013862
11249,0.016142
190164,0.00983
75835,0.020131
4244,0.018979
33221,0.013883
75347,0.01699
37635,0.016701
30897,0.017907
39424,0.017189
48534,0.020052
48574,0.017535
195078,0.017978
195487,0.010414
133221,0.024808
84699,0.01094
164202,0.011803
83267,0.013989
74264,0.018674
194160,0.018791
74810,0.016921
101873,0.015044
151693,0.011815
17348,0.015063
214887,0.01305
23023,0.011777
176143,0.012559
178063,0.019763
69199,0.012184
201652,0.016678
229081,0.01697
62502,0.015961
49141,0.013021
78563,0.017138
189278,0.014473
25243,0.011712
164992,0.015059
89102,0.01668
232460,0.014107
114921,0.017807
54651,0.01952
67728,0.012497
93695,0.017574
176927,0.016242
63809,0.021464
182627,0.01519
151841,0.013059
221575,0.015716
96913,0.019383
190673,0.011471
41438,0.020055
62139,0.014553
141884,0.017949
27751,0.01837
225532,0.014172
112744,0.013422
184440,0.020631
229872,0.019733
137600,0.016164
119707,0.015074
15946,0.016925
171340,0.013547
136335,0.02495
29032,0.017871
213682,0.019245
116357,0.014181
182253,0.014515
171416,0.015028
81684,0.011071
20890,0.017531
211084,0.02225
230943,0.015715
39995,0.00977
121858,0.016348
195654,0.010423
63828,0.015036
209042,0.021439
199712,0.019785
58037,0.014827
27769,0.017188
224821,0.021039
68165,0.017469
12307,0.01347
33289,0.011741
217491,0.014671
172427,0.014601
129204,0.014169
93347,0.01579
201306,0.017436
174501,0.013706
11940,0.020509
156756,0.022974
243201,0.020004
173531,0.01357
52148,0.017272
108526,0.014048
187752,0.02399
104851,0.01705
167934,0.019733
60573,0.012768
228784,0.012183
108858,0.014705
72653,0.016628
84561,0.016827
97891,0.019514
239448,0.013049
189813,0.017411
61014,0.016959
68899,0.01585
209217,0.019272
110456,0.015724
85396,0.019157
71264,0.014142
30356,0.016682
226679,0.015891
58807,0.022655
227078,0.010392
94585,0.016993
91182,0.010906
242791,0.017266
62089,0.011368
23396,0.017708
77084,0.017167
158059,0.015397
47807,0.013248
57168,0.020189
192340,0.018483
249654,0.014494
131522,0.013891
33023,0.014158
19123,0.016393
135944,0.013148
228282,0.019365
99839,0.015719
53436,0.016039
148256,0.015936
230330,0.014827
157943,0.010594
236982,0.02247
78854,0.017607
145734,0.015541
136291,0.019326
91857,0.009759
87666,0.024948
122833,0.011239
194130,0.021187
229082,0.01892
85570,0.014494
32913,0.014935
125138,0.01782
22485,0.023001
102305,0.017503
97996,0.014104
111193,0.019026
213425,0.019742
233784,0.014676
96783,0.018376
102833,0.014754
142050,0.019992
110917,0.021231
148314,0.017594
239098,0.014972
85333,0.01454
111021,0.016981
36589,0.022603
156654,0.017547
177187,0.020857
123828,0.017909
36996,0.014867
141656,0.013787
169283,0.014786
177319,0.024555
219007,0.017235
95814,0.013315
120386,0.017964
30634,0.010719
150984,0.015919
236369,0.016791
72462,0.020588
154321,0.021456
211210,0.012166
28539,0.020863
12637,0.021657
91412,0.014046
244587,0.014893
243637,0.015655
137952,0.019188
127652,0.01499
182167,0.016088
15504,0.015288
111027,0.022444
102873,0.016254
29542,0.018241
235248,0.012764
160713,0.013455
191296,0.016326
132279,0.026649
131268,0.013567
221573,0.016967
185411,0.019849
77176,0.015764
185085,0.019897
92693,0.014486
215249,0.024288
1521,0.010363
16036,0.016492
85041,0.014862
99478,0.01507
30073,0.017245
230076,0.028692
107878,0.008705
125748,0.01723
158524,0.012562
240547,0.020608
97846,0.018141
61700,0.009006
109760,0.0182
28945,0.014293
182267,0.015347
40328,0.01259
154599,0.011023
65408,0.018283
170652,0.016076
223159,0.025419
130927,0.01143
141307,0.012905
224222,0.017426
111558,0.011473
183952,0.022021
131165,0.013138
83627,0.013868
147293,0.020596
210739,0.014675
241450,0.019736
202260,0.017392
223520,0.019999
149560,0.012689
130967,0.016846
135484,0.018608
161981,0.015112
234813,0.014863
153591,0.021066
152682,0.015293
198564,0.015508
78546,0.020693
70653,0.013213
189467,0.013575
186575,0.015471
197313,0.018007
210305,0.014687
235557,0.012363
28610,0.020612
132708,0.020794
193249,0.016673
65246,0.016687
180095,0.014588
244129,0.015971
41008,0.017575
91636,0.011346
223064,0.013184
66663,0.019005
193650,0.024114
208051,0.017423
39643,0.016197
218831,0.018187
72882,0.023256
91091,0.02064
113019,0.013169
33446,0.013431
105777,0.013979
21007,0.018682
45194,0.014578
242119,0.016558
49792,0.010971
70028,0.014386
49357,0.020613
46345,0.015338
149308,0.016637
239923,0.027891
127532,0.015124
183709,0.01244
18650,0.018693
227955,0.018525
20142,0.019519
103561,0.01676
74662,0.023964
138425,0.019103
120836,0.011742
189598,0.016372
183260,0.019456
96802,0.011211
21124,0.01504
148750,0.01102
170729,0.019042
129625,0.014709
236001,0.011638
98846,0.013309
173051,0.010946
33514,0.014753
93606,0.016234
11509,0.01957
162215,0.01567
57377,0.017751
97811,0.01594
249249,0.017513
65768,0.019041
6975,0.020063
16448,0.01608
112328,0.019585
165782,0.015731
174832,0.016041
156913,0.017934
55291,0.012824
168405,0.010505
144442,0.015712
100991,0.014524
185219,0.014878
143578,0.010258
103889,0.021693
46450,0.013383
205519,0.018698
173519,0.010661
221289,0.017548
19605,0.021627
239287,0.019085
202936,0.019662
207842,0.024827
117909,0.01323
206212,0.020526
44722,0.013153
143222,0.017207
195344,0.015217
40777,0.017704
223948,0.01704
158335,0.014493
98365,0.020379
181500,0.00791
239535,0.019031
161727,0.018991
187652,0.011931
51253,0.017058
160823,0.012283
39618,0.01597
235142,0.021327
17398,0.011605
134859,0.016556
39841,0.015524
188573,0.015638
204754,0.015576
172093,0.019532
112913,0.01327
210784,0.014172
113840,0.012848
211725,0.011114
20083,0.017103
104365,0.01639
157381,0.015773
65031,0.019662
167657,0.009351
109248,0.016052
108401,0.013126
158336,0.011449
230727,0.021287
77849,0.017996
130248,0.01437
157845,0.018906
87065,0.021075
119645,0.012826
141317,0.019041
120106,0.014871
167781,0.013239
81302,0.022665
214769,0.020075
206469,0.020534
229639,0.017608
110664,0.012811
197439,0.017506
26510,0.015523
83971,0.013677
70238,0.019193
216602,0.023673
75532,0.015374
140437,0.015717
143642,0.017503
208240,0.013331
213225,0.013024
160062,0.018798
197251,0.016406
127685,0.01343
178818,0.014422
128548,0.013347
129314,0.015784
247363,0.01387
131804,0.021609
151116,0.010243
16102,0.017387
73092,0.018888
4828,0.0176
126430,0.016072
35402,0.01984
134219,0.010227
170475,0.022622
17169,0.017004
59152,0.017034
185785,0.017744
218711,0.010242
35255,0.019558
141010,0.023713
41264,0.025879
189099,0.022637
21086,0.018658
244883,0.021489
161195,0.020653
103390,0.023184
224747,0.0163
129772,0.011814
155602,0.021822
197320,0.013224
207783,0.017302
13693,0.012906
153523,0.014245
91016,0.012551
106958,0.010666
41791,0.021168
179215,0.016771
106699,0.015671
143339,0.016508
76810,0.011588
197285,0.016981
157537,0.014902
240798,0.010571
9096,0.01398
175109,0.017298
99215,0.020773
55957,0.01464
55162,0.020447
80498,0.016352
98001,0.008866
178850,0.019652
170003,0.019281
105393,0.012904
183670,0.019034
119565,0.012397
60177,0.011676
193171,0.019913
103143,0.022279
80034,0.01183
233294,0.021486
150854,0.009841
56534,0.01431
78195,0.013054
58479,0.018604
111522,0.01223
143119,0.013986
152429,0.015179
99693,0.012755
70572,0.01479
173375,0.014714
213322,0.016995
77973,0.015801
46215,0.016786
117546,0.020409
211197,0.010306
137055,0.014557
228001,0.015086
199937,0.023304
220708,0.014447
137293,0.017519
19044,0.020734
58438,0.020266
190987,0.016823
17490,0.015164
23347,0.013124
73916,0.022692
68001,0.017772
15440,0.012822
154459,0.015655
180415,0.010034
75691,0.016985
62548,0.013312
220620,0.012742
85423,0.012199
189584,0.016886
114507,0.014102
144885,0.016261
111480,0.015735
42352,0.013958
168980,0.02203
23264,0.017366
84718,0.015987
34998,0.019122
131116,0.014849
17472,0.013314
133783,0.019452
140231,0.018888
10821,0.018361
64170,0.016084
201634,0.015668
46335,0.01478
203481,0.01172
53999,0.019251
193388,0.019411
34609,0.019185
102128,0.012079
100703,0.017585
96890,0.013426
193869,0.016532
236458,0.017829
80545,0.018098
201215,0.016053
88038,0.017509
10484,0.012207
147574,0.019307
93174,0.019338
169450,0.015724
97955,0.014308
58435,0.013804
206543,0.013873
52821,0.011387
242126,0.009888
27696,0.013193
85686,0.014994
232489,0.01336
79871,0.018441
55779,0.014189
213505,0.019028
184380,0.012921
167346,0.016257
146955,0.018886
141928,0.017364
144018,0.01107
248968,0.012285
126570,0.013089
58241,0.020069
218526,0.023549
211851,0.015453
244413,0.018423
81138,0.01699
121885,0.012215
191667,0.020928
71543,0.016725
197458,0.015086
123574,0.02306
117676,0.020794
169746,0.015159
8055,0.018369
102625,0.018035
214892,0.0187
81419,0.016873
92066,0.018313
193919,0.020587
132196,0.025248
120915,0.017242
72692,0.013282
168791,0.017732
161187,0.018818
201007,0.018465
58728,0.014363
169302,0.013908
48680,0.010833
232843,0.01441
173295,0.014856
124188,0.02157
166169,0.016939
248985,0.014941
162526,0.015025
165279,0.016917
133220,0.017079
4707,0.024663
220007,0.018196
247441,0.014934
122333,0.012635
241660,0.014833
63242,0.012554
52555,0.018924
170488,0.015826
244659,0.023929
12019,0.018551
101611,0.018894
33656,0.019431
161204,0.016761
247584,0.022312
126977,0.016078
63065,0.019486
193408,0.019698
199273,0.019692
157766,0.013804
1146,0.017565
228010,0.019783
31305,0.018078
232742,0.018213
142911,0.016616
249784,0.01682
187650,0.015453
162361,0.014205
46149,0.015207
243011,0.015297
184217,0.014271
114387,0.014
136839,0.013951
21151,0.012807
51453,0.016092
203872,0.014769
32732,0.010523
75219,0.014129
170500,0.025668
85180,0.015089
148675,0.021373
6106,0.022611
76902,0.015038
125238,0.015478
30186,0.021344
69497,0.012486
36811,0.015771
105876,0.015314
170662,0.01939
7766,0.015784
152289,0.01253
34255,0.02352
157418,0.018598
9290,0.015867
97387,0.01328
26562,0.018981
96711,0.015984
9008,0.012647
200572,0.017627
188379,0.019572
184903,0.015351
165269,0.01224
143481,0.015307
158120,0.013475
7328,0.018151
205418,0.01654
154778,0.024736
248240,0.016371
50,0.020488
90952,0.01439
91284,0.014608
68430,0.017976
17714,0.016918
180914,0.014575
151988,0.01914
232621,0.012572
63251,0.013993
181521,0.018188
124858,0.018035
43096,0.015116
155710,0.02487
62817,0.011693
154952,0.024912
179986,0.013569
173634,0.013158
201764,0.015313
12178,0.019121
171365,0.020887
105479,0.012873
81831,0.015198
64764,0.012917
56549,0.017697
236055,0.014074
146383,0.014897
127842,0.019327
109886,0.015334
163134,0.019856
202272,0.014832
173547,0.018767
190856,0.014347
174372,0.018921
242453,0.010536
235825,0.013404
108969,0.021237
63863,0.015778
247825,0.013614
202456,0.02435
62599,0.011284
75654,0.018163
87446,0.013151
80880,0.018332
27353,0.02195
124753,0.019949
123101,0.017949
74609,0.026928
16917,0.019479
232424,0.019615
169839,0.015859
46821,0.011675
25382,0.009049
12164,0.017234
120753,0.012865
205206,0.021577
111211,0.011828
196756,0.017164
218009,0.011094
109420,0.025312
218132,0.018283
208588,0.026789
91886,0.014224
36688,0.01525
177767,0.018431
222774,0.019488
160886,0.013225
70022,0.016833
133443,0.017657
169654,0.020481
231956,0.012784
147629,0.025268
71952,0.018569
211309,0.015549
186759,0.014143
71573,0.019728
65423,0.016227
36520,0.011129
2344,0.010563
63003,0.013433
222379,0.023535
137297,0.014278
92291,0.017691
181242,0.012799
58693,0.016015
224857,0.01887
35051,0.01814
96835,0.014274
22429,0.01133
80267,0.019862
163669,0.020035
182479,0.017125
248154,0.015215
111457,0.024087
44313,0.013979
222363,0.020234
220612,0.016707
6500,0.019387
91414,0.012868
206578,0.020773
13612,0.017351
57904,0.020119
30119,0.017629
45033,0.019203
35576,0.020618
186433,0.015652
221226,0.01602
93171,0.018696
178955,0.022432
111832,0.019366
70394,0.01663
102740,0.012779
147715,0.023535
211446,0.011399
208795,0.014518
12811,0.026461
238877,0.018611
41489,0.017994
73255,0.01996
249714,0.019023
130673,0.013781
119677,0.018675
135309,0.016306
150453,0.014719
173015,0.013531
274,0.014426
221314,0.011697
203755,0.016949
84520,0.010561
44584,0.017987
231546,0.012615
115271,0.017098
84128,0.01298
116605,0.021241
135279,0.010442
70811,0.019932
120666,0.016802
225459,0.019791
51351,0.018774
144544,0.017281
140887,0.02239
121665,0.014823
190444,0.018197
84713,0.013953
20883,0.020747
196926,0.015533
197755,0.019867
223049,0.020017
86701,0.019453
137045,0.015858
42932,0.017198
241798,0.01388
119975,0.017706
53013,0.022501
32986,0.017415
139992,0.017321
213432,0.015361
75033,0.013746
242030,0.017588
123039,0.014049
36255,0.020109
178084,0.018797
246167,0.021639
115541,0.01053
191985,0.023576
129000,0.01695
208048,0.019397
89427,0.018047
121788,0.015607
187236,0.013918
238617,0.022353
83633,0.012218
227983,0.012384
66589,0.01769
174515,0.015912
162821,0.017115
191219,0.019455
173660,0.013982
196903,0.011904
135388,0.018569
57323,0.012274
34637,0.019955
170628,0.020275
155048,0.02148
200831,0.018027
74571,0.016237
14775,0.010904
33174,0.009564
95168,0.0143
246394,0.018939
117424,0.017889
37351,0.018422
55520,0.020185
225163,0.010842
136922,0.018802
160475,0.018632
10257,0.009623
27882,0.014806
162991,0.022192
159489,0.019575
246482,0.021472
173461,0.021451
139339,0.018302
173184,0.014209
120785,0.014769
70391,0.013662
163174,0.015871
205844,0.01226
162103,0.014584
213286,0.012942
126597,0.02292
97289,0.014867
142722,0.012282
91218,0.014098
119390,0.018287
48723,0.017602
134230,0.021201
134127,0.016044
195157,0.013138
132194,0.022396
200061,0.01348
210014,0.014166
63059,0.018977
201060,0.033087
38703,0.010859
99962,0.009287
52003,0.018701
13038,0.017959
31205,0.012761
185982,0.020878
44888,0.018868
87420,0.015185
207246,0.017614
121038,0.019329
132500,0.023719
132684,0.023633
53432,0.014106
104039,0.015007
154583,0.020735
239219,0.017349
88606,0.012214
165985,0.01342
246745,0.015942
27872,0.016749
91260,0.008963
213017,0.017846
97513,0.017369
7021,0.015236
118476,0.01887
23386,0.015522
237307,0.021148
82235,0.012308
209864,0.014562
181509,0.015406
142862,0.013559
249069,0.01919
43461,0.015172
138837,0.017694
216402,0.019142
110087,0.015517
19293,0.022624
191925,0.013256
239928,0.019861
230132,0.019193
17897,0.011838
86564,0.021111
186754,0.013327
249941,0.017642
125025,0.017499
108837,0.019696
39316,0.012256
115859,0.011074
208915,0.021579
17374,0.01572
125789,0.017743
12181,0.017511
11646,0.016603
234098,0.02057
21374,0.015597
123146,0.017139
167295,0.010684
175206,0.018069
231543,0.013536
181164,0.018447
212444,0.014129
200233,0.024063
121280,0.014064
152007,0.012559
63838,0.01557
91923,0.016016
90665,0.013549
153629,0.012677
145251,0.015591
170326,0.013711
79908,0.020452
169224,0.020625
99435,0.018075
205287,0.020569
163022,0.016357
248988,0.011116
156306,0.015519
156041,0.013627
104315,0.019943
195395,0.019683
3721,0.022578
67244,0.018516
61376,0.018779
212019,0.014066
50670,0.019747
125329,0.020072
200172,0.017973
138572,0.010873
206889,0.017693
82616,0.021218
246395,0.020436
34504,0.014011
62898,0.010234
204767,0.008046
197006,0.010693
166232,0.01763
86676,0.011526
74676,0.023409
154252,0.020827
198628,0.023533
55877,0.021937
120385,0.01428
136938,0.011917
49982,0.016809
248546,0.014278
59599,0.014159
86066,0.020877
167420,0.015867
123034,0.016888
8176,0.018287
75476,0.01394
214872,0.016021
75089,0.018008
142907,0.014361
228738,0.012827
239377,0.016351
197077,0.013806
149685,0.014633
196786,0.016144
225259,0.015042
128069,0.012703
102887,0.012695
122756,0.013643
94820,0.020846
218511,0.017758
108908,0.020249
244343,0.024301
683,0.0156
225865,0.012423
74759,0.015595
144126,0.020608
109782,0.019084
69015,0.017454
15533,0.012316
186653,0.018764
28223,0.01261
150441,0.014029
141144,0.018968
239041,0.017109
77287,0.016457
231966,0.020162
213625,0.017861
237208,0.019499
21234,0.01643
22113,0.015948
130444,0.017028
215977,0.026154
145898,0.017957
75044,0.013682
49856,0.02398
36061,0.019512
136470,0.011999
140787,0.021938
79028,0.015293
72365,0.016259
82093,0.016147
169856,0.016646
71188,0.020956
125979,0.015022
5870,0.018913
124554,0.022976
147208,0.019791
76896,0.015561
220298,0.015177
238611,0.02761
202088,0.020342
224759,0.018572
102340,0.016195
140264,0.017345
27466,0.019008
232376,0.016519
210618,0.018984
55401,0.018629
160426,0.013029
163936,0.01512
98596,0.012458
191316,0.017045
96131,0.01601
147216,0.023034
242494,0.016658
1223,0.016138
137397,0.015478
232936,0.023324
138826,0.022086
189219,0.019921
9424,0.015111
215476,0.022406
29707,0.017398
99799,0.022259
113039,0.014675
188430,0.02042
182390,0.011719
42583,0.018525
110384,0.012059
9285,0.014409
157407,0.018775
141386,0.022656
142212,0.012788
131019,0.020552
2979,0.01167
196899,0.018763
175198,0.011789
229843,0.019316
158646,0.013962
92660,0.018148
17491,0.015186
176726,0.027862
194408,0.014201
206612,0.017098
146197,0.017207
108021,0.014353
49883,0.014458
126474,0.023076
152281,0.015243
248850,0.016749
246155,0.02181
99166,0.014225
207935,0.017317
180292,0.015335
206945,0.01913
33084,0.015847
98047,0.014108
199121,0.024712
73868,0.015907
64256,0.018037
200289,0.024542
42918,0.016351
147984,0.01891
145547,0.017667
166921,0.011509
239631,0.016811
132173,0.014717
129640,0.013369
249488,0.014935
129711,0.012362
241656,0.014798
11651,0.02231
157514,0.028447
76564,0.014249
90543,0.015549
119131,0.015839
148621,0.019946
87557,0.031713
185484,0.017897
92043,0.017523
187591,0.015733
197387,0.015571
15709,0.009977
39981,0.019603
143080,0.012485
35935,0.018839
188126,0.018721
153720,0.023992
113569,0.015997
207001,0.022987
242106,0.017102
116009,0.013799
12186,0.022247
178308,0.018614
96264,0.020239
97357,0.016135
4881,0.018936
127800,0.023765
217941,0.012651
198468,0.014173
65744,0.01773
94220,0.017328
222664,0.021402
25033,0.011534
160190,0.015094
202310,0.018475
28792,0.022708
53855,0.017111
77374,0.017354
49661,0.016917
111948,0.010709
102714,0.013767
113807,0.0129
63213,0.013815
139903,0.020757
65649,0.020573
143948,0.016212
71650,0.016915
125871,0.023026
53277,0.01565
68498,0.013904
202723,0.017139
86449,0.020918
101547,0.017222
48154,0.015117
151669,0.011069
146282,0.010863
230602,0.018913
15584,0.014061
114577,0.016098
197609,0.011523
89835,0.014265
196381,0.017961
201950,0.019181
87647,0.024856
79696,0.015397
127137,0.016972
27190,0.022421
145609,0.01493
222436,0.024073
164096,0.017546
212217,0.011548
6325,0.020323
165967,0.014967
69016,0.019557
77525,0.016561
11931,0.024
119186,0.017967
209763,0.023693
85282,0.016993
242357,0.013644
51603,0.014473
180824,0.015323
126700,0.01603
154105,0.013528
78626,0.022142
238365,0.020097
197183,0.017163
117320,0.021206
85296,0.020408
138128,0.014151
62742,0.010879
11632,0.020683
76675,0.016815
149796,0.011612
18065,0.016465
218570,0.015162
108113,0.015925
10882,0.019899
116311,0.017579
240630,0.022256
22422,0.022378
226629,0.013672
158965,0.012949
83440,0.015186
82687,0.017847
27090,0.019203
44077,0.018097
88166,0.013342
165089,0.01194
206901,0.020923
227710,0.012247
201753,0.015001
117931,0.017859
91164,0.014064
196191,0.011801
136071,0.010516
38076,0.016541
139532,0.036168
143273,0.01459
38586,0.013092
120230,0.013041
127578,0.012686
179048,0.013607
92857,0.020481
48001,0.015676
2510,0.019307
102784,0.026317
125967,0.020163
46950,0.017902
27705,0.015517
114058,0.013848
196779,0.013202
108966,0.017011
11475,0.020612
162942,0.023012
6221,0.020248
31354,0.014716
25784,0.017095
127303,0.016435
80836,0.017653
219348,0.013977
27534,0.022794
160427,0.015668
5282,0.013535
161334,0.01355
7992,0.014144
105036,0.017215
64467,0.019381
242952,0.018098
156593,0.01208
248226,0.016868
151302,0.01621
37534,0.018069
95741,0.015243
87967,0.021528
55996,0.015165
130068,0.017441
240623,0.01424
88079,0.02076
125699,0.019879
158103,0.014344
215545,0.019167
19984,0.019251
102514,0.019581
142355,0.022494
110430,0.018582
215749,0.014654
5820,0.016026
199074,0.017137
204553,0.018101
103357,0.02201
146435,0.021423
235448,0.019811
187529,0.014934
228381,0.013659
149902,0.012276
198443,0.018915
59726,0.018817
127198,0.019327
194997,0.014652
219557,0.021246
178651,0.013662
135898,0.016395
184412,0.01751
83592,0.014925
61924,0.016065
198292,0.01503
128245,0.015772
4231,0.018547
105223,0.022366
55155,0.015273
108947,0.018545
32571,0.015645
141937,0.021492
123286,0.018843
193579,0.020608
32872,0.01791
161395,0.018836
225791,0.012441
165397,0.020489
84899,0.014387
197317,0.009915
119095,0.021097
178801,0.012755
14583,0.01773
23251,0.011842
53985,0.015223
91940,0.013384
235827,0.01511
59648,0.01933
89898,0.011235
69523,0.015684
127391,0.017793
41497,0.014588
99009,0.018297
61015,0.013349
73747,0.015782
30561,0.014531
164298,0.019525
168150,0.014124
46253,0.01377
156106,0.01968
44010,0.025006
211102,0.01384
134782,0.0152
146621,0.020214
54798,0.012837
109657,0.022244
60502,0.015131
174846,0.010536
146887,0.019736
228407,0.015022
110339,0.018903
29624,0.017242
4318,0.017613
214988,0.018878
85419,0.020389
156315,0.016474
196898,0.012906
121241,0.011055
5874,0.020403
86287,0.017607
91665,0.017242
124249,0.018304
130346,0.017594
20622,0.019334
247347,0.0213
76176,0.015372
225414,0.014838
121573,0.01525
82126,0.016048
198269,0.019267
20055,0.010869
199097,0.015809
783,0.017774
169618,0.022386
15891,0.013085
2808,0.013928
179759,0.016751
184729,0.015957
235965,0.016917
15280,0.017084
46864,0.011867
44537,0.018665
242968,0.016438
202839,0.019932
176241,0.01641
24717,0.019825
246463,0.016933
72171,0.015572
131164,0.013467
12617,0.022985
91242,0.019022
21491,0.020187
52408,0.01864
16935,0.014773
198306,0.017857
188004,0.01555
165572,0.017573
136715,0.017708
176964,0.023532
63372,0.013037
132219,0.015969
33416,0.014302
10195,0.019118
135914,0.016099
4499,0.021769
2405,0.019331
30125,0.016547
177668,0.017966
150663,0.013978
175945,0.019322
25159,0.017314
93575,0.018772
215737,0.022793
215622,0.019507
3031,0.023238
236245,0.018232
230173,0.019644
68854,0.016221
203189,0.017019
41419,0.019263
192047,0.022885
204107,0.016279
17289,0.016446
241710,0.016025
67145,0.014998
85469,0.011943
210392,0.015082
223763,0.019102
225162,0.014184
184743,0.020732
124964,0.020566
184144,0.017272
212154,0.017736
243558,0.011604
4804,0.029817
90863,0.015783
3135,0.016154
105571,0.017191
107989,0.012683
117468,0.017029
133264,0.020505
133053,0.018793
227160,0.017369
109169,0.021507
107070,0.018802
123183,0.012953
239885,0.01851
238950,0.020948
24750,0.014843
42200,0.016672
78366,0.017483
217,0.01728
31702,0.0132
123012,0.018065
132001,0.017086
194479,0.020777
99409,0.018072
124319,0.02226
18390,0.01349
72423,0.016293
189520,0.012898
188823,0.017603
95067,0.020101
200688,0.020989
227557,0.020863
63650,0.017326
242343,0.013829
237524,0.02066
115756,0.01673
239317,0.012128
223125,0.011404
40725,0.018774
34912,0.018841
212709,0.011516
201912,0.016924
22079,0.019346
205148,0.014915
209978,0.014869
171146,0.014252
46843,0.015607
97342,0.016952
61084,0.011822
141502,0.018405
207745,0.01528
124889,0.017151
17505,0.01563
32904,0.011528
76882,0.01075
1676,0.019149
81531,0.018379
248764,0.010703
151168,0.020702
43060,0.014712
69110,0.01317
189040,0.020676
187925,0.015622
55823,0.019028
229041,0.013608
165142,0.011086
39550,0.017232
189724,0.012403
190958,0.017773
72590,0.016288
221871,0.015815
159606,0.018643
91639,0.010902
84986,0.01857
120996,0.015591
181596,0.01425
8281,0.009711
160806,0.013912
220648,0.017017
161667,0.013497
158649,0.016403
155553,0.017863
194573,0.021505
61428,0.021542
38264,0.010133
54413,0.014648
193542,0.025361
125005,0.023997
146649,0.023977
65951,0.018604
27561,0.018297
8464,0.014069
225640,0.020859
154462,0.012411
24027,0.016044
181545,0.015989
81315,0.01189
79161,0.01811
145832,0.014865
149598,0.018578
172028,0.01877
109697,0.029564
61711,0.017995
734,0.014196
195280,0.020122
28450,0.017444
36468,0.024322
76910,0.016135
218014,0.013828
34639,0.016695
31486,0.010654
44595,0.017459
213562,0.018948
212972,0.01335
13012,0.023262
85404,0.010139
67586,0.017446
211367,0.014711
68843,0.021227
211412,0.013053
188166,0.015527
102969,0.020433
164809,0.018586
63353,0.020619
98419,0.011495
14534,0.017893
155319,0.017498
222881,0.013861
29768,0.016698
173122,0.016004
238640,0.023163
227517,0.014352
169479,0.013749
166088,0.01141
207288,0.02211
95668,0.014174
123586,0.016062
191008,0.016645
174822,0.013779
213125,0.019325
115956,0.02397
42818,0.013356
55319,0.014436
42308,0.014217
68281,0.012392
236605,0.021333
118899,0.013716
224019,0.014274
212464,0.01377
65347,0.022272
214115,0.017412
142908,0.014007
223453,0.013317
39739,0.010592
104665,0.014937
208029,0.021297
136995,0.018649
224226,0.015488
202372,0.017193
104416,0.015936
102155,0.023093
57030,0.023891
153264,0.019375
146184,0.015497
162597,0.021149
21258,0.015868
93587,0.039407
221835,0.016023
241688,0.017045
63227,0.014919
182935,0.013584
188542,0.019683
30976,0.018511
140808,0.013577
233132,0.018455
48933,0.017883
66071,0.017255
117354,0.014843
223281,0.018129
126963,0.019518
10313,0.013431
98788,0.01395
120984,0.017379
29976,0.016451
583,0.016377
173906,0.01029
125274,0.017033
23345,0.016914
203590,0.014359
194127,0.018636
165634,0.011976
204101,0.014055
218636,0.017496
185620,0.012208
184170,0.0196
96439,0.016579
121200,0.015899
189447,0.021127
31131,0.013164
190388,0.010075
233457,0.014523
249299,0.01714
227331,0.016887
171820,0.016478
170039,0.021068
203006,0.018127
229737,0.016948
174065,0.016721
222802,0.020552
205572,0.01814
60780,0.018814
51918,0.015628
85234,0.010548
222318,0.020098
237468,0.018305
132032,0.020865
93473,0.021061
223554,0.016138
154012,0.013405
70177,0.014978
143331,0.015601
126138,0.021182
179452,0.018928
158772,0.015461
62637,0.011979
183778,0.018858
30770,0.01922
155789,0.018886
61669,0.011656
72959,0.018822
203483,0.017343
7278,0.022627
95722,0.024092
170646,0.017141
180852,0.018861
21462,0.017003
156476,0.019293
147323,0.016413
195855,0.017957
152897,0.014119
73362,0.024314
161457,0.027984
62134,0.010312
200689,0.013333
86763,0.016396
236020,0.011013
194157,0.019517
158391,0.018436
81384,0.021976
231758,0.019885
224927,0.018202
182718,0.016441
238583,0.017274
231587,0.02484
156973,0.018826
68094,0.014248
135943,0.013414
187874,0.019292
67616,0.0166
8329,0.015947
48048,0.009289
245342,0.016975
102335,0.018885
173115,0.015269
28725,0.01896
124395,0.018029
104253,0.015416
162734,0.018408
58849,0.016052
208923,0.016635
136447,0.016882
81256,0.015867
69029,0.012771
55046,0.013473
245151,0.035963
30984,0.015951
68361,0.014797
118951,0.019337
29854,0.013597
200501,0.011393
56729,0.019451
216785,0.024368
212560,0.016689
63080,0.01028
66978,0.014766
111001,0.020033
218445,0.012282
152636,0.01974
6443,0.01816
35854,0.018932
88949,0.019074
98177,0.016261
229281,0.022098
115461,0.012568
231806,0.016781
111148,0.021305
238696,0.016804
220254,0.017588
156038,0.025015
170402,0.025827
133347,0.017511
21883,0.01507
206161,0.017665
25353,0.016276
39611,0.01253
1086,0.018022
103342,0.024101
212234,0.013349
151531,0.010573
37054,0.015447
183401,0.021872
154561,0.019911
12873,0.014279
152374,0.01847
25982,0.017456
168031,0.010291
207202,0.018175
45778,0.015307
237125,0.019161
86396,0.01248
142170,0.019643
62289,0.017139
119801,0.012589
235096,0.011091
100926,0.0212
152495,0.01509
228846,0.010154
12093,0.019547
69968,0.017752
152462,0.010684
122293,0.011207
186094,0.017509
81385,0.018813
125063,0.017435
3032,0.022349
35380,0.019396
21779,0.021576
93646,0.019117
229030,0.02153
56684,0.013291
227128,0.014174
4953,0.014919
1228,0.011929
67541,0.016013
82393,0.01787
27072,0.02107
10720,0.015152
125216,0.012582
173753,0.020724
3925,0.018261
107919,0.016302
238566,0.025381
221385,0.016429
184591,0.01968
16212,0.017129
164667,0.009417
105184,0.012922
142394,0.015888
126188,0.016177
204209,0.012404
232282,0.019661
181652,0.010945
220962,0.011754
38993,0.011757
49019,0.015023
154324,0.021369
193081,0.015192
110804,0.024883
237224,0.024473
110466,0.015176
96012,0.022763
99674,0.016784
77748,0.010651
103748,0.020347
197372,0.013928
203465,0.013154
15242,0.018343
239453,0.01515
169247,0.021455
163849,0.012944
147974,0.019492
179142,0.015972
76255,0.024812
243530,0.017728
64304,0.019914
89081,0.016299
223951,0.017174
82417,0.017285
179488,0.019381
222342,0.015961
65330,0.027236
227725,0.019135
198598,0.02099
75079,0.01407
86788,0.021428
236975,0.018468
41240,0.019375
241220,0.017609
215586,0.015386
221803,0.018254
42604,0.021433
173016,0.015177
173967,0.018456
230359,0.018995
202054,0.01603
103264,0.014768
246037,0.0209
241329,0.00994
165922,0.009792
243774,0.022194
66285,0.023839
86520,0.015334
123645,0.019338
23383,0.015007
33122,0.013426
160153,0.017424
91917,0.015821
12742,0.024143
221204,0.013184
235805,0.017052
159001,0.015952
113619,0.016406
169541,0.017488
78998,0.021204
97080,0.013694
75116,0.011958
103708,0.018663
195326,0.014411
127813,0.01321
174410,0.016307
170359,0.015131
187051,0.018042
122560,0.010928
245229,0.02085
148885,0.017842
167045,0.015668
89863,0.013687
62896,0.01854
181424,0.012209
246401,0.018366
137733,0.016315
148796,0.016775
40707,0.018476
193910,0.017245
160042,0.01084
154079,0.016158
242186,0.012326
211295,0.013117
195692,0.013651
95022,0.023852
97745,0.017674
115064,0.013012
236156,0.018807
15487,0.012714
239194,0.016039
208703,0.01968
148214,0.019025
174684,0.016407
15887,0.018152
126967,0.016694
36137,0.01628
171091,0.016868
112071,0.01896
24725,0.015234
186674,0.014015
92197,0.013831
215436,0.024737
156053,0.01697
203849,0.015031
74757,0.016738
118183,0.01968
204353,0.018161
123393,0.019927
194652,0.015554
74207,0.017146
114925,0.01239
190619,0.015933
172432,0.018142
112597,0.012552
13679,0.01688
185560,0.015615
117972,0.014375
5114,0.019599
9747,0.015267
180619,0.014983
135798,0.018152
223202,0.017482
150895,0.015226
212711,0.015599
42639,0.015137
91210,0.015268
59215,0.016456
238758,0.020047
116161,0.016181
67013,0.018437
38288,0.013726
173971,0.011552
228190,0.016922
121156,0.013067
115570,0.018953
130295,0.019786
110701,0.022373
155468,0.016614
234096,0.013904
41582,0.013001
103899,0.014673
105656,0.013927
6615,0.016235
103705,0.023418
19369,0.016681
135594,0.009262
12219,0.015561
61559,0.016536
7467,0.018024
66658,0.021898
165882,0.015952
30201,0.020633
121790,0.016247
88745,0.014053
88633,0.012419
17324,0.011813
206734,0.012421
198764,0.013068
198060,0.016778
132121,0.016085
231071,0.017229
188440,0.017289
196543,0.01284
15023,0.012413
19443,0.021852
228776,0.012204
214532,0.01819
224360,0.012535
97226,0.011672
165897,0.013393
229533,0.02552
61439,0.014051
137471,0.015716
66620,0.024588
97680,0.011764
122735,0.01271
127380,0.017408
9425,0.016356
174757,0.012902
159203,0.017899
234253,0.013826
19060,0.019257
14947,0.011505
205654,0.011737
108594,0.018806
114210,0.014893
184271,0.014609
108373,0.022386
232758,0.020595
57840,0.018766
118749,0.011868
240611,0.0116
101714,0.017959
79757,0.021456
60856,0.016275
165923,0.013733
78024,0.011342
101790,0.0237
80348,0.015685
170138,0.020865
66891,0.019306
122370,0.016062
246438,0.013514
192412,0.017982
10759,0.013591
51638,0.020522
77350,0.012628
172338,0.01448
23582,0.008476
33599,0.011868
148348,0.023335
137914,0.011534
63418,0.015856
154736,0.020346
192394,0.013732
181412,0.01068
249456,0.015815
4080,0.030894
50927,0.019118
90773,0.009675
214626,0.019265
216899,0.021202
18472,0.01704
232383,0.011228
7177,0.016174
58734,0.024044
227432,0.013433
26843,0.023023
97258,0.015949
234545,0.01572
43897,0.014444
190882,0.016587
148037,0.018394
113239,0.017696
136748,0.016815
227979,0.013311
20776,0.019993
224125,0.021853
87000,0.021722
52714,0.016979
205685,0.021783
115753,0.015529
169404,0.020293
227012,0.012053
248677,0.01536
174213,0.017443
177149,0.021768
30369,0.020646
95697,0.024284
236737,0.017084
155201,0.023614
224439,0.015944
23134,0.01556
35456,0.019211
150064,0.014053
162062,0.024303
120838,0.014723
123363,0.017221
64456,0.016064
134184,0.018794
54972,0.013366
99771,0.009226
95160,0.01685
233515,0.017141
37100,0.011302
76282,0.020652
75899,0.018331
48920,0.016839
230959,0.023183
217074,0.012919
176154,0.016929
173805,0.015642
83673,0.008616
146689,0.01929
219638,0.014371
169807,0.018539
85429,0.017178
223757,0.013128
94968,0.021396
55815,0.015539
39770,0.01385
13205,0.01786
224883,0.020896
14398,0.018774
24298,0.015866
120376,0.010861
167549,0.010778
54023,0.012563
187392,0.020023
177704,0.023729
212099,0.008914
148301,0.013903
120403,0.020971
208811,0.023751
175015,0.014531
112468,0.011048
69883,0.009874
28096,0.017807
163784,0.014469
194550,0.017187
41137,0.014744
32471,0.0173
208832,0.019544
173114,0.016031
75120,0.012788
157166,0.013542
246945,0.019009
72942,0.020031
83803,0.014529
75494,0.015178
208551,0.014861
227678,0.014639
176643,0.021055
124316,0.020702
44925,0.013746
159985,0.00987
190353,0.019199
199716,0.017419
182565,0.012043
10997,0.017244
128278,0.01178
19714,0.016069
175900,0.019467
133934,0.018328
110733,0.017231
145230,0.01453
137329,0.016779
48376,0.021573
52931,0.012999
166821,0.014528
8454,0.009183
140830,0.01772
142526,0.015148
107792,0.01463
230875,0.018914
207824,0.022258
220702,0.013193
137108,0.009797
112008,0.016084
82926,0.017387
104561,0.017629
213570,0.016921
136026,0.0185
76877,0.011627
144267,0.012324
105914,0.015145
2190,0.014476
135352,0.017498
92393,0.01741
166788,0.011212
92818,0.015339
188316,0.011745
240996,0.011711
94206,0.019904
22046,0.014835
51621,0.016122
211788,0.016095
101112,0.018272
62560,0.013449
248516,0.021948
34372,0.017045
30418,0.012438
111065,0.017475
235615,0.015577
100071,0.01685
6992,0.013747
194800,0.01713
110911,0.021538
110508,0.021521
201129,0.015477
87980,0.020799
140813,0.013984
176108,0.016773
134527,0.017406
216239,0.01956
154205,0.02635
150559,0.013385
26064,0.015146
26324,0.013457
66356,0.020517
15367,0.016706
159930,0.010832
191445,0.018924
213007,0.019395
82434,0.016502
96899,0.015673
24939,0.017281
23523,0.013439
45405,0.014841
17853,0.020274
4248,0.017959
230319,0.023948
91648,0.013405
188653,0.012911
10837,0.019268
81571,0.023384
38658,0.015302
174566,0.018464
57873,0.016563
76064,0.01565
59480,0.017453
161366,0.023886
103505,0.02612
236924,0.019375
20295,0.026863
186467,0.019377
202157,0.020381
201140,0.013181
237252,0.016472
220879,0.013708
183223,0.013488
207937,0.019854
205683,0.015366
178745,0.017732
15574,0.009755
10003,0.018735
179765,0.013819
104130,0.018354
57210,0.017182
121938,0.011923
140533,0.020767
56874,0.015266
160791,0.014065
84938,0.013043
247797,0.018684
162023,0.016623
237775,0.022401
235040,0.010284
69159,0.017144
245898,0.026053
166413,0.010692
10713,0.016766
211576,0.016651
92241,0.014254
168276,0.017021
195212,0.011744
239376,0.017089
42274,0.015344
242349,0.017181
15281,0.009451
84451,0.018867
177003,0.013395
62650,0.018847
9561,0.012672
183612,0.020379
140794,0.018415
245985,0.014253
187324,0.015618
240206,0.015957
115217,0.014347
80061,0.022604
30192,0.014282
238452,0.019383
80113,0.017739
36509,0.012215
105106,0.0217
189763,0.014969
199414,0.021484
17295,0.013086
137635,0.013725
41623,0.018483
221371,0.012869
62960,0.016219
203623,0.017912
61913,0.013562
104449,0.018185
232075,0.017306
222053,0.01451
124914,0.023451
46133,0.015073
89501,0.020083
166736,0.019263
87830,0.012577
159787,0.017883
156800,0.017822
220103,0.013305
53598,0.015084
96354,0.01571
49521,0.020346
44102,0.017183
78953,0.025628
70678,0.019237
90275,0.0173
233275,0.02057
107949,0.015018
214327,0.014559
45994,0.018865
187315,0.01496
91428,0.010323
67067,0.018637
143196,0.010662
217861,0.013718
200284,0.011986
39175,0.01497
100006,0.018081
40014,0.007942
187941,0.021124
72136,0.019752
13267,0.013525
240838,0.010712
117755,0.020262
219717,0.012495
244604,0.018968
134468,0.017572
511,0.017886
245117,0.023641
43760,0.018258
208352,0.015739
151348,0.015811
233875,0.010431
186313,0.017635
216452,0.020225
1447,0.014921
25835,0.017547
231747,0.02026
97986,0.020037
55528,0.019471
42662,0.0163
4637,0.012749
32717,0.013897
190906,0.019015
1761,0.010696
88074,0.015508
83396,0.017554
109941,0.023231
106618,0.014346
151877,0.01285
92441,0.02091
118582,0.019709
34379,0.013393
62576,0.011955
72177,0.016334
136345,0.013225
196920,0.011117
57444,0.015808
228668,0.018967
52127,0.018271
215273,0.017804
185968,0.018975
112074,0.031448
36097,0.015785
228268,0.013283
21996,0.015286
137628,0.018224
163758,0.012762
168386,0.016365
122200,0.014348
212679,0.012983
98895,0.014162
157803,0.011952
123194,0.020876
126348,0.013235
248173,0.018258
107245,0.011715
206912,0.018739
192321,0.01335
94331,0.015602
9997,0.019174
118536,0.017626
106002,0.014754
12279,0.019575
112395,0.011324
95465,0.023842
30642,0.009687
173200,0.012443
135513,0.014014
162770,0.018525
215580,0.022457
122262,0.020376
210759,0.019855
63880,0.014941
227825,0.013605
25507,0.013306
112496,0.013861
146566,0.020075
92167,0.014191
235232,0.019483
83443,0.017526
63728,0.015779
194947,0.013358
89875,0.016631
88474,0.016273
176944,0.018259
164603,0.023859
72412,0.021
74151,0.016504
45651,0.01496
148826,0.024383
45449,0.01667
134019,0.018267
27519,0.023907
64421,0.016566
172503,0.014635
61418,0.012016
203984,0.011933
207428,0.023494
118470,0.019517
165031,0.012447
192127,0.018989
227752,0.015689
10939,0.017355
110703,0.021706
18010,0.013584
154025,0.013657
151752,0.014321
50087,0.022135
183455,0.020366
27745,0.011728
232603,0.011446
133505,0.015127
235371,0.018995
4709,0.018713
124651,0.020123
66690,0.015918
39958,0.013965
208549,0.018918
180302,0.013612
11682,0.017197
108330,0.019496
83499,0.009863
116820,0.015362
248803,0.015628
246381,0.016789
80077,0.027838
12338,0.018559
211335,0.016877
116006,0.012705
202764,0.015385
248574,0.01771
10234,0.012679
25813,0.015884
131086,0.02065
135236,0.012967
41517,0.019038
171567,0.014025
103147,0.017835
57854,0.016571
179181,0.015237
197950,0.013201
25377,0.014435
245637,0.021085
209815,0.013852
43387,0.020291
192766,0.026488
76799,0.013907
246703,0.020225
81377,0.016389
133567,0.015281
55531,0.014869
34704,0.020365
69955,0.016752
126420,0.018247
139453,0.01237
128650,0.019366
147932,0.020658
184012,0.016252
165527,0.015153
9916,0.013875
185568,0.018487
50951,0.023083
199334,0.013512
225540,0.012053
223890,0.019297
188195,0.018282
21465,0.017274
9634,0.010108
15493,0.014483
229100,0.011887
197513,0.016928
232987,0.018697
249987,0.013136
177750,0.019856
126770,0.015728
152807,0.010835
221365,0.012439
48353,0.015359
44153,0.02075
109053,0.025071
88553,0.013686
83505,0.011998
50598,0.021463
202538,0.017801
158817,0.017476
220918,0.015676
112225,0.009124
40142,0.015956
81245,0.010589
214381,0.019272
113029,0.016496
178638,0.013421
197697,0.013372
36071,0.013249
152556,0.02008
102200,0.013879
140030,0.016652
32902,0.017808
179024,0.021633
102466,0.013321
211302,0.011536
196929,0.013294
198837,0.017484
245426,0.015066
236135,0.016153
1379,0.013152
216898,0.011182
191810,0.037269
167133,0.012462
35852,0.020791
207734,0.015733
81288,0.019078
70930,0.010881
244749,0.012634
121217,0.011987
140175,0.01643
165780,0.013808
9012,0.014061
38710,0.013096
11356,0.015334
137151,0.013188
90900,0.017158
213053,0.011389
27306,0.018563
35089,0.021084
196002,0.011209
27228,0.016015
163324,0.01794
46851,0.015186
101075,0.020882
208042,0.02512
128164,0.012102
84684,0.011292
1807,0.016196
145945,0.014005
13556,0.024411
177988,0.016988
228053,0.014465
133256,0.012404
154705,0.017519
198351,0.017137
156746,0.019798
106710,0.00985
145263,0.024316
46891,0.018095
12866,0.023491
41829,0.021699
68900,0.010437
29971,0.014025
1760,0.015353
26747,0.012748
191928,0.017335
163895,0.018456
44172,0.016206
146329,0.013377
100848,0.01524
82666,0.016833
213650,0.019533
169574,0.024169
116576,0.013982
100692,0.01076
214852,0.028745
125388,0.0148
106349,0.012792
29251,0.012384
9432,0.016063
66990,0.013615
92937,0.017789
211535,0.016325
78749,0.014737
181538,0.015187
99313,0.011891
144306,0.014825
118670,0.020713
95577,0.013001
61116,0.010385
42369,0.021405
21509,0.013863
119106,0.015414
45030,0.014487
215799,0.017221
67788,0.02138
208258,0.021396
231558,0.016739
127988,0.010903
104172,0.01872
85544,0.012304
151268,0.019499
190075,0.020043
49893,0.01679
1284,0.012719
54727,0.015555
36062,0.020329
89441,0.017267
80878,0.020246
236787,0.021343
223007,0.021954
245934,0.013259
95509,0.017396
109920,0.0153
185157,0.01542
119884,0.012351
55516,0.018687
151544,0.014387
89782,0.016247
165813,0.012344
165742,0.01178
232497,0.017057
109284,0.02262
146725,0.017593
111011,0.016599
153386,0.020066
22280,0.018616
210907,0.010863
27134,0.017051
12531,0.019134
54353,0.014018
218647,0.01737
148291,0.015473
242608,0.01262
195392,0.013828
53676,0.011943
64159,0.018592
210012,0.020758
51538,0.014618
155968,0.02613
217552,0.012327
240340,0.013346
115560,0.013625
235778,0.010994
172889,0.01723
171379,0.015474
96446,0.024298
182306,0.01693
31681,0.014119
47960,0.016964
248285,0.018815
4661,0.02775
212989,0.014162
86246,0.018356
161908,0.017702
106285,0.015115
121053,0.01397
245838,0.022445
204478,0.016125
47816,0.016015
35130,0.013429
66849,0.013616
91654,0.01319
214199,0.016274
4344,0.023309
73771,0.015577
96834,0.017964
170214,0.019866
148639,0.020685
2159,0.013778
64529,0.01606
140102,0.019319
133257,0.02335
241041,0.013776
11057,0.011745
97205,0.01299
77780,0.013144
142760,0.010573
62839,0.015867
117847,0.015132
23915,0.016447
211675,0.018421
71290,0.015605
149729,0.015542
136504,0.014614
137578,0.012679
234043,0.020292
106032,0.015426
170178,0.022129
103039,0.013827
192840,0.015156
22001,0.01479
200647,0.021433
59371,0.010108
96420,0.014006
206515,0.020009
112678,0.019721
217606,0.019796
199196,0.016083
174716,0.012361
82450,0.017591
51305,0.016036
25819,0.01771
153236,0.012752
48234,0.013554
169705,0.018137
51927,0.016647
193747,0.013896
149515,0.02327
108518,0.013128
120616,0.014955
28321,0.022601
124421,0.028437
166557,0.013281
61959,0.01587
207125,0.016975
181050,0.011238
247725,0.018144
90667,0.012641
56578,0.020163
106385,0.017628
25657,0.013441
117045,0.02399
108638,0.01822
244337,0.012127
93626,0.018405
115059,0.018361
2185,0.017882
80438,0.019489
28650,0.015321
173762,0.015518
12583,0.021771
107616,0.011649
4033,0.020568
37673,0.015401
1891,0.010041
232431,0.013692
66692,0.015681
231308,0.019117
211100,0.013738
248567,0.017769
213235,0.015798
115720,0.016844
124602,0.013345
158638,0.01522
94097,0.020229
219618,0.013743
45263,0.023502
191583,0.018507
104672,0.011401
202363,0.016748
180977,0.011175
230337,0.016179
57430,0.022476
133820,0.020695
125914,0.021996
189055,0.017606
91548,0.013012
190136,0.016251
232832,0.015874
87563,0.022612
204953,0.013113
201606,0.023241
19704,0.013678
231965,0.023594
68874,0.017493
133943,0.020686
229247,0.014021
43682,0.022834
105713,0.014054
103943,0.015985
89924,0.018693
140691,0.017064
6865,0.022373
138089,0.017658
61576,0.014042
17325,0.010015
79409,0.017587
225940,0.00907
135697,0.016356
94503,0.0159
105740,0.017082
171585,0.018196
20804,0.021106
10172,0.014527
174558,0.018427
148692,0.01847
149276,0.021768
186117,0.014432
199851,0.02394
238328,0.020156
72995,0.020835
33776,0.016321
94380,0.021327
148478,0.015301
155373,0.015848
93735,0.01423
243512,0.018397
101128,0.018071
41182,0.018159
108570,0.018809
153104,0.015238
605,0.017933
104177,0.024125
200897,0.014124
86964,0.017467
221344,0.017838
56372,0.014377
65694,0.020885
3168,0.009949
83607,0.018462
28229,0.020704
162812,0.015703
40513,0.013407
193695,0.014876
240694,0.017086
163256,0.020239
119381,0.016602
169924,0.018348
96208,0.014107
91616,0.018817
201102,0.023434
208449,0.021247
209744,0.016735
129107,0.012199
115047,0.013155
66350,0.016755
34753,0.015734
189880,0.014016
46428,0.014558
17427,0.016746
48850,0.022716
205625,0.013038
44740,0.020468
244288,0.01911
237152,0.01514
98751,0.015688
245175,0.01587
116290,0.017767
98746,0.019455
248153,0.017341
132744,0.015268
134680,0.014664
82408,0.011426
126588,0.022519
30368,0.02081
96187,0.01242
93940,0.017106
42835,0.02009
198580,0.013162
152329,0.019671
49483,0.018166
138148,0.018563
43817,0.019679
25726,0.01912
144798,0.014602
849,0.012039
27770,0.015993
168781,0.013888
144703,0.019836
11724,0.013151
84465,0.016651
174942,0.016822
102834,0.021783
145390,0.013908
26284,0.011902
186520,0.023056
64702,0.017973
184212,0.016329
77121,0.013266
90956,0.016504
167160,0.018096
90189,0.012311
162729,0.022105
16886,0.015723
160582,0.016223
93279,0.018804
22534,0.023291
122187,0.01982
17746,0.011128
115665,0.019802
22283,0.01818
210723,0.01532
188100,0.0187
228988,0.021076
137561,0.019731
114368,0.009653
163851,0.012209
32809,0.015043
226978,0.013781
33725,0.020351
57798,0.016807
145220,0.023679
121190,0.014721
114337,0.015784
57549,0.022414
161197,0.016116
199623,0.026401
249095,0.02746
136915,0.020794
249613,0.018696
180542,0.014531
223501,0.01791
199633,0.023914
43338,0.022278
40268,0.017967
14151,0.018542
115781,0.019526
244146,0.013532
125442,0.017525
240776,0.017981
137140,0.012852
16939,0.024798
40011,0.015316
243604,0.015919
29357,0.014278
226341,0.015192
174833,0.018547
112265,0.015597
196736,0.016957
10487,0.011615
102671,0.01883
67287,0.022156
190504,0.014867
203888,0.018704
15918,0.013584
134564,0.014798
60628,0.010621
37172,0.011258
181732,0.017257
25400,0.019407
4099,0.017069
77006,0.019473
13570,0.017831
170354,0.018021
104747,0.017616
40715,0.011094
57621,0.014934
65394,0.017765
225797,0.017227
52687,0.011399
82297,0.018847
222058,0.018069
206014,0.01276
153042,0.019029
102016,0.018029
138358,0.014611
170276,0.017679
168475,0.018225
169447,0.011399
38927,0.010578
13342,0.028855
144173,0.015778
129387,0.013763
212564,0.018575
158992,0.015887
237693,0.011782
135704,0.013476
203663,0.015498
194427,0.026247
41426,0.01753
152686,0.018422
241850,0.014804
236550,0.016809
33477,0.013983
122273,0.020196
229580,0.022942
208422,0.022724
242521,0.012064
239606,0.013444
67283,0.02081
212429,0.01374
45083,0.017915
17582,0.016296
195987,0.013286
109714,0.015275
137741,0.016071
116044,0.054497
166170,0.01577
170827,0.019003
111244,0.017057
157398,0.019058
226702,0.018542
185443,0.02178
173370,0.009229
138710,0.01641
238063,0.023817
68706,0.013893
34171,0.018063
156726,0.013088
190408,0.019357
241485,0.011307
156851,0.013674
158667,0.013847
174337,0.014482
21858,0.016379
126842,0.013103
227150,0.014056
85385,0.016367
241833,0.015568
75308,0.012774
51074,0.019435
59053,0.0164
36284,0.018997
53715,0.01048
190454,0.009787
215939,0.027382
226582,0.009297
46181,0.011163
200390,0.019156
203007,0.015398
77325,0.021726
244391,0.021467
151055,0.018005
224762,0.020082
191307,0.017831
133985,0.015301
169675,0.020718
5124,0.011015
149433,0.01675
29627,0.02031
240617,0.017071
234644,0.012542
146341,0.01899
105063,0.011713
17933,0.016005
108088,0.020037
231324,0.020414
157031,0.011125
124081,0.019739
71077,0.019396
35385,0.019569
215080,0.019491
194938,0.019799
237509,0.023587
243594,0.020658
168193,0.01763
120363,0.017536
96309,0.01216
209591,0.017804
30019,0.016599
152252,0.016637
160107,0.013616
189279,0.019042
1728,0.019112
109919,0.024205
170666,0.021553
64287,0.023553
65487,0.013847
113113,0.016885
56918,0.019388
64333,0.019723
214147,0.021682
162341,0.020214
1694,0.012616
61970,0.012064
145208,0.013075
95132,0.013724
155601,0.022633
237122,0.028125
97917,0.018947
22501,0.014203
60986,0.010822
218028,0.014873
155914,0.020654
170149,0.017553
165220,0.019843
113867,0.012102
241472,0.014171
140560,0.015344
130326,0.017476
236326,0.018234
17664,0.010545
181623,0.018927
218976,0.011005
36131,0.018186
38400,0.017025
140014,0.016679
157077,0.013423
113805,0.013285
157142,0.017046
4775,0.014355
170098,0.015426
39187,0.014015
74876,0.022657
45747,0.013787
156538,0.016481
190421,0.016285
224417,0.01815
121464,0.012712
117654,0.020882
40615,0.01755
165725,0.022607
214911,0.017416
19196,0.013304
28074,0.020366
130660,0.013795
49386,0.02692
236565,0.015818
223309,0.018474
12878,0.020348
227067,0.014052
215304,0.013949
45191,0.013182
141618,0.01077
91215,0.018296
194836,0.021773
181857,0.011398
179324,0.016152
25171,0.014847
240852,0.016792
1566,0.014111
114112,0.014191
122467,0.01491
91645,0.020734
93895,0.011871
12354,0.022639
241439,0.019607
57249,0.02004
57424,0.01786
239951,0.017326
161663,0.023654
48482,0.015995
63313,0.016206
50861,0.013808
118408,0.019329
105997,0.010812
116715,0.021022
80472,0.019829
167057,0.015715
111295,0.019153
16300,0.00899
14601,0.016443
10960,0.017468
59596,0.020137
145986,0.014155
74056,0.023025
90016,0.015575
189739,0.010445
157902,0.020057
56247,0.012991
22231,0.026463
189782,0.015656
113420,0.012089
243457,0.020781
108728,0.018735
1615,0.016506
9320,0.011346
96631,0.017159
75026,0.015716
185901,0.016808
14535,0.015958
50525,0.021382
174471,0.008713
155814,0.022134
71587,0.019067
149216,0.01319
81478,0.019915
132824,0.02127
196331,0.01613
111800,0.019818
33988,0.013736
211180,0.017537
94179,0.023843
67619,0.023779
2769,0.016843
69395,0.010346
179956,0.019039
45431,0.011695
23281,0.014753
12460,0.021983
163127,0.02117
106608,0.015529
137760,0.016189
166298,0.011817
193629,0.022529
115009,0.012162
63479,0.017397
131431,0.013911
187152,0.011831
158730,0.008489
36026,0.021949
131781,0.018059
196244,0.017821
152122,0.020244
27245,0.015514
149788,0.019379
15664,0.011577
225976,0.015894
40329,0.016139
106746,0.016264
60426,0.014243
109016,0.023235
173648,0.02052
199609,0.012805
81089,0.01351
166281,0.019656
193095,0.021868
37451,0.012085
119998,0.012494
118184,0.020837
192565,0.019716
182147,0.012425
178074,0.025066
146368,0.021474
72910,0.017159
116188,0.012547
114696,0.008989
19864,0.012666
82448,0.012792
185942,0.0205
60255,0.010297
211995,0.010564
61091,0.010805
1059,0.015419
90672,0.018081
196367,0.015742
94555,0.019658
26482,0.018262
65542,0.017343
72451,0.022549
123014,0.01351
218758,0.019342
84120,0.013731
216974,0.017837
219858,0.014692
125566,0.020311
51456,0.022709
109691,0.020636
74163,0.012527
145283,0.01896
163554,0.017576
88385,0.01831
8478,0.018544
166398,0.015
145528,0.018307
244931,0.023292
147291,0.017405
171937,0.014587
136602,0.014591
174237,0.016568
68923,0.015436
123050,0.01963
63643,0.019033
238728,0.020483
119056,0.016458
173214,0.017323
142390,0.022267
162443,0.020355
14061,0.020507
26429,0.018799
189964,0.014102
131678,0.020768
76441,0.018073
174639,0.017059
228914,0.011526
64101,0.019003
24947,0.018931
160903,0.019247
216932,0.020599
48086,0.016273
76170,0.015794
221899,0.015863
120695,0.015525
156963,0.016173
220070,0.021809
125984,0.022911
177439,0.012641
169603,0.016045
135242,0.014003
245388,0.014737
241375,0.010404
185688,0.017562
177730,0.014078
228530,0.013741
2070,0.014124
120858,0.01201
165034,0.016573
217846,0.018193
130700,0.017325
197820,0.020014
4534,0.017003
61394,0.014041
213014,0.015841
161885,0.016938
92467,0.013516
106128,0.01736
148582,0.015333
142851,0.013327
1061,0.017038
231254,0.016932
130571,0.010863
158911,0.014392
228662,0.018267
49216,0.019047
94289,0.02038
211889,0.014222
150601,0.009881
124849,0.022368
72682,0.023771
126973,0.018987
243789,0.015585
188415,0.012483
117835,0.022553
48062,0.017621
94614,0.016751
19066,0.020001
5410,0.018257
185241,0.019804
122164,0.012492
163144,0.02216
117361,0.016611
54251,0.011936
172238,0.017893
42665,0.016185
190510,0.023922
33096,0.01308
94650,0.020589
79122,0.01253
128407,0.01116
181514,0.01536
163990,0.013145
53211,0.015102
6034,0.023971
120217,0.013563
14255,0.018983
159229,0.01818
125290,0.020351
156694,0.012992
162020,0.016728
62391,0.013837
43184,0.016039
19879,0.017943
164909,0.024667
166410,0.009743
70099,0.014682
192217,0.022877
247865,0.017499
34327,0.018308
240577,0.014479
71504,0.018449
126880,0.015811
241345,0.015956
94323,0.024808
93805,0.019991
73191,0.024833
91138,0.0154
164279,0.015735
237640,0.019297
228791,0.011988
24993,0.015323
116023,0.015035
156620,0.016686
44706,0.016277
219696,0.011229
23160,0.016206
62836,0.021854
242308,0.015435
110317,0.020763
104595,0.015052
100996,0.015844
45262,0.016399
132973,0.012598
8816,0.013881
136375,0.012983
69668,0.009916
93919,0.01211
54630,0.019438
222028,0.012976
115984,0.016715
16364,0.009746
136343,0.0129
43926,0.017819
26908,0.012203
9404,0.019526
199380,0.01147
59592,0.015696
162808,0.022354
70071,0.017233
249422,0.012485
142116,0.020829
227866,0.010337
25666,0.01331
241848,0.019689
135052,0.017961
150306,0.010844
84822,0.011626
163194,0.01658
192808,0.020529
94257,0.017119
35594,0.014728
176861,0.022693
59623,0.020335
103942,0.011023
9870,0.017885
194977,0.015696
153023,0.013922
92741,0.015427
176938,0.019444
107650,0.012024
186890,0.018941
212484,0.017339
144111,0.01338
90647,0.014388
248041,0.01315
125455,0.016889
237105,0.015259
102365,0.015705
147290,0.014112
122597,0.019068
151298,0.014064
119190,0.014134
174707,0.014023
242491,0.013668
98512,0.016661
81201,0.018857
239163,0.015235
166309,0.011163
70880,0.019505
210071,0.012264
191669,0.021854
60331,0.012279
248976,0.015393
214241,0.016512
204297,0.013008
184267,0.01478
241429,0.015744
242492,0.016162
27374,0.017541
45373,0.0141
33888,0.016623
4217,0.019601
147756,0.016426
21962,0.023485
140761,0.019393
58464,0.0173
240558,0.014613
245308,0.020387
72122,0.012947
99583,0.018578
68428,0.014215
81923,0.014426
3287,0.011884
44081,0.015688
178587,0.017165
24011,0.012499
249924,0.024032
22960,0.021067
228380,0.015848
114735,0.012184
144047,0.016075
26493,0.017226
214767,0.021842
125322,0.019125
162105,0.018573
43191,0.017405
59931,0.019118
117356,0.02848
144253,0.020254
120605,0.011918
3467,0.015995
161755,0.020995
164451,0.014074
204918,0.01319
35586,0.020956
71141,0.020544
77147,0.011405
24696,0.015585
193279,0.019456
75712,0.014719
121710,0.015013
12082,0.015043
166429,0.018715
142647,0.019241
33710,0.013952
235898,0.018783
212561,0.012804
111150,0.012145
53041,0.010989
233736,0.018101
126077,0.015948
80092,0.021846
228161,0.016197
11633,0.019358
242836,0.010712
14925,0.016737
101957,0.020408
162031,0.021504
27158,0.017061
196140,0.015943
31163,0.013373
39444,0.013654
109460,0.018515
132679,0.026563
165157,0.013901
233905,0.011148
102725,0.014214
98575,0.010559
103212,0.019402
170474,0.020853
235850,0.016778
154344,0.027834
137052,0.015467
136169,0.018291
170108,0.01268
244884,0.023016
53911,0.014514
168260,0.012641
100253,0.014448
36353,0.013726
30082,0.011737
154170,0.019863
171345,0.02197
109846,0.02192
136831,0.011573
77638,0.011146
186550,0.021852
52230,0.014796
154422,0.010817
239629,0.016854
128348,0.013824
171032,0.023016
236504,0.018546
87091,0.016375
176278,0.023057
105249,0.014948
238318,0.01505
215208,0.018969
69644,0.015888
127644,0.012285
235961,0.016698
75526,0.014307
100820,0.019088
57012,0.019407
153439,0.020374
62771,0.014214
123124,0.013655
144078,0.017546
157768,0.0197
60010,0.015921
213056,0.023045
246099,0.017635
152746,0.016143
200628,0.016464
71358,0.012831
48318,0.015055
191877,0.02006
79009,0.012264
240100,0.017637
207050,0.018534
8955,0.015305
229571,0.014509
218489,0.011961
55653,0.013636
189998,0.017088
176706,0.022914
219571,0.01835
122184,0.017373
122024,0.016939
59376,0.017227
2481,0.01756
249949,0.011034
12110,0.011156
90902,0.015536
206785,0.022081
185776,0.014414
182298,0.014244
146945,0.023755
84937,0.015893
29395,0.011987
139680,0.012879
2047,0.013799
59337,0.015349
249747,0.023108
225535,0.025595
63164,0.015364
24303,0.013355
160389,0.009383
154017,0.011902
33152,0.020449
117082,0.02215
173583,0.010814
167061,0.014698
25199,0.01545
177717,0.020583
53986,0.016531
43232,0.020074
107320,0.015649
177431,0.02277
130641,0.014552
114743,0.018104
211115,0.018899
244825,0.020607
129211,0.014892
29018,0.019308
176685,0.024018
119432,0.013949
130321,0.023169
49656,0.014541
79036,0.019025
918,0.016587
26680,0.020628
81415,0.014715
99491,0.01565
68991,0.013612
63341,0.016075
70810,0.015771
27858,0.018427
205608,0.012864
221935,0.023687
21576,0.019729
208469,0.015753
203468,0.012759
140569,0.020349
166487,0.009632
106087,0.017238
13876,0.019643
28791,0.016146
82814,0.014724
243683,0.020259
127859,0.010778
130708,0.014836
28197,0.018003
186353,0.016597
167377,0.014493
178272,0.015231
154733,0.020296
107431,0.011754
1931,0.016354
175907,0.015692
125232,0.01293
233435,0.017184
182682,0.014858
164674,0.017223
194394,0.025712
22109,0.016462
160891,0.013635
37027,0.015324
181441,0.01055
100862,0.017833
189330,0.018327
213884,0.013878
175808,0.021165
8552,0.013757
31745,0.010653
58733,0.014107
79325,0.023403
3644,0.018975
157503,0.014878
216057,0.022049
75018,0.015001
178985,0.017799
162823,0.019235
181121,0.015684
139575,0.012523
158582,0.013716
74429,0.017261
62263,0.012746
230298,0.020711
206498,0.017376
96997,0.013177
120827,0.014469
103376,0.015945
201559,0.015671
192965,0.021014
149937,0.018815
76495,0.012199
147220,0.023072
184612,0.019843
45279,0.013084
25228,0.010852
24320,0.012921
3739,0.021046
56074,0.020394
230385,0.021727
24552,0.013685
112068,0.017076
75119,0.017629
179339,0.017923
22967,0.018712
209528,0.016475
107939,0.013318
68425,0.010027
227820,0.010804
233981,0.016177
207090,0.020998
106216,0.016987
12769,0.02276
98242,0.019408
178738,0.014137
68335,0.019636
2090,0.013751
239256,0.018403
25600,0.016555
224319,0.014761
206001,0.016051
221976,0.014815
83050,0.014935
214706,0.024169
188576,0.012025
30491,0.020302
11881,0.020281
35607,0.019866
161062,0.015406
34955,0.02112
227219,0.013236
144380,0.017154
231693,0.015354
128271,0.017348
152917,0.015996
119537,0.015672
173503,0.010233
136539,0.013963
239019,0.021101
158012,0.012852
63416,0.011976
154145,0.015867
192988,0.02165
141009,0.018594
34156,0.015396
108554,0.01066
4175,0.014382
50998,0.017666
201819,0.016637
228728,0.015451
228684,0.01219
211317,0.012464
238799,0.023095
182514,0.016231
64192,0.019984
99567,0.008291
218185,0.017805
79293,0.01531
45707,0.010361
159227,0.012074
171917,0.016015
168132,0.017386
225525,0.014717
37315,0.018732
9749,0.012064
148383,0.010189
143783,0.010591
132897,0.016386
166919,0.0128
129234,0.010929
207788,0.013373
73306,0.018051
179527,0.022171
82053,0.015493
94325,0.019422
218680,0.017576
12017,0.017734
155441,0.024162
242005,0.014626
132300,0.019971
15754,0.013862
27502,0.019714
134374,0.020499
129100,0.00982
144156,0.016986
191179,0.014739
191069,0.018126
1675,0.019172
168864,0.021409
74573,0.01771
33336,0.013519
74314,0.012596
172096,0.014784
156144,0.015147
200559,0.013431
42085,0.016462
233201,0.01564
46051,0.015962
241083,0.026164
85285,0.014865
116816,0.018574
104471,0.013369
207891,0.020233
76770,0.011695
73509,0.013298
123825,0.018795
87599,0.018007
60452,0.01135
83061,0.013202
248826,0.01433
7334,0.01811
126124,0.019619
168062,0.016653
207726,0.020886
237849,0.015953
203344,0.014595
58455,0.017775
108999,0.019703
48819,0.014095
5950,0.016377
173747,0.017898
64230,0.018455
246231,0.011985
174986,0.013799
92165,0.016898
51913,0.021008
81,0.020374
6953,0.019775
19718,0.017458
69866,0.015935
39483,0.018971
64689,0.017681
216153,0.022622
103377,0.017438
29826,0.017841
82952,0.019547
243036,0.014674
168157,0.020479
236952,0.022116
216799,0.0227
99133,0.01112
139965,0.021065
159876,0.012714
173631,0.009133
225197,0.019091
233039,0.021567
9005,0.0191
66372,0.016084
203995,0.016802
150626,0.012146
190466,0.013785
125978,0.012326
71608,0.019358
219769,0.017209
175492,0.018682
162939,0.017718
110042,0.014047
145954,0.018042
12752,0.019217
118338,0.020522
38834,0.017018
93679,0.012131
34312,0.031688
100789,0.013182
76233,0.017119
248221,0.018747
63378,0.027747
17302,0.017462
97136,0.009811
69095,0.014419
165790,0.014069
58247,0.025318
53411,0.016218
197532,0.012888
217269,0.026158
6962,0.02091
18138,0.01517
117232,0.021841
193021,0.021174
120138,0.017938
99961,0.013518
56500,0.017075
10535,0.011046
217206,0.016165
103282,0.019288
173896,0.017255
201971,0.013909
23312,0.019344
19057,0.011713
92056,0.019449
225158,0.020998
46951,0.015249
234227,0.017388
69842,0.01494
103498,0.012382
87536,0.0228
196147,0.016055
220920,0.022753
232807,0.014862
241494,0.014376
188505,0.012436
2705,0.020307
106073,0.015714
131134,0.01369
170082,0.01928
112870,0.014592
124604,0.020315
207586,0.021447
143071,0.019322
102209,0.013423
229861,0.01339
175807,0.011918
122801,0.012785
177521,0.020752
242250,0.013563
112788,0.013491
117143,0.01738
75681,0.014402
34292,0.012079
237746,0.018569
84686,0.016789
115803,0.022812
176480,0.014062
109050,0.015529
35956,0.017077
229343,0.01181
207934,0.022556
9932,0.011912
56108,0.024414
63579,0.021974
107144,0.013828
12008,0.023239
138934,0.019649
179226,0.015482
41002,0.020149
164331,0.018835
243438,0.014421
149594,0.018572
121500,0.017775
107753,0.016674
170444,0.020567
70959,0.014604
214613,0.019403
14619,0.018954
193622,0.021053
248904,0.009225
239519,0.013732
28089,0.017583
178316,0.015287
24823,0.022392
194303,0.019631
204869,0.013729
86674,0.016213
78002,0.020089
123712,0.016844
28449,0.017683
219471,0.011985
239616,0.019454
169762,0.019761
227940,0.014636
249231,0.015306
156582,0.023849
225670,0.015533
167150,0.018606
114041,0.017105
89945,0.013873
26125,0.019235
119830,0.015723
182863,0.01789
198119,0.01422
163542,0.024022
110929,0.021726
169436,0.018219
170454,0.012801
183783,0.014577
139051,0.017294
94700,0.016745
232884,0.015477
164438,0.015704
41333,0.013381
159088,0.020354
209594,0.024532
224856,0.019858
74464,0.016339
189285,0.015082
242246,0.011398
18663,0.01519
150512,0.014871
159593,0.020728
158678,0.014291
217036,0.017882
129433,0.018287
199646,0.020121
238861,0.018854
87408,0.020732
247322,0.018092
157201,0.021569
129019,0.016498
176350,0.016525
135840,0.016432
120383,0.01311
183718,0.018418
236231,0.018582
158235,0.017727
240943,0.016542
27601,0.015595
157547,0.014975
184515,0.014996
74950,0.021206
50902,0.017319
151852,0.017573
177908,0.018608
126120,0.016783
86766,0.020729
131717,0.018563
139861,0.015217
192678,0.021665
190789,0.013045
80693,0.020673
13801,0.02132
176253,0.016807
115563,0.013839
213887,0.015437
126923,0.017686
208660,0.016029
88449,0.017258
230367,0.023822
87077,0.020058
159887,0.015155
211876,0.014512
102883,0.017274
197596,0.014008
210544,0.016111
60684,0.02172
222501,0.019082
29335,0.011909
203520,0.009337
29479,0.017251
134896,0.017852
110555,0.021476
241839,0.011028
11999,0.017277
56871,0.011905
106485,0.011591
179673,0.016689
76378,0.016671
14678,0.016727
156098,0.015482
140932,0.01769
244001,0.014028
188038,0.015501
65257,0.021264
164939,0.016762
95645,0.016199
54603,0.013325
159202,0.012299
28517,0.01668
92933,0.016661
231967,0.020639
136019,0.014958
48994,0.018085
2531,0.014963
28185,0.015016
112706,0.013031
49571,0.022975
221851,0.018119
112436,0.014424
208993,0.016742
249282,0.009472
14463,0.022465
83321,0.01367
65732,0.014601
248792,0.013776
11774,0.021181
154240,0.021706
211059,0.011518
121598,0.015174
186076,0.022347
186750,0.018404
206021,0.015289
172795,0.021481
51919,0.021401
12162,0.016685
181733,0.01392
85135,0.016925
202126,0.018876
37233,0.01495
83086,0.020759
66050,0.018751
171293,0.020801
153846,0.024546
164246,0.014131
131726,0.018603
192804,0.015773
87068,0.021253
167529,0.019196
153136,0.00964
4144,0.01554
49882,0.025478
66962,0.013502
157730,0.016598
26560,0.016549
222721,0.013654
107382,0.014975
124529,0.012948
89702,0.015129
184962,0.014601
220409,0.016713
179306,0.01629
208234,0.020027
103769,0.018213
220981,0.017367
27458,0.01724
23566,0.014244
102217,0.026242
46279,0.016804
200195,0.022544
77730,0.019196
16451,0.018965
237787,0.018223
44870,0.011123
128918,0.015935
77509,0.016209
23838,0.015608
156669,0.018299
182246,0.019259
62138,0.014181
200013,0.015481
88389,0.020505
166872,0.013281
13194,0.018097
98300,0.011215
49548,0.018039
168138,0.016165
74044,0.019804
119151,0.018385
246604,0.019228
61346,0.010004
74884,0.016117
178374,0.017583
161444,0.014271
236539,0.023016
59435,0.01928
238518,0.016463
214962,0.017015
131182,0.013865
112815,0.016358
107566,0.013325
89622,0.021295
230327,0.016547
48139,0.017179
16195,0.018662
185474,0.026371
153566,0.019424
196057,0.012487
204190,0.010363
92016,0.018586
51359,0.012572
102810,0.015297
11017,0.015782
92122,0.019372
104480,0.015649
241662,0.017158
137089,0.014675
32582,0.01469
216829,0.021328
235650,0.011628
220223,0.015165
72756,0.019791
139797,0.018867
26288,0.018315
126215,0.012683
155744,0.013621
247801,0.020999
153089,0.018986
165719,0.012206
15115,0.012316
101810,0.016815
171435,0.02004
174910,0.012611
138602,0.014459
29207,0.019584
54347,0.016351
131028,0.014296
167951,0.016803
241923,0.017972
121882,0.009988
220914,0.024097
111574,0.012438
94126,0.020364
145039,0.016988
142084,0.018944
109562,0.015981
77158,0.013933
185671,0.017514
87775,0.013494
53341,0.010892
125533,0.019813
211529,0.014703
85705,0.018852
13561,0.014104
212137,0.012707
134947,0.015693
221884,0.020878
94461,0.023535
74729,0.016418
151322,0.013296
80712,0.012823
175049,0.014686
104105,0.017737
191408,0.019896
70784,0.019425
49468,0.024657
97362,0.016778
6448,0.02427
186182,0.01934
226818,0.019615
63062,0.009618
246905,0.017823
233191,0.011652
63299,0.016946
79046,0.017194
68775,0.018358
202235,0.014603
138919,0.01791
164573,0.015662
172699,0.024777
52095,0.017521
76436,0.010234
238620,0.022161
15450,0.019702
234248,0.008849
207567,0.020378
83561,0.017554
237795,0.01583
13845,0.014989
91150,0.017528
144215,0.011579
47000,0.015257
41397,0.01532
215951,0.020055
3376,0.01888
92635,0.013957
147386,0.018064
48644,0.015768
55,0.019306
209596,0.012938
97787,0.012603
241135,0.0174
235446,0.019406
89742,0.022731
36017,0.01674
109362,0.012131
127682,0.018209
158587,0.013379
59265,0.012335
187733,0.010752
160927,0.016478
25278,0.015007
79857,0.021077
53923,0.018701
226348,0.010903
114516,0.013157
232106,0.01474
167892,0.01357
32345,0.01002
98011,0.012251
216793,0.01237
243100,0.038809
165708,0.010448
13951,0.01969
7357,0.013381
78651,0.013601
27248,0.010838
167112,0.022635
99893,0.013715
203211,0.014321
165956,0.013005
48798,0.01618
63552,0.017655
196450,0.013428
219306,0.011992
59675,0.018506
822,0.01469
152384,0.017609
40939,0.017455
175791,0.015969
242801,0.017547
139935,0.015518
184219,0.013347
59075,0.021165
106117,0.011669
20307,0.014087
122133,0.011861
13441,0.022762
146602,0.014961
68531,0.014576
247590,0.0179
215068,0.021417
62768,0.017804
238066,0.014075
239178,0.019467
134622,0.016463
93855,0.015437
90714,0.01286
156933,0.015808
88078,0.020729
7957,0.019088
37991,0.012371
232834,0.016228
138213,0.02139
248858,0.011096
219791,0.011276
245703,0.016342
134197,0.019863
197395,0.017258
150785,0.013506
64761,0.020858
52325,0.017117
23593,0.014275
23984,0.0187
166505,0.01628
55437,0.012682
125998,0.013057
13538,0.015
131735,0.016618
230024,0.022627
234018,0.016124
89097,0.022696
113168,0.01186
8311,0.013665
3747,0.017971
68366,0.017937
54913,0.012385
112660,0.014659
124649,0.015771
151020,0.013125
230657,0.018725
86249,0.017202
3919,0.016923
112128,0.021289
206938,0.01841
58735,0.012759
103589,0.021488
98794,0.011712
154456,0.023604
181375,0.011432
121579,0.020917
157303,0.019628
139136,0.015885
226185,0.018887
187015,0.015829
245006,0.021791
159952,0.015034
140909,0.020192
13767,0.017211
73229,0.012332
221158,0.015619
127319,0.018586
193248,0.013995
21137,0.019525
221312,0.019723
242622,0.01461
207015,0.017257
103368,0.013884
105934,0.013822
248038,0.013371
230493,0.021778
97278,0.015952
87414,0.015069
6957,0.017187
172689,0.00975
210882,0.018722
157293,0.019375
163994,0.014555
51606,0.021616
67220,0.018799
219863,0.015147
83493,0.01434
221396,0.012665
20606,0.019475
179014,0.013037
14178,0.013799
149485,0.013839
32648,0.017206
42739,0.021126
209034,0.019787
36675,0.013248
35151,0.025152
39962,0.015144
222503,0.013088
181191,0.01495
245297,0.016509
160814,0.010664
130514,0.014549
198452,0.014775
153169,0.014479
88290,0.02313
122647,0.016951
189733,0.019515
76633,0.016348
73929,0.021748
65238,0.012222
171041,0.020446
110363,0.020664
235975,0.014083
59712,0.019082
166846,0.012472
21358,0.024533
3433,0.024759
164402,0.012757
68377,0.018472
22007,0.019856
44830,0.022227
171658,0.013785
148537,0.019728
134652,0.011571
228850,0.020565
203019,0.015238
43901,0.012377
193824,0.022505
54968,0.013257
22196,0.019683
208186,0.016276
95470,0.023151
35258,0.021461
189735,0.021555
217797,0.014867
50666,0.018215
127946,0.016931
82246,0.019324
30624,0.018219
92064,0.011294
126064,0.020288
48640,0.021982
143275,0.019368
224431,0.020092
166667,0.013239
234700,0.017571
152401,0.015865
73540,0.019813
41181,0.02798
14497,0.014376
4327,0.017611
173236,0.01927
104501,0.009329
169066,0.016159
191308,0.013377
147911,0.016789
167602,0.015324
125526,0.023699
39937,0.017829
111964,0.014422
27697,0.019423
165860,0.014666
118746,0.014568
150028,0.013788
151204,0.013547
116895,0.016327
59353,0.021315
5779,0.011431
15528,0.013106
82110,0.014547
110249,0.025048
126313,0.01923
8391,0.00987
43697,0.018288
60695,0.015409
12138,0.013342
215822,0.018708
148015,0.024043
62539,0.01439
139510,0.016371
14415,0.013047
109160,0.017186
164214,0.013924
82293,0.013463
207303,0.020987
151008,0.018884
120261,0.016312
64034,0.010551
181841,0.017989
187817,0.019652
19901,0.020251
179670,0.013129
237505,0.018579
140943,0.016579
207403,0.013353
139274,0.017294
125082,0.023285
134462,0.017717
58951,0.014811
83992,0.015294
90769,0.017388
182791,0.017259
80568,0.017709
134653,0.019257
160978,0.01732
108669,0.021168
197074,0.011812
163153,0.016765
46595,0.015884
222390,0.019585
151590,0.022915
89888,0.020932
43424,0.020417
170308,0.014233
157235,0.014333
163592,0.022927
203668,0.013682
8248,0.012968
129480,0.013715
50019,0.01939
216455,0.019326
130282,0.018979
181963,0.013498
5056,0.022345
21161,0.02806
107153,0.013294
201195,0.020891
209320,0.011747
98992,0.016346
66975,0.01889
85287,0.016388
223584,0.017896
51215,0.016177
198210,0.015013
1809,0.011417
109849,0.017862
102383,0.019874
39971,0.014286
19091,0.020031
81591,0.011955
98909,0.017326
19872,0.020244
8560,0.010814
26265,0.014007
163029,0.020308
194816,0.014327
92535,0.011329
197103,0.019649
202677,0.020285
102223,0.019343
151746,0.016446
195790,0.018861
24364,0.015001
176476,0.01848
224106,0.016136
4250,0.016104
149651,0.016592
144160,0.018946
172459,0.019172
208206,0.017863
46301,0.018692
122494,0.017685
77030,0.014241
100137,0.015302
51966,0.018484
148069,0.01923
71382,0.018004
122072,0.014873
27931,0.017445
198319,0.017175
192354,0.019109
52626,0.019215
109534,0.018663
121028,0.015652
96713,0.014559
208453,0.018792
110149,0.016205
155412,0.020479
87740,0.016223
211118,0.016953
44542,0.014403
208573,0.014971
166938,0.015849
152334,0.016961
66022,0.019082
8240,0.01395
105508,0.014533
53384,0.010443
186369,0.014
6146,0.014585
9896,0.019381
109978,0.022743
9941,0.015087
120329,0.012032
17655,0.014842
248170,0.017495
33761,0.018072
170431,0.021775
246569,0.018546
181041,0.011304
240128,0.013183
21895,0.017554
237556,0.019497
195269,0.015685
82582,0.013306
197252,0.013577
213121,0.014775
135094,0.013648
2637,0.020606
117508,0.023603
160727,0.021817
236205,0.022153
40249,0.016941
115948,0.012852
101736,0.022098
3306,0.015649
159908,0.015105
222266,0.020433
248884,0.016667
6502,0.011507
21308,0.016011
22594,0.020078
122713,0.01467
220348,0.013347
196752,0.017707
136336,0.017673
56564,0.016336
149864,0.018664
13454,0.019463
207985,0.015342
233547,0.012455
104339,0.023072
178432,0.025423
153150,0.023137
88714,0.016062
40968,0.016408
190239,0.015867
155585,0.017833
138477,0.010981
185885,0.017457
93789,0.011317
16088,0.010271
159176,0.017852
113064,0.014319
195359,0.015078
190859,0.019816
39533,0.010074
123710,0.020735
54123,0.021631
236908,0.021851
70164,0.017266
238654,0.018688
192439,0.015235
214242,0.014112
64622,0.017629
166329,0.014324
137457,0.015033
137829,0.01329
82030,0.015464
12476,0.025053
40669,0.010966
17596,0.015962
239494,0.016723
148618,0.02952
88688,0.019466
34337,0.021518
148384,0.023923
239617,0.023846
245402,0.015071
241908,0.018686
193591,0.033654
224320,0.02101
93012,0.011293
8757,0.015362
182920,0.016606
183858,0.013299
156672,0.013048
149389,0.014797
33708,0.011674
18036,0.011806
18319,0.017449
95436,0.016335
187728,0.020072
20047,0.014339
179940,0.011747
194942,0.014843
108923,0.019838
23710,0.009891
12102,0.020241
112635,0.017801
53220,0.017576
206824,0.01978
118686,0.023452
81218,0.015964
86001,0.014402
172524,0.017051
88181,0.019681
118805,0.018289
249296,0.011999
194489,0.01598
230121,0.018472
177364,0.016693
41690,0.016458
12773,0.016214
184837,0.019151
68156,0.015355
51857,0.011301
168914,0.010785
81121,0.015363
158663,0.012626
101552,0.017958
87419,0.013521
46850,0.016767
81859,0.019013
43177,0.017242
47797,0.015987
164242,0.018503
24988,0.017542
150590,0.013198
210022,0.016075
225971,0.012145
190899,0.018147
93051,0.021965
71595,0.022259
66168,0.020428
56468,0.020581
104688,0.015244
52752,0.015335
208198,0.025748
179064,0.016949
81677,0.011321
242355,0.020139
179387,0.014782
34601,0.025873
127404,0.016971
243019,0.011068
109586,0.017194
103845,0.015704
88881,0.0226
218784,0.018815
241194,0.012027
54679,0.011988
141676,0.017682
101305,0.018114
15179,0.016824
29872,0.02006
194220,0.020567
126184,0.021791
106706,0.014777
6693,0.011711
13667,0.023223
128579,0.022531
35175,0.022275
229204,0.021801
25107,0.009585
239958,0.017039
207057,0.021436
81254,0.018161
16185,0.01029
161726,0.015636
15342,0.016033
174106,0.015539
165449,0.014426
181908,0.018047
206518,0.012489
108624,0.020457
166950,0.013303
164775,0.016078
243449,0.016026
239853,0.020088
6379,0.015218
141719,0.013208
216848,0.022169
130777,0.013955
203299,0.014616
36383,0.035366
196223,0.018032
34394,0.020714
221281,0.017943
210376,0.014445
1159,0.015518
120912,0.013268
174818,0.011519
94415,0.01289
184178,0.014051
68905,0.012936
125072,0.015892
160170,0.016312
211492,0.016257
72029,0.011693
162810,0.012759
176028,0.016363
112361,0.012019
76735,0.014392
223000,0.018937
243908,0.016184
46703,0.01448
88876,0.018306
7248,0.01471
231009,0.017784
156379,0.011646
68535,0.015522
204854,0.012426
239690,0.015394
171955,0.013471
38245,0.016152
13393,0.019555
17702,0.014495
157044,0.020201
5562,0.0186
16304,0.010902
30173,0.012835
83761,0.009985
179459,0.017396
88503,0.017356
57406,0.020729
150025,0.011847
36122,0.016239
185699,0.017327
198214,0.014933
205547,0.018598
72621,0.018732
115332,0.011038
162173,0.016923
180775,0.012598
140614,0.017592
60698,0.018716
123728,0.019002
52093,0.015997
72971,0.018553
217851,0.012975
2114,0.011989
180960,0.017255
11425,0.018903
130638,0.017809
194554,0.01051
13882,0.011987
129653,0.013189
188047,0.018383
76962,0.012062
201389,0.011232
212704,0.01168
235089,0.012157
88901,0.019401
113441,0.018614
172791,0.016311
177677,0.015189
131033,0.011536
183900,0.033161
185418,0.014801
210976,0.020038
115038,0.020364
82727,0.011277
149467,0.014498
104212,0.012779
39764,0.015899
155788,0.021901
235998,0.018108
26863,0.01728
92675,0.014232
185812,0.012606
41621,0.023117
48669,0.016337
222267,0.01379
8012,0.018518
227654,0.014345
75152,0.014749
29186,0.016568
246947,0.020507
211489,0.012003
66685,0.01559
146089,0.01047
210869,0.01254
230388,0.019574
134389,0.019136
19589,0.02305
77000,0.016198
104967,0.015003
19999,0.016343
79720,0.013548
244319,0.020406
32634,0.012216
13061,0.015994
61497,0.013274
210273,0.019213
96957,0.012817
74771,0.01619
80485,0.012542
63796,0.018205
171277,0.013241
229447,0.016515
39836,0.012369
226390,0.011939
95257,0.01351
37807,0.011164
152141,0.022131
220551,0.012542
175249,0.022012
11350,0.022895
13953,0.011412
247302,0.018772
19220,0.018002
69606,0.01533
169666,0.018781
219278,0.022409
153749,0.021201
147921,0.020431
17759,0.015795
198624,0.016521
123931,0.023471
104731,0.017254
107517,0.014321
50427,0.012131
1371,0.014756
237101,0.014017
115070,0.015769
115621,0.014919
230693,0.019045
244299,0.019904
62079,0.014527
62884,0.017633
127142,0.020128
83617,0.018277
144857,0.015454
115738,0.01772
73781,0.014534
62492,0.012125
246621,0.016563
104786,0.051027
105168,0.015838
171771,0.016404
152501,0.01095
164174,0.014444
240101,0.017096
148014,0.013884
33818,0.017057
33185,0.016247
14750,0.015645
145469,0.018589
51837,0.015475
215037,0.014454
207555,0.027292
127224,0.00966
15127,0.018583
37857,0.014784
72140,0.020028
21482,0.023117
52368,0.013795
19759,0.026906
33063,0.016976
181262,0.014142
112040,0.012251
20352,0.016891
80769,0.015691
216796,0.017686
130079,0.015012
103094,0.020313
218970,0.014635
220434,0.013957
221418,0.017577
14346,0.01986
150024,0.019479
241575,0.011649
176915,0.02569
3218,0.015661
46441,0.015839
147564,0.026816
197764,0.012387
170166,0.01406
53688,0.011314
86868,0.016481
168863,0.020247
139045,0.017608
50701,0.015261
114433,0.011789
69060,0.015912
233765,0.009509
39394,0.012538
179032,0.019112
228179,0.014757
239067,0.02231
153568,0.016077
130312,0.017028
218893,0.011024
134732,0.014713
243572,0.010988
130968,0.02187
59330,0.017407
151702,0.015295
199048,0.018012
221107,0.010861
213341,0.016148
213790,0.016692
243918,0.018555
104050,0.014116
220990,0.018345
84150,0.009487
130134,0.018584
168239,0.015537
66670,0.014679
69064,0.018509
210447,0.013515
213777,0.018882
44067,0.015511
160002,0.013729
7679,0.013162
207058,0.015797
224093,0.019575
208038,0.017852
172065,0.01996
231310,0.018136
75467,0.009601
188381,0.019537
27919,0.013015
13895,0.020966
151250,0.012993
166393,0.014335
166979,0.013967
117881,0.021256
25661,0.020159
12506,0.02194
93255,0.015128
134394,0.016874
151362,0.012179
146415,0.012067
110912,0.017877
4769,0.017752
57667,0.021545
191725,0.02163
192916,0.015782
120582,0.01664
76760,0.016173
41142,0.016576
93952,0.016879
177813,0.014326
147662,0.014508
247826,0.012565
32063,0.017988
97874,0.014238
141552,0.017893
137892,0.01871
151736,0.01481
217130,0.015441
89258,0.012955
248256,0.016965
82413,0.016052
165287,0.015129
83746,0.015507
32989,0.011402
164823,0.01465
130163,0.01406
43124,0.023152
678,0.012002
194359,0.01395
232649,0.01504
12687,0.028715
3118,0.018637
71583,0.020066
88068,0.016368
7870,0.012625
245429,0.017043
108407,0.015358
188120,0.015277
205183,0.013392
7078,0.012517
138382,0.015824
45480,0.019543
92281,0.019484
87291,0.016441
76803,0.014317
26173,0.021515
179912,0.01854
242534,0.011554
145375,0.015115
145420,0.01904
115454,0.014657
201830,0.013967
14173,0.015864
223128,0.020453
96332,0.019976
121320,0.015391
249125,0.012501
148222,0.014902
110181,0.014313
13981,0.012917
88250,0.017652
36610,0.01908
236030,0.013093
68042,0.017901
174263,0.014648
79309,0.013749
58152,0.021865
83919,0.014516
168272,0.01443
110064,0.024915
110849,0.022279
80188,0.017382
4391,0.02494
181430,0.010841
206933,0.012696
218155,0.018229
23597,0.014001
160137,0.019077
92758,0.01401
89,0.017707
82488,0.017592
161398,0.02045
163769,0.018448
168662,0.018874
201031,0.017518
186859,0.031358
84495,0.01643
109862,0.011448
220237,0.011861
58619,0.018078
108417,0.013088
148395,0.021279
215740,0.023591
86225,0.012313
52282,0.012892
97635,0.014152
233870,0.011493
48596,0.011916
100831,0.01617
203903,0.016289
96200,0.015456
53081,0.022421
34113,0.022771
139527,0.017667
59325,0.018918
20505,0.01893
80582,0.021058
146324,0.017875
27498,0.014802
160696,0.017227
63640,0.019594
99516,0.015871
39190,0.015746
197286,0.016472
248385,0.014156
105637,0.020657
231236,0.015575
238661,0.020133
192381,0.017699
238623,0.01157
208004,0.011932
163399,0.018323
65203,0.014498
221734,0.018272
219934,0.01605
27766,0.012066
124227,0.021402
10982,0.01456
104827,0.017653
15539,0.014585
1556,0.017313
12647,0.019195
89078,0.01521
156631,0.015805
18314,0.015426
88462,0.017369
192350,0.017428
208231,0.016175
248381,0.015238
72020,0.014793
151237,0.010799
1790,0.016715
124513,0.019007
132595,0.017583
179789,0.014226
16201,0.018679
139445,0.018678
202881,0.01262
163255,0.012903
74416,0.017101
25764,0.018648
31795,0.013616
138892,0.014548
30230,0.01651
103915,0.018088
164912,0.011707
155323,0.015273
172145,0.018685
200426,0.019738
201804,0.019729
127737,0.015736
231083,0.015998
223343,0.012978
37428,0.012595
101191,0.012589
235354,0.017501
100154,0.014951
81227,0.018443
130192,0.01269
225167,0.02182
131347,0.016513
184247,0.013144
222080,0.018898
69222,0.016757
13159,0.023763
5363,0.014753
170469,0.020792
73908,0.018114
134957,0.020591
27714,0.020619
134045,0.022433
56250,0.011693
50653,0.022971
225480,0.021504
233238,0.010675
34879,0.019404
167689,0.018064
188228,0.010817
195922,0.011127
96399,0.013953
157025,0.017615
172488,0.015433
220999,0.012145
33161,0.018529
219851,0.009598
233676,0.014911
110174,0.017473
170626,0.021657
67073,0.015903
54287,0.012372
10417,0.017812
11879,0.023096
91127,0.016735
119602,0.013269
152829,0.015024
76062,0.014777
201963,0.015379
206066,0.012273
81461,0.019593
96883,0.015941
169428,0.018135
164811,0.019047
33193,0.021135
47313,0.012451
164009,0.013537
119121,0.017483
247197,0.019645
85318,0.015802
176380,0.018045
35199,0.026519
119283,0.016444
222678,0.021403
49305,0.014903
91741,0.015406
88827,0.020833
135395,0.015156
53232,0.016095
97209,0.013569
104515,0.019747
134590,0.015592
245663,0.020594
55548,0.015195
59234,0.022467
222356,0.018721
142381,0.011881
124376,0.015613
5151,0.014732
61272,0.011398
228751,0.017422
59020,0.017797
88019,0.016155
249642,0.022757
126267,0.023135
181916,0.014221
34501,0.02102
119097,0.016035
165369,0.015578
171210,0.021563
95469,0.013457
141258,0.017319
200270,0.012072
12855,0.024655
24188,0.014566
62434,0.016264
13329,0.018238
27043,0.020439
154104,0.019007
73912,0.013141
154328,0.020354
24408,0.012891
126453,0.016378
123166,0.016625
166515,0.013618
208668,0.016464
84966,0.019408
190310,0.014339
32216,0.020198
25304,0.019314
175670,0.010887
27676,0.018472
9888,0.015429
144687,0.014225
27373,0.031714
59010,0.019367
41741,0.010516
78206,0.016637
237070,0.016183
33618,0.01086
106521,0.017898
153052,0.018809
92733,0.01916
83809,0.017037
153294,0.015125
16905,0.013236
136326,0.015288
83925,0.015948
182337,0.012111
185167,0.020349
180177,0.019893
13208,0.023311
6944,0.01503
213346,0.017437
21826,0.016859
145023,0.020592
151514,0.017811
196395,0.015466
119687,0.019077
57312,0.012853
190255,0.013659
31772,0.013875
244608,0.02339
218153,0.018629
113703,0.015395
200294,0.022719
246257,0.012874
38725,0.014495
155476,0.015827
115204,0.010709
76743,0.010554
124946,0.019034
239735,0.021435
97909,0.013935
21323,0.018371
111740,0.022813
73759,0.015083
134825,0.011699
8581,0.015511
44145,0.017307
25663,0.011563
137544,0.018803
179825,0.02237
9124,0.011724
106522,0.01537
63012,0.017489
174646,0.017593
121626,0.010964
77273,0.01643
85190,0.017219
230341,0.016642
232572,0.018591
208247,0.019297
122424,0.010477
83595,0.015881
150754,0.019532
104334,0.016161
145669,0.020519
12932,0.023867
10071,0.011093
188669,0.01671
115406,0.021241
178857,0.020716
93674,0.016223
49205,0.0229
135428,0.017043
231547,0.012
18064,0.018498
13877,0.017981
57719,0.020489
222095,0.016865
55163,0.023037
84317,0.010836
95850,0.020226
135372,0.014599
38007,0.014081
229830,0.018684
162853,0.015893
166753,0.014797
244588,0.018428
38608,0.018343
81618,0.021927
129791,0.012431
61897,0.020051
199701,0.022243
134141,0.01665
116600,0.016791
114859,0.013267
116946,0.018133
195059,0.018285
39488,0.01216
247619,0.016803
45674,0.018162
23923,0.011468
245330,0.02089
113412,0.015522
98056,0.01661
176131,0.020088
43099,0.02145
165760,0.013906
227081,0.013687
228065,0.012946
103402,0.016075
24532,0.018136
198901,0.016776
108640,0.016632
222491,0.012953
44203,0.018456
143078,0.013185
131007,0.013066
227524,0.016781
170812,0.014005
49242,0.02329
95723,0.017701
244456,0.019962
67017,0.018156
249685,0.010369
96680,0.022076
237176,0.019199
94385,0.015641
105033,0.018606
4013,0.026315
172197,0.021385
97301,0.015663
22158,0.01847
150056,0.018727
69760,0.016515
221741,0.013705
233829,0.013506
230983,0.021269
172912,0.013649
12948,0.015443
112809,0.012414
239964,0.01975
44628,0.016559
7221,0.022675
185357,0.013426
148393,0.019292
239169,0.015259
163914,0.013432
220826,0.016153
223383,0.015958
143193,0.016873
182190,0.020622
195601,0.018057
35363,0.015766
186220,0.01788
38715,0.019283
68486,0.013344
226916,0.016627
134508,0.013247
53739,0.016263
29218,0.019589
40701,0.015643
91369,0.013789
26469,0.013179
235095,0.022328
72492,0.015567
104121,0.01292
150114,0.017724
41675,0.014994
156801,0.014341
125676,0.01637
191487,0.016582
107177,0.014033
149918,0.016963
115783,0.016766
231605,0.022311
189726,0.015178
45773,0.017023
144558,0.019238
184337,0.030029
208438,0.024085
219555,0.013546
229004,0.013558
126041,0.021314
225574,0.013757
101062,0.016075
8895,0.014753
61555,0.01825
224423,0.017539
248234,0.019896
168496,0.017111
31897,0.012251
222373,0.017826
14164,0.016509
81194,0.015216
248630,0.012755
137917,0.016264
100556,0.015264
16854,0.013786
1247,0.011042
224221,0.016384
150638,0.014127
79357,0.017638
96376,0.012351
150594,0.01984
124366,0.02098
229719,0.02271
151292,0.011363
11103,0.020013
78210,0.014444
60281,0.013822
60920,0.01351
209689,0.019112
204720,0.016201
22805,0.017009
141302,0.016224
104992,0.01301
189720,0.014308
88329,0.018531
193750,0.018956
60507,0.01458
50513,0.012647
55780,0.019323
110704,0.023687
53747,0.015898
79188,0.017269
248282,0.013458
45440,0.012532
49815,0.016175
184620,0.023237
118927,0.015333
15046,0.017315
131230,0.021178
78476,0.013819
239104,0.016437
208889,0.015266
117053,0.020385
15718,0.011057
11857,0.020449
179588,0.019991
8051,0.015814
105971,0.014213
7908,0.016138
213897,0.016885
208226,0.019393
154402,0.012762
220730,0.021085
72557,0.015274
232546,0.017872
194509,0.017552
138689,0.01782
11037,0.02306
17426,0.01318
30035,0.011629
92153,0.017708
195836,0.014201
153475,0.021904
244052,0.016384
86103,0.016682
41217,0.013029
14677,0.016938
140672,0.016623
94804,0.017925
196113,0.01113
11673,0.01671
212653,0.014659
13406,0.020513
63907,0.018636
150692,0.018164
226537,0.015829
236652,0.020169
135644,0.013727
147997,0.017478
198595,0.018948
154530,0.01657
159649,0.017378
18677,0.020982
233425,0.014746
19970,0.012645
178090,0.018877
143039,0.01071
42951,0.016473
204373,0.010995
187651,0.014803
10501,0.011022
240956,0.013856
102157,0.015902
109906,0.026265
92563,0.020719
238389,0.016464
233819,0.010317
81914,0.019818
51466,0.016732
16106,0.015897
23012,0.013955
154984,0.014047
147910,0.02041
32626,0.018632
90187,0.016739
198788,0.013835
41151,0.011524
127600,0.019584
133182,0.019109
93134,0.018865
118700,0.016649
209454,0.016943
162086,0.014777
219243,0.014622
27363,0.02502
193935,0.024203
206567,0.01547
67665,0.013903
65967,0.019646
125395,0.012937
225485,0.018178
18723,0.019104
95093,0.019596
135863,0.013215
143604,0.014265
197954,0.01067
169942,0.014361
46995,0.012057
51951,0.021173
180961,0.021417
123620,0.012689
141296,0.01705
59340,0.024817
144169,0.011429
110233,0.024832
4468,0.01851
65189,0.01672
208714,0.020741
221336,0.017369
234942,0.010252
51526,0.019579
188226,0.01324
113257,0.013521
40664,0.015566
235473,0.014874
130058,0.014259
129817,0.014409
208346,0.023371
150206,0.02193
119178,0.02161
97657,0.010267
161096,0.017877
226678,0.015219
28904,0.012176
69220,0.021175
91816,0.015064
132705,0.025158
222688,0.015163
94787,0.019533
160054,0.017919
75772,0.008942
1829,0.015421
183936,0.021805
28740,0.016985
86827,0.01155
175732,0.013592
47193,0.014458
185878,0.018639
222433,0.02396
172477,0.018508
179146,0.022776
207966,0.019958
112382,0.014518
88862,0.024329
10936,0.016839
160965,0.019731
141600,0.016784
202731,0.016372
6261,0.012231
118492,0.016453
92422,0.019855
136069,0.015957
87951,0.013127
143191,0.014354
93506,0.018107
12881,0.014568
228109,0.010572
228243,0.018116
96005,0.018427
150645,0.01422
200911,0.015961
159623,0.016891
131566,0.015923
44748,0.015075
131466,0.017125
161976,0.023497
239921,0.015139
100506,0.023264
240140,0.011129
99865,0.017107
186666,0.020077
90311,0.011726
72603,0.017547
90824,0.012033
57961,0.016891
166244,0.016502
220264,0.01981
174218,0.017228
10866,0.01898
84333,0.013339
169338,0.019643
52579,0.014362
51673,0.017968
46967,0.020109
84231,0.016738
119304,0.017686
177437,0.012314
101600,0.022128
16104,0.017289
73462,0.019149
198524,0.017666
89909,0.020141
64254,0.020487
224473,0.01906
60748,0.01751
173441,0.015108
38107,0.013267
117323,0.019179
68861,0.013956
27727,0.02016
155440,0.017477
120381,0.01589
104239,0.014656
1217,0.025324
122775,0.014507
22812,0.017843
185571,0.014781
41420,0.019923
155218,0.019708
141263,0.018416
94780,0.018265
75639,0.013217
143940,0.010461
100344,0.009285
85866,0.01781
122316,0.012639
24684,0.013474
45293,0.018278
172957,0.010363
211735,0.01425
58194,0.021514
243954,0.016146
211624,0.017628
17611,0.01623
86558,0.017355
14020,0.015659
244187,0.022253
3106,0.014326
240368,0.014409
235233,0.013964
24850,0.011291
177928,0.016879
224211,0.020902
60945,0.014796
159844,0.017989
22431,0.017868
209816,0.011254
6603,0.024604
74095,0.015559
224542,0.02689
160837,0.018515
142941,0.015475
14733,0.017384
27511,0.019853
3748,0.010075
50168,0.023497
127618,0.026663
93221,0.015285
1474,0.015135
211211,0.014148
188268,0.015891
220318,0.015435
180111,0.016408
239684,0.018756
72859,0.016201
112291,0.017267
242007,0.018585
220508,0.014915
46173,0.017596
131488,0.022173
202305,0.019072
234779,0.013963
124633,0.026084
133137,0.020197
144664,0.017334
103095,0.014568
35026,0.016082
10943,0.015094
5284,0.019075
238282,0.018953
51231,0.016465
64947,0.027637
120919,0.018854
130112,0.017152
205603,0.015355
138918,0.01845
48164,0.016142
237761,0.015716
100210,0.019075
80171,0.021994
110868,0.018456
224650,0.017807
15107,0.014887
106183,0.016227
134917,0.013661
98292,0.015429
20271,0.01275
95739,0.016498
105266,0.01318
48845,0.016284
183288,0.015531
25226,0.01713
150273,0.017446
242096,0.013867
187606,0.014418
226701,0.01864
141062,0.014128
176088,0.017627
14017,0.020037
51773,0.016356
100631,0.019506
81236,0.019715
203403,0.012661
78407,0.010172
248271,0.017136
42747,0.015332
224284,0.017265
92734,0.014112
214479,0.016718
174138,0.012431
137601,0.018002
225068,0.01109
78776,0.014437
34941,0.021172
17781,0.018778
247832,0.018428
206295,0.015439
214735,0.025967
176366,0.016257
95445,0.018428
17475,0.017984
214212,0.015011
68575,0.011087
73248,0.019532
41393,0.016924
210265,0.016189
175803,0.020033
205699,0.016629
213888,0.018031
120226,0.020549
198902,0.017391
82036,0.015137
169542,0.017441
132054,0.01878
234062,0.013064
135551,0.014431
105775,0.018926
13341,0.020736
79013,0.020157
176732,0.022026
204879,0.008632
158405,0.015295
124123,0.022787
203028,0.012691
191882,0.021476
123718,0.014737
81187,0.017652
240505,0.014938
53249,0.014741
118753,0.01635
139824,0.026692
83408,0.019547
229886,0.019086
83163,0.013691
56360,0.016853
112891,0.020588
130621,0.016269
92918,0.023312
133766,0.025616
150079,0.01979
249960,0.012603
207986,0.020097
92364,0.008862
207530,0.012466
135779,0.012868
170429,0.024283
12978,0.016689
184690,0.019289
249626,0.014746
111316,0.020031
94744,0.01711
224941,0.018987
102681,0.019723
26456,0.013271
93609,0.018191
159078,0.017888
137821,0.012125
34375,0.016113
228904,0.016523
158126,0.013165
49810,0.017063
184989,0.018854
56830,0.019853
226892,0.01307
173471,0.016376
142446,0.019032
228317,0.015299
9408,0.01462
83528,0.016756
31644,0.010211
165717,0.013195
193119,0.026535
164650,0.017188
19781,0.016049
205942,0.01226
149512,0.018146
206663,0.02242
102869,0.015426
67433,0.017989
45214,0.012464
115923,0.02015
85711,0.021011
205054,0.016994
148033,0.021713
58682,0.02466
114053,0.008518
167197,0.013423
30461,0.021918
130428,0.016905
183454,0.016929
100389,0.01338
145619,0.020057
28912,0.021617
137986,0.010892
102583,0.024874
64743,0.01315
122765,0.013281
172670,0.013781
242110,0.012717
205741,0.015189
201490,0.017962
75950,0.017711
249570,0.019268
153055,0.015538
245039,0.019362
202392,0.021556
217727,0.015031
116996,0.01658
77450,0.014514
206849,0.015584
38222,0.0205
36261,0.020345
134616,0.017415
207768,0.014278
234433,0.016735
191967,0.014316
138878,0.021098
156497,0.020506
75160,0.017761
189196,0.016133
34106,0.016332
1238,0.015698
8039,0.01246
80784,0.020154
43878,0.021852
214020,0.012896
242174,0.01668
178558,0.01604
170055,0.018102
160096,0.014978
48207,0.018421
201936,0.018704
22723,0.014091
33427,0.013228
78799,0.019182
137171,0.018684
216588,0.019709
68681,0.015831
240404,0.016655
106404,0.015709
141737,0.019125
176228,0.017147
162802,0.019433
211917,0.017581
113141,0.015906
19656,0.019806
141337,0.013128
4086,0.013626
9088,0.013054
38071,0.013545
92478,0.015349
226181,0.017048
116636,0.019876
144176,0.016505
75158,0.01544
220266,0.013938
12674,0.023552
217441,0.010416
167220,0.015047
194565,0.013953
91479,0.014921
235294,0.012327
38067,0.017996
76879,0.018148
226854,0.012399
70465,0.012454
196435,0.018985
223810,0.016019
225118,0.01744
233749,0.014466
157075,0.016973
119539,0.019187
191872,0.013523
231706,0.017138
67946,0.016114
218444,0.011206
46358,0.018471
193374,0.01412
58953,0.013791
197837,0.016834
240599,0.010117
34345,0.01595
19080,0.022965
32991,0.021611
234136,0.016265
50152,0.01246
242712,0.009469
230360,0.021173
92704,0.013715
215003,0.022346
78128,0.019763
63,0.022708
38509,0.00868
97095,0.022049
213116,0.016779
38909,0.016373
198028,0.015676
195894,0.013523
13298,0.019169
216454,0.012817
89786,0.014943
212857,0.012184
191480,0.019042
33381,0.017865
99640,0.022517
154809,0.02321
47756,0.016815
82649,0.019198
65608,0.013651
14407,0.015052
244067,0.022199
119747,0.024449
76952,0.009341
113083,0.013503
128420,0.014094
246390,0.014546
112567,0.019848
172363,0.018582
50681,0.023925
23847,0.014757
191334,0.016863
236734,0.01838
87245,0.01786
71789,0.014856
131102,0.019793
209733,0.017601
63849,0.012674
119596,0.019388
3859,0.022421
214612,0.015172
70961,0.011991
172625,0.014534
68763,0.020161
22362,0.013665
28354,0.01867
108238,0.017816
246200,0.020223
120265,0.019237
26111,0.016378
138825,0.012335
193046,0.024191
86131,0.014931
123832,0.022027
72890,0.019018
157058,0.013361
184533,0.022159
101328,0.018445
202012,0.018353
5260,0.028563
41445,0.015565
15700,0.015992
209024,0.01597
113952,0.016397
83827,0.011655
1113,0.018033
235022,0.016817
197234,0.013123
14033,0.017716
176727,0.019407
65056,0.020615
249247,0.017955
149277,0.016395
116935,0.019261
60052,0.016075
192502,0.012086
21446,0.018563
140205,0.019679
144277,0.013949
145447,0.014587
187378,0.015002
170533,0.020863
183330,0.018885
53126,0.011813
148519,0.01398
136960,0.015309
172554,0.019513
146140,0.014228
2399,0.014059
111679,0.014219
31054,0.018135
45315,0.01653
84866,0.017161
194208,0.020821
245301,0.019518
98731,0.017654
212203,0.01894
48895,0.025013
23718,0.01816
91214,0.01538
74783,0.018249
25638,0.022178
114182,0.015769
9205,0.011343
200210,0.022373
220092,0.019563
248205,0.015686
65767,0.013819
241495,0.015125
227024,0.014113
89931,0.013127
46171,0.019633
205755,0.013996
37261,0.019328
129316,0.016599
215715,0.017357
144522,0.013668
170060,0.026859
169620,0.010544
227624,0.014588
86656,0.019164
28794,0.013663
110786,0.021037
209052,0.022222
153474,0.017581
157853,0.017333
165593,0.015582
53905,0.014698
99158,0.015168
229408,0.018873
87783,0.016232
27536,0.018454
210242,0.017406
240308,0.016431
187497,0.01867
161017,0.022279
220959,0.021165
130930,0.013993
76950,0.010604
249774,0.015732
98692,0.016448
88496,0.021947
243402,0.017108
74177,0.024026
31800,0.014908
131178,0.016225
94358,0.019926
185084,0.014306
12412,0.020915
162121,0.020509
245020,0.02228
154161,0.021966
216721,0.018384
223844,0.019182
12115,0.017384
14345,0.014205
238558,0.018276
173589,0.011615
30289,0.017117
245403,0.02266
14402,0.01787
88792,0.028048
148771,0.023385
29922,0.020244
148046,0.022892
48293,0.019416
173659,0.011672
216468,0.019168
183467,0.016147
41213,0.010626
7599,0.018483
214492,0.01849
172976,0.015323
229039,0.01815
154701,0.013841
120036,0.012776
32058,0.015477
199368,0.018858
56066,0.011376
29048,0.018655
147713,0.013658
19955,0.023302
161882,0.014011
12068,0.021408
73945,0.020958
84292,0.014716
158133,0.018935
100183,0.019448
39307,0.018051
115015,0.014064
110192,0.019699
211782,0.018068
93898,0.01698
223696,0.016662
196655,0.010421
52413,0.018032
144058,0.013452
224176,0.01376
10746,0.014588
210830,0.017682
27430,0.019006
123357,0.01575
211501,0.011405
130008,0.01893
88384,0.017852
202559,0.021263
245282,0.01822
219242,0.017445
17486,0.019388
179933,0.013325
36105,0.019796
55284,0.016929
84221,0.016075
105490,0.015663
28682,0.017821
40141,0.015229
115093,0.012099
21785,0.016098
30131,0.019228
70430,0.012036
21644,0.023423
93147,0.013963
202073,0.020202
139100,0.016267
56514,0.018869
88561,0.022492
119864,0.018126
33228,0.013242
133101,0.023544
29566,0.011246
125833,0.01582
152140,0.014567
73314,0.020352
115359,0.01394
150565,0.015159
177330,0.018463
88392,0.013707
101242,0.019416
172331,0.019919
103325,0.013526
180222,0.012033
59124,0.017714
3594,0.014689
4219,0.016497
123435,0.013895
222617,0.018065
119292,0.014785
152801,0.01742
157431,0.010213
167921,0.010273
218527,0.013572
144102,0.014981
219996,0.012363
172229,0.017299
110290,0.015741
14048,0.016402
223830,0.017685
140692,0.011759
125719,0.019629
129750,0.012832
21612,0.013734
29882,0.016111
115586,0.019426
63292,0.017653
205969,0.021827
111304,0.021965
206653,0.021595
240532,0.019164
62756,0.018007
43117,0.012669
192787,0.022892
107182,0.012587
35798,0.019798
151542,0.018677
108822,0.018672
203683,0.017251
72858,0.018549
172189,0.017525
47675,0.017858
120779,0.01595
230122,0.01564
235521,0.018031
113939,0.015333
11941,0.020289
3622,0.015016
66206,0.018282
155320,0.019701
27439,0.020323
155691,0.014096
39529,0.012436
234436,0.016261
191939,0.01741
167796,0.011661
142585,0.014196
147418,0.018343
207131,0.01544
137611,0.010447
165819,0.011711
69761,0.010773
22935,0.014943
35453,0.019499
49356,0.018681
213843,0.010172
88637,0.02006
203691,0.011976
111240,0.022759
70262,0.015783
51037,0.012518
42390,0.018614
126747,0.016629
133136,0.013229
101798,0.018914
44234,0.014562
69468,0.01208
7739,0.020107
30731,0.013373
182675,0.016783
86273,0.017657
16231,0.013133
30492,0.010363
216521,0.016342
119819,0.019259
93843,0.012924
53515,0.012044
77894,0.016849
182346,0.010838
219911,0.013495
198420,0.012981
125386,0.025256
45400,0.017025
22671,0.012816
42042,0.015043
188547,0.013397
49115,0.018553
110294,0.027635
142312,0.012798
140604,0.016552
110483,0.015579
33267,0.018956
101545,0.022075
27823,0.016824
230404,0.020999
191423,0.021382
57320,0.018564
2736,0.012181
214827,0.016622
132240,0.024575
105748,0.011179
48566,0.026676
172933,0.014995
249199,0.021823
202326,0.018089
56799,0.018282
28109,0.020774
211018,0.017468
132316,0.016974
245203,0.024084
246471,0.019354
100202,0.013894
212114,0.019596
58151,0.017746
203275,0.014734
124498,0.024637
29195,0.014334
227328,0.010554
154543,0.018131
77807,0.013655
25869,0.019471
149601,0.019431
227111,0.016866
181257,0.011121
26650,0.018182
245071,0.016737
89021,0.019085
156868,0.016221
216018,0.019869
48572,0.018264
190143,0.017928
214252,0.014333
206919,0.017072
234107,0.012657
56169,0.012841
22023,0.015891
51548,0.022315
180260,0.019189
233326,0.015172
131770,0.016378
235032,0.014826
219308,0.011029
133119,0.012968
21432,0.020394
92451,0.01779
146512,0.018552
168979,0.017648
86106,0.017097
140023,0.015149
196831,0.012626
158650,0.011515
185723,0.019979
20,0.017417
143671,0.013812
212490,0.015747
122611,0.017687
157681,0.012888
79578,0.016115
145185,0.019547
72468,0.023412
131046,0.013989
167469,0.017197
7024,0.010258
195646,0.013618
149412,0.020008
40404,0.018351
172275,0.012129
89659,0.015856
84896,0.016698
158894,0.011662
11697,0.016951
25653,0.01726
202446,0.017055
33188,0.01304
158345,0.016796
206187,0.019146
42199,0.023656
62496,0.012687
241739,0.017068
40861,0.012104
185238,0.016461
79280,0.022449
50307,0.018442
142816,0.018413
181980,0.01489
225792,0.010091
38512,0.020297
229545,0.025139
103111,0.016859
157554,0.01599
134311,0.017699
197680,0.011156
108474,0.014924
58492,0.021638
210636,0.018464
46122,0.013552
224068,0.017533
26484,0.011833
159537,0.016654
144352,0.018881
121523,0.013071
156006,0.013515
102578,0.020238
203688,0.015851
67839,0.016415
239341,0.02118
32360,0.012939
113634,0.018758
145331,0.012751
226228,0.01425
20361,0.016392
210513,0.017435
52901,0.010871
33070,0.015253
241820,0.016718
1579,0.012507
248202,0.012269
34368,0.01712
235771,0.018886
178335,0.019568
53912,0.010333
64149,0.013486
102819,0.018166
206763,0.021114
169684,0.022911
169117,0.01614
181956,0.013334
21048,0.019273
125598,0.015527
51252,0.013163
90451,0.018408
4646,0.02001
90613,0.015694
59284,0.015432
115735,0.014867
192695,0.01574
43728,0.024053
46827,0.015664
152623,0.013868
220775,0.01601
127321,0.01628
60374,0.019686
49032,0.018789
170223,0.014084
28493,0.019436
182148,0.01239
53225,0.019471
220029,0.010439
200357,0.014475
67799,0.016303
6710,0.02273
176263,0.019201
225776,0.010405
204435,0.010581
77094,0.014736
143957,0.013795
60949,0.010521
73089,0.017017
247595,0.014824
59878,0.012018
26048,0.019609
110221,0.012254
847,0.012442
74845,0.018852
68238,0.014263
192892,0.017258
23098,0.012569
224494,0.017518
169725,0.017231
183118,0.01216
211079,0.014538
233383,0.01689
103606,0.018383
158449,0.014868
8412,0.013902
130307,0.014487
166025,0.012251
66397,0.021581
40361,0.010352
24323,0.009121
215334,0.020547
143563,0.018454
45075,0.017296
122694,0.014559
32151,0.01432
65125,0.021724
69298,0.01909
162524,0.033887
249893,0.014456
19927,0.021044
143324,0.01385
129230,0.019737
69170,0.016128
14038,0.022037
147302,0.019634
150350,0.01383
23808,0.015525
74217,0.014658
223706,0.017599
6176,0.019315
241681,0.009331
169715,0.025018
156022,0.012758
146009,0.013354
72998,0.012661
227946,0.020793
95938,0.019084
127812,0.015785
75745,0.013982
228330,0.024757
47340,0.015398
107825,0.018874
140773,0.017273
65814,0.020045
209975,0.019032
26175,0.020581
17525,0.014314
125012,0.014933
195574,0.016446
20682,0.015048
84940,0.017159
115299,0.01381
104420,0.012242
9417,0.012651
73445,0.015892
80022,0.022107
162318,0.016727
117664,0.018135
195146,0.015933
154213,0.018225
198579,0.016526
161277,0.015151
121098,0.016985
170520,0.014842
226029,0.012248
154720,0.01221
145763,0.019995
236844,0.014265
211947,0.013919
108946,0.015535
186021,0.016476
224947,0.01349
6904,0.011116
53620,0.016914
238060,0.017254
233585,0.017049
158798,0.012352
229582,0.020638
224482,0.014978
109469,0.024085
137306,0.010746
244428,0.022747
220225,0.012629
133889,0.01432
76312,0.01242
66058,0.021782
10088,0.010154
38922,0.014191
184430,0.011863
16635,0.01637
93008,0.018333
93056,0.010588
202468,0.018573
245209,0.026942
163856,0.016185
193844,0.023307
58506,0.019942
242654,0.01563
32969,0.01736
234037,0.015072
90907,0.01876
188847,0.012309
81866,0.018805
54027,0.015969
2998,0.02044
115591,0.018405
229606,0.012303
157442,0.011058
134855,0.021902
184841,0.012704
84286,0.01163
173649,0.015756
98939,0.014947
65134,0.01519
35012,0.011952
60368,0.011987
86378,0.016562
64610,0.017589
162520,0.015436
38619,0.010318
101842,0.013479
183629,0.017657
121555,0.016653
79715,0.021078
162761,0.016175
232457,0.017726
224218,0.019392
90249,0.012698
93801,0.020959
200337,0.014061
74083,0.016084
81313,0.016199
226170,0.016953
141461,0.018769
16931,0.018143
59572,0.019902
125260,0.013163
5362,0.019371
163089,0.021154
159204,0.012692
50720,0.017722
176454,0.017932
168765,0.011577
64679,0.017597
85800,0.015137
167168,0.023448
24447,0.012241
197415,0.013341
174800,0.01773
235021,0.015239
111445,0.021025
216278,0.018158
134664,0.017652
141805,0.015031
141191,0.015436
73972,0.011913
92595,0.015595
247757,0.014705
115138,0.014592
130629,0.016353
152958,0.011092
74745,0.016574
84409,0.011412
68609,0.019587
36005,0.012159
66907,0.018785
247409,0.018
90813,0.014268
122858,0.019709
178257,0.012517
109521,0.019102
19556,0.016293
184312,0.017479
124621,0.019859
7827,0.015953
183383,0.015373
22947,0.012874
87203,0.020091
192856,0.021884
175777,0.015536
117013,0.022371
119091,0.014582
215900,0.013024
74753,0.019557
21385,0.019143
103849,0.016615
109991,0.017868
230713,0.021223
246075,0.016479
3448,0.020407
101262,0.01809
91462,0.015392
161789,0.020087
12749,0.017724
214116,0.022669
182613,0.016082
172782,0.017829
159608,0.014608
118672,0.015587
109366,0.013765
240211,0.010762
26066,0.013094
103052,0.020975
79833,0.019385
178424,0.017043
189468,0.016095
73749,0.025239
76284,0.013629
211836,0.010288
173194,0.010183
138159,0.016943
19125,0.017802
224755,0.011615
205989,0.016716
210501,0.017253
143178,0.01363
95400,0.024909
94938,0.020117
173498,0.015326
90591,0.016941
147774,0.0184
210817,0.015629
78178,0.019886
97781,0.017511
71929,0.015764
191403,0.016053
3836,0.019242
32755,0.014313
94497,0.018604
175000,0.019658
201342,0.02476
128207,0.018474
198432,0.019771
161369,0.013471
19142,0.018674
74995,0.020843
86226,0.01684
194612,0.014373
91721,0.014934
219070,0.014775
4619,0.012926
161108,0.018244
97566,0.01967
135561,0.015358
126724,0.022392
119638,0.01851
175523,0.017433
32528,0.011669
232986,0.017745
33995,0.015796
163526,0.016246
122569,0.018112
161198,0.020202
70523,0.017069
176532,0.015899
132674,0.02023
143063,0.019311
191767,0.016239
6375,0.018913
228022,0.011484
93106,0.015818
7701,0.023914
174277,0.01029
152079,0.017093
235128,0.008565
239893,0.015805
239745,0.021431
198297,0.012831
194815,0.01498
155652,0.020564
204990,0.01683
199046,0.017806
160547,0.016022
129067,0.019048
56791,0.015783
112116,0.01926
46836,0.01318
248278,0.015746
49407,0.016492
150105,0.011084
126125,0.018217
225873,0.014865
20740,0.016375
10473,0.014161
52105,0.0177
226816,0.012551
152844,0.020189
163737,0.013048
1152,0.014524
30067,0.015109
163845,0.015555
84969,0.016378
141331,0.015951
39531,0.016452
71470,0.023685
18258,0.015581
181386,0.012923
116815,0.021038
153910,0.016587
171544,0.023209
43045,0.015741
111094,0.022111
99257,0.015308
161868,0.025319
28431,0.021893
82697,0.018164
135056,0.020257
116012,0.015596
60971,0.016945
78411,0.01395
88383,0.018313
1014,0.016302
60910,0.016511
225468,0.020208
127601,0.018246
126468,0.018996
242517,0.012184
244875,0.015463
109010,0.010936
98699,0.016856
191735,0.012195
128020,0.022276
43646,0.016906
100245,0.01395
94284,0.018534
99772,0.013853
180908,0.013155
82399,0.020292
156932,0.013552
196819,0.010975
95512,0.018991
35954,0.023939
74305,0.010117
222094,0.012869
107318,0.017968
243221,0.01353
80300,0.012191
23627,0.009846
2462,0.017562
41126,0.018806
150868,0.010853
77600,0.012893
218117,0.012999
186114,0.016587
147272,0.021649
208856,0.011283
23575,0.013133
234961,0.018156
82178,0.017658
58956,0.013632
232721,0.018953
119383,0.0185
180317,0.021912
141253,0.014669
94817,0.020446
34846,0.018825
191309,0.01302
64681,0.014425
180195,0.017406
154004,0.024445
233495,0.013778
100401,0.011349
179611,0.019175
104202,0.016726
219171,0.009208
141183,0.010385
22279,0.013809
118603,0.016546
58604,0.015803
71984,0.014706
137979,0.014654
151208,0.009735
151102,0.01425
34845,0.01873
209845,0.012332
1450,0.017626
238464,0.016991
216477,0.025016
77529,0.011044
85810,0.018245
85740,0.019249
82296,0.012827
207646,0.039658
62216,0.017274
23971,0.012159
111955,0.013745
71140,0.019323
46388,0.009639
211761,0.018048
149564,0.010203
74135,0.017212
13400,0.019155
4287,0.018638
80997,0.019756
119965,0.019197
102167,0.018096
262,0.018736
139571,0.012193
66346,0.019428
87898,0.021359
210577,0.01995
182184,0.015256
152068,0.01039
153176,0.017227
174163,0.015081
150810,0.00975
209501,0.014299
186276,0.018741
149688,0.012985
126406,0.022121
55416,0.012442
141723,0.018799
171930,0.022248
37320,0.014121
134460,0.022771
81508,0.01077
43675,0.015171
51816,0.021298
235485,0.012282
87118,0.016826
216220,0.016149
124256,0.015186
177009,0.014473
19225,0.015422
214893,0.018571
120947,0.017356
28611,0.018764
81951,0.018871
246388,0.011265
176574,0.01453
84524,0.011894
28677,0.023265
25258,0.011344
183076,0.024543
193176,0.019311
73273,0.019851
165880,0.010313
26721,0.012191
78564,0.015817
209949,0.018249
96003,0.018684
129836,0.011516
136897,0.016999
153443,0.013452
18783,0.015265
78671,0.016169
194161,0.018053
27576,0.015085
198597,0.019821
154261,0.018173
239312,0.015825
121016,0.016811
217107,0.017075
217276,0.013102
41225,0.014697
170183,0.016048
9393,0.012356
8946,0.014371
107788,0.015566
27971,0.019085
41798,0.012339
67049,0.018762
68286,0.019482
166935,0.012689
85706,0.016924
34625,0.01942
173987,0.017355
187623,0.017735
168042,0.016799
91126,0.012348
83417,0.011629
249604,0.012455
204689,0.023951
106368,0.01816
219418,0.012877
88199,0.014333
249382,0.013671
19803,0.015111
80542,0.017233
249034,0.009129
244047,0.017363
132784,0.020221
224674,0.01952
188278,0.010679
184529,0.021144
169411,0.020779
27456,0.021411
43896,0.017538
176343,0.019635
159449,0.018225
45246,0.013013
214614,0.019453
26967,0.014662
124158,0.018548
158953,0.017469
234202,0.009418
108992,0.024678
196264,0.020062
128482,0.013129
106544,0.01267
64616,0.013156
127593,0.014444
190790,0.01679
211986,0.015313
195980,0.013433
183236,0.011141
62061,0.025171
35030,0.023028
156895,0.019915
238724,0.017532
181371,0.017283
237275,0.017942
179219,0.013785
153634,0.020547
103001,0.016784
91015,0.014169
102967,0.018164
25412,0.014838
112538,0.012362
63150,0.024028
237952,0.016805
219776,0.015942
190407,0.020665
218418,0.018925
40989,0.017336
199829,0.018234
25267,0.012054
74533,0.022486
212783,0.013439
210263,0.019046
231423,0.019777
151423,0.01727
133730,0.0178
199709,0.014028
9693,0.014954
31820,0.015798
11108,0.015512
106757,0.010648
207462,0.018643
72875,0.01796
72841,0.02464
193130,0.020128
59421,0.015768
203259,0.012264
27461,0.016134
8977,0.013363
96104,0.021814
94602,0.015443
4916,0.02877
4569,0.013157
111362,0.022423
99489,0.013979
168776,0.018843
99338,0.018307
115894,0.013531
53290,0.017898
171221,0.017489
218588,0.011248
222874,0.024116
52519,0.020766
189932,0.017555
208695,0.013176
164099,0.016685
5526,0.022459
242374,0.0159
52641,0.010143
110017,0.019211
125936,0.020651
135417,0.01252
4547,0.020046
185410,0.020273
156246,0.013389
22610,0.015804
53712,0.00996
166414,0.011019
233997,0.021739
127749,0.013982
77867,0.012647
154048,0.020989
184703,0.019698
23053,0.013203
229741,0.019472
239968,0.013213
174032,0.014868
33093,0.013298
19601,0.019415
225552,0.018965
84310,0.015375
38018,0.015969
231128,0.01455
29596,0.019087
190960,0.014636
158792,0.013928
169512,0.018858
61111,0.015737
17095,0.017478
192180,0.027064
119086,0.019641
440,0.01953
206738,0.018223
211993,0.0102
113313,0.017273
195237,0.014324
249175,0.016769
161772,0.015382
140240,0.019915
206966,0.015738
145917,0.015799
47074,0.019774
185979,0.021476
176715,0.031344
109914,0.022476
118414,0.014895
73142,0.017077
133801,0.017482
142902,0.013519
224944,0.012952
75095,0.017672
19914,0.026047
27302,0.014927
85811,0.015365
124007,0.014252
89872,0.013261
218556,0.014522
248815,0.012315
124370,0.019253
97921,0.01276
12734,0.018732
16770,0.018314
199630,0.016922
236612,0.01618
133020,0.019119
87249,0.017443
146916,0.023704
114443,0.012905
165094,0.011815
93838,0.015928
210751,0.012426
94043,0.02259
145247,0.015541
72272,0.02255
49054,0.017241
63035,0.016351
175744,0.020888
83711,0.011084
101722,0.017467
106516,0.014468
13153,0.017952
23507,0.022043
31019,0.01784
178211,0.013645
183602,0.021655
53106,0.009369
95056,0.024299
123985,0.019421
112349,0.024209
207020,0.018604
160367,0.017036
66905,0.01672
82682,0.018044
76677,0.012239
79478,0.018963
16594,0.014787
5889,0.022166
216142,0.016573
33184,0.015865
19811,0.022905
105498,0.011361
145603,0.011862
176404,0.012745
191117,0.020754
114366,0.014322
47325,0.016075
207706,0.022167
50717,0.016885
122060,0.010019
73982,0.016419
114542,0.02026
45257,0.015877
82054,0.013484
126736,0.017534
78085,0.019703
143440,0.016136
88944,0.016113
129380,0.013172
199731,0.020596
110107,0.016573
99813,0.016375
84082,0.015158
217456,0.015761
153978,0.013716
69039,0.012112
157812,0.014329
204851,0.012277
236267,0.013334
225650,0.015587
237863,0.01478
168316,0.01226
176266,0.021877
121932,0.019105
246920,0.022245
37475,0.024601
25670,0.014037
122536,0.01633
178761,0.014631
143726,0.012323
217713,0.018233
124746,0.021262
59594,0.020208
178755,0.016699
249010,0.017749
218333,0.016334
235587,0.016397
53267,0.016962
177026,0.016518
128950,0.011989
13045,0.01896
38650,0.013259
249374,0.01637
198575,0.016755
165401,0.017356
115364,0.018567
157950,0.010469
154745,0.020844
181444,0.018597
204125,0.013202
130866,0.013612
199986,0.017868
66788,0.022152
115171,0.015416
51168,0.021694
131787,0.023833
50590,0.023983
207496,0.018216
227310,0.011435
122959,0.019529
108470,0.014694
140453,0.013302
16183,0.014206
23014,0.015929
180728,0.016731
74962,0.012684
131851,0.015452
173338,0.012209
230138,0.024456
109629,0.023243
32093,0.019745
196579,0.012943
59092,0.016363
65937,0.021173
215486,0.017133
182812,0.013065
81632,0.014787
33347,0.016402
47091,0.017783
75855,0.018208
237563,0.016551
138379,0.023559
168188,0.025224
25757,0.012195
108488,0.013529
249945,0.012937
141592,0.021424
49196,0.017366
94397,0.019188
50518,0.013378
227413,0.015236
199782,0.016665
95466,0.015843
149236,0.020907
13416,0.017196
55574,0.015783
26239,0.016605
148281,0.014
34540,0.018261
122969,0.018498
65717,0.018642
110095,0.022882
28544,0.013604
74966,0.019964
123145,0.010948
29722,0.014055
28153,0.018274
186902,0.016426
5616,0.019963
155118,0.017305
14475,0.023569
34792,0.021938
74389,0.016157
54128,0.015087
43463,0.018942
167345,0.01847
125830,0.016264
168172,0.010475
148976,0.018408
129273,0.015581
86125,0.017737
213788,0.019322
161303,0.017798
233079,0.015748
178100,0.016582
173291,0.021057
227724,0.021453
102759,0.021318
77001,0.016055
238196,0.0138
191420,0.018584
95493,0.014194
8917,0.014268
62340,0.022493
124995,0.020312
123139,0.013981
118207,0.018775
13284,0.020303
69749,0.016929
145748,0.018926
78158,0.015231
119357,0.017188
197476,0.017757
69997,0.017494
90082,0.015473
37416,0.013837
58632,0.015273
194507,0.012464
147166,0.015716
110178,0.018836
20831,0.021689
135882,0.015591
76716,0.015264
46158,0.019846
235041,0.017817
148308,0.025137
203830,0.015666
113428,0.016398
52776,0.01664
224492,0.021989
149593,0.015591
228081,0.019021
71755,0.01483
233419,0.011627
236311,0.017161
105325,0.014489
72611,0.018989
103866,0.019198
127649,0.019001
148693,0.022974
209955,0.016337
147338,0.020173
29561,0.017858
234977,0.017418
145330,0.017907
203902,0.012528
116669,0.01641
210313,0.015701
6877,0.015786
226083,0.01615
28851,0.01923
100908,0.013371
186539,0.017573
73652,0.018032
247848,0.01758
41127,0.018282
217584,0.019891
3863,0.019872
91868,0.011113
102222,0.013197
173372,0.014003
11972,0.019684
207832,0.013149
6757,0.016467
226153,0.011044
164194,0.028495
55387,0.011898
188688,0.016128
3013,0.014658
68872,0.017874
222536,0.02172
63391,0.013382
241075,0.016072
90676,0.011457
36074,0.012396
108118,0.01817
82341,0.023285
136513,0.016759
182084,0.011555
113933,0.016798
112002,0.019957
236077,0.020612
26749,0.01441
50458,0.01954
2056,0.019244
180516,0.020257
140252,0.016964
24872,0.018428
148828,0.021587
80967,0.016108
225713,0.014097
149329,0.015764
1622,0.011954
78285,0.019891
102642,0.023348
245970,0.018135
150264,0.01529
233042,0.016377
200990,0.017868
150244,0.015937
78627,0.012458
211140,0.01343
5775,0.01998
100581,0.026874
104912,0.018123
73778,0.012814
151987,0.00893
78560,0.011063
8692,0.011996
76368,0.019254
122826,0.019788
165616,0.01581
35171,0.013781
16026,0.014693
32623,0.016699
97200,0.020676
3605,0.014327
47667,0.012333
184823,0.021631
6162,0.012994
97757,0.012973
165653,0.014157
165152,0.01544
69302,0.012618
89362,0.015132
30052,0.018618
235034,0.015691
107581,0.013888
189389,0.014387
101361,0.020604
233080,0.017712
81034,0.015651
128425,0.011351
167828,0.012083
54834,0.016081
15002,0.015754
160565,0.015711
235484,0.01563
48429,0.023159
244253,0.02362
249666,0.015865
100317,0.014811
335,0.015673
146577,0.012201
48183,0.011058
211400,0.014937
67649,0.014612
178253,0.024001
90280,0.013325
212582,0.01625
111268,0.02657
119192,0.020137
204694,0.013841
21808,0.013895
170189,0.011935
84511,0.016403
76838,0.013973
34565,0.020811
6514,0.02298
176114,0.022125
154436,0.021547
12362,0.024729
211358,0.012822
235224,0.019633
212992,0.020934
166773,0.015529
219573,0.010925
46219,0.010417
52663,0.012068
195975,0.009734
43903,0.016445
93503,0.018659
161700,0.020279
28159,0.011157
33452,0.022043
65562,0.015692
109739,0.028069
205733,0.015272
12552,0.021352
236809,0.021873
233656,0.015889
118336,0.022615
196665,0.009727
3743,0.020049
96645,0.020934
171721,0.017549
185254,0.023744
47528,0.017168
56503,0.019642
147244,0.021399
61855,0.012756
41899,0.018503
231207,0.019424
193272,0.017371
2901,0.017513
18413,0.019608
140995,0.022627
241387,0.015857
136559,0.032565
64582,0.019056
215341,0.017353
162594,0.021342
132692,0.017147
147512,0.021941
39903,0.014418
148589,0.018826
178228,0.023286
160373,0.014251
108062,0.013979
84111,0.01544
243148,0.015355
170515,0.023563
2154,0.013921
237872,0.012875
92504,0.012742
40562,0.015894
222612,0.015094
52365,0.019173
38546,0.01578
226866,0.012375
243764,0.019908
90631,0.015151
35648,0.019799
47440,0.0119
66048,0.018071
96976,0.02006
187195,0.021753
100052,0.018777
44232,0.017579
62511,0.016401
196809,0.016156
243189,0.01176
74354,0.018648
71860,0.021036
222003,0.011329
41788,0.019609
105474,0.016529
7600,0.011989
60731,0.013602
182585,0.014888
204484,0.016045
192522,0.014861
220768,0.015191
27831,0.015254
157217,0.016553
123546,0.01707
184360,0.011935
153544,0.016791
119630,0.017297
117848,0.019502
28312,0.02237
147185,0.02364
79567,0.015475
94192,0.015033
175650,0.016552
44871,0.017494
77101,0.013183
156856,0.019901
152398,0.015288
50639,0.018784
222571,0.023034
83522,0.015116
212089,0.01553
235904,0.016318
143766,0.015222
65944,0.020333
131539,0.018597
8008,0.018494
157671,0.015543
164673,0.014217
180505,0.014343
58019,0.02221
150233,0.022084
205244,0.01801
226345,0.012842
71971,0.016797
225554,0.017588
17304,0.015285
193322,0.0134
3147,0.017947
216013,0.02113
174179,0.013453
245990,0.019465
16718,0.013448
234972,0.012682
4725,0.017045
79453,0.020804
99613,0.015044
233847,0.016199
18484,0.011956
195656,0.013904
147128,0.021855
10574,0.020163
222248,0.022968
59245,0.014126
132082,0.019986
7204,0.013211
61399,0.01893
170822,0.017311
111946,0.014363
74365,0.020993
96860,0.020893
202588,0.01128
243828,0.014607
10751,0.01893
30342,0.017493
70948,0.017603
229655,0.016737
31363,0.016817
99630,0.016672
198777,0.018703
102239,0.016807
180552,0.019123
51111,0.01478
186137,0.018045
200696,0.015654
88129,0.018877
227533,0.018133
228416,0.014718
106480,0.016841
46538,0.015552
56636,0.01996
13539,0.017469
130979,0.01825
9289,0.013319
130283,0.016514
151251,0.01448
87199,0.020066
243621,0.015667
234334,0.016986
117802,0.01501
196690,0.012931
94026,0.014946
136381,0.017276
90482,0.019374
181414,0.010813
45649,0.017373
221508,0.014094
231552,0.020126
67995,0.010505
44671,0.014996
126111,0.017969
93334,0.020898
77877,0.018157
47044,0.012421
56233,0.015881
74690,0.018742
141819,0.014376
130752,0.01792
70500,0.014317
13337,0.018668
82441,0.014696
9678,0.013356
193587,0.023134
202998,0.01172
59516,0.01599
195902,0.012353
180313,0.016033
223059,0.023748
35827,0.014176
172404,0.017092
234161,0.018737
113676,0.017021
236507,0.026449
229956,0.021113
165566,0.010664
95121,0.014292
163411,0.018521
170322,0.012277
147845,0.023238
218313,0.018032
245390,0.019664
223368,0.027914
153144,0.01256
142590,0.017514
36124,0.021761
195172,0.01125
11440,0.013185
157886,0.02277
2211,0.018284
8162,0.012799
122630,0.017018
40233,0.018575
154250,0.013787
79770,0.02115
103414,0.01581
68513,0.012642
108629,0.018526
158018,0.010373
24183,0.018363
227264,0.014942
66450,0.0215
63615,0.020039
21813,0.020753
79860,0.023408
184905,0.014505
198278,0.018642
130419,0.014263
110092,0.019506
9611,0.013102
179354,0.017448
249743,0.012851
28127,0.017369
200281,0.018541
172739,0.017144
68438,0.014843
230322,0.020454
20928,0.022649
99975,0.022044
201743,0.014248
4147,0.018086
147473,0.016979
119592,0.018034
214204,0.016007
38960,0.015865
14735,0.020554
210154,0.015389
32368,0.020798
90403,0.016823
46955,0.018189
228377,0.016408
181917,0.017527
133045,0.015779
35858,0.017213
108371,0.018507
18049,0.015192
191581,0.018286
207815,0.012075
191743,0.015128
142708,0.019771
49291,0.013037
26032,0.016727
84669,0.012042
49691,0.025453
3020,0.022272
195585,0.011207
81482,0.018191
144892,0.0198
199849,0.029002
42849,0.01929
37488,0.012827
548,0.015936
197671,0.014229
25867,0.011316
153950,0.015837
97223,0.021647
175502,0.016003
90181,0.016391
174288,0.0119
155685,0.023559
44762,0.012638
85221,0.013066
5086,0.020206
132325,0.018718
72928,0.019356
165560,0.01597
95107,0.019943
176553,0.013378
249973,0.015146
133335,0.011395
21597,0.016643
121894,0.014295
86400,0.021836
136587,0.0187
146044,0.018989
165683,0.014605
176796,0.018903
50832,0.022194
70713,0.019399
114697,0.017041
81329,0.02472
10582,0.017822
28621,0.01875
27968,0.018805
104563,0.019568
184977,0.015445
141113,0.020336
197693,0.016029
115388,0.013179
108592,0.016579
90805,0.017425
156402,0.02313
233975,0.01053
190611,0.01193
87688,0.020003
234309,0.011117
176192,0.016043
171184,0.022004
125413,0.014912
249969,0.013248
212414,0.010763
302,0.020286
80478,0.020867
72984,0.021284
209871,0.027713
164187,0.012492
83350,0.015673
125749,0.015301
97503,0.016752
81511,0.015425
145362,0.01572
159242,0.018189
42766,0.021356
183272,0.015653
25803,0.013445
120221,0.011595
30248,0.013602
146624,0.017904
231076,0.02152
20969,0.017545
46866,0.020851
118537,0.023792
232273,0.017119
95196,0.013427
112064,0.009326
240747,0.019559
243286,0.018791
82552,0.014189
24778,0.018679
239016,0.013988
127679,0.014995
128112,0.013983
62416,0.012062
163869,0.015961
92883,0.014878
114535,0.013726
154627,0.018547
238552,0.01824
17487,0.014567
26694,0.01515
135575,0.017714
219487,0.010336
157430,0.018412
118381,0.019042
162791,0.023054
141932,0.018356
111331,0.018659
238017,0.016254
173223,0.018805
117782,0.015952
113366,0.009903
42091,0.023654
182392,0.01227
69335,0.019745
97445,0.01538
163730,0.014759
241855,0.012659
7753,0.020399
154464,0.016691
154516,0.011371
72034,0.013899
151749,0.014678
147762,0.017646
141251,0.016195
156725,0.019302
167013,0.012723
38611,0.010684
120991,0.015424
91,0.022966
178013,0.020816
51477,0.019455
241193,0.011866
160617,0.014586
228993,0.013973
13093,0.018044
46043,0.014256
233946,0.014891
165377,0.018493
157513,0.016935
99894,0.015474
135800,0.017344
49124,0.014785
112456,0.01851
213376,0.020914
70143,0.012508
145222,0.017798
212510,0.020385
214151,0.016969
239803,0.016167
169588,0.016807
199349,0.013744
164390,0.017802
136634,0.013428
116395,0.018251
201899,0.020729
70221,0.012835
2187,0.016764
151135,0.020595
20943,0.018756
89929,0.018756
172920,0.013056
93839,0.017659
205450,0.011194
119702,0.014334
151182,0.013506
162979,0.014776
221300,0.013705
33763,0.020802
112932,0.01286
133789,0.017736
1886,0.018274
95156,0.02175
80792,0.022109
121741,0.015383
157635,0.019405
184250,0.019661
191440,0.0115
71039,0.014709
30804,0.012818
214839,0.017028
25898,0.018081
139161,0.022777
90285,0.01856
121837,0.017377
22486,0.01492
21485,0.022155
202645,0.014807
103745,0.020393
81926,0.013182
209792,0.016767
64050,0.019347
155348,0.020525
50469,0.018464
30467,0.013097
211930,0.009793
54725,0.016734
64076,0.011658
53704,0.011202
164821,0.014122
86148,0.015845
80813,0.015199
237276,0.013372
234389,0.014185
186424,0.017496
524,0.02953
223661,0.018661
14654,0.018502
59939,0.021375
80983,0.018847
54186,0.016837
28418,0.01524
26214,0.011178
230206,0.016845
212589,0.01612
13868,0.015466
56026,0.022182
119628,0.012953
130269,0.017757
12928,0.016972
105728,0.013631
138391,0.020986
98539,0.014526
31945,0.018359
130488,0.018212
190200,0.012809
221198,0.016164
57231,0.012665
167041,0.016389
231040,0.021471
25721,0.019326
218840,0.014807
192725,0.01611
12230,0.022459
115707,0.016511
147175,0.016717
38533,0.018951
181748,0.017142
140702,0.016877
71517,0.01703
161666,0.018571
125381,0.017005
205396,0.012902
95986,0.012403
7175,0.010018
80508,0.021363
101508,0.015849
8491,0.012977
187965,0.017484
130004,0.018171
132081,0.014383
155386,0.014165
161653,0.013986
172084,0.013446
20086,0.019612
109815,0.023005
158836,0.012828
16241,0.009685
36579,0.020344
112844,0.018132
173342,0.012385
111397,0.029287
83355,0.014976
204749,0.012066
38876,0.01806
209103,0.019783
135264,0.018849
175145,0.0174
146071,0.018217
163150,0.014228
82765,0.013396
79380,0.021984
57756,0.011297
186022,0.023818
213984,0.012716
37896,0.01536
91025,0.009658
191098,0.016257
220738,0.012232
120913,0.019109
145644,0.022705
189202,0.010772
182846,0.019166
62151,0.016456
64383,0.018229
24002,0.012587
16739,0.00984
236066,0.010743
130691,0.017584
162866,0.012795
228515,0.013253
220517,0.017011
105960,0.017162
2214,0.015438
161456,0.020169
143016,0.016917
248656,0.012368
195086,0.021206
101013,0.015152
129874,0.018373
98076,0.015403
227793,0.014932
138959,0.020238
70155,0.015832
80274,0.021155
83890,0.015801
226728,0.012168
4119,0.019348
38599,0.013582
128523,0.013634
65006,0.013883
163825,0.0225
194080,0.017346
229254,0.018558
153283,0.014181
123951,0.020632
91861,0.013279
182915,0.018091
230556,0.020107
229989,0.009663
183732,0.017951
50762,0.01728
245473,0.027933
68658,0.010386
43776,0.015105
102964,0.018489
88775,0.019486
168762,0.012076
92606,0.012269
112178,0.018549
249487,0.012082
30080,0.015551
158269,0.016482
25422,0.019078
67224,0.010759
31643,0.009615
241970,0.010634
62582,0.014921
6026,0.013226
217598,0.0184
150804,0.016444
45824,0.018714
61204,0.013881
198439,0.016543
51291,0.01479
6814,0.016913
238977,0.02103
74878,0.019768
127274,0.013991
246932,0.018937
12351,0.019332
198038,0.015636
221801,0.017239
154610,0.015837
101809,0.016713
53918,0.01263
8059,0.014924
27336,0.020377
208731,0.01859
168078,0.013579
20288,0.025233
144910,0.017335
61392,0.01308
51825,0.025169
55760,0.016904
168707,0.015558
118343,0.020769
197995,0.015604
152681,0.01246
38775,0.01291
133999,0.016282
221374,0.020401
97704,0.011711
182326,0.013737
132088,0.01431
176526,0.016356
142676,0.018021
197241,0.014261
25610,0.015823
6664,0.024707
160041,0.011396
33353,0.020988
99450,0.014515
58787,0.022307
54595,0.015394
31285,0.019634
118986,0.01229
212881,0.020601
144903,0.016504
2391,0.014271
18132,0.018029
237212,0.0184
144119,0.022528
8187,0.019725
85281,0.010658
149808,0.021873
165470,0.019221
132688,0.016735
63814,0.018985
76026,0.011968
16585,0.011111
42585,0.022848
164718,0.01753
107808,0.018548
103272,0.02138
37951,0.010038
50137,0.018067
74087,0.016666
242678,0.013311
206108,0.013338
156478,0.012755
83066,0.017047
103025,0.013559
228046,0.015934
68986,0.017343
120365,0.0104
229238,0.020012
52249,0.01642
92336,0.01052
194238,0.016401
168180,0.013689
179257,0.013539
140040,0.022058
159146,0.011197
2838,0.01636
149387,0.01637
28118,0.021696
25734,0.020638
248876,0.013637
167300,0.017295
68768,0.014199
109889,0.014723
111639,0.013453
41280,0.018128
208053,0.019001
178813,0.019685
225439,0.022304
4198,0.015963
158845,0.012566
174726,0.015276
141166,0.018547
21698,0.014544
160072,0.017143
26237,0.015227
90315,0.013757
106395,0.013622
149014,0.018368
60246,0.013783
166346,0.013325
83032,0.015955
13673,0.016388
117458,0.019229
128644,0.018978
159963,0.016234
71736,0.021941
246326,0.020214
97431,0.01496
159175,0.012342
40816,0.019244
182041,0.011571
154114,0.014533
117121,0.014134
236967,0.017059
71289,0.017791
183021,0.010772
71690,0.017335
39040,0.01732
97749,0.014585
6380,0.01884
112406,0.009842
5720,0.014664
70421,0.014029
70812,0.019447
4,0.014936
60280,0.014113
175204,0.028561
45534,0.018434
196432,0.013975
156623,0.017161
116546,0.022374
135835,0.015328
129656,0.015517
106233,0.007799
196944,0.014369
202463,0.013063
166747,0.018712
135404,0.011717
214012,0.019119
73330,0.020276
14902,0.016003
239899,0.018267
48015,0.011018
208600,0.011308
104757,0.01593
39595,0.015577
99074,0.012558
153059,0.017473
49674,0.010786
94339,0.015922
227909,0.016136
27018,0.015735
167239,0.022918
58800,0.022408
224336,0.016376
199479,0.014936
148918,0.015329
96778,0.014095
247427,0.013436
37576,0.021355
147381,0.018096
142709,0.014308
201719,0.020217
205214,0.016113
61996,0.01486
167384,0.014797
63191,0.019938
114349,0.009428
22525,0.018138
126263,0.016566
30516,0.01292
103759,0.01726
159223,0.016914
59387,0.018425
248517,0.014115
221390,0.017889
45867,0.016706
230750,0.022201
245790,0.017011
92029,0.018622
200339,0.019303
225072,0.012771
119287,0.019371
40519,0.018922
224724,0.019032
204790,0.017436
22745,0.016719
224540,0.012651
34362,0.019684
23784,0.012774
64848,0.021687
15936,0.015802
29955,0.013409
134593,0.020673
240635,0.011511
2254,0.018372
160050,0.012459
124856,0.016725
129586,0.016173
130998,0.016972
105636,0.014306
49538,0.025342
47596,0.018369
72320,0.021161
169038,0.017113
24257,0.013801
49946,0.019789
192093,0.021511
55265,0.01155
46064,0.019813
76352,0.010717
71633,0.024077
119990,0.017988
244097,0.013582
30318,0.009697
137277,0.013085
241204,0.01338
177856,0.018662
684,0.011017
121196,0.016092
239235,0.021393
4073,0.018676
206623,0.013887
225536,0.017078
50509,0.015489
215263,0.01769
182703,0.017409
200404,0.019301
241307,0.01618
75014,0.017385
107455,0.011544
129332,0.012084
149226,0.018349
242680,0.019607
76997,0.015527
116455,0.029684
151972,0.015463
246328,0.013769
23156,0.017521
207258,0.015207
55471,0.010126
87106,0.018565
86734,0.019558
214398,0.021388
20955,0.020097
82306,0.021345
167044,0.014817
107891,0.019433
26610,0.016082
95237,0.016127
162447,0.020864
176604,0.020154
111514,0.020588
15601,0.01005
70745,0.013588
186537,0.015904
223025,0.021047
2167,0.012718
161065,0.018496
219821,0.015356
230256,0.016654
48229,0.016224
84030,0.013079
183535,0.020174
189836,0.019489
51657,0.018194
159400,0.014966
183729,0.017141
167874,0.014753
147022,0.019924
32072,0.014571
181145,0.012128
216398,0.011745
164698,0.013819
237203,0.012179
116038,0.01757
75685,0.015782
189181,0.017704
33021,0.022468
200387,0.021939
157394,0.019127
67531,0.009688
32736,0.015822
196954,0.017991
167963,0.012728
171827,0.018371
136852,0.014669
196062,0.017834
138836,0.015852
227792,0.011846
249780,0.013256
166566,0.021786
85910,0.011698
106529,0.011731
24679,0.019104
78449,0.013794
61963,0.013795
120528,0.012631
247399,0.018276
209455,0.014096
98905,0.014565
27352,0.015397
164351,0.015539
177609,0.016415
118593,0.01741
76871,0.026658
232478,0.014559
101869,0.018634
106042,0.017305
145809,0.020483
135347,0.014586
168093,0.016438
232676,0.018031
241152,0.016413
172624,0.021787
212999,0.017563
225501,0.016675
185043,0.023037
174389,0.012002
209222,0.019095
56687,0.013718
34287,0.019218
208366,0.01868
201953,0.018141
45780,0.015987
148344,0.01825
185344,0.01551
211112,0.01975
91220,0.015666
88317,0.018722
151748,0.016821
219080,0.01809
182695,0.015511
228066,0.014952
10131,0.015467
173937,0.013537
33425,0.021017
105009,0.014899
54788,0.015757
198973,0.015
42451,0.018012
156590,0.01032
165909,0.013414
82194,0.022945
23446,0.016003
123721,0.015461
67053,0.017737
133826,0.017409
157116,0.015251
147697,0.020481
171758,0.01561
156870,0.022538
223122,0.017058
178918,0.013255
72009,0.017906
213148,0.00953
144759,0.011649
171342,0.016535
104716,0.017901
199845,0.023555
17649,0.013173
92811,0.017985
136584,0.011839
120973,0.013345
74792,0.018314
51620,0.016114
137421,0.015794
15411,0.014176
44432,0.016903
168612,0.016573
110651,0.022705
170374,0.018688
29685,0.011421
69684,0.01277
157873,0.015427
234685,0.014962
40445,0.012042
81806,0.019151
180144,0.011305
184632,0.019889
134446,0.020541
45970,0.013917
204191,0.019616
156202,0.013507
113323,0.016262
153906,0.016344
199208,0.011359
115471,0.019619
40372,0.020852
196265,0.015979
26683,0.02534
226478,0.016667
28550,0.011794
135560,0.017399
4237,0.017071
100717,0.009844
35998,0.027644
149550,0.018865
234080,0.013044
71575,0.02043
8440,0.019463
155734,0.011763
164870,0.012773
59527,0.012648
18703,0.017601
226090,0.013237
22892,0.014875
57492,0.016987
225504,0.011547
181206,0.013443
143693,0.024926
131610,0.017208
155574,0.016855
217291,0.022917
55170,0.019461
239769,0.018555
139182,0.021588
182643,0.013977
580,0.017794
28519,0.022392
234359,0.022723
31052,0.015317
245093,0.020593
57145,0.020724
26762,0.010646
200033,0.019466
195972,0.015403
161830,0.015724
110529,0.014199
237655,0.015496
177071,0.019143
198393,0.014936
201692,0.019351
131066,0.01621
137573,0.015617
90010,0.010047
225927,0.018468
177532,0.018112
168944,0.018478
40385,0.014698
76371,0.020217
78361,0.017613
66327,0.015628
227602,0.016329
118014,0.017283
232883,0.015058
9560,0.014804
129200,0.011894
170483,0.019003
195991,0.018032
77022,0.016431
238679,0.018833
98825,0.017763
188859,0.01509
226464,0.01736
226389,0.015543
17857,0.016458
47246,0.012981
111672,0.015114
130745,0.014922
193123,0.015532
230375,0.016602
220855,0.019829
36331,0.01564
4801,0.015904
224219,0.021273
170066,0.017478
225951,0.014567
107518,0.014262
127086,0.013063
143833,0.015539
157346,0.012766
191517,0.016647
238263,0.024988
26508,0.012494
112084,0.017458
232472,0.017277
118231,0.019816
136164,0.012475
226910,0.011282
134856,0.011453
186301,0.01787
18733,0.013748
68043,0.018051
168434,0.023844
203684,0.012976
135992,0.013609
61828,0.014396
104418,0.014546
44863,0.012174
53025,0.018177
105933,0.015274
143006,0.010496
62025,0.019126
23070,0.014956
146511,0.01357
182711,0.00935
162516,0.016937
8332,0.011165
179985,0.019551
110645,0.012764
239383,0.018897
221977,0.012626
155397,0.026166
208212,0.01645
234833,0.009335
11478,0.017949
168680,0.018119
163532,0.021243
4730,0.014921
93278,0.016819
148670,0.024304
137740,0.016855
5290,0.012836
93913,0.015943
133806,0.011773
18189,0.01568
43195,0.012416
183286,0.012246
197196,0.010685
206935,0.013885
84144,0.015417
55351,0.016759
80901,0.0238
237812,0.015928
76800,0.014893
136732,0.015966
49776,0.019677
209095,0.014745
24798,0.023449
87401,0.025407
118234,0.016466
49189,0.016307
148985,0.016292
243574,0.018002
182044,0.015661
113992,0.010524
15885,0.016203
147744,0.015051
45098,0.014965
77956,0.012199
231152,0.020722
138073,0.015847
146979,0.019494
21738,0.013825
98252,0.020098
116777,0.013808
141396,0.014473
36663,0.018368
239877,0.017899
239358,0.013697
131248,0.011209
124479,0.020902
73562,0.026355
167016,0.017564
148829,0.016794
161129,0.01894
45941,0.009936
11836,0.023064
57654,0.017612
104278,0.017683
55321,0.016651
168081,0.015984
183796,0.019593
17177,0.012816
202220,0.014697
150113,0.012218
180882,0.016057
201618,0.01864
7963,0.021879
10022,0.013909
187721,0.017175
164752,0.019207
146670,0.017455
65256,0.014909
107894,0.012964
26599,0.016433
184295,0.022438
140182,0.017145
148407,0.017883
132283,0.020263
88175,0.017365
177643,0.014063
128689,0.011641
19657,0.016717
8082,0.018531
169333,0.01707
188263,0.01464
200947,0.015735
75785,0.015208
210944,0.015329
99966,0.019741
138693,0.016545
34388,0.01909
36360,0.018416
217667,0.017428
26941,0.019055
85240,0.019725
54008,0.012832
189292,0.01348
145167,0.015231
152577,0.016895
222657,0.015587
17914,0.019518
189297,0.019418
25770,0.014317
17031,0.018961
194205,0.014535
19918,0.02196
223171,0.0117
234705,0.011561
222817,0.022119
164906,0.014282
93409,0.014323
110450,0.016508
151328,0.015048
223568,0.018237
84397,0.01043
194838,0.024145
118979,0.017955
215295,0.016178
16830,0.012081
63481,0.018587
113896,0.009815
4212,0.018793
8434,0.017939
38739,0.015711
227890,0.013545
94696,0.019973
155633,0.022759
117635,0.016421
165171,0.01407
111443,0.023489
222927,0.020755
216265,0.013335
97312,0.021736
26543,0.024341
21703,0.01815
104436,0.01518
212182,0.013992
244583,0.016022
44744,0.013416
249339,0.014847
191243,0.017702
6315,0.012691
236698,0.020255
157106,0.016114
192870,0.014754
18113,0.013492
70083,0.016061
121361,0.011035
27208,0.019602
101184,0.017156
223196,0.018914
177831,0.019881
207244,0.017646
202382,0.019673
93105,0.014175
239469,0.021664
196496,0.01857
34081,0.019117
122544,0.019922
138313,0.01321
74210,0.01287
30337,0.011839
57804,0.015374
100467,0.017297
229960,0.019969
157005,0.014197
73894,0.017258
74213,0.016475
242563,0.018363
28727,0.016713
87313,0.017932
15931,0.014941
8161,0.015421
298,0.026103
199991,0.019744
111505,0.024398
215953,0.014501
167763,0.019523
25414,0.011838
153773,0.016597
202630,0.015997
34938,0.013206
44306,0.01456
186436,0.016298
80782,0.023019
125601,0.018036
187579,0.014725
92193,0.016678
138974,0.018478
38688,0.018097
121064,0.014618
51622,0.01953
1983,0.013132
156423,0.019828
174714,0.014713
61653,0.017795
130607,0.014807
12684,0.015469
189632,0.015113
19087,0.051588
111483,0.016366
160273,0.013144
91712,0.011517
39713,0.017964
224378,0.022049
108107,0.015074
75307,0.024517
235828,0.015612
151716,0.011014
154801,0.023933
34536,0.020713
51290,0.020038
53374,0.016169
118575,0.023173
114105,0.014227
128410,0.016961
74381,0.012915
171360,0.024161
52468,0.011432
185116,0.017718
120929,0.017278
168385,0.015671
242066,0.013797
216055,0.017069
159212,0.013023
20230,0.020131
206921,0.019331
138466,0.018625
138956,0.012335
45114,0.011003
166521,0.018073
24652,0.010738
219369,0.013653
102077,0.014139
25029,0.014344
117993,0.020455
44372,0.017564
127226,0.016896
79916,0.015745
204674,0.010541
231879,0.017114
93892,0.011266
119251,0.011828
97281,0.017129
220948,0.017789
179025,0.010701
92620,0.021575
22833,0.0171
40847,0.015204
219726,0.014564
244945,0.022189
85086,0.01885
49894,0.010997
71790,0.01836
168640,0.015883
224728,0.011119
72840,0.018341
8496,0.013079
30939,0.010767
128901,0.015699
132434,0.021669
174035,0.014372
234969,0.009996
218030,0.014834
68212,0.014114
93398,0.017439
227913,0.01408
129490,0.013439
