transaction_id,label
146559,0.5
44130,0.5
186330,0.5
94174,0.5
42754,0.5
29539,0.5
78283,0.5
227959,0.5
85734,0.5
62281,0.5
97218,0.5
130812,0.5
79205,0.5
236873,0.5
72413,0.5
167589,0.5
189812,0.5
84140,0.5
46799,0.5
85574,0.5
23364,0.5
72659,0.5
23839,0.5
129247,0.5
181451,0.5
195334,0.5
96480,0.5
239065,0.5
185164,0.5
204849,0.5
217366,0.5
86375,0.5
92363,0.5
123004,0.5
177771,0.5
238771,0.5
228989,0.5
142960,0.5
80474,0.5
137844,0.5
189797,0.5
78559,0.5
142724,0.5
111711,0.5
163791,0.5
205748,0.5
9495,0.5
76725,0.5
248637,0.5
96652,0.5
192025,0.5
99498,0.5
40537,0.5
15009,0.5
76557,0.5
144675,0.5
139032,0.5
52932,0.5
45410,0.5
221434,0.5
164403,0.5
75304,0.5
179473,0.5
46275,0.5
13686,0.5
196307,0.5
178244,0.5
116960,0.5
80281,0.5
173878,0.5
191190,0.5
200652,0.5
6041,0.5
114373,0.5
211023,0.5
67456,0.5
107479,0.5
65871,0.5
107029,0.5
45706,0.5
183951,0.5
116793,0.5
191028,0.5
101247,0.5
221998,0.5
178997,0.5
210617,0.5
52486,0.5
124363,0.5
7524,0.5
64776,0.5
142791,0.5
13505,0.5
134005,0.5
162540,0.5
220589,0.5
46209,0.5
21687,0.5
245122,0.5
164694,0.5
96893,0.5
162193,0.5
203135,0.5
208843,0.5
195543,0.5
223897,0.5
48535,0.5
51949,0.5
86620,0.5
69918,0.5
95222,0.5
149984,0.5
35533,0.5
175595,0.5
54678,0.5
153413,0.5
214886,0.5
46762,0.5
60166,0.5
18126,0.5
212100,0.5
27639,0.5
185427,0.5
3552,0.5
176849,0.5
20993,0.5
3956,0.5
138017,0.5
70997,0.5
123973,0.5
40509,0.5
117264,0.5
92512,0.5
51049,0.5
104231,0.5
56511,0.5
203003,0.5
75099,0.5
145793,0.5
85201,0.5
195337,0.5
134567,0.5
89954,0.5
155265,0.5
30991,0.5
129556,0.5
239265,0.5
95581,0.5
2819,0.5
142673,0.5
63466,0.5
179660,0.5
33641,0.5
24926,0.5
22622,0.5
137891,0.5
8714,0.5
50386,0.5
42679,0.5
205307,0.5
17906,0.5
131308,0.5
151165,0.5
187006,0.5
101004,0.5
30039,0.5
79805,0.5
237080,0.5
131953,0.5
32295,0.5
204823,0.5
155808,0.5
46198,0.5
190297,0.5
12645,0.5
4469,0.5
7566,0.5
7281,0.5
101417,0.5
22961,0.5
232513,0.5
155684,0.5
156464,0.5
55033,0.5
193911,0.5
174837,0.5
54167,0.5
138179,0.5
54273,0.5
85922,0.5
120202,0.5
22807,0.5
66210,0.5
35582,0.5
58193,0.5
159059,0.5
119989,0.5
242476,0.5
24435,0.5
78831,0.5
140821,0.5
159634,0.5
146910,0.5
125217,0.5
75024,0.5
123388,0.5
36257,0.5
81902,0.5
62908,0.5
225542,0.5
138428,0.5
102619,0.5
45708,0.5
101594,0.5
110653,0.5
93192,0.5
158337,0.5
77301,0.5
54249,0.5
40081,0.5
161623,0.5
72358,0.5
187121,0.5
69885,0.5
187425,0.5
136402,0.5
9710,0.5
229135,0.5
98580,0.5
47860,0.5
128409,0.5
80084,0.5
114244,0.5
177738,0.5
2152,0.5
78960,0.5
134397,0.5
83375,0.5
55533,0.5
97231,0.5
171394,0.5
105701,0.5
43484,0.5
239107,0.5
204242,0.5
143020,0.5
156953,0.5
121392,0.5
98372,0.5
236428,0.5
205173,0.5
163744,0.5
102939,0.5
16553,0.5
8572,0.5
54799,0.5
57186,0.5
93374,0.5
67437,0.5
114427,0.5
193303,0.5
164571,0.5
171387,0.5
115804,0.5
31624,0.5
150093,0.5
45798,0.5
174103,0.5
64635,0.5
81362,0.5
63659,0.5
129521,0.5
114378,0.5
154042,0.5
65668,0.5
211494,0.5
174682,0.5
15968,0.5
126833,0.5
144993,0.5
197355,0.5
36213,0.5
79698,0.5
143188,0.5
128349,0.5
45612,0.5
90269,0.5
131035,0.5
130048,0.5
179497,0.5
213455,0.5
138521,0.5
200906,0.5
7799,0.5
24017,0.5
3312,0.5
207653,0.5
155063,0.5
130715,0.5
213558,0.5
150918,0.5
111742,0.5
91607,0.5
176510,0.5
119718,0.5
102449,0.5
18273,0.5
21471,0.5
116122,0.5
61389,0.5
83670,0.5
182717,0.5
146687,0.5
159772,0.5
181214,0.5
177964,0.5
118919,0.5
8369,0.5
146904,0.5
190860,0.5
36879,0.5
60362,0.5
14790,0.5
59402,0.5
234252,0.5
242402,0.5
118166,0.5
151858,0.5
172907,0.5
41640,0.5
106270,0.5
212057,0.5
183854,0.5
125583,0.5
183986,0.5
248244,0.5
39431,0.5
65830,0.5
65503,0.5
165292,0.5
190541,0.5
91573,0.5
193229,0.5
146953,0.5
108165,0.5
69711,0.5
208397,0.5
110247,0.5
183042,0.5
193307,0.5
90434,0.5
245938,0.5
222529,0.5
60943,0.5
130951,0.5
176321,0.5
24660,0.5
119940,0.5
222653,0.5
224820,0.5
115703,0.5
241046,0.5
94343,0.5
228359,0.5
55555,0.5
91495,0.5
162774,0.5
23365,0.5
87659,0.5
145691,0.5
72862,0.5
81725,0.5
223544,0.5
745,0.5
69531,0.5
106701,0.5
182673,0.5
54571,0.5
69295,0.5
137826,0.5
68207,0.5
7636,0.5
86154,0.5
98820,0.5
16155,0.5
54667,0.5
215262,0.5
120445,0.5
234919,0.5
79262,0.5
238935,0.5
217997,0.5
14451,0.5
172268,0.5
203181,0.5
236751,0.5
241196,0.5
180678,0.5
188966,0.5
149655,0.5
13079,0.5
102404,0.5
75768,0.5
155879,0.5
136383,0.5
235478,0.5
70957,0.5
42944,0.5
91484,0.5
61354,0.5
81647,0.5
12035,0.5
176357,0.5
245230,0.5
12192,0.5
215330,0.5
35579,0.5
221902,0.5
169113,0.5
99788,0.5
222292,0.5
23986,0.5
32851,0.5
127968,0.5
202418,0.5
244732,0.5
2108,0.5
44448,0.5
117300,0.5
176878,0.5
155435,0.5
210769,0.5
44007,0.5
7824,0.5
193300,0.5
230250,0.5
124795,0.5
176055,0.5
203757,0.5
4098,0.5
203861,0.5
80499,0.5
111599,0.5
48157,0.5
155707,0.5
139455,0.5
13663,0.5
133241,0.5
166781,0.5
174921,0.5
77378,0.5
211477,0.5
169263,0.5
75588,0.5
17242,0.5
72498,0.5
234364,0.5
165939,0.5
74096,0.5
16797,0.5
209258,0.5
109774,0.5
75431,0.5
15078,0.5
219537,0.5
8736,0.5
78127,0.5
150372,0.5
150197,0.5
2917,0.5
186408,0.5
122726,0.5
67120,0.5
147222,0.5
102574,0.5
108864,0.5
84516,0.5
111079,0.5
50011,0.5
58667,0.5
160266,0.5
99536,0.5
62966,0.5
72212,0.5
225564,0.5
87452,0.5
170076,0.5
59702,0.5
177499,0.5
89342,0.5
244217,0.5
159357,0.5
14030,0.5
18958,0.5
119564,0.5
233858,0.5
2849,0.5
88789,0.5
186088,0.5
158682,0.5
142574,0.5
41931,0.5
32689,0.5
203149,0.5
216813,0.5
219977,0.5
225864,0.5
25003,0.5
35671,0.5
155235,0.5
56541,0.5
200655,0.5
164948,0.5
21593,0.5
165367,0.5
39140,0.5
84726,0.5
61041,0.5
137718,0.5
70249,0.5
174090,0.5
139345,0.5
204603,0.5
67772,0.5
96091,0.5
111328,0.5
175256,0.5
181032,0.5
10674,0.5
242475,0.5
131920,0.5
114243,0.5
22476,0.5
200342,0.5
101507,0.5
27986,0.5
5502,0.5
239428,0.5
175957,0.5
196967,0.5
246908,0.5
24662,0.5
210761,0.5
228671,0.5
76649,0.5
128467,0.5
46383,0.5
32022,0.5
62957,0.5
167797,0.5
204300,0.5
7985,0.5
80158,0.5
190086,0.5
96037,0.5
188042,0.5
195804,0.5
74829,0.5
76397,0.5
20655,0.5
43781,0.5
224115,0.5
4259,0.5
130847,0.5
45879,0.5
52728,0.5
226991,0.5
111987,0.5
7657,0.5
65639,0.5
3370,0.5
91455,0.5
78875,0.5
159779,0.5
68246,0.5
75948,0.5
5626,0.5
166816,0.5
80154,0.5
114712,0.5
3154,0.5
140623,0.5
193428,0.5
52331,0.5
49332,0.5
212785,0.5
146732,0.5
27326,0.5
109902,0.5
52724,0.5
52571,0.5
96140,0.5
77168,0.5
171141,0.5
214804,0.5
85134,0.5
182369,0.5
139609,0.5
145156,0.5
248680,0.5
30630,0.5
224818,0.5
181783,0.5
179316,0.5
26059,0.5
38763,0.5
129479,0.5
47041,0.5
184361,0.5
235131,0.5
62589,0.5
215750,0.5
205975,0.5
216635,0.5
230372,0.5
11848,0.5
6466,0.5
4941,0.5
46737,0.5
164071,0.5
242212,0.5
160039,0.5
133371,0.5
122351,0.5
18282,0.5
116778,0.5
202792,0.5
34021,0.5
101421,0.5
23313,0.5
100115,0.5
119963,0.5
128446,0.5
96887,0.5
111934,0.5
130527,0.5
159324,0.5
83938,0.5
74552,0.5
18090,0.5
154010,0.5
41660,0.5
67237,0.5
188611,0.5
61845,0.5
110578,0.5
112312,0.5
202848,0.5
92774,0.5
221490,0.5
12228,0.5
179526,0.5
206755,0.5
43043,0.5
224249,0.5
544,0.5
226468,0.5
173722,0.5
53439,0.5
219773,0.5
206979,0.5
51155,0.5
14281,0.5
117494,0.5
126238,0.5
80522,0.5
239490,0.5
69813,0.5
123297,0.5
156166,0.5
126018,0.5
209270,0.5
215714,0.5
122524,0.5
148701,0.5
229567,0.5
124655,0.5
110194,0.5
31750,0.5
150499,0.5
231660,0.5
45050,0.5
143199,0.5
146460,0.5
107384,0.5
177135,0.5
34294,0.5
174304,0.5
101718,0.5
98568,0.5
3435,0.5
90530,0.5
213591,0.5
54621,0.5
160459,0.5
152673,0.5
213365,0.5
151220,0.5
93754,0.5
162754,0.5
236006,0.5
109256,0.5
186258,0.5
20279,0.5
72883,0.5
134444,0.5
226711,0.5
241822,0.5
41662,0.5
26756,0.5
181637,0.5
159299,0.5
46698,0.5
54772,0.5
238121,0.5
225040,0.5
29986,0.5
201335,0.5
136355,0.5
240089,0.5
238084,0.5
136400,0.5
240513,0.5
150697,0.5
29337,0.5
187348,0.5
117678,0.5
27454,0.5
219041,0.5
79476,0.5
233345,0.5
239179,0.5
127692,0.5
115654,0.5
84110,0.5
89982,0.5
90794,0.5
106427,0.5
95615,0.5
193122,0.5
210701,0.5
234896,0.5
5036,0.5
204346,0.5
77629,0.5
191013,0.5
48983,0.5
174073,0.5
35494,0.5
138563,0.5
224581,0.5
18091,0.5
34353,0.5
148381,0.5
74253,0.5
180662,0.5
82556,0.5
4959,0.5
206044,0.5
126292,0.5
230078,0.5
195791,0.5
217108,0.5
43080,0.5
86864,0.5
45541,0.5
60345,0.5
229265,0.5
89140,0.5
77166,0.5
92030,0.5
238478,0.5
93239,0.5
7136,0.5
42843,0.5
61252,0.5
8664,0.5
105495,0.5
210783,0.5
214188,0.5
243310,0.5
38923,0.5
48633,0.5
129359,0.5
178215,0.5
209745,0.5
93830,0.5
195127,0.5
75810,0.5
1720,0.5
118934,0.5
113071,0.5
210055,0.5
151760,0.5
5156,0.5
114840,0.5
240497,0.5
238382,0.5
21515,0.5
104574,0.5
23362,0.5
121843,0.5
52798,0.5
118939,0.5
79942,0.5
157467,0.5
177676,0.5
241624,0.5
156014,0.5
65572,0.5
249915,0.5
13244,0.5
245535,0.5
182571,0.5
241141,0.5
133854,0.5
35833,0.5
85954,0.5
176694,0.5
166986,0.5
93118,0.5
15816,0.5
120208,0.5
151461,0.5
149224,0.5
71348,0.5
173157,0.5
168570,0.5
185607,0.5
112056,0.5
75050,0.5
77874,0.5
44446,0.5
84845,0.5
104144,0.5
201222,0.5
71892,0.5
238825,0.5
230011,0.5
26136,0.5
168737,0.5
74937,0.5
165791,0.5
188328,0.5
33447,0.5
150147,0.5
196215,0.5
187228,0.5
200323,0.5
125711,0.5
19679,0.5
25868,0.5
204452,0.5
247128,0.5
97201,0.5
85868,0.5
71677,0.5
132222,0.5
127938,0.5
83891,0.5
157840,0.5
31072,0.5
241178,0.5
139636,0.5
182762,0.5
66731,0.5
148313,0.5
237401,0.5
101661,0.5
187643,0.5
163954,0.5
130681,0.5
212789,0.5
51192,0.5
24090,0.5
66511,0.5
200385,0.5
106590,0.5
21463,0.5
226438,0.5
79321,0.5
212944,0.5
12482,0.5
95777,0.5
199476,0.5
18699,0.5
181142,0.5
215075,0.5
98670,0.5
11207,0.5
145422,0.5
200348,0.5
28382,0.5
56015,0.5
127386,0.5
122491,0.5
186180,0.5
62750,0.5
78797,0.5
127225,0.5
241671,0.5
54741,0.5
103321,0.5
45889,0.5
16604,0.5
248511,0.5
187813,0.5
165901,0.5
196060,0.5
191163,0.5
163546,0.5
23021,0.5
203494,0.5
164907,0.5
232937,0.5
171225,0.5
139610,0.5
205879,0.5
177875,0.5
170179,0.5
84898,0.5
63358,0.5
135921,0.5
221260,0.5
58509,0.5
47323,0.5
96537,0.5
100185,0.5
127339,0.5
98190,0.5
170279,0.5
57918,0.5
105252,0.5
83495,0.5
65958,0.5
230780,0.5
87573,0.5
225652,0.5
110985,0.5
38065,0.5
22500,0.5
4779,0.5
27885,0.5
187042,0.5
113520,0.5
111183,0.5
118814,0.5
188796,0.5
173558,0.5
247256,0.5
197924,0.5
94505,0.5
25072,0.5
90693,0.5
156052,0.5
151483,0.5
62125,0.5
74692,0.5
196836,0.5
222386,0.5
237182,0.5
201824,0.5
189276,0.5
80054,0.5
4714,0.5
210848,0.5
245491,0.5
122843,0.5
248621,0.5
59348,0.5
4848,0.5
98776,0.5
124816,0.5
35101,0.5
139817,0.5
126169,0.5
29906,0.5
83802,0.5
134890,0.5
37842,0.5
19692,0.5
225190,0.5
225709,0.5
192429,0.5
188273,0.5
227119,0.5
34502,0.5
246523,0.5
241517,0.5
36523,0.5
125424,0.5
217427,0.5
131334,0.5
52918,0.5
151380,0.5
184092,0.5
93661,0.5
95328,0.5
30387,0.5
248086,0.5
168746,0.5
40601,0.5
239624,0.5
90554,0.5
145077,0.5
100932,0.5
187970,0.5
77871,0.5
202987,0.5
240213,0.5
210862,0.5
161095,0.5
191271,0.5
226370,0.5
202442,0.5
152216,0.5
232003,0.5
135218,0.5
31204,0.5
121914,0.5
52391,0.5
98877,0.5
156521,0.5
226131,0.5
10949,0.5
121468,0.5
220640,0.5
51430,0.5
117945,0.5
200658,0.5
131378,0.5
134914,0.5
66959,0.5
90367,0.5
119499,0.5
26708,0.5
15452,0.5
51478,0.5
249086,0.5
196793,0.5
147341,0.5
249837,0.5
72038,0.5
143463,0.5
30794,0.5
135068,0.5
223663,0.5
165646,0.5
9221,0.5
63688,0.5
34385,0.5
183395,0.5
26320,0.5
196556,0.5
213497,0.5
200332,0.5
91692,0.5
144874,0.5
126264,0.5
199860,0.5
224906,0.5
1390,0.5
12689,0.5
53978,0.5
157118,0.5
2285,0.5
191426,0.5
147608,0.5
90999,0.5
65421,0.5
247426,0.5
10788,0.5
206137,0.5
204168,0.5
48258,0.5
247977,0.5
13351,0.5
19341,0.5
79752,0.5
109833,0.5
130515,0.5
133800,0.5
96895,0.5
225424,0.5
213601,0.5
202979,0.5
82661,0.5
78577,0.5
101650,0.5
153499,0.5
62964,0.5
33057,0.5
27722,0.5
106623,0.5
222947,0.5
176642,0.5
93520,0.5
164080,0.5
192842,0.5
194830,0.5
42055,0.5
214285,0.5
108845,0.5
105878,0.5
172125,0.5
125521,0.5
157443,0.5
53465,0.5
227597,0.5
192497,0.5
242977,0.5
66158,0.5
132981,0.5
171967,0.5
3818,0.5
179677,0.5
244446,0.5
126765,0.5
134901,0.5
15166,0.5
49998,0.5
230140,0.5
12125,0.5
127543,0.5
192485,0.5
155180,0.5
227824,0.5
3927,0.5
217217,0.5
134091,0.5
228325,0.5
132694,0.5
178284,0.5
100279,0.5
100138,0.5
171326,0.5
52651,0.5
183548,0.5
44175,0.5
229932,0.5
190835,0.5
160527,0.5
165854,0.5
228809,0.5
15843,0.5
67610,0.5
150928,0.5
192545,0.5
163940,0.5
85332,0.5
237413,0.5
79320,0.5
17183,0.5
230549,0.5
56318,0.5
236301,0.5
37232,0.5
171610,0.5
109146,0.5
219548,0.5
171520,0.5
149176,0.5
21922,0.5
119792,0.5
85092,0.5
55325,0.5
167289,0.5
192001,0.5
94874,0.5
185875,0.5
181928,0.5
65625,0.5
11469,0.5
227420,0.5
153797,0.5
245805,0.5
226596,0.5
30690,0.5
155627,0.5
321,0.5
206244,0.5
84275,0.5
229010,0.5
91435,0.5
52702,0.5
140042,0.5
12090,0.5
55917,0.5
67711,0.5
45682,0.5
211869,0.5
31544,0.5
85238,0.5
96214,0.5
234087,0.5
1538,0.5
1437,0.5
97182,0.5
178894,0.5
48646,0.5
190927,0.5
34799,0.5
6343,0.5
218951,0.5
54660,0.5
220805,0.5
233251,0.5
41300,0.5
245354,0.5
190857,0.5
109747,0.5
111296,0.5
69952,0.5
218919,0.5
121301,0.5
55151,0.5
80279,0.5
33216,0.5
92068,0.5
149262,0.5
246925,0.5
110641,0.5
172955,0.5
45243,0.5
153953,0.5
123929,0.5
24834,0.5
122417,0.5
118588,0.5
74832,0.5
58215,0.5
170455,0.5
198320,0.5
102179,0.5
91524,0.5
118574,0.5
249922,0.5
196888,0.5
18277,0.5
90616,0.5
243437,0.5
104399,0.5
234697,0.5
239251,0.5
246219,0.5
191843,0.5
18895,0.5
56039,0.5
30031,0.5
233006,0.5
174121,0.5
154043,0.5
78837,0.5
9111,0.5
175479,0.5
230157,0.5
120452,0.5
69846,0.5
153392,0.5
219602,0.5
173507,0.5
155735,0.5
118811,0.5
52787,0.5
146161,0.5
111572,0.5
162406,0.5
15802,0.5
230400,0.5
114909,0.5
166203,0.5
24730,0.5
103172,0.5
179876,0.5
147336,0.5
19401,0.5
105119,0.5
237667,0.5
92780,0.5
204557,0.5
229306,0.5
71610,0.5
10893,0.5
14382,0.5
245116,0.5
22282,0.5
105512,0.5
159522,0.5
170411,0.5
19273,0.5
2565,0.5
228552,0.5
1351,0.5
107240,0.5
13928,0.5
180146,0.5
188119,0.5
51108,0.5
142193,0.5
168833,0.5
96722,0.5
50104,0.5
239128,0.5
209494,0.5
249805,0.5
191629,0.5
27627,0.5
210755,0.5
33480,0.5
43233,0.5
242639,0.5
50631,0.5
242513,0.5
133839,0.5
155145,0.5
74312,0.5
29177,0.5
116962,0.5
234234,0.5
43389,0.5
16563,0.5
14446,0.5
44227,0.5
100887,0.5
67202,0.5
238455,0.5
128545,0.5
54386,0.5
32090,0.5
20851,0.5
79024,0.5
108600,0.5
190795,0.5
62280,0.5
227739,0.5
3037,0.5
95820,0.5
215984,0.5
28349,0.5
78182,0.5
104609,0.5
115361,0.5
139025,0.5
46570,0.5
141978,0.5
222467,0.5
212175,0.5
17749,0.5
98728,0.5
51763,0.5
236538,0.5
191533,0.5
103089,0.5
61592,0.5
83838,0.5
73920,0.5
203603,0.5
135063,0.5
132717,0.5
74369,0.5
207413,0.5
189897,0.5
175073,0.5
73125,0.5
138234,0.5
209529,0.5
34163,0.5
108891,0.5
78552,0.5
155622,0.5
74886,0.5
176298,0.5
219595,0.5
32862,0.5
232905,0.5
135332,0.5
220395,0.5
14424,0.5
237797,0.5
93856,0.5
106700,0.5
121485,0.5
141004,0.5
138208,0.5
227257,0.5
158765,0.5
84159,0.5
55431,0.5
79639,0.5
243903,0.5
73801,0.5
211415,0.5
115920,0.5
86493,0.5
186838,0.5
146723,0.5
11625,0.5
41875,0.5
118750,0.5
213629,0.5
107671,0.5
139101,0.5
52577,0.5
110570,0.5
168079,0.5
127671,0.5
62323,0.5
127646,0.5
211579,0.5
32803,0.5
173005,0.5
146342,0.5
59802,0.5
232390,0.5
136636,0.5
124238,0.5
221023,0.5
112728,0.5
42499,0.5
241167,0.5
217317,0.5
11811,0.5
231648,0.5
190412,0.5
189287,0.5
57768,0.5
163740,0.5
118557,0.5
154575,0.5
78511,0.5
130869,0.5
103065,0.5
188121,0.5
246701,0.5
153875,0.5
162142,0.5
79515,0.5
20183,0.5
94844,0.5
20766,0.5
49664,0.5
17877,0.5
238090,0.5
232296,0.5
84143,0.5
90102,0.5
217890,0.5
47918,0.5
38068,0.5
224344,0.5
91352,0.5
119927,0.5
213233,0.5
249232,0.5
141177,0.5
30477,0.5
25031,0.5
151279,0.5
167116,0.5
180446,0.5
175094,0.5
160365,0.5
55110,0.5
64057,0.5
4537,0.5
239218,0.5
58389,0.5
162964,0.5
183693,0.5
235402,0.5
190696,0.5
40235,0.5
208156,0.5
49908,0.5
89936,0.5
71964,0.5
159808,0.5
178390,0.5
137884,0.5
8991,0.5
41733,0.5
125,0.5
195520,0.5
183666,0.5
155978,0.5
123713,0.5
52638,0.5
90364,0.5
227804,0.5
80938,0.5
142041,0.5
63925,0.5
79145,0.5
96052,0.5
53379,0.5
83085,0.5
225762,0.5
119286,0.5
76880,0.5
38661,0.5
201838,0.5
79963,0.5
33466,0.5
126739,0.5
238224,0.5
49547,0.5
109030,0.5
244374,0.5
130557,0.5
81799,0.5
126872,0.5
35218,0.5
974,0.5
136479,0.5
98230,0.5
43539,0.5
174156,0.5
216856,0.5
86167,0.5
111136,0.5
4728,0.5
195170,0.5
153868,0.5
183035,0.5
20730,0.5
183694,0.5
42427,0.5
25286,0.5
34374,0.5
82747,0.5
195023,0.5
248676,0.5
72639,0.5
72720,0.5
224205,0.5
62353,0.5
8458,0.5
203371,0.5
241940,0.5
7016,0.5
70564,0.5
117290,0.5
965,0.5
42236,0.5
21525,0.5
100370,0.5
105172,0.5
129148,0.5
212418,0.5
5041,0.5
107608,0.5
24056,0.5
166817,0.5
185585,0.5
141335,0.5
2045,0.5
6163,0.5
186423,0.5
108460,0.5
223476,0.5
10612,0.5
201400,0.5
51597,0.5
67705,0.5
117514,0.5
163625,0.5
155529,0.5
98110,0.5
195222,0.5
28140,0.5
236471,0.5
230946,0.5
169874,0.5
206559,0.5
78624,0.5
4303,0.5
63275,0.5
5014,0.5
108793,0.5
130449,0.5
203125,0.5
218154,0.5
178619,0.5
40005,0.5
241303,0.5
143597,0.5
44098,0.5
228280,0.5
122688,0.5
126783,0.5
172333,0.5
119093,0.5
234092,0.5
168547,0.5
204650,0.5
160134,0.5
108427,0.5
232646,0.5
47850,0.5
159699,0.5
70439,0.5
99913,0.5
188841,0.5
158393,0.5
210582,0.5
3326,0.5
246166,0.5
215224,0.5
187365,0.5
224834,0.5
86910,0.5
80699,0.5
249567,0.5
216826,0.5
124534,0.5
8085,0.5
242257,0.5
135533,0.5
191462,0.5
144839,0.5
229599,0.5
111659,0.5
94741,0.5
167591,0.5
73830,0.5
238443,0.5
40238,0.5
71963,0.5
241219,0.5
127335,0.5
66459,0.5
74799,0.5
248368,0.5
184187,0.5
114131,0.5
1403,0.5
51774,0.5
152436,0.5
201571,0.5
117712,0.5
211684,0.5
243218,0.5
223877,0.5
17967,0.5
67047,0.5
224937,0.5
51270,0.5
221017,0.5
44873,0.5
152525,0.5
16442,0.5
206312,0.5
181459,0.5
145941,0.5
95677,0.5
157067,0.5
161437,0.5
115280,0.5
249726,0.5
75478,0.5
185302,0.5
4638,0.5
34109,0.5
113306,0.5
56527,0.5
9234,0.5
164876,0.5
50583,0.5
8859,0.5
241520,0.5
70470,0.5
61118,0.5
128846,0.5
100846,0.5
49412,0.5
128154,0.5
168839,0.5
133990,0.5
1451,0.5
135672,0.5
45321,0.5
156270,0.5
165261,0.5
245852,0.5
187089,0.5
9380,0.5
174923,0.5
2213,0.5
153230,0.5
197093,0.5
110520,0.5
47776,0.5
213019,0.5
177953,0.5
65149,0.5
189341,0.5
241752,0.5
150923,0.5
224088,0.5
115548,0.5
241744,0.5
152359,0.5
111791,0.5
205299,0.5
139227,0.5
52686,0.5
179712,0.5
186083,0.5
232020,0.5
59558,0.5
94270,0.5
243406,0.5
143168,0.5
177723,0.5
202495,0.5
161036,0.5
193621,0.5
126702,0.5
121807,0.5
51684,0.5
160771,0.5
224777,0.5
145417,0.5
121052,0.5
132198,0.5
3963,0.5
225086,0.5
132187,0.5
116767,0.5
199203,0.5
22869,0.5
75951,0.5
208716,0.5
228082,0.5
91578,0.5
116313,0.5
1497,0.5
874,0.5
99337,0.5
176952,0.5
230,0.5
108326,0.5
157696,0.5
157144,0.5
121362,0.5
117325,0.5
129495,0.5
223365,0.5
10338,0.5
111523,0.5
166379,0.5
248752,0.5
160249,0.5
73933,0.5
108815,0.5
176365,0.5
85007,0.5
134163,0.5
231405,0.5
148489,0.5
163074,0.5
200072,0.5
240386,0.5
93459,0.5
167952,0.5
107868,0.5
73432,0.5
108831,0.5
70703,0.5
112673,0.5
156561,0.5
100090,0.5
25438,0.5
221368,0.5
34232,0.5
119247,0.5
181099,0.5
136906,0.5
52128,0.5
214303,0.5
162346,0.5
74719,0.5
60679,0.5
37773,0.5
185366,0.5
112565,0.5
107258,0.5
80321,0.5
106501,0.5
18171,0.5
10605,0.5
194769,0.5
159381,0.5
53396,0.5
109360,0.5
153448,0.5
184280,0.5
90130,0.5
155243,0.5
143553,0.5
162511,0.5
149541,0.5
224985,0.5
198913,0.5
114180,0.5
102354,0.5
208309,0.5
163556,0.5
73292,0.5
45774,0.5
233218,0.5
105182,0.5
199090,0.5
219674,0.5
196163,0.5
82983,0.5
69247,0.5
123177,0.5
98062,0.5
168090,0.5
187052,0.5
242594,0.5
168868,0.5
211327,0.5
69157,0.5
892,0.5
240015,0.5
204466,0.5
164053,0.5
108939,0.5
212014,0.5
94226,0.5
175339,0.5
3455,0.5
226894,0.5
240609,0.5
236608,0.5
93724,0.5
181175,0.5
78485,0.5
146659,0.5
91367,0.5
216861,0.5
142375,0.5
115955,0.5
111106,0.5
27217,0.5
226509,0.5
158063,0.5
81306,0.5
243629,0.5
122026,0.5
189254,0.5
121427,0.5
31788,0.5
85875,0.5
206411,0.5
182224,0.5
94745,0.5
83996,0.5
222821,0.5
63354,0.5
143649,0.5
99686,0.5
224887,0.5
158304,0.5
159100,0.5
157242,0.5
22629,0.5
55980,0.5
222371,0.5
8590,0.5
141682,0.5
89436,0.5
60981,0.5
136822,0.5
225483,0.5
7230,0.5
203966,0.5
125405,0.5
17949,0.5
155103,0.5
164935,0.5
140877,0.5
156103,0.5
85343,0.5
228361,0.5
158089,0.5
130032,0.5
134514,0.5
244213,0.5
94978,0.5
90690,0.5
216066,0.5
216342,0.5
69387,0.5
144695,0.5
69296,0.5
232940,0.5
114649,0.5
227157,0.5
142753,0.5
225766,0.5
134,0.5
101660,0.5
243252,0.5
164206,0.5
205739,0.5
115582,0.5
180917,0.5
237451,0.5
34587,0.5
234397,0.5
209092,0.5
12641,0.5
12845,0.5
189729,0.5
179563,0.5
203948,0.5
2921,0.5
55032,0.5
149622,0.5
63370,0.5
129597,0.5
218381,0.5
156491,0.5
183578,0.5
224460,0.5
224240,0.5
29857,0.5
187202,0.5
88077,0.5
140852,0.5
114260,0.5
144915,0.5
202379,0.5
84795,0.5
27604,0.5
205545,0.5
15676,0.5
65169,0.5
38812,0.5
16316,0.5
183369,0.5
86700,0.5
133350,0.5
224757,0.5
240985,0.5
131252,0.5
227166,0.5
198614,0.5
234865,0.5
247699,0.5
55341,0.5
51553,0.5
301,0.5
124652,0.5
95713,0.5
5238,0.5
20250,0.5
124041,0.5
241315,0.5
100231,0.5
38108,0.5
134526,0.5
6654,0.5
195961,0.5
91180,0.5
240115,0.5
82311,0.5
100353,0.5
55585,0.5
112235,0.5
114737,0.5
186389,0.5
77962,0.5
15687,0.5
69741,0.5
43847,0.5
117379,0.5
28663,0.5
79375,0.5
13813,0.5
38951,0.5
47833,0.5
169521,0.5
132617,0.5
105347,0.5
135399,0.5
130125,0.5
106658,0.5
85449,0.5
102256,0.5
212529,0.5
241618,0.5
46574,0.5
221189,0.5
234956,0.5
180949,0.5
70261,0.5
26770,0.5
146713,0.5
19827,0.5
25252,0.5
169535,0.5
121926,0.5
69482,0.5
118691,0.5
132305,0.5
188521,0.5
135133,0.5
111242,0.5
184951,0.5
104989,0.5
164286,0.5
108334,0.5
218869,0.5
13616,0.5
239841,0.5
141385,0.5
80992,0.5
80509,0.5
16920,0.5
116819,0.5
60321,0.5
223320,0.5
147787,0.5
106698,0.5
244303,0.5
187985,0.5
73466,0.5
249830,0.5
203027,0.5
217203,0.5
35394,0.5
22820,0.5
227262,0.5
15695,0.5
56274,0.5
133963,0.5
170397,0.5
122651,0.5
237328,0.5
163038,0.5
117065,0.5
73218,0.5
125603,0.5
13003,0.5
138986,0.5
66749,0.5
40432,0.5
9736,0.5
102388,0.5
186877,0.5
213022,0.5
76599,0.5
198461,0.5
126185,0.5
64695,0.5
53405,0.5
50285,0.5
94538,0.5
199423,0.5
46058,0.5
8900,0.5
31167,0.5
133433,0.5
87952,0.5
99132,0.5
212201,0.5
218769,0.5
115338,0.5
64203,0.5
8617,0.5
91021,0.5
205548,0.5
23656,0.5
237119,0.5
125966,0.5
14202,0.5
50272,0.5
195674,0.5
71007,0.5
106853,0.5
34332,0.5
182660,0.5
112362,0.5
114409,0.5
105838,0.5
137028,0.5
62584,0.5
247214,0.5
55186,0.5
201365,0.5
80779,0.5
130051,0.5
98260,0.5
217691,0.5
109459,0.5
74898,0.5
169151,0.5
150128,0.5
127307,0.5
88285,0.5
40888,0.5
7689,0.5
5866,0.5
4323,0.5
201378,0.5
10426,0.5
30906,0.5
155270,0.5
157422,0.5
249122,0.5
101853,0.5
191756,0.5
116260,0.5
247444,0.5
58608,0.5
86660,0.5
37328,0.5
34833,0.5
228893,0.5
167829,0.5
144133,0.5
29697,0.5
138173,0.5
131784,0.5
115925,0.5
223065,0.5
164181,0.5
201575,0.5
15082,0.5
107385,0.5
178970,0.5
58575,0.5
227730,0.5
52917,0.5
83116,0.5
75609,0.5
36409,0.5
205812,0.5
90352,0.5
40603,0.5
157977,0.5
197095,0.5
100787,0.5
56588,0.5
247511,0.5
178330,0.5
105239,0.5
45408,0.5
6754,0.5
23787,0.5
130093,0.5
78737,0.5
234909,0.5
34951,0.5
29021,0.5
972,0.5
133642,0.5
22865,0.5
144658,0.5
57967,0.5
121079,0.5
238426,0.5
239847,0.5
168501,0.5
33855,0.5
116117,0.5
246664,0.5
95195,0.5
144190,0.5
119551,0.5
96001,0.5
130584,0.5
212952,0.5
45275,0.5
214440,0.5
165991,0.5
195490,0.5
38321,0.5
243061,0.5
183287,0.5
213359,0.5
191901,0.5
160787,0.5
199784,0.5
51160,0.5
5556,0.5
23524,0.5
162452,0.5
10293,0.5
225070,0.5
187588,0.5
112862,0.5
134809,0.5
93223,0.5
175148,0.5
139214,0.5
228191,0.5
76103,0.5
5682,0.5
82264,0.5
51630,0.5
167361,0.5
205412,0.5
205050,0.5
39357,0.5
228497,0.5
83360,0.5
89564,0.5
202768,0.5
200936,0.5
212396,0.5
245347,0.5
19304,0.5
26084,0.5
95623,0.5
108672,0.5
219675,0.5
196875,0.5
195668,0.5
73930,0.5
115156,0.5
52848,0.5
109210,0.5
58463,0.5
37,0.5
231446,0.5
46164,0.5
34944,0.5
115209,0.5
231058,0.5
187048,0.5
162746,0.5
30375,0.5
217447,0.5
211717,0.5
82076,0.5
248657,0.5
61794,0.5
65289,0.5
24432,0.5
113832,0.5
173646,0.5
249535,0.5
108235,0.5
210696,0.5
225053,0.5
16871,0.5
124174,0.5
20017,0.5
41136,0.5
208424,0.5
4377,0.5
104799,0.5
99968,0.5
17698,0.5
8989,0.5
217628,0.5
174487,0.5
138615,0.5
70793,0.5
37908,0.5
40199,0.5
123167,0.5
113406,0.5
2530,0.5
204113,0.5
29828,0.5
2583,0.5
246642,0.5
60414,0.5
36502,0.5
19839,0.5
206661,0.5
62129,0.5
109144,0.5
22440,0.5
109065,0.5
79279,0.5
50281,0.5
30908,0.5
115376,0.5
150166,0.5
72782,0.5
55878,0.5
47683,0.5
91185,0.5
1299,0.5
149483,0.5
4692,0.5
88468,0.5
237236,0.5
110461,0.5
117688,0.5
144432,0.5
45572,0.5
104444,0.5
30328,0.5
235319,0.5
229494,0.5
86272,0.5
240192,0.5
233732,0.5
58605,0.5
121130,0.5
25200,0.5
100834,0.5
126324,0.5
232192,0.5
93936,0.5
18192,0.5
10736,0.5
177530,0.5
106869,0.5
235321,0.5
113764,0.5
12886,0.5
161111,0.5
101891,0.5
110901,0.5
132080,0.5
132456,0.5
174031,0.5
189766,0.5
72102,0.5
142771,0.5
56493,0.5
144088,0.5
2625,0.5
240041,0.5
103418,0.5
104782,0.5
100841,0.5
152008,0.5
157477,0.5
25669,0.5
223880,0.5
171108,0.5
9265,0.5
31970,0.5
34373,0.5
227688,0.5
139699,0.5
110691,0.5
85330,0.5
31718,0.5
139024,0.5
218954,0.5
136674,0.5
25225,0.5
69717,0.5
239603,0.5
19584,0.5
6337,0.5
41036,0.5
191474,0.5
6224,0.5
94035,0.5
121602,0.5
47127,0.5
170319,0.5
169269,0.5
49396,0.5
54531,0.5
31667,0.5
247996,0.5
199749,0.5
195661,0.5
178889,0.5
101312,0.5
145020,0.5
27054,0.5
200019,0.5
40814,0.5
186912,0.5
51968,0.5
53183,0.5
192116,0.5
219082,0.5
69081,0.5
97859,0.5
214057,0.5
36467,0.5
112096,0.5
205227,0.5
64559,0.5
27707,0.5
211650,0.5
49175,0.5
25375,0.5
8532,0.5
105231,0.5
167146,0.5
242447,0.5
36764,0.5
107768,0.5
83635,0.5
18013,0.5
101539,0.5
121146,0.5
190540,0.5
7199,0.5
85661,0.5
17276,0.5
60671,0.5
118396,0.5
67105,0.5
151372,0.5
147371,0.5
93175,0.5
189179,0.5
90605,0.5
35655,0.5
98198,0.5
129346,0.5
145681,0.5
30441,0.5
240580,0.5
144163,0.5
216833,0.5
15478,0.5
102755,0.5
143632,0.5
186624,0.5
4950,0.5
31066,0.5
238015,0.5
15535,0.5
75204,0.5
97327,0.5
223559,0.5
10855,0.5
81130,0.5
71471,0.5
239121,0.5
130639,0.5
130398,0.5
12357,0.5
32466,0.5
93637,0.5
108494,0.5
93650,0.5
83545,0.5
98734,0.5
109370,0.5
30229,0.5
215356,0.5
153611,0.5
71051,0.5
227673,0.5
198789,0.5
151886,0.5
94468,0.5
130046,0.5
162038,0.5
14118,0.5
240242,0.5
76683,0.5
27238,0.5
209265,0.5
240892,0.5
108766,0.5
208976,0.5
206010,0.5
154011,0.5
62141,0.5
45630,0.5
52619,0.5
19789,0.5
81033,0.5
50863,0.5
185849,0.5
45079,0.5
124058,0.5
215940,0.5
57553,0.5
25081,0.5
57281,0.5
34606,0.5
231379,0.5
85658,0.5
189487,0.5
50480,0.5
69459,0.5
190693,0.5
45700,0.5
153588,0.5
105869,0.5
147676,0.5
145552,0.5
63556,0.5
55258,0.5
124216,0.5
87070,0.5
42569,0.5
212920,0.5
171822,0.5
157720,0.5
89445,0.5
200274,0.5
53519,0.5
17902,0.5
134876,0.5
77571,0.5
212834,0.5
127545,0.5
73425,0.5
86924,0.5
35971,0.5
210359,0.5
84599,0.5
230042,0.5
173039,0.5
170848,0.5
88632,0.5
97803,0.5
20950,0.5
39172,0.5
131396,0.5
248948,0.5
162331,0.5
132640,0.5
5776,0.5
73350,0.5
173496,0.5
48862,0.5
13742,0.5
125728,0.5
202339,0.5
210417,0.5
107428,0.5
182450,0.5
126639,0.5
156133,0.5
99879,0.5
117523,0.5
186454,0.5
150566,0.5
63661,0.5
102258,0.5
168338,0.5
109041,0.5
18741,0.5
89995,0.5
120176,0.5
195482,0.5
188246,0.5
1731,0.5
47376,0.5
221763,0.5
139891,0.5
113808,0.5
117173,0.5
135870,0.5
223464,0.5
160919,0.5
208401,0.5
107955,0.5
207384,0.5
149992,0.5
57205,0.5
110680,0.5
243409,0.5
242346,0.5
81435,0.5
62802,0.5
192145,0.5
48585,0.5
205485,0.5
217948,0.5
199444,0.5
107416,0.5
19221,0.5
33923,0.5
163708,0.5
72456,0.5
68401,0.5
40547,0.5
92679,0.5
106505,0.5
236403,0.5
81890,0.5
76404,0.5
172296,0.5
40289,0.5
232593,0.5
7561,0.5
90068,0.5
217884,0.5
174749,0.5
249072,0.5
223642,0.5
168056,0.5
241677,0.5
61309,0.5
150607,0.5
167623,0.5
176560,0.5
89586,0.5
156605,0.5
152464,0.5
158491,0.5
204672,0.5
41563,0.5
165438,0.5
153490,0.5
64148,0.5
191199,0.5
174175,0.5
47820,0.5
16732,0.5
114315,0.5
16772,0.5
111326,0.5
75391,0.5
131652,0.5
136096,0.5
75857,0.5
223841,0.5
173465,0.5
70304,0.5
54608,0.5
88891,0.5
212897,0.5
146726,0.5
192868,0.5
26981,0.5
200898,0.5
31312,0.5
173336,0.5
221607,0.5
234514,0.5
169595,0.5
17969,0.5
14605,0.5
165133,0.5
174222,0.5
91981,0.5
204631,0.5
243273,0.5
28193,0.5
174269,0.5
142336,0.5
82078,0.5
90488,0.5
86317,0.5
106831,0.5
212051,0.5
136010,0.5
195141,0.5
126365,0.5
128699,0.5
239962,0.5
230199,0.5
137570,0.5
106086,0.5
194520,0.5
84312,0.5
135262,0.5
212025,0.5
188380,0.5
27868,0.5
104730,0.5
165902,0.5
83273,0.5
148695,0.5
66174,0.5
200361,0.5
199061,0.5
118217,0.5
109603,0.5
80255,0.5
193460,0.5
196,0.5
182218,0.5
138245,0.5
65392,0.5
54877,0.5
134748,0.5
28244,0.5
132585,0.5
77680,0.5
94110,0.5
220048,0.5
53908,0.5
219958,0.5
68863,0.5
50527,0.5
99551,0.5
161613,0.5
81481,0.5
143838,0.5
229319,0.5
16610,0.5
198882,0.5
19308,0.5
78253,0.5
51,0.5
191648,0.5
6736,0.5
76231,0.5
209502,0.5
231137,0.5
82317,0.5
120899,0.5
103854,0.5
145176,0.5
193458,0.5
59874,0.5
247297,0.5
211424,0.5
179714,0.5
214409,0.5
209143,0.5
135603,0.5
73745,0.5
248595,0.5
156046,0.5
90706,0.5
100946,0.5
212435,0.5
37277,0.5
61523,0.5
215556,0.5
54361,0.5
222550,0.5
165406,0.5
23192,0.5
135947,0.5
239750,0.5
18067,0.5
117929,0.5
106941,0.5
21065,0.5
132396,0.5
55951,0.5
34664,0.5
241343,0.5
167574,0.5
88557,0.5
45644,0.5
67884,0.5
128443,0.5
121398,0.5
149462,0.5
230251,0.5
220202,0.5
69948,0.5
13097,0.5
148806,0.5
196737,0.5
83144,0.5
171080,0.5
222733,0.5
207927,0.5
53941,0.5
185108,0.5
11243,0.5
217405,0.5
220161,0.5
115530,0.5
189512,0.5
22921,0.5
247481,0.5
188141,0.5
213091,0.5
139007,0.5
243853,0.5
130469,0.5
234241,0.5
11512,0.5
156485,0.5
208917,0.5
107041,0.5
31195,0.5
93758,0.5
34734,0.5
29983,0.5
205498,0.5
88313,0.5
49015,0.5
143624,0.5
150203,0.5
81774,0.5
212586,0.5
200882,0.5
41337,0.5
81448,0.5
115861,0.5
141260,0.5
33825,0.5
96938,0.5
245518,0.5
138504,0.5
196289,0.5
227416,0.5
42359,0.5
173765,0.5
203583,0.5
152962,0.5
118197,0.5
200396,0.5
193994,0.5
54806,0.5
147967,0.5
246420,0.5
132994,0.5
2846,0.5
144761,0.5
79718,0.5
96155,0.5
152579,0.5
127823,0.5
30699,0.5
187999,0.5
153660,0.5
106024,0.5
89935,0.5
131775,0.5
231440,0.5
143015,0.5
234131,0.5
74831,0.5
215884,0.5
121556,0.5
110531,0.5
221578,0.5
71542,0.5
213954,0.5
99325,0.5
36474,0.5
156169,0.5
187884,0.5
100699,0.5
34770,0.5
179936,0.5
204453,0.5
3901,0.5
1332,0.5
44972,0.5
234904,0.5
128785,0.5
51802,0.5
187160,0.5
127153,0.5
19434,0.5
172396,0.5
45505,0.5
182528,0.5
150954,0.5
154606,0.5
138104,0.5
204955,0.5
58425,0.5
194789,0.5
182522,0.5
187682,0.5
191335,0.5
189048,0.5
47586,0.5
139179,0.5
72436,0.5
30003,0.5
196637,0.5
216094,0.5
236213,0.5
31794,0.5
10165,0.5
234548,0.5
211069,0.5
118929,0.5
114836,0.5
220511,0.5
216157,0.5
29162,0.5
17895,0.5
51128,0.5
48974,0.5
76033,0.5
21540,0.5
71425,0.5
177563,0.5
94499,0.5
207580,0.5
210616,0.5
203897,0.5
31755,0.5
158595,0.5
145008,0.5
145200,0.5
57438,0.5
30032,0.5
97087,0.5
194695,0.5
168048,0.5
239600,0.5
80832,0.5
48634,0.5
181665,0.5
88106,0.5
178459,0.5
185721,0.5
3410,0.5
50541,0.5
248502,0.5
72099,0.5
29963,0.5
126832,0.5
73539,0.5
83618,0.5
71281,0.5
35373,0.5
41583,0.5
76898,0.5
139219,0.5
123947,0.5
14651,0.5
14574,0.5
178053,0.5
28194,0.5
224489,0.5
146865,0.5
15137,0.5
3441,0.5
64417,0.5
134415,0.5
169550,0.5
82258,0.5
163449,0.5
139499,0.5
31349,0.5
127071,0.5
67928,0.5
224159,0.5
233860,0.5
71403,0.5
178361,0.5
186804,0.5
132308,0.5
218258,0.5
99100,0.5
82704,0.5
244132,0.5
240266,0.5
45068,0.5
191692,0.5
179926,0.5
229122,0.5
116729,0.5
108204,0.5
13975,0.5
172701,0.5
23711,0.5
45658,0.5
244552,0.5
157209,0.5
142395,0.5
72537,0.5
15684,0.5
54056,0.5
236163,0.5
244280,0.5
19947,0.5
103521,0.5
26472,0.5
132195,0.5
68446,0.5
47413,0.5
50226,0.5
220588,0.5
233253,0.5
179,0.5
244207,0.5
221193,0.5
111046,0.5
42890,0.5
105152,0.5
22750,0.5
35810,0.5
164958,0.5
129231,0.5
20815,0.5
43287,0.5
22746,0.5
129136,0.5
45811,0.5
9810,0.5
202255,0.5
97192,0.5
209361,0.5
33310,0.5
70720,0.5
50845,0.5
54219,0.5
103886,0.5
200746,0.5
127974,0.5
109823,0.5
194894,0.5
62806,0.5
182028,0.5
27092,0.5
71923,0.5
209091,0.5
112161,0.5
178306,0.5
122199,0.5
12499,0.5
210448,0.5
213405,0.5
206495,0.5
117205,0.5
1548,0.5
157736,0.5
140500,0.5
191221,0.5
218721,0.5
169435,0.5
155971,0.5
185001,0.5
12691,0.5
77681,0.5
143965,0.5
110286,0.5
226254,0.5
223474,0.5
204432,0.5
189558,0.5
197478,0.5
94438,0.5
206859,0.5
229189,0.5
23854,0.5
143969,0.5
15801,0.5
235010,0.5
220319,0.5
199450,0.5
120793,0.5
195402,0.5
173163,0.5
136796,0.5
39212,0.5
87156,0.5
22262,0.5
28789,0.5
98228,0.5
228892,0.5
243872,0.5
246727,0.5
189581,0.5
75317,0.5
41735,0.5
18388,0.5
4908,0.5
173720,0.5
215584,0.5
178568,0.5
101218,0.5
192490,0.5
51446,0.5
189282,0.5
98618,0.5
16692,0.5
196524,0.5
172778,0.5
33929,0.5
14880,0.5
23228,0.5
102878,0.5
20515,0.5
71062,0.5
140110,0.5
66769,0.5
168952,0.5
41909,0.5
223957,0.5
126931,0.5
110207,0.5
99406,0.5
179664,0.5
214579,0.5
159457,0.5
145157,0.5
131638,0.5
149530,0.5
47331,0.5
27477,0.5
59429,0.5
126362,0.5
12134,0.5
120777,0.5
150639,0.5
222580,0.5
148456,0.5
28164,0.5
185139,0.5
169050,0.5
128129,0.5
87774,0.5
113922,0.5
90416,0.5
102532,0.5
165941,0.5
53308,0.5
81312,0.5
228534,0.5
243200,0.5
166742,0.5
207989,0.5
152659,0.5
207963,0.5
52470,0.5
164765,0.5
26083,0.5
23066,0.5
100497,0.5
143712,0.5
57892,0.5
172645,0.5
210654,0.5
113509,0.5
49498,0.5
125785,0.5
148208,0.5
12660,0.5
182807,0.5
205653,0.5
32047,0.5
134288,0.5
93388,0.5
22148,0.5
238369,0.5
1637,0.5
48539,0.5
151875,0.5
15685,0.5
245679,0.5
220376,0.5
110065,0.5
235453,0.5
147430,0.5
153752,0.5
208728,0.5
73603,0.5
194437,0.5
193769,0.5
96236,0.5
73605,0.5
208883,0.5
8416,0.5
222815,0.5
194653,0.5
203353,0.5
111637,0.5
160549,0.5
40338,0.5
50344,0.5
165334,0.5
140907,0.5
213253,0.5
116240,0.5
151262,0.5
78302,0.5
191575,0.5
161546,0.5
36582,0.5
145893,0.5
1226,0.5
210542,0.5
82310,0.5
29440,0.5
249371,0.5
149435,0.5
184919,0.5
9046,0.5
94332,0.5
201170,0.5
132732,0.5
220602,0.5
25356,0.5
46330,0.5
122968,0.5
211269,0.5
224323,0.5
229846,0.5
165511,0.5
82908,0.5
122044,0.5
22729,0.5
58431,0.5
41457,0.5
216828,0.5
125794,0.5
170710,0.5
39936,0.5
219194,0.5
121512,0.5
59357,0.5
45022,0.5
191833,0.5
152551,0.5
247277,0.5
53438,0.5
36755,0.5
121704,0.5
60818,0.5
10177,0.5
51045,0.5
17695,0.5
209830,0.5
197913,0.5
30218,0.5
19553,0.5
111596,0.5
4101,0.5
141196,0.5
84380,0.5
177128,0.5
148382,0.5
36893,0.5
235149,0.5
137002,0.5
199076,0.5
45812,0.5
120898,0.5
18103,0.5
109814,0.5
25996,0.5
201015,0.5
109392,0.5
68788,0.5
67934,0.5
145591,0.5
29040,0.5
92823,0.5
224223,0.5
155946,0.5
122202,0.5
103675,0.5
99495,0.5
234834,0.5
126916,0.5
55564,0.5
86171,0.5
159293,0.5
206004,0.5
235,0.5
143127,0.5
229181,0.5
89168,0.5
188790,0.5
185669,0.5
70459,0.5
29034,0.5
40950,0.5
184689,0.5
83799,0.5
7082,0.5
3536,0.5
158264,0.5
137458,0.5
246987,0.5
147695,0.5
105137,0.5
128406,0.5
151402,0.5
13773,0.5
74649,0.5
34922,0.5
60007,0.5
60990,0.5
124304,0.5
247469,0.5
160960,0.5
51083,0.5
32472,0.5
227728,0.5
92436,0.5
106110,0.5
145455,0.5
103134,0.5
98888,0.5
230949,0.5
216151,0.5
151152,0.5
133374,0.5
214663,0.5
68089,0.5
214801,0.5
36634,0.5
186684,0.5
220423,0.5
166984,0.5
150801,0.5
73885,0.5
54074,0.5
184797,0.5
105243,0.5
42870,0.5
115583,0.5
89199,0.5
245988,0.5
104784,0.5
78275,0.5
145084,0.5
230274,0.5
188101,0.5
191039,0.5
82876,0.5
241100,0.5
26785,0.5
111262,0.5
36713,0.5
72900,0.5
47131,0.5
220722,0.5
89041,0.5
175630,0.5
246509,0.5
201573,0.5
159041,0.5
103021,0.5
173964,0.5
85736,0.5
223683,0.5
62090,0.5
160120,0.5
34936,0.5
189403,0.5
164550,0.5
228654,0.5
41648,0.5
187556,0.5
62918,0.5
239643,0.5
99707,0.5
148687,0.5
229525,0.5
243514,0.5
45198,0.5
64727,0.5
193719,0.5
228489,0.5
29175,0.5
36473,0.5
5116,0.5
116459,0.5
152795,0.5
143938,0.5
165928,0.5
160081,0.5
98599,0.5
191416,0.5
224135,0.5
188557,0.5
238971,0.5
162039,0.5
76100,0.5
206608,0.5
8799,0.5
77754,0.5
181622,0.5
30335,0.5
38631,0.5
148861,0.5
16965,0.5
242802,0.5
218911,0.5
246813,0.5
225253,0.5
157285,0.5
98427,0.5
80138,0.5
153357,0.5
212600,0.5
61939,0.5
195447,0.5
10567,0.5
118883,0.5
162307,0.5
123219,0.5
156587,0.5
50313,0.5
137675,0.5
136210,0.5
214318,0.5
17716,0.5
69080,0.5
80399,0.5
134342,0.5
15268,0.5
109944,0.5
14763,0.5
249565,0.5
33595,0.5
51328,0.5
27229,0.5
104502,0.5
21312,0.5
164569,0.5
24033,0.5
64782,0.5
126257,0.5
227985,0.5
117578,0.5
204049,0.5
120974,0.5
146167,0.5
205727,0.5
78227,0.5
160154,0.5
1268,0.5
191659,0.5
193261,0.5
129051,0.5
8733,0.5
146175,0.5
27993,0.5
143822,0.5
162180,0.5
15776,0.5
128085,0.5
224534,0.5
115311,0.5
93082,0.5
47843,0.5
165814,0.5
77579,0.5
104482,0.5
210409,0.5
184777,0.5
29409,0.5
60409,0.5
98697,0.5
78358,0.5
62633,0.5
218372,0.5
216081,0.5
58430,0.5
120228,0.5
59298,0.5
160059,0.5
47733,0.5
39758,0.5
51099,0.5
22986,0.5
33636,0.5
87854,0.5
239103,0.5
157870,0.5
235411,0.5
152747,0.5
71661,0.5
125867,0.5
202111,0.5
195937,0.5
169506,0.5
56597,0.5
81005,0.5
21730,0.5
31987,0.5
177801,0.5
224629,0.5
65650,0.5
156885,0.5
19003,0.5
89554,0.5
226334,0.5
91481,0.5
121252,0.5
183389,0.5
45300,0.5
213269,0.5
69006,0.5
58397,0.5
13081,0.5
109321,0.5
181510,0.5
122844,0.5
139639,0.5
194098,0.5
167154,0.5
37353,0.5
95853,0.5
196770,0.5
12442,0.5
73983,0.5
204076,0.5
243418,0.5
128223,0.5
113833,0.5
126922,0.5
67449,0.5
38136,0.5
82856,0.5
41408,0.5
109237,0.5
174745,0.5
53480,0.5
128231,0.5
28799,0.5
239153,0.5
44626,0.5
159320,0.5
153622,0.5
97160,0.5
94094,0.5
172947,0.5
46395,0.5
230307,0.5
238226,0.5
76493,0.5
19813,0.5
89844,0.5
210405,0.5
12133,0.5
35388,0.5
14634,0.5
215688,0.5
230109,0.5
224772,0.5
65968,0.5
12984,0.5
180482,0.5
40827,0.5
178944,0.5
233697,0.5
209988,0.5
98296,0.5
117185,0.5
249990,0.5
3745,0.5
123908,0.5
101217,0.5
47309,0.5
147337,0.5
224234,0.5
211716,0.5
88560,0.5
162894,0.5
54181,0.5
153229,0.5
112197,0.5
202863,0.5
62362,0.5
26103,0.5
146710,0.5
62002,0.5
103067,0.5
21616,0.5
217702,0.5
86361,0.5
197160,0.5
194393,0.5
139309,0.5
149024,0.5
193514,0.5
190464,0.5
144372,0.5
215706,0.5
35965,0.5
156759,0.5
195741,0.5
217047,0.5
84913,0.5
214395,0.5
224442,0.5
179243,0.5
12731,0.5
57017,0.5
116179,0.5
233138,0.5
54866,0.5
77322,0.5
66191,0.5
88414,0.5
186670,0.5
60297,0.5
49250,0.5
78467,0.5
191504,0.5
148756,0.5
188774,0.5
154926,0.5
6671,0.5
24249,0.5
174952,0.5
161081,0.5
168028,0.5
133951,0.5
42420,0.5
73691,0.5
34000,0.5
181866,0.5
202259,0.5
142108,0.5
169747,0.5
237612,0.5
5853,0.5
90366,0.5
171464,0.5
181700,0.5
214722,0.5
106478,0.5
155590,0.5
243305,0.5
147916,0.5
19615,0.5
214210,0.5
230282,0.5
8711,0.5
138913,0.5
132574,0.5
35336,0.5
136105,0.5
209937,0.5
38535,0.5
128006,0.5
145244,0.5
159016,0.5
86735,0.5
139688,0.5
137172,0.5
156243,0.5
81747,0.5
151686,0.5
127102,0.5
100754,0.5
70715,0.5
188022,0.5
159264,0.5
239215,0.5
130276,0.5
112392,0.5
183485,0.5
247420,0.5
66288,0.5
58698,0.5
28655,0.5
148358,0.5
198917,0.5
100195,0.5
125986,0.5
78768,0.5
27041,0.5
232548,0.5
28808,0.5
204579,0.5
28018,0.5
217882,0.5
45101,0.5
60922,0.5
27358,0.5
36236,0.5
129068,0.5
240656,0.5
126357,0.5
178220,0.5
51631,0.5
110713,0.5
109224,0.5
63976,0.5
44820,0.5
139933,0.5
10232,0.5
111364,0.5
139850,0.5
112424,0.5
106484,0.5
158636,0.5
172899,0.5
131825,0.5
245346,0.5
95894,0.5
137929,0.5
206869,0.5
36202,0.5
98911,0.5
41872,0.5
15495,0.5
208787,0.5
208408,0.5
105304,0.5
29315,0.5
213548,0.5
210031,0.5
4527,0.5
146505,0.5
210428,0.5
240845,0.5
194962,0.5
145949,0.5
199882,0.5
123890,0.5
43474,0.5
35181,0.5
211594,0.5
128192,0.5
225419,0.5
163488,0.5
181356,0.5
177769,0.5
167985,0.5
237286,0.5
102592,0.5
58806,0.5
19069,0.5
29184,0.5
153548,0.5
225348,0.5
203460,0.5
156511,0.5
146857,0.5
21623,0.5
174756,0.5
138910,0.5
197084,0.5
173109,0.5
131709,0.5
53538,0.5
208996,0.5
172126,0.5
215741,0.5
145736,0.5
147830,0.5
108002,0.5
85632,0.5
217298,0.5
3713,0.5
238501,0.5
133392,0.5
155539,0.5
203744,0.5
140857,0.5
174262,0.5
6191,0.5
99230,0.5
116066,0.5
173011,0.5
216906,0.5
40791,0.5
161825,0.5
234601,0.5
163010,0.5
174781,0.5
156461,0.5
18873,0.5
233281,0.5
75438,0.5
9705,0.5
173038,0.5
226202,0.5
231800,0.5
25997,0.5
104005,0.5
146658,0.5
217800,0.5
111047,0.5
108252,0.5
3680,0.5
82295,0.5
21275,0.5
64240,0.5
224766,0.5
63631,0.5
161420,0.5
197271,0.5
98342,0.5
134344,0.5
141020,0.5
12584,0.5
47992,0.5
50196,0.5
218512,0.5
165550,0.5
86516,0.5
149680,0.5
127179,0.5
95265,0.5
3995,0.5
11328,0.5
231276,0.5
21933,0.5
231358,0.5
205017,0.5
8409,0.5
49675,0.5
111332,0.5
98452,0.5
22463,0.5
25833,0.5
16488,0.5
165256,0.5
160233,0.5
194386,0.5
191134,0.5
152365,0.5
205279,0.5
242859,0.5
205913,0.5
192294,0.5
142740,0.5
102207,0.5
162834,0.5
92903,0.5
6874,0.5
147408,0.5
55498,0.5
246885,0.5
145815,0.5
231981,0.5
69293,0.5
197446,0.5
209473,0.5
155088,0.5
4483,0.5
53724,0.5
142331,0.5
86525,0.5
112409,0.5
6329,0.5
20665,0.5
89708,0.5
24699,0.5
238076,0.5
135941,0.5
19248,0.5
80856,0.5
78678,0.5
106921,0.5
93375,0.5
176722,0.5
122328,0.5
13378,0.5
235873,0.5
164420,0.5
235610,0.5
238904,0.5
1293,0.5
136285,0.5
14628,0.5
32010,0.5
51730,0.5
43236,0.5
178329,0.5
101699,0.5
126878,0.5
201347,0.5
101721,0.5
190260,0.5
8522,0.5
138404,0.5
143715,0.5
62709,0.5
98839,0.5
98925,0.5
23831,0.5
182681,0.5
163888,0.5
71115,0.5
213549,0.5
104384,0.5
160551,0.5
52482,0.5
105173,0.5
2295,0.5
147259,0.5
145657,0.5
78011,0.5
220115,0.5
20970,0.5
97664,0.5
53069,0.5
63868,0.5
80875,0.5
6608,0.5
31412,0.5
159210,0.5
86502,0.5
181594,0.5
248174,0.5
166173,0.5
127181,0.5
40405,0.5
179411,0.5
170239,0.5
196972,0.5
77154,0.5
150507,0.5
167082,0.5
133949,0.5
151741,0.5
63222,0.5
163328,0.5
4317,0.5
220550,0.5
129135,0.5
151409,0.5
5424,0.5
178897,0.5
219692,0.5
164126,0.5
200602,0.5
100335,0.5
198170,0.5
120377,0.5
151808,0.5
84022,0.5
4503,0.5
43660,0.5
129365,0.5
72496,0.5
213375,0.5
189415,0.5
211310,0.5
155803,0.5
18269,0.5
139088,0.5
225218,0.5
205406,0.5
14447,0.5
155203,0.5
8398,0.5
249783,0.5
29867,0.5
70977,0.5
121014,0.5
211854,0.5
13263,0.5
44912,0.5
130247,0.5
64140,0.5
119955,0.5
184960,0.5
153957,0.5
74136,0.5
108795,0.5
193891,0.5
215763,0.5
16410,0.5
178233,0.5
164019,0.5
86801,0.5
91854,0.5
220023,0.5
75757,0.5
153467,0.5
83409,0.5
92374,0.5
136317,0.5
74847,0.5
111371,0.5
103610,0.5
220055,0.5
125991,0.5
71266,0.5
211820,0.5
204236,0.5
16495,0.5
33955,0.5
112222,0.5
52247,0.5
226977,0.5
62048,0.5
53594,0.5
105662,0.5
142388,0.5
20823,0.5
79521,0.5
108378,0.5
45632,0.5
193142,0.5
140232,0.5
61619,0.5
36035,0.5
124028,0.5
96661,0.5
46449,0.5
96215,0.5
146066,0.5
166098,0.5
135387,0.5
178958,0.5
67119,0.5
154750,0.5
183105,0.5
173448,0.5
116525,0.5
97630,0.5
181247,0.5
222113,0.5
82718,0.5
175436,0.5
33820,0.5
218792,0.5
37700,0.5
224272,0.5
25426,0.5
30116,0.5
23493,0.5
201473,0.5
113741,0.5
235952,0.5
242256,0.5
14867,0.5
7306,0.5
3617,0.5
69986,0.5
248501,0.5
84531,0.5
235758,0.5
8149,0.5
69026,0.5
111714,0.5
5416,0.5
160633,0.5
22343,0.5
199888,0.5
147123,0.5
218149,0.5
135576,0.5
150899,0.5
218458,0.5
23034,0.5
73140,0.5
22933,0.5
193979,0.5
246353,0.5
18709,0.5
15015,0.5
56882,0.5
61078,0.5
78478,0.5
130535,0.5
45416,0.5
74069,0.5
5453,0.5
88612,0.5
183227,0.5
78762,0.5
168993,0.5
34741,0.5
164142,0.5
90733,0.5
88259,0.5
179737,0.5
157613,0.5
155336,0.5
58842,0.5
230189,0.5
194941,0.5
85608,0.5
240670,0.5
216871,0.5
242925,0.5
194958,0.5
177466,0.5
229043,0.5
97058,0.5
81282,0.5
102012,0.5
38314,0.5
79326,0.5
52811,0.5
36485,0.5
138047,0.5
136946,0.5
226116,0.5
19976,0.5
65598,0.5
128763,0.5
107904,0.5
133178,0.5
196876,0.5
28330,0.5
98112,0.5
182901,0.5
212398,0.5
152870,0.5
77004,0.5
5401,0.5
156466,0.5
214994,0.5
151627,0.5
147231,0.5
29414,0.5
136059,0.5
183826,0.5
234774,0.5
120574,0.5
183669,0.5
235749,0.5
177246,0.5
50328,0.5
165565,0.5
239464,0.5
205473,0.5
25816,0.5
192665,0.5
123642,0.5
3907,0.5
190232,0.5
101613,0.5
185822,0.5
227786,0.5
88988,0.5
78027,0.5
213101,0.5
216414,0.5
28492,0.5
223816,0.5
162,0.5
124638,0.5
41143,0.5
29863,0.5
223980,0.5
15849,0.5
125078,0.5
13549,0.5
175848,0.5
131400,0.5
38903,0.5
53331,0.5
244683,0.5
201029,0.5
207249,0.5
136426,0.5
208909,0.5
134598,0.5
175581,0.5
110923,0.5
211779,0.5
106906,0.5
48035,0.5
122436,0.5
162027,0.5
229299,0.5
107164,0.5
43836,0.5
183639,0.5
131278,0.5
72075,0.5
153291,0.5
151623,0.5
89950,0.5
186910,0.5
245306,0.5
249218,0.5
214124,0.5
76686,0.5
166900,0.5
168615,0.5
216637,0.5
210771,0.5
161717,0.5
118748,0.5
7730,0.5
212669,0.5
222983,0.5
224662,0.5
173596,0.5
104870,0.5
97773,0.5
140584,0.5
234068,0.5
8095,0.5
13509,0.5
23616,0.5
248524,0.5
149851,0.5
56911,0.5
67212,0.5
183380,0.5
249982,0.5
153733,0.5
88098,0.5
246207,0.5
30148,0.5
191274,0.5
246465,0.5
78078,0.5
65432,0.5
70770,0.5
168250,0.5
134571,0.5
249385,0.5
160287,0.5
39466,0.5
164630,0.5
19461,0.5
136304,0.5
209294,0.5
92539,0.5
60537,0.5
229383,0.5
89871,0.5
188752,0.5
215595,0.5
189524,0.5
235695,0.5
125172,0.5
64423,0.5
99126,0.5
28125,0.5
245720,0.5
146115,0.5
118015,0.5
139288,0.5
228402,0.5
59341,0.5
136719,0.5
221710,0.5
158220,0.5
14698,0.5
49968,0.5
143186,0.5
2443,0.5
27463,0.5
197403,0.5
10198,0.5
136605,0.5
168594,0.5
249315,0.5
170519,0.5
177200,0.5
156064,0.5
117069,0.5
200141,0.5
169166,0.5
22098,0.5
228207,0.5
5303,0.5
158688,0.5
124670,0.5
172508,0.5
11170,0.5
203700,0.5
131461,0.5
115279,0.5
69384,0.5
230073,0.5
43727,0.5
106190,0.5
28016,0.5
43221,0.5
169299,0.5
195958,0.5
242068,0.5
225916,0.5
9018,0.5
98305,0.5
90830,0.5
156666,0.5
51341,0.5
43035,0.5
37185,0.5
181369,0.5
186131,0.5
13440,0.5
16313,0.5
115230,0.5
90742,0.5
110594,0.5
223355,0.5
163567,0.5
12593,0.5
141982,0.5
245303,0.5
149610,0.5
207469,0.5
235257,0.5
37524,0.5
138843,0.5
60104,0.5
31610,0.5
124430,0.5
11775,0.5
121452,0.5
107046,0.5
47921,0.5
176346,0.5
161626,0.5
30269,0.5
156730,0.5
230208,0.5
232772,0.5
158470,0.5
216174,0.5
45660,0.5
18876,0.5
235036,0.5
21219,0.5
210083,0.5
160623,0.5
199533,0.5
120960,0.5
1013,0.5
217540,0.5
95882,0.5
122938,0.5
7742,0.5
129914,0.5
66188,0.5
224212,0.5
67001,0.5
29941,0.5
182967,0.5
58040,0.5
249237,0.5
74709,0.5
186101,0.5
149288,0.5
81266,0.5
175984,0.5
244006,0.5
58524,0.5
19190,0.5
138685,0.5
121560,0.5
162949,0.5
102667,0.5
71977,0.5
143534,0.5
32550,0.5
117586,0.5
114951,0.5
218261,0.5
86344,0.5
104072,0.5
199016,0.5
184498,0.5
167179,0.5
2229,0.5
49666,0.5
1553,0.5
130388,0.5
28001,0.5
87971,0.5
50126,0.5
97265,0.5
83358,0.5
43079,0.5
137902,0.5
70166,0.5
145922,0.5
72872,0.5
68501,0.5
164967,0.5
202590,0.5
236546,0.5
221197,0.5
149217,0.5
90784,0.5
141532,0.5
154871,0.5
187177,0.5
224648,0.5
20962,0.5
201052,0.5
189625,0.5
115040,0.5
136035,0.5
110044,0.5
53406,0.5
235712,0.5
122446,0.5
143784,0.5
198513,0.5
168307,0.5
1817,0.5
136753,0.5
63490,0.5
24112,0.5
244352,0.5
176876,0.5
151750,0.5
84018,0.5
85149,0.5
122165,0.5
172567,0.5
124111,0.5
185808,0.5
156773,0.5
44334,0.5
247971,0.5
104684,0.5
242348,0.5
81409,0.5
79726,0.5
98258,0.5
178341,0.5
22811,0.5
47901,0.5
44815,0.5
24511,0.5
96450,0.5
133281,0.5
245292,0.5
149283,0.5
56452,0.5
21682,0.5
68007,0.5
108319,0.5
208208,0.5
194044,0.5
40337,0.5
184558,0.5
90675,0.5
68997,0.5
140517,0.5
118481,0.5
241481,0.5
28392,0.5
75934,0.5
152911,0.5
115742,0.5
201214,0.5
35711,0.5
65607,0.5
210680,0.5
62759,0.5
70783,0.5
223677,0.5
103260,0.5
71998,0.5
4336,0.5
242147,0.5
27618,0.5
176913,0.5
178917,0.5
23351,0.5
50982,0.5
151050,0.5
121408,0.5
109033,0.5
84631,0.5
69667,0.5
157345,0.5
211553,0.5
124219,0.5
107360,0.5
29260,0.5
187345,0.5
74536,0.5
68055,0.5
131040,0.5
167097,0.5
87800,0.5
205870,0.5
154772,0.5
1661,0.5
223950,0.5
26978,0.5
20249,0.5
57336,0.5
176845,0.5
102253,0.5
165350,0.5
49619,0.5
96662,0.5
26205,0.5
64301,0.5
161648,0.5
127863,0.5
200217,0.5
209266,0.5
159997,0.5
228965,0.5
149548,0.5
5268,0.5
173378,0.5
104571,0.5
101549,0.5
152905,0.5
249225,0.5
176503,0.5
181926,0.5
219206,0.5
186250,0.5
55927,0.5
235872,0.5
231349,0.5
16812,0.5
139840,0.5
217731,0.5
198793,0.5
87303,0.5
11671,0.5
26273,0.5
153118,0.5
53638,0.5
212309,0.5
191263,0.5
147611,0.5
211045,0.5
37521,0.5
201318,0.5
47458,0.5
92222,0.5
132451,0.5
59659,0.5
13455,0.5
114273,0.5
121294,0.5
247457,0.5
114995,0.5
48921,0.5
201175,0.5
93825,0.5
206019,0.5
100632,0.5
206811,0.5
92453,0.5
11363,0.5
225451,0.5
189808,0.5
107018,0.5
12028,0.5
41610,0.5
158182,0.5
20329,0.5
198915,0.5
45554,0.5
113905,0.5
50930,0.5
224637,0.5
152713,0.5
183414,0.5
34605,0.5
201665,0.5
64538,0.5
88190,0.5
69849,0.5
10918,0.5
143687,0.5
84032,0.5
200552,0.5
41092,0.5
124380,0.5
202549,0.5
107050,0.5
163182,0.5
69321,0.5
191618,0.5
68651,0.5
53172,0.5
86401,0.5
33509,0.5
71397,0.5
101091,0.5
183597,0.5
131855,0.5
240551,0.5
20468,0.5
127327,0.5
129936,0.5
43583,0.5
101233,0.5
223889,0.5
248090,0.5
148810,0.5
184098,0.5
148979,0.5
182285,0.5
163436,0.5
112119,0.5
203882,0.5
195626,0.5
234778,0.5
114967,0.5
60601,0.5
13239,0.5
71965,0.5
136860,0.5
206208,0.5
107905,0.5
12284,0.5
213475,0.5
144596,0.5
107191,0.5
99479,0.5
154771,0.5
90262,0.5
116209,0.5
134128,0.5
107666,0.5
178347,0.5
54688,0.5
84384,0.5
101668,0.5
114902,0.5
84688,0.5
191247,0.5
100611,0.5
6373,0.5
217883,0.5
164913,0.5
27468,0.5
143217,0.5
31529,0.5
186019,0.5
158564,0.5
174056,0.5
136592,0.5
7442,0.5
168617,0.5
164872,0.5
50935,0.5
164528,0.5
109216,0.5
80754,0.5
217547,0.5
84622,0.5
112944,0.5
71045,0.5
77178,0.5
94802,0.5
114199,0.5
115834,0.5
93993,0.5
167158,0.5
102822,0.5
181302,0.5
55193,0.5
173961,0.5
92801,0.5
189150,0.5
146423,0.5
85770,0.5
150289,0.5
58765,0.5
109756,0.5
198591,0.5
183484,0.5
157003,0.5
79360,0.5
242640,0.5
5931,0.5
183012,0.5
133410,0.5
133338,0.5
162328,0.5
164065,0.5
10404,0.5
111048,0.5
103361,0.5
170579,0.5
58770,0.5
192616,0.5
210648,0.5
82158,0.5
176431,0.5
179928,0.5
236799,0.5
236951,0.5
171392,0.5
202019,0.5
42641,0.5
247778,0.5
167789,0.5
75162,0.5
143967,0.5
189872,0.5
38864,0.5
178313,0.5
100879,0.5
202125,0.5
115935,0.5
177529,0.5
156533,0.5
191834,0.5
59604,0.5
160504,0.5
65755,0.5
224008,0.5
106332,0.5
199738,0.5
144568,0.5
223625,0.5
135448,0.5
20789,0.5
33439,0.5
149711,0.5
115184,0.5
241107,0.5
178369,0.5
193562,0.5
79083,0.5
82510,0.5
123268,0.5
146411,0.5
129266,0.5
4639,0.5
79625,0.5
23151,0.5
147644,0.5
121571,0.5
36749,0.5
228827,0.5
66277,0.5
152353,0.5
101528,0.5
150993,0.5
195733,0.5
158905,0.5
2884,0.5
149146,0.5
75637,0.5
197490,0.5
207383,0.5
235254,0.5
146924,0.5
53728,0.5
83986,0.5
236335,0.5
170412,0.5
35946,0.5
24920,0.5
218871,0.5
94292,0.5
240590,0.5
118474,0.5
199675,0.5
158495,0.5
102294,0.5
147675,0.5
56495,0.5
4988,0.5
209349,0.5
838,0.5
230059,0.5
96411,0.5
205261,0.5
15583,0.5
108073,0.5
98829,0.5
192212,0.5
107054,0.5
157247,0.5
62224,0.5
166012,0.5
83531,0.5
107102,0.5
83521,0.5
240553,0.5
209880,0.5
201334,0.5
145056,0.5
209973,0.5
99470,0.5
166577,0.5
216350,0.5
187891,0.5
231062,0.5
74856,0.5
239350,0.5
199865,0.5
224705,0.5
171901,0.5
237326,0.5
57919,0.5
171698,0.5
71336,0.5
225683,0.5
149039,0.5
139473,0.5
177406,0.5
240130,0.5
115363,0.5
172248,0.5
95490,0.5
63555,0.5
143762,0.5
197572,0.5
129207,0.5
81211,0.5
7378,0.5
131423,0.5
198954,0.5
193846,0.5
113644,0.5
47600,0.5
156018,0.5
149257,0.5
143189,0.5
96404,0.5
12374,0.5
180671,0.5
62183,0.5
166060,0.5
4526,0.5
118756,0.5
142071,0.5
86016,0.5
43521,0.5
32165,0.5
233365,0.5
82168,0.5
214702,0.5
145014,0.5
123517,0.5
229261,0.5
8124,0.5
108692,0.5
53674,0.5
181380,0.5
95658,0.5
242372,0.5
51721,0.5
198191,0.5
141924,0.5
213264,0.5
151183,0.5
41861,0.5
45792,0.5
158901,0.5
235320,0.5
210213,0.5
196915,0.5
95758,0.5
62871,0.5
247795,0.5
143894,0.5
117231,0.5
143380,0.5
62796,0.5
151342,0.5
244649,0.5
205442,0.5
89335,0.5
95206,0.5
47994,0.5
16325,0.5
34161,0.5
72731,0.5
46490,0.5
167148,0.5
179044,0.5
33373,0.5
4578,0.5
40893,0.5
25163,0.5
202341,0.5
143912,0.5
139365,0.5
177139,0.5
202831,0.5
15611,0.5
115177,0.5
7727,0.5
75590,0.5
19766,0.5
34760,0.5
76892,0.5
248299,0.5
118405,0.5
88607,0.5
147266,0.5
126433,0.5
54365,0.5
235345,0.5
144688,0.5
72027,0.5
182100,0.5
200907,0.5
15402,0.5
235377,0.5
56021,0.5
27357,0.5
179539,0.5
232882,0.5
73501,0.5
189654,0.5
169954,0.5
84955,0.5
69627,0.5
239484,0.5
122848,0.5
174502,0.5
167842,0.5
159640,0.5
110359,0.5
125365,0.5
209428,0.5
168962,0.5
180868,0.5
143743,0.5
185307,0.5
220442,0.5
221715,0.5
107316,0.5
23619,0.5
138675,0.5
128958,0.5
77972,0.5
80100,0.5
200642,0.5
55912,0.5
14615,0.5
96171,0.5
112871,0.5
22408,0.5
197971,0.5
171672,0.5
91379,0.5
208178,0.5
141906,0.5
78720,0.5
86132,0.5
205333,0.5
198171,0.5
25360,0.5
140203,0.5
33611,0.5
207074,0.5
233373,0.5
109764,0.5
155865,0.5
24314,0.5
124067,0.5
235318,0.5
149877,0.5
21775,0.5
62086,0.5
161041,0.5
185909,0.5
137607,0.5
96443,0.5
184896,0.5
82947,0.5
178030,0.5
16722,0.5
11829,0.5
116433,0.5
209088,0.5
15619,0.5
219274,0.5
176466,0.5
234263,0.5
127180,0.5
180221,0.5
130767,0.5
30327,0.5
91092,0.5
218379,0.5
36866,0.5
166592,0.5
102659,0.5
238283,0.5
189946,0.5
119951,0.5
188988,0.5
122992,0.5
37713,0.5
220649,0.5
111756,0.5
241434,0.5
160817,0.5
222364,0.5
88791,0.5
17506,0.5
203165,0.5
3000,0.5
170732,0.5
99280,0.5
200939,0.5
28307,0.5
18539,0.5
92180,0.5
74623,0.5
167768,0.5
120104,0.5
177085,0.5
10277,0.5
50036,0.5
244911,0.5
77917,0.5
49411,0.5
234746,0.5
34059,0.5
111776,0.5
227294,0.5
158325,0.5
221252,0.5
201209,0.5
112670,0.5
210568,0.5
249365,0.5
131312,0.5
25096,0.5
89272,0.5
229640,0.5
132774,0.5
92804,0.5
114367,0.5
228810,0.5
165198,0.5
240149,0.5
61375,0.5
64791,0.5
193243,0.5
199768,0.5
27221,0.5
106587,0.5
121266,0.5
42078,0.5
30795,0.5
89234,0.5
202412,0.5
9333,0.5
193998,0.5
147346,0.5
3813,0.5
54790,0.5
32588,0.5
218344,0.5
71838,0.5
73464,0.5
45255,0.5
218134,0.5
71926,0.5
233570,0.5
105958,0.5
88177,0.5
230541,0.5
9035,0.5
46514,0.5
208678,0.5
139658,0.5
213963,0.5
9330,0.5
74497,0.5
16127,0.5
15693,0.5
189833,0.5
237580,0.5
187300,0.5
167424,0.5
247671,0.5
150944,0.5
223108,0.5
191148,0.5
212190,0.5
187347,0.5
230244,0.5
140433,0.5
24984,0.5
1926,0.5
151573,0.5
85957,0.5
14744,0.5
190642,0.5
249215,0.5
68200,0.5
97590,0.5
133910,0.5
120917,0.5
20434,0.5
116373,0.5
104503,0.5
52326,0.5
122918,0.5
64323,0.5
180287,0.5
112478,0.5
35510,0.5
57139,0.5
142725,0.5
247611,0.5
165852,0.5
242448,0.5
195220,0.5
130396,0.5
186621,0.5
77676,0.5
206005,0.5
80689,0.5
202383,0.5
52066,0.5
174586,0.5
23155,0.5
43374,0.5
169540,0.5
148558,0.5
93534,0.5
116408,0.5
46264,0.5
202954,0.5
54777,0.5
20846,0.5
54028,0.5
15804,0.5
120635,0.5
78451,0.5
85549,0.5
121689,0.5
110201,0.5
96323,0.5
60471,0.5
224194,0.5
113022,0.5
156518,0.5
137164,0.5
149019,0.5
141323,0.5
225357,0.5
164429,0.5
181377,0.5
13461,0.5
138698,0.5
169193,0.5
427,0.5
193073,0.5
230774,0.5
131238,0.5
142052,0.5
16398,0.5
229588,0.5
196187,0.5
87361,0.5
31511,0.5
196812,0.5
98606,0.5
220440,0.5
8709,0.5
29637,0.5
218003,0.5
64539,0.5
127311,0.5
220825,0.5
110494,0.5
152385,0.5
189911,0.5
146421,0.5
30512,0.5
6014,0.5
57640,0.5
49881,0.5
56260,0.5
116375,0.5
199753,0.5
181570,0.5
113333,0.5
57068,0.5
25924,0.5
125103,0.5
194406,0.5
24943,0.5
168141,0.5
43953,0.5
83535,0.5
131352,0.5
105889,0.5
210598,0.5
162329,0.5
219831,0.5
21027,0.5
236092,0.5
232402,0.5
54038,0.5
79554,0.5
103676,0.5
43372,0.5
21173,0.5
202055,0.5
199355,0.5
118910,0.5
79711,0.5
144035,0.5
53228,0.5
143666,0.5
66544,0.5
58762,0.5
190604,0.5
110046,0.5
248384,0.5
137428,0.5
124202,0.5
39741,0.5
150824,0.5
220300,0.5
114063,0.5
222600,0.5
53851,0.5
151925,0.5
54775,0.5
95976,0.5
166364,0.5
96036,0.5
44910,0.5
199050,0.5
127251,0.5
150511,0.5
43904,0.5
214537,0.5
88896,0.5
170642,0.5
31821,0.5
132975,0.5
197622,0.5
78697,0.5
83458,0.5
136450,0.5
58850,0.5
159935,0.5
75714,0.5
177650,0.5
73661,0.5
115254,0.5
108276,0.5
190977,0.5
16576,0.5
43219,0.5
174651,0.5
151606,0.5
152469,0.5
117202,0.5
175271,0.5
209556,0.5
162123,0.5
69067,0.5
207834,0.5
179350,0.5
205390,0.5
44097,0.5
73510,0.5
209228,0.5
234347,0.5
29919,0.5
115242,0.5
24961,0.5
172616,0.5
188154,0.5
61620,0.5
73864,0.5
52283,0.5
99229,0.5
34022,0.5
235836,0.5
21099,0.5
43185,0.5
81767,0.5
100405,0.5
174637,0.5
118667,0.5
38352,0.5
198330,0.5
18002,0.5
55493,0.5
193661,0.5
159153,0.5
60749,0.5
130940,0.5
118322,0.5
234874,0.5
169785,0.5
100554,0.5
23516,0.5
66144,0.5
4375,0.5
173929,0.5
202992,0.5
128055,0.5
82419,0.5
164379,0.5
180205,0.5
20773,0.5
214664,0.5
154267,0.5
122710,0.5
169043,0.5
60866,0.5
8737,0.5
106667,0.5
160192,0.5
20072,0.5
107315,0.5
152307,0.5
161541,0.5
244613,0.5
238180,0.5
35603,0.5
36558,0.5
104913,0.5
245799,0.5
140121,0.5
150833,0.5
222126,0.5
113182,0.5
113907,0.5
145671,0.5
142670,0.5
122207,0.5
101783,0.5
183631,0.5
66911,0.5
50990,0.5
74685,0.5
131782,0.5
216707,0.5
196256,0.5
220660,0.5
216108,0.5
26717,0.5
76812,0.5
235959,0.5
112518,0.5
249260,0.5
152371,0.5
132958,0.5
227530,0.5
75748,0.5
90070,0.5
45060,0.5
21982,0.5
191034,0.5
121482,0.5
187744,0.5
11344,0.5
154295,0.5
138187,0.5
243193,0.5
166316,0.5
139848,0.5
237978,0.5
139261,0.5
27225,0.5
212173,0.5
154500,0.5
87019,0.5
103614,0.5
171205,0.5
212710,0.5
82143,0.5
225597,0.5
149733,0.5
47539,0.5
79787,0.5
101517,0.5
37634,0.5
237485,0.5
105591,0.5
22492,0.5
115784,0.5
98778,0.5
18798,0.5
51121,0.5
156303,0.5
116666,0.5
87788,0.5
176716,0.5
134296,0.5
19683,0.5
51125,0.5
18051,0.5
22163,0.5
66482,0.5
76470,0.5
160104,0.5
37536,0.5
42546,0.5
194446,0.5
48527,0.5
239180,0.5
198516,0.5
205219,0.5
145843,0.5
95815,0.5
8695,0.5
238514,0.5
140891,0.5
89497,0.5
171372,0.5
131871,0.5
179035,0.5
97832,0.5
242522,0.5
127168,0.5
67175,0.5
155818,0.5
200685,0.5
171238,0.5
204633,0.5
94359,0.5
164447,0.5
184124,0.5
232146,0.5
8906,0.5
235602,0.5
94967,0.5
131277,0.5
224716,0.5
33278,0.5
37493,0.5
170931,0.5
172496,0.5
211769,0.5
155777,0.5
46298,0.5
207644,0.5
114687,0.5
177252,0.5
77393,0.5
801,0.5
4131,0.5
153905,0.5
97062,0.5
146432,0.5
173376,0.5
98264,0.5
135718,0.5
206374,0.5
133003,0.5
57236,0.5
173173,0.5
220425,0.5
70662,0.5
230127,0.5
55740,0.5
172097,0.5
63206,0.5
203486,0.5
226763,0.5
182117,0.5
132289,0.5
122481,0.5
19418,0.5
189650,0.5
144094,0.5
100461,0.5
154339,0.5
84190,0.5
188785,0.5
182930,0.5
134299,0.5
189741,0.5
81759,0.5
232072,0.5
178882,0.5
119117,0.5
9691,0.5
90041,0.5
40063,0.5
218540,0.5
105614,0.5
56117,0.5
50703,0.5
26701,0.5
67660,0.5
34095,0.5
168785,0.5
145479,0.5
204930,0.5
138568,0.5
45755,0.5
43392,0.5
167696,0.5
224015,0.5
141043,0.5
18165,0.5
54987,0.5
42260,0.5
110966,0.5
76439,0.5
225869,0.5
44648,0.5
77605,0.5
216036,0.5
203726,0.5
173954,0.5
209090,0.5
167870,0.5
166467,0.5
171837,0.5
83722,0.5
243887,0.5
47322,0.5
125504,0.5
69328,0.5
133668,0.5
5341,0.5
233563,0.5
5490,0.5
151124,0.5
141122,0.5
52849,0.5
146052,0.5
176059,0.5
126997,0.5
74027,0.5
88776,0.5
148933,0.5
55948,0.5
219055,0.5
198815,0.5
117383,0.5
49540,0.5
203652,0.5
152798,0.5
208664,0.5
79593,0.5
159280,0.5
54030,0.5
180079,0.5
146022,0.5
55126,0.5
84021,0.5
226360,0.5
242768,0.5
204768,0.5
19479,0.5
245487,0.5
78245,0.5
31249,0.5
159345,0.5
141064,0.5
211722,0.5
79179,0.5
232240,0.5
136250,0.5
159427,0.5
51850,0.5
1246,0.5
247382,0.5
83487,0.5
84666,0.5
61962,0.5
156999,0.5
75105,0.5
58810,0.5
197291,0.5
243364,0.5
143361,0.5
176611,0.5
88207,0.5
165351,0.5
226535,0.5
136204,0.5
124528,0.5
115856,0.5
95660,0.5
208617,0.5
149625,0.5
50424,0.5
211374,0.5
150660,0.5
3847,0.5
193047,0.5
14490,0.5
195915,0.5
205909,0.5
53466,0.5
87489,0.5
7768,0.5
179260,0.5
215717,0.5
26547,0.5
196723,0.5
32210,0.5
128230,0.5
98104,0.5
183973,0.5
24951,0.5
3227,0.5
84737,0.5
200259,0.5
241763,0.5
202602,0.5
248047,0.5
89989,0.5
227251,0.5
221104,0.5
235715,0.5
66941,0.5
197019,0.5
74269,0.5
138662,0.5
33869,0.5
175887,0.5
163128,0.5
172566,0.5
187730,0.5
77808,0.5
16317,0.5
155588,0.5
23238,0.5
246978,0.5
115054,0.5
244274,0.5
142205,0.5
107541,0.5
216500,0.5
209984,0.5
112142,0.5
13222,0.5
162445,0.5
111664,0.5
25066,0.5
79026,0.5
37844,0.5
191302,0.5
67952,0.5
25112,0.5
80585,0.5
212215,0.5
93870,0.5
248146,0.5
104565,0.5
249112,0.5
48328,0.5
55717,0.5
28738,0.5
22294,0.5
229466,0.5
230496,0.5
112279,0.5
190925,0.5
229667,0.5
239002,0.5
215756,0.5
219961,0.5
1581,0.5
223461,0.5
83008,0.5
213900,0.5
141986,0.5
29281,0.5
240290,0.5
40443,0.5
208956,0.5
68632,0.5
201309,0.5
203283,0.5
122732,0.5
238554,0.5
163726,0.5
166374,0.5
180290,0.5
199969,0.5
26334,0.5
97530,0.5
131536,0.5
63356,0.5
77175,0.5
127192,0.5
130887,0.5
88823,0.5
202398,0.5
226201,0.5
27139,0.5
52433,0.5
12966,0.5
113282,0.5
119605,0.5
195061,0.5
2886,0.5
232156,0.5
221277,0.5
184668,0.5
111647,0.5
188289,0.5
5029,0.5
35681,0.5
154651,0.5
134160,0.5
183248,0.5
128363,0.5
22178,0.5
3249,0.5
128614,0.5
108768,0.5
113245,0.5
230309,0.5
98764,0.5
7686,0.5
10495,0.5
187731,0.5
13110,0.5
48348,0.5
86804,0.5
105409,0.5
187670,0.5
219105,0.5
37935,0.5
17070,0.5
24025,0.5
1585,0.5
218502,0.5
84226,0.5
202487,0.5
140819,0.5
174347,0.5
107308,0.5
21587,0.5
7293,0.5
76203,0.5
182412,0.5
149344,0.5
199807,0.5
175932,0.5
94951,0.5
137408,0.5
44456,0.5
15604,0.5
248853,0.5
184871,0.5
82394,0.5
174815,0.5
93097,0.5
70656,0.5
244597,0.5
148892,0.5
213742,0.5
80798,0.5
87270,0.5
110693,0.5
183759,0.5
153871,0.5
157748,0.5
59969,0.5
228717,0.5
211058,0.5
146862,0.5
65078,0.5
128606,0.5
213051,0.5
141063,0.5
120516,0.5
54447,0.5
88594,0.5
27426,0.5
156905,0.5
164900,0.5
31474,0.5
75869,0.5
159085,0.5
68647,0.5
62265,0.5
21568,0.5
171118,0.5
6534,0.5
227596,0.5
63682,0.5
174261,0.5
56296,0.5
30517,0.5
139216,0.5
63230,0.5
74258,0.5
210509,0.5
63510,0.5
154605,0.5
235675,0.5
72049,0.5
105932,0.5
52836,0.5
171240,0.5
111805,0.5
171058,0.5
47118,0.5
136671,0.5
232822,0.5
50232,0.5
244812,0.5
217182,0.5
106589,0.5
201303,0.5
30353,0.5
214424,0.5
91856,0.5
80125,0.5
182078,0.5
75559,0.5
188538,0.5
55441,0.5
153090,0.5
13258,0.5
50209,0.5
75599,0.5
185748,0.5
144587,0.5
34002,0.5
146797,0.5
138496,0.5
54395,0.5
21534,0.5
59175,0.5
15984,0.5
222047,0.5
164991,0.5
225281,0.5
161530,0.5
127314,0.5
133460,0.5
161942,0.5
183561,0.5
143510,0.5
205652,0.5
87099,0.5
100684,0.5
230387,0.5
163987,0.5
191485,0.5
216747,0.5
180103,0.5
97645,0.5
95911,0.5
32563,0.5
217551,0.5
156011,0.5
35528,0.5
122339,0.5
249789,0.5
246705,0.5
37379,0.5
43912,0.5
202806,0.5
170134,0.5
47649,0.5
224287,0.5
58797,0.5
35725,0.5
8130,0.5
178295,0.5
189433,0.5
64965,0.5
227272,0.5
135822,0.5
237349,0.5
163140,0.5
244829,0.5
104134,0.5
30792,0.5
101828,0.5
182297,0.5
220126,0.5
86027,0.5
739,0.5
246812,0.5
41051,0.5
124461,0.5
169548,0.5
159499,0.5
51755,0.5
134879,0.5
28318,0.5
4963,0.5
15835,0.5
83452,0.5
188412,0.5
50952,0.5
82578,0.5
247211,0.5
22105,0.5
237298,0.5
4282,0.5
221796,0.5
119589,0.5
19519,0.5
164538,0.5
62321,0.5
169743,0.5
31888,0.5
227243,0.5
80168,0.5
134443,0.5
141093,0.5
242542,0.5
193594,0.5
9934,0.5
109458,0.5
195554,0.5
175188,0.5
234883,0.5
226136,0.5
19020,0.5
144875,0.5
239111,0.5
246682,0.5
119308,0.5
225477,0.5
182257,0.5
180385,0.5
25434,0.5
135716,0.5
111052,0.5
222995,0.5
242596,0.5
217869,0.5
168428,0.5
199375,0.5
8921,0.5
72143,0.5
143103,0.5
200091,0.5
203786,0.5
122570,0.5
219257,0.5
31804,0.5
6232,0.5
19719,0.5
174786,0.5
10116,0.5
82994,0.5
212167,0.5
187058,0.5
173352,0.5
235093,0.5
164825,0.5
161309,0.5
31271,0.5
79837,0.5
161428,0.5
191957,0.5
215326,0.5
119538,0.5
112081,0.5
12425,0.5
126178,0.5
16867,0.5
129469,0.5
233560,0.5
154717,0.5
48971,0.5
73423,0.5
153997,0.5
159753,0.5
43866,0.5
109086,0.5
80550,0.5
44678,0.5
166394,0.5
193174,0.5
160664,0.5
105006,0.5
247771,0.5
29011,0.5
173537,0.5
160578,0.5
238151,0.5
65143,0.5
101125,0.5
11952,0.5
156659,0.5
159972,0.5
8830,0.5
151282,0.5
240360,0.5
131919,0.5
211282,0.5
168800,0.5
214665,0.5
15222,0.5
38217,0.5
124321,0.5
117675,0.5
222062,0.5
239929,0.5
21148,0.5
83923,0.5
4304,0.5
203542,0.5
3554,0.5
33832,0.5
178186,0.5
153487,0.5
202849,0.5
51373,0.5
90327,0.5
217597,0.5
96327,0.5
246263,0.5
24123,0.5
209716,0.5
240384,0.5
201939,0.5
205314,0.5
85643,0.5
196741,0.5
163360,0.5
100671,0.5
109400,0.5
102105,0.5
137040,0.5
141738,0.5
192999,0.5
87817,0.5
75395,0.5
159781,0.5
243245,0.5
119875,0.5
35741,0.5
174190,0.5
176379,0.5
142422,0.5
210293,0.5
161820,0.5
3915,0.5
32140,0.5
99722,0.5
219184,0.5
74097,0.5
202152,0.5
136792,0.5
45616,0.5
110746,0.5
6186,0.5
180726,0.5
2847,0.5
70332,0.5
215168,0.5
189097,0.5
211521,0.5
82826,0.5
87248,0.5
104727,0.5
219533,0.5
178873,0.5
137930,0.5
240693,0.5
223164,0.5
203357,0.5
35850,0.5
212975,0.5
69428,0.5
140528,0.5
213003,0.5
48378,0.5
239473,0.5
77128,0.5
132481,0.5
35953,0.5
66903,0.5
176746,0.5
226900,0.5
27203,0.5
72601,0.5
131254,0.5
63520,0.5
59067,0.5
177184,0.5
238223,0.5
164551,0.5
205853,0.5
136637,0.5
241935,0.5
205433,0.5
179027,0.5
54503,0.5
97371,0.5
49288,0.5
212385,0.5
137380,0.5
85825,0.5
1083,0.5
232771,0.5
157837,0.5
176701,0.5
181060,0.5
79439,0.5
74300,0.5
28953,0.5
40948,0.5
240261,0.5
104060,0.5
154929,0.5
57493,0.5
56742,0.5
181946,0.5
181202,0.5
159720,0.5
55849,0.5
216215,0.5
109661,0.5
47393,0.5
68229,0.5
139952,0.5
188980,0.5
89780,0.5
15134,0.5
62706,0.5
220260,0.5
187763,0.5
60068,0.5
197270,0.5
138169,0.5
201225,0.5
108375,0.5
213380,0.5
56424,0.5
61380,0.5
104600,0.5
120143,0.5
71758,0.5
141046,0.5
202245,0.5
139769,0.5
230853,0.5
202958,0.5
5977,0.5
38811,0.5
198578,0.5
173084,0.5
121563,0.5
88904,0.5
160989,0.5
198394,0.5
168005,0.5
223690,0.5
65850,0.5
201736,0.5
118661,0.5
21226,0.5
233093,0.5
244639,0.5
38789,0.5
124966,0.5
106884,0.5
71497,0.5
6263,0.5
179331,0.5
116198,0.5
5499,0.5
225330,0.5
83789,0.5
76038,0.5
146366,0.5
67656,0.5
76073,0.5
169972,0.5
27446,0.5
46820,0.5
148548,0.5
199756,0.5
109670,0.5
227857,0.5
181676,0.5
173546,0.5
202906,0.5
79547,0.5
155417,0.5
40722,0.5
172446,0.5
182328,0.5
192979,0.5
106977,0.5
102283,0.5
49265,0.5
11988,0.5
151521,0.5
223251,0.5
198923,0.5
53810,0.5
179810,0.5
42603,0.5
188683,0.5
42003,0.5
173624,0.5
23941,0.5
102331,0.5
105952,0.5
170713,0.5
91605,0.5
120589,0.5
245130,0.5
17152,0.5
4139,0.5
86504,0.5
148867,0.5
24341,0.5
126093,0.5
132959,0.5
244909,0.5
149413,0.5
13715,0.5
73662,0.5
210158,0.5
12507,0.5
179817,0.5
138322,0.5
149018,0.5
54215,0.5
141424,0.5
143844,0.5
163284,0.5
158669,0.5
213585,0.5
210901,0.5
105427,0.5
56211,0.5
49102,0.5
92152,0.5
144943,0.5
187889,0.5
207499,0.5
168964,0.5
79923,0.5
243293,0.5
48703,0.5
185214,0.5
46370,0.5
57793,0.5
233518,0.5
234001,0.5
236336,0.5
5639,0.5
164767,0.5
200682,0.5
134124,0.5
245049,0.5
239915,0.5
211343,0.5
96559,0.5
183579,0.5
72809,0.5
217689,0.5
129142,0.5
113325,0.5
214100,0.5
175320,0.5
88100,0.5
21084,0.5
241720,0.5
79775,0.5
242975,0.5
199225,0.5
89632,0.5
20430,0.5
17985,0.5
208952,0.5
82127,0.5
239673,0.5
213532,0.5
197731,0.5
3566,0.5
197634,0.5
117956,0.5
100304,0.5
101845,0.5
246209,0.5
184514,0.5
240007,0.5
160465,0.5
129190,0.5
231987,0.5
130302,0.5
68689,0.5
119601,0.5
84323,0.5
41481,0.5
184663,0.5
162521,0.5
161655,0.5
118327,0.5
197115,0.5
208019,0.5
93157,0.5
76393,0.5
112551,0.5
176359,0.5
35663,0.5
82776,0.5
107410,0.5
166911,0.5
88684,0.5
216862,0.5
234761,0.5
6794,0.5
185496,0.5
124499,0.5
197892,0.5
113719,0.5
13843,0.5
147138,0.5
146799,0.5
41801,0.5
183681,0.5
1752,0.5
234488,0.5
94400,0.5
33764,0.5
70534,0.5
172005,0.5
14869,0.5
207039,0.5
149510,0.5
130897,0.5
184694,0.5
205264,0.5
74705,0.5
5044,0.5
244586,0.5
161080,0.5
34834,0.5
22793,0.5
236417,0.5
182997,0.5
117144,0.5
60933,0.5
104433,0.5
243380,0.5
155541,0.5
74199,0.5
49012,0.5
228279,0.5
36609,0.5
106217,0.5
57921,0.5
138788,0.5
106671,0.5
95632,0.5
230901,0.5
197434,0.5
231776,0.5
190499,0.5
215013,0.5
44675,0.5
230447,0.5
115947,0.5
94962,0.5
52959,0.5
222836,0.5
94685,0.5
64929,0.5
3028,0.5
132646,0.5
195981,0.5
23332,0.5
167164,0.5
211558,0.5
222283,0.5
29835,0.5
185976,0.5
235627,0.5
89841,0.5
67778,0.5
88107,0.5
123379,0.5
149963,0.5
7364,0.5
220565,0.5
99548,0.5
131270,0.5
134991,0.5
109070,0.5
93218,0.5
35339,0.5
196102,0.5
112831,0.5
11904,0.5
243381,0.5
205133,0.5
21287,0.5
28955,0.5
206767,0.5
236465,0.5
196777,0.5
135458,0.5
141427,0.5
101475,0.5
46295,0.5
111339,0.5
217759,0.5
121756,0.5
3518,0.5
179423,0.5
73932,0.5
82050,0.5
213000,0.5
237173,0.5
131808,0.5
154482,0.5
46837,0.5
223194,0.5
122419,0.5
110924,0.5
32694,0.5
175651,0.5
12086,0.5
157184,0.5
77526,0.5
211466,0.5
81265,0.5
44917,0.5
230023,0.5
172326,0.5
90572,0.5
213218,0.5
123206,0.5
28753,0.5
114621,0.5
91346,0.5
76187,0.5
88156,0.5
73633,0.5
114500,0.5
55443,0.5
123481,0.5
94955,0.5
125469,0.5
27890,0.5
156275,0.5
213236,0.5
109604,0.5
11670,0.5
40698,0.5
66418,0.5
228036,0.5
52032,0.5
153128,0.5
29441,0.5
14858,0.5
163379,0.5
148624,0.5
196396,0.5
84522,0.5
33981,0.5
118089,0.5
88831,0.5
129462,0.5
76905,0.5
119213,0.5
88010,0.5
51294,0.5
225048,0.5
241000,0.5
172298,0.5
45971,0.5
196565,0.5
124702,0.5
248052,0.5
211182,0.5
150867,0.5
247169,0.5
15145,0.5
239466,0.5
241431,0.5
77334,0.5
227803,0.5
92697,0.5
121094,0.5
197139,0.5
119612,0.5
44694,0.5
161234,0.5
228544,0.5
140202,0.5
224597,0.5
33048,0.5
199870,0.5
53481,0.5
92803,0.5
101662,0.5
188340,0.5
233619,0.5
27688,0.5
14401,0.5
182620,0.5
245634,0.5
20148,0.5
229426,0.5
224461,0.5
139306,0.5
22970,0.5
219131,0.5
207926,0.5
228178,0.5
209374,0.5
62091,0.5
205319,0.5
3052,0.5
142592,0.5
13730,0.5
235342,0.5
36020,0.5
68809,0.5
93598,0.5
32402,0.5
63475,0.5
242894,0.5
99344,0.5
46841,0.5
84498,0.5
94679,0.5
173368,0.5
156626,0.5
175821,0.5
45160,0.5
249531,0.5
218973,0.5
84029,0.5
53425,0.5
198426,0.5
106287,0.5
103525,0.5
100607,0.5
71475,0.5
1562,0.5
16545,0.5
117344,0.5
3460,0.5
230038,0.5
237909,0.5
76764,0.5
74637,0.5
237723,0.5
38888,0.5
185022,0.5
132648,0.5
43457,0.5
109231,0.5
105324,0.5
95614,0.5
203412,0.5
47479,0.5
238486,0.5
136588,0.5
29106,0.5
185646,0.5
31955,0.5
184027,0.5
147679,0.5
142229,0.5
140472,0.5
160298,0.5
177031,0.5
59094,0.5
185501,0.5
80633,0.5
187645,0.5
157436,0.5
146373,0.5
81425,0.5
142143,0.5
59907,0.5
185781,0.5
59219,0.5
164322,0.5
235982,0.5
13672,0.5
78221,0.5
188371,0.5
105821,0.5
166366,0.5
13127,0.5
191924,0.5
49323,0.5
87832,0.5
180665,0.5
205802,0.5
208135,0.5
208651,0.5
142166,0.5
4380,0.5
31399,0.5
60775,0.5
167231,0.5
147992,0.5
114523,0.5
48343,0.5
212812,0.5
242636,0.5
104236,0.5
150635,0.5
91669,0.5
131056,0.5
78439,0.5
217175,0.5
233325,0.5
151819,0.5
170545,0.5
243655,0.5
123069,0.5
154427,0.5
112804,0.5
27953,0.5
116052,0.5
107126,0.5
90771,0.5
136785,0.5
66036,0.5
176745,0.5
15961,0.5
220755,0.5
37209,0.5
176195,0.5
150541,0.5
188024,0.5
119475,0.5
23157,0.5
231969,0.5
124275,0.5
21539,0.5
174528,0.5
206476,0.5
26859,0.5
205818,0.5
138171,0.5
50837,0.5
131157,0.5
165885,0.5
61223,0.5
226043,0.5
209634,0.5
9812,0.5
135127,0.5
183143,0.5
45010,0.5
62388,0.5
29312,0.5
57356,0.5
139826,0.5
114719,0.5
14183,0.5
164588,0.5
34865,0.5
22879,0.5
121624,0.5
121110,0.5
206088,0.5
166187,0.5
196991,0.5
12232,0.5
77668,0.5
133958,0.5
30478,0.5
229705,0.5
170826,0.5
128881,0.5
220452,0.5
161378,0.5
76017,0.5
118632,0.5
84229,0.5
153319,0.5
167564,0.5
214888,0.5
121164,0.5
244115,0.5
206303,0.5
94562,0.5
66675,0.5
58209,0.5
239713,0.5
155628,0.5
160760,0.5
41427,0.5
188355,0.5
43791,0.5
192181,0.5
206362,0.5
1054,0.5
100289,0.5
240521,0.5
68792,0.5
136060,0.5
8585,0.5
236995,0.5
246314,0.5
202450,0.5
51244,0.5
25418,0.5
37630,0.5
1523,0.5
71662,0.5
43482,0.5
187026,0.5
175197,0.5
111787,0.5
180835,0.5
45759,0.5
128542,0.5
238870,0.5
182981,0.5
110669,0.5
66684,0.5
2000,0.5
145962,0.5
191569,0.5
176816,0.5
135047,0.5
52898,0.5
95992,0.5
179875,0.5
7427,0.5
192271,0.5
246203,0.5
68140,0.5
99876,0.5
248671,0.5
229721,0.5
177598,0.5
24440,0.5
65430,0.5
126844,0.5
199433,0.5
53377,0.5
155255,0.5
58686,0.5
148599,0.5
177305,0.5
109187,0.5
62270,0.5
182187,0.5
151368,0.5
184282,0.5
6040,0.5
226044,0.5
1828,0.5
20225,0.5
225626,0.5
181282,0.5
68208,0.5
120186,0.5
95003,0.5
127340,0.5
89144,0.5
117327,0.5
89221,0.5
100958,0.5
75909,0.5
26165,0.5
39117,0.5
239119,0.5
144896,0.5
175462,0.5
99631,0.5
139315,0.5
105449,0.5
7414,0.5
48598,0.5
159624,0.5
18611,0.5
194918,0.5
164925,0.5
51220,0.5
19284,0.5
35326,0.5
107381,0.5
175415,0.5
169624,0.5
158594,0.5
67308,0.5
84448,0.5
68692,0.5
45042,0.5
13483,0.5
168066,0.5
32771,0.5
221544,0.5
224074,0.5
7127,0.5
231580,0.5
236783,0.5
166245,0.5
165809,0.5
119000,0.5
220909,0.5
129128,0.5
229771,0.5
56772,0.5
68973,0.5
160757,0.5
246012,0.5
27729,0.5
22702,0.5
65532,0.5
197813,0.5
169460,0.5
156194,0.5
139730,0.5
170407,0.5
234811,0.5
67658,0.5
181879,0.5
226230,0.5
81906,0.5
98418,0.5
244898,0.5
202632,0.5
36957,0.5
167323,0.5
210798,0.5
36780,0.5
130819,0.5
187194,0.5
222909,0.5
33608,0.5
82464,0.5
95924,0.5
75143,0.5
53651,0.5
37342,0.5
48102,0.5
5855,0.5
137160,0.5
226871,0.5
184596,0.5
150971,0.5
61502,0.5
52875,0.5
195233,0.5
94897,0.5
2996,0.5
219517,0.5
76538,0.5
205118,0.5
167021,0.5
165713,0.5
210288,0.5
69878,0.5
210941,0.5
43633,0.5
132779,0.5
224180,0.5
171259,0.5
70450,0.5
106430,0.5
157920,0.5
146079,0.5
136887,0.5
91503,0.5
63375,0.5
105892,0.5
105522,0.5
49237,0.5
106684,0.5
52542,0.5
60204,0.5
26786,0.5
95049,0.5
125738,0.5
75500,0.5
8188,0.5
241297,0.5
100053,0.5
155856,0.5
16527,0.5
94464,0.5
23062,0.5
140369,0.5
87220,0.5
169013,0.5
170867,0.5
185289,0.5
201794,0.5
78170,0.5
12854,0.5
117374,0.5
27933,0.5
145900,0.5
217055,0.5
79274,0.5
128041,0.5
207720,0.5
232368,0.5
42237,0.5
24895,0.5
29494,0.5
198703,0.5
29285,0.5
31659,0.5
52745,0.5
172153,0.5
156816,0.5
178990,0.5
86903,0.5
23894,0.5
38213,0.5
175470,0.5
236576,0.5
130128,0.5
218091,0.5
184523,0.5
21380,0.5
193940,0.5
136806,0.5
204046,0.5
80039,0.5
100816,0.5
10229,0.5
6972,0.5
226335,0.5
89773,0.5
145559,0.5
168311,0.5
27533,0.5
61191,0.5
138824,0.5
239022,0.5
18554,0.5
57821,0.5
166035,0.5
6170,0.5
174510,0.5
156524,0.5
217520,0.5
233122,0.5
85346,0.5
38256,0.5
213571,0.5
156455,0.5
109021,0.5
15279,0.5
166157,0.5
198850,0.5
42146,0.5
65298,0.5
165582,0.5
175989,0.5
219850,0.5
45530,0.5
229434,0.5
86175,0.5
171191,0.5
179843,0.5
67627,0.5
118006,0.5
182765,0.5
179481,0.5
144305,0.5
44683,0.5
92500,0.5
74250,0.5
39721,0.5
128489,0.5
173258,0.5
164490,0.5
182134,0.5
183606,0.5
237034,0.5
156949,0.5
230586,0.5
197951,0.5
13169,0.5
228677,0.5
67518,0.5
45838,0.5
14009,0.5
236892,0.5
120837,0.5
184109,0.5
95920,0.5
218715,0.5
54457,0.5
231841,0.5
186623,0.5
6630,0.5
213656,0.5
92944,0.5
114071,0.5
79437,0.5
71609,0.5
18964,0.5
57729,0.5
42949,0.5
203226,0.5
65941,0.5
248380,0.5
114932,0.5
5478,0.5
97861,0.5
65280,0.5
17742,0.5
131786,0.5
33792,0.5
157356,0.5
186414,0.5
46390,0.5
63543,0.5
149635,0.5
69187,0.5
24070,0.5
155957,0.5
177968,0.5
56840,0.5
135061,0.5
209134,0.5
195414,0.5
225986,0.5
184101,0.5
219052,0.5
79088,0.5
46144,0.5
227646,0.5
223894,0.5
221802,0.5
184815,0.5
209769,0.5
97641,0.5
165989,0.5
133871,0.5
132728,0.5
151733,0.5
101936,0.5
152196,0.5
7064,0.5
207420,0.5
222841,0.5
172482,0.5
207359,0.5
190415,0.5
152201,0.5
26924,0.5
77820,0.5
214930,0.5
180953,0.5
131187,0.5
136754,0.5
194885,0.5
213502,0.5
137001,0.5
115088,0.5
98495,0.5
224373,0.5
230977,0.5
184452,0.5
5372,0.5
45751,0.5
208587,0.5
162612,0.5
186064,0.5
201282,0.5
47691,0.5
95575,0.5
156758,0.5
87684,0.5
92750,0.5
242797,0.5
103579,0.5
169737,0.5
192157,0.5
87040,0.5
149281,0.5
63192,0.5
86019,0.5
153153,0.5
94854,0.5
213754,0.5
26760,0.5
212954,0.5
217034,0.5
99052,0.5
141718,0.5
91081,0.5
71937,0.5
88935,0.5
89843,0.5
181804,0.5
34725,0.5
39300,0.5
29821,0.5
73008,0.5
169301,0.5
127488,0.5
231174,0.5
54561,0.5
197468,0.5
24557,0.5
162504,0.5
149069,0.5
56568,0.5
14897,0.5
130145,0.5
215259,0.5
174877,0.5
196616,0.5
138503,0.5
104054,0.5
27434,0.5
35736,0.5
85951,0.5
136751,0.5
142117,0.5
104597,0.5
173252,0.5
118864,0.5
118393,0.5
111314,0.5
243986,0.5
225515,0.5
50879,0.5
59489,0.5
204188,0.5
131971,0.5
135902,0.5
17913,0.5
24221,0.5
222146,0.5
86774,0.5
182199,0.5
217438,0.5
217296,0.5
197659,0.5
133840,0.5
177218,0.5
200636,0.5
195310,0.5
177512,0.5
51349,0.5
36381,0.5
96841,0.5
67408,0.5
138484,0.5
50552,0.5
167191,0.5
238987,0.5
43601,0.5
168832,0.5
101746,0.5
1333,0.5
207143,0.5
236305,0.5
211318,0.5
147288,0.5
2500,0.5
236051,0.5
58028,0.5
243775,0.5
6050,0.5
70852,0.5
130172,0.5
10051,0.5
51509,0.5
116454,0.5
74983,0.5
232833,0.5
61325,0.5
224118,0.5
248751,0.5
95586,0.5
152708,0.5
146933,0.5
226782,0.5
100747,0.5
101007,0.5
221034,0.5
49872,0.5
167140,0.5
59936,0.5
138562,0.5
202106,0.5
92947,0.5
141980,0.5
124986,0.5
144237,0.5
119764,0.5
84188,0.5
249164,0.5
50856,0.5
208383,0.5
174441,0.5
148117,0.5
188414,0.5
91310,0.5
222629,0.5
85172,0.5
241381,0.5
227303,0.5
1224,0.5
144490,0.5
189414,0.5
193231,0.5
210228,0.5
98456,0.5
62006,0.5
221816,0.5
160800,0.5
10711,0.5
150526,0.5
200192,0.5
199336,0.5
240752,0.5
77391,0.5
247911,0.5
164023,0.5
8375,0.5
46146,0.5
204129,0.5
169453,0.5
134545,0.5
22994,0.5
191110,0.5
167656,0.5
137659,0.5
7541,0.5
48127,0.5
198179,0.5
235794,0.5
219446,0.5
222851,0.5
92285,0.5
150084,0.5
91144,0.5
241064,0.5
8430,0.5
46072,0.5
27038,0.5
162674,0.5
113836,0.5
13659,0.5
63600,0.5
83946,0.5
205878,0.5
168747,0.5
109019,0.5
124040,0.5
38583,0.5
34705,0.5
8094,0.5
117092,0.5
52276,0.5
33704,0.5
63335,0.5
93564,0.5
148310,0.5
213392,0.5
82787,0.5
235004,0.5
199619,0.5
80748,0.5
76938,0.5
4899,0.5
110682,0.5
139317,0.5
28019,0.5
67679,0.5
240468,0.5
86415,0.5
178479,0.5
193295,0.5
88138,0.5
205657,0.5
108883,0.5
151032,0.5
42024,0.5
209456,0.5
111975,0.5
197072,0.5
41243,0.5
221711,0.5
50038,0.5
63538,0.5
138166,0.5
196086,0.5
156095,0.5
30275,0.5
11813,0.5
33079,0.5
128590,0.5
187426,0.5
18551,0.5
127048,0.5
169820,0.5
63406,0.5
166166,0.5
170584,0.5
107292,0.5
127291,0.5
205565,0.5
174442,0.5
99570,0.5
244531,0.5
39412,0.5
18776,0.5
238437,0.5
41646,0.5
89906,0.5
130090,0.5
43421,0.5
181531,0.5
245778,0.5
64171,0.5
160508,0.5
235854,0.5
169215,0.5
204083,0.5
207770,0.5
4939,0.5
146920,0.5
39349,0.5
155286,0.5
63769,0.5
141917,0.5
138329,0.5
31098,0.5
83654,0.5
192431,0.5
105830,0.5
17811,0.5
91040,0.5
36525,0.5
20824,0.5
30573,0.5
187667,0.5
166042,0.5
109825,0.5
205103,0.5
195578,0.5
111710,0.5
168679,0.5
185959,0.5
119023,0.5
112058,0.5
182563,0.5
22704,0.5
107610,0.5
231382,0.5
128716,0.5
217171,0.5
196803,0.5
118763,0.5
244708,0.5
169036,0.5
103353,0.5
87717,0.5
246393,0.5
8705,0.5
96672,0.5
36988,0.5
71185,0.5
73034,0.5
151118,0.5
197396,0.5
33821,0.5
123222,0.5
38251,0.5
128157,0.5
113943,0.5
30746,0.5
109736,0.5
90904,0.5
93156,0.5
240154,0.5
232011,0.5
207396,0.5
19468,0.5
190491,0.5
62114,0.5
134171,0.5
9597,0.5
83993,0.5
125369,0.5
224858,0.5
116794,0.5
117528,0.5
205577,0.5
64286,0.5
155855,0.5
163084,0.5
194020,0.5
194015,0.5
194391,0.5
139035,0.5
199303,0.5
204564,0.5
178439,0.5
235499,0.5
214442,0.5
40937,0.5
213347,0.5
126326,0.5
86758,0.5
158368,0.5
139171,0.5
168593,0.5
22506,0.5
155675,0.5
193282,0.5
21712,0.5
45672,0.5
9718,0.5
132383,0.5
102381,0.5
142258,0.5
4777,0.5
123285,0.5
56648,0.5
30372,0.5
50286,0.5
197530,0.5
26212,0.5
4074,0.5
26982,0.5
145786,0.5
189206,0.5
248879,0.5
152661,0.5
93779,0.5
215296,0.5
205292,0.5
136608,0.5
185236,0.5
69078,0.5
70272,0.5
212225,0.5
214328,0.5
91579,0.5
88440,0.5
100972,0.5
185190,0.5
35932,0.5
162580,0.5
60632,0.5
123894,0.5
130372,0.5
176290,0.5
124627,0.5
244623,0.5
249840,0.5
55850,0.5
122236,0.5
40002,0.5
247168,0.5
150004,0.5
144970,0.5
140101,0.5
151884,0.5
47383,0.5
42803,0.5
199978,0.5
157541,0.5
61873,0.5
19428,0.5
88015,0.5
57099,0.5
86890,0.5
89569,0.5
163382,0.5
223313,0.5
104163,0.5
139729,0.5
8659,0.5
9931,0.5
27493,0.5
19920,0.5
173366,0.5
84812,0.5
14304,0.5
236395,0.5
103051,0.5
190315,0.5
7839,0.5
241033,0.5
106876,0.5
18187,0.5
176800,0.5
4705,0.5
238746,0.5
53264,0.5
151005,0.5
139078,0.5
127257,0.5
217724,0.5
249235,0.5
1665,0.5
191562,0.5
87594,0.5
53928,0.5
133327,0.5
77264,0.5
211000,0.5
75255,0.5
235732,0.5
151216,0.5
36042,0.5
2303,0.5
232392,0.5
160216,0.5
18869,0.5
222388,0.5
152526,0.5
132737,0.5
187633,0.5
165586,0.5
9384,0.5
131151,0.5
103286,0.5
121054,0.5
237701,0.5
237545,0.5
87884,0.5
109140,0.5
142123,0.5
140744,0.5
105077,0.5
53278,0.5
139579,0.5
123521,0.5
164844,0.5
194551,0.5
199019,0.5
31768,0.5
89331,0.5
80263,0.5
152034,0.5
109789,0.5
8290,0.5
143272,0.5
109491,0.5
50685,0.5
135011,0.5
12340,0.5
92559,0.5
155408,0.5
143832,0.5
56246,0.5
109682,0.5
26170,0.5
21686,0.5
125052,0.5
123542,0.5
231684,0.5
38385,0.5
204998,0.5
131768,0.5
168595,0.5
219915,0.5
94334,0.5
48106,0.5
18831,0.5
184501,0.5
225923,0.5
46386,0.5
195198,0.5
24771,0.5
163166,0.5
158108,0.5
100170,0.5
67473,0.5
115425,0.5
29831,0.5
181002,0.5
218168,0.5
152074,0.5
72614,0.5
14464,0.5
236577,0.5
241730,0.5
198104,0.5
24879,0.5
169821,0.5
209621,0.5
221449,0.5
213619,0.5
99668,0.5
210510,0.5
142081,0.5
197770,0.5
111837,0.5
211808,0.5
56317,0.5
108116,0.5
227615,0.5
175420,0.5
23216,0.5
137273,0.5
27300,0.5
193361,0.5
10983,0.5
212453,0.5
187758,0.5
9519,0.5
158768,0.5
244611,0.5
14513,0.5
217914,0.5
202112,0.5
235773,0.5
74236,0.5
7627,0.5
182001,0.5
107040,0.5
168829,0.5
122003,0.5
102608,0.5
14661,0.5
184961,0.5
234139,0.5
193291,0.5
159581,0.5
140132,0.5
62723,0.5
128986,0.5
85757,0.5
46572,0.5
31963,0.5
63672,0.5
88428,0.5
31049,0.5
244087,0.5
27852,0.5
200948,0.5
28942,0.5
83238,0.5
130757,0.5
82445,0.5
248623,0.5
97034,0.5
134271,0.5
10707,0.5
199650,0.5
83051,0.5
245613,0.5
27379,0.5
3695,0.5
9355,0.5
100515,0.5
86352,0.5
147890,0.5
229050,0.5
6816,0.5
228041,0.5
215072,0.5
15311,0.5
229384,0.5
193397,0.5
154447,0.5
134227,0.5
57546,0.5
249185,0.5
136417,0.5
218796,0.5
121542,0.5
135324,0.5
113613,0.5
237559,0.5
66296,0.5
210875,0.5
16876,0.5
19453,0.5
226251,0.5
231554,0.5
226902,0.5
76320,0.5
204096,0.5
248531,0.5
185807,0.5
165408,0.5
35104,0.5
68816,0.5
121323,0.5
51670,0.5
59483,0.5
113146,0.5
89265,0.5
177528,0.5
201474,0.5
33231,0.5
8016,0.5
229020,0.5
72405,0.5
43165,0.5
17369,0.5
246492,0.5
109971,0.5
151151,0.5
77215,0.5
31613,0.5
51943,0.5
58309,0.5
190177,0.5
100574,0.5
103872,0.5
53457,0.5
192625,0.5
170940,0.5
190666,0.5
242648,0.5
186717,0.5
167203,0.5
173354,0.5
160647,0.5
73918,0.5
151419,0.5
8179,0.5
29448,0.5
153898,0.5
246677,0.5
75200,0.5
93201,0.5
100708,0.5
243971,0.5
35621,0.5
61104,0.5
1373,0.5
169591,0.5
135050,0.5
197021,0.5
34438,0.5
121825,0.5
108611,0.5
7279,0.5
164505,0.5
91560,0.5
22272,0.5
186195,0.5
94546,0.5
150676,0.5
195189,0.5
95669,0.5
188854,0.5
101587,0.5
5879,0.5
62308,0.5
135954,0.5
40278,0.5
130828,0.5
105056,0.5
167905,0.5
225697,0.5
152450,0.5
121757,0.5
19884,0.5
48860,0.5
234073,0.5
237090,0.5
79701,0.5
244297,0.5
196916,0.5
128601,0.5
72963,0.5
97083,0.5
190641,0.5
214970,0.5
107264,0.5
108005,0.5
202617,0.5
249363,0.5
150683,0.5
121740,0.5
231245,0.5
61832,0.5
15635,0.5
193575,0.5
45477,0.5
232005,0.5
221881,0.5
217961,0.5
9549,0.5
187332,0.5
100726,0.5
102029,0.5
242477,0.5
16825,0.5
155022,0.5
92552,0.5
184120,0.5
7437,0.5
97809,0.5
17731,0.5
23293,0.5
139655,0.5
183346,0.5
208704,0.5
169408,0.5
64067,0.5
153930,0.5
153004,0.5
225630,0.5
24475,0.5
246495,0.5
249300,0.5
21714,0.5
220492,0.5
246524,0.5
221037,0.5
28595,0.5
35400,0.5
223392,0.5
184439,0.5
63133,0.5
156810,0.5
83824,0.5
113734,0.5
109353,0.5
128188,0.5
246570,0.5
128474,0.5
63343,0.5
76512,0.5
172758,0.5
1188,0.5
1142,0.5
55402,0.5
125653,0.5
48919,0.5
83503,0.5
122664,0.5
3893,0.5
82011,0.5
169612,0.5
117623,0.5
109807,0.5
56506,0.5
203112,0.5
172852,0.5
20296,0.5
246156,0.5
217564,0.5
179286,0.5
50451,0.5
93392,0.5
152694,0.5
91839,0.5
87925,0.5
63324,0.5
242012,0.5
206267,0.5
112555,0.5
96499,0.5
178497,0.5
199814,0.5
75863,0.5
34303,0.5
111907,0.5
246157,0.5
76120,0.5
91726,0.5
178895,0.5
45624,0.5
171067,0.5
116481,0.5
140747,0.5
213845,0.5
136453,0.5
135179,0.5
229015,0.5
46985,0.5
135858,0.5
151518,0.5
104949,0.5
108439,0.5
186709,0.5
212848,0.5
153539,0.5
77751,0.5
122913,0.5
48084,0.5
197035,0.5
192777,0.5
47093,0.5
154851,0.5
234663,0.5
110304,0.5
120055,0.5
42804,0.5
245311,0.5
135632,0.5
232309,0.5
220553,0.5
23709,0.5
167694,0.5
48771,0.5
204513,0.5
112237,0.5
134120,0.5
60401,0.5
133590,0.5
13011,0.5
242284,0.5
68415,0.5
87504,0.5
191169,0.5
11008,0.5
206145,0.5
205817,0.5
237668,0.5
147096,0.5
13294,0.5
46431,0.5
231038,0.5
200211,0.5
145723,0.5
12060,0.5
83102,0.5
77954,0.5
204143,0.5
201024,0.5
80882,0.5
133411,0.5
35693,0.5
80528,0.5
194564,0.5
233141,0.5
140194,0.5
17798,0.5
51858,0.5
129971,0.5
69965,0.5
19567,0.5
32952,0.5
190151,0.5
231422,0.5
46151,0.5
67784,0.5
163283,0.5
75021,0.5
173363,0.5
2731,0.5
87178,0.5
49144,0.5
194701,0.5
172309,0.5
186914,0.5
39482,0.5
222291,0.5
53839,0.5
171572,0.5
139217,0.5
140308,0.5
206399,0.5
11371,0.5
103346,0.5
156181,0.5
61601,0.5
114428,0.5
6928,0.5
100285,0.5
70646,0.5
43899,0.5
26974,0.5
195248,0.5
209995,0.5
217764,0.5
233636,0.5
226499,0.5
151233,0.5
43459,0.5
163470,0.5
167640,0.5
60734,0.5
112798,0.5
242248,0.5
127969,0.5
107565,0.5
159564,0.5
224119,0.5
32990,0.5
28893,0.5
43544,0.5
216356,0.5
145035,0.5
115293,0.5
40476,0.5
115715,0.5
180167,0.5
206488,0.5
137159,0.5
4186,0.5
190699,0.5
87434,0.5
184006,0.5
237313,0.5
193816,0.5
93335,0.5
91155,0.5
40900,0.5
189359,0.5
9477,0.5
44533,0.5
238996,0.5
135359,0.5
194831,0.5
93458,0.5
57936,0.5
111626,0.5
161450,0.5
240787,0.5
52767,0.5
225825,0.5
176889,0.5
161133,0.5
126207,0.5
142226,0.5
191619,0.5
125702,0.5
3088,0.5
76261,0.5
177839,0.5
98015,0.5
3528,0.5
172401,0.5
243996,0.5
217202,0.5
224244,0.5
63573,0.5
208404,0.5
84504,0.5
194765,0.5
197766,0.5
111434,0.5
173657,0.5
43062,0.5
4825,0.5
83836,0.5
80086,0.5
55322,0.5
97470,0.5
32509,0.5
11518,0.5
85131,0.5
177798,0.5
106765,0.5
39821,0.5
192587,0.5
212870,0.5
17846,0.5
230009,0.5
141213,0.5
217962,0.5
243871,0.5
85700,0.5
196824,0.5
10106,0.5
197685,0.5
177002,0.5
73124,0.5
163972,0.5
134971,0.5
205820,0.5
184924,0.5
80216,0.5
132837,0.5
179258,0.5
218307,0.5
80159,0.5
164994,0.5
78410,0.5
181192,0.5
97615,0.5
105678,0.5
64163,0.5
150713,0.5
85592,0.5
95134,0.5
193952,0.5
81638,0.5
27535,0.5
142661,0.5
94268,0.5
45977,0.5
184528,0.5
174088,0.5
134498,0.5
18965,0.5
166675,0.5
196773,0.5
4376,0.5
104500,0.5
216684,0.5
57076,0.5
113136,0.5
226021,0.5
125463,0.5
109308,0.5
68909,0.5
77924,0.5
79704,0.5
226889,0.5
72948,0.5
207010,0.5
202771,0.5
133013,0.5
248969,0.5
206772,0.5
77664,0.5
77574,0.5
18245,0.5
111335,0.5
185398,0.5
206682,0.5
143351,0.5
87498,0.5
105645,0.5
121623,0.5
244753,0.5
121909,0.5
79154,0.5
30532,0.5
177168,0.5
94258,0.5
183319,0.5
130783,0.5
113559,0.5
212079,0.5
227759,0.5
181796,0.5
249533,0.5
92360,0.5
173742,0.5
202962,0.5
182482,0.5
54169,0.5
14213,0.5
204089,0.5
140585,0.5
25607,0.5
97506,0.5
110926,0.5
231491,0.5
89722,0.5
58781,0.5
144623,0.5
31608,0.5
29545,0.5
154754,0.5
48281,0.5
170580,0.5
143383,0.5
85271,0.5
166484,0.5
203144,0.5
4034,0.5
188387,0.5
172341,0.5
11743,0.5
196011,0.5
33154,0.5
170697,0.5
24421,0.5
203836,0.5
94212,0.5
212363,0.5
169034,0.5
164854,0.5
124165,0.5
141671,0.5
110505,0.5
240363,0.5
62609,0.5
118416,0.5
33092,0.5
194824,0.5
6215,0.5
78456,0.5
61878,0.5
170329,0.5
103416,0.5
220015,0.5
190656,0.5
77490,0.5
166264,0.5
139258,0.5
237706,0.5
211136,0.5
188474,0.5
193125,0.5
50622,0.5
82289,0.5
245947,0.5
152882,0.5
71750,0.5
83675,0.5
63836,0.5
233436,0.5
215635,0.5
172757,0.5
206514,0.5
237051,0.5
202022,0.5
98275,0.5
225199,0.5
133891,0.5
107765,0.5
79958,0.5
6388,0.5
240146,0.5
223298,0.5
117340,0.5
198411,0.5
2602,0.5
184727,0.5
22401,0.5
154303,0.5
131699,0.5
208070,0.5
220951,0.5
8125,0.5
239835,0.5
46555,0.5
102839,0.5
113980,0.5
128887,0.5
62862,0.5
233023,0.5
187573,0.5
71640,0.5
189696,0.5
137371,0.5
138038,0.5
13273,0.5
187186,0.5
36920,0.5
244717,0.5
226503,0.5
213781,0.5
33334,0.5
84952,0.5
70954,0.5
130180,0.5
101860,0.5
116506,0.5
197240,0.5
17720,0.5
93657,0.5
39334,0.5
110587,0.5
26184,0.5
108493,0.5
64038,0.5
211121,0.5
153349,0.5
168517,0.5
120744,0.5
241849,0.5
11602,0.5
90096,0.5
73814,0.5
212849,0.5
142369,0.5
50853,0.5
104722,0.5
158386,0.5
84833,0.5
226417,0.5
48308,0.5
171973,0.5
14131,0.5
234255,0.5
191136,0.5
44117,0.5
87464,0.5
61926,0.5
16012,0.5
52533,0.5
187765,0.5
219715,0.5
50719,0.5
142732,0.5
124893,0.5
104158,0.5
77332,0.5
108339,0.5
236321,0.5
126820,0.5
149716,0.5
154210,0.5
28455,0.5
209948,0.5
77599,0.5
218419,0.5
225735,0.5
11720,0.5
246261,0.5
36500,0.5
28217,0.5
93231,0.5
235356,0.5
993,0.5
110660,0.5
159989,0.5
76184,0.5
121439,0.5
135960,0.5
244521,0.5
99509,0.5
164249,0.5
30814,0.5
11693,0.5
60436,0.5
41429,0.5
116573,0.5
134393,0.5
50984,0.5
215967,0.5
173540,0.5
13042,0.5
32117,0.5
139176,0.5
75986,0.5
41797,0.5
30171,0.5
79406,0.5
10641,0.5
37944,0.5
45599,0.5
65229,0.5
188107,0.5
237001,0.5
2939,0.5
111463,0.5
224812,0.5
60931,0.5
65250,0.5
116627,0.5
21889,0.5
85884,0.5
147350,0.5
187038,0.5
199140,0.5
140722,0.5
138012,0.5
245876,0.5
58114,0.5
2905,0.5
199614,0.5
103404,0.5
122845,0.5
204752,0.5
149048,0.5
193653,0.5
53861,0.5
10640,0.5
71844,0.5
14729,0.5
79750,0.5
3871,0.5
23637,0.5
125716,0.5
71514,0.5
148070,0.5
56414,0.5
190592,0.5
32445,0.5
167820,0.5
140123,0.5
133298,0.5
190133,0.5
5880,0.5
133307,0.5
181626,0.5
177105,0.5
104391,0.5
210096,0.5
94239,0.5
48103,0.5
195430,0.5
218143,0.5
84005,0.5
199984,0.5
128955,0.5
230699,0.5
18149,0.5
152178,0.5
120541,0.5
55672,0.5
192341,0.5
226064,0.5
22514,0.5
169022,0.5
191703,0.5
244624,0.5
219609,0.5
34821,0.5
237423,0.5
196322,0.5
217278,0.5
9951,0.5
103007,0.5
135809,0.5
179578,0.5
193368,0.5
41973,0.5
86410,0.5
248022,0.5
175999,0.5
57865,0.5
128694,0.5
109644,0.5
145383,0.5
115039,0.5
14453,0.5
234071,0.5
178910,0.5
200105,0.5
88023,0.5
139366,0.5
208824,0.5
202670,0.5
81333,0.5
141282,0.5
243004,0.5
6141,0.5
44934,0.5
121814,0.5
218768,0.5
125188,0.5
234382,0.5
116535,0.5
60330,0.5
76692,0.5
4958,0.5
41644,0.5
75884,0.5
127326,0.5
204784,0.5
60759,0.5
134355,0.5
106722,0.5
207380,0.5
27337,0.5
234594,0.5
190852,0.5
79496,0.5
209047,0.5
222615,0.5
67188,0.5
121391,0.5
201374,0.5
20830,0.5
110562,0.5
107020,0.5
87514,0.5
207885,0.5
240784,0.5
155955,0.5
100237,0.5
78313,0.5
51115,0.5
153259,0.5
136073,0.5
171579,0.5
85860,0.5
108928,0.5
11233,0.5
199367,0.5
128595,0.5
138374,0.5
122708,0.5
198282,0.5
18298,0.5
50903,0.5
240782,0.5
101902,0.5
30565,0.5
107771,0.5
94153,0.5
116230,0.5
183760,0.5
46028,0.5
50208,0.5
14385,0.5
158129,0.5
87753,0.5
107733,0.5
25467,0.5
206090,0.5
101266,0.5
233566,0.5
134261,0.5
126683,0.5
241858,0.5
223721,0.5
142953,0.5
116872,0.5
51365,0.5
204445,0.5
201623,0.5
94699,0.5
17000,0.5
13758,0.5
118432,0.5
83857,0.5
248292,0.5
220497,0.5
240182,0.5
77222,0.5
73052,0.5
170287,0.5
186800,0.5
247737,0.5
83071,0.5
181065,0.5
97747,0.5
39063,0.5
9,0.5
43202,0.5
228155,0.5
80284,0.5
242161,0.5
72214,0.5
139611,0.5
80236,0.5
165962,0.5
109152,0.5
197314,0.5
129745,0.5
55206,0.5
164760,0.5
90199,0.5
64327,0.5
243046,0.5
68943,0.5
225251,0.5
161523,0.5
227023,0.5
177794,0.5
240016,0.5
22200,0.5
185356,0.5
45103,0.5
232752,0.5
203108,0.5
19626,0.5
120976,0.5
73158,0.5
83856,0.5
225413,0.5
55803,0.5
229548,0.5
68514,0.5
206948,0.5
85994,0.5
90586,0.5
194582,0.5
11214,0.5
63647,0.5
168222,0.5
52913,0.5
195691,0.5
220499,0.5
59616,0.5
68020,0.5
108369,0.5
225807,0.5
196870,0.5
69420,0.5
91422,0.5
131972,0.5
55169,0.5
209953,0.5
176293,0.5
162227,0.5
17137,0.5
158438,0.5
215930,0.5
95675,0.5
189770,0.5
54687,0.5
23761,0.5
199593,0.5
224699,0.5
155522,0.5
236482,0.5
72838,0.5
191823,0.5
208829,0.5
131234,0.5
83169,0.5
28562,0.5
13401,0.5
236240,0.5
136837,0.5
183970,0.5
223495,0.5
59239,0.5
113614,0.5
125536,0.5
41203,0.5
93273,0.5
49048,0.5
72335,0.5
90734,0.5
105136,0.5
114545,0.5
222365,0.5
214745,0.5
129720,0.5
25742,0.5
192816,0.5
37601,0.5
47578,0.5
169136,0.5
175050,0.5
94483,0.5
237339,0.5
3503,0.5
37655,0.5
179679,0.5
117976,0.5
202800,0.5
24979,0.5
67174,0.5
186641,0.5
187292,0.5
111103,0.5
205255,0.5
12842,0.5
188917,0.5
130071,0.5
47628,0.5
185842,0.5
45172,0.5
30321,0.5
6575,0.5
152831,0.5
85911,0.5
202836,0.5
87075,0.5
192518,0.5
146517,0.5
3888,0.5
247396,0.5
230297,0.5
210086,0.5
202878,0.5
27262,0.5
89588,0.5
244849,0.5
23231,0.5
175390,0.5
44161,0.5
161383,0.5
187239,0.5
139968,0.5
160001,0.5
26691,0.5
196596,0.5
109915,0.5
57345,0.5
204176,0.5
58279,0.5
36887,0.5
30181,0.5
8679,0.5
106551,0.5
69593,0.5
100174,0.5
205647,0.5
62850,0.5
213112,0.5
52837,0.5
249935,0.5
164294,0.5
190002,0.5
19595,0.5
75169,0.5
249336,0.5
246883,0.5
108221,0.5
164182,0.5
6689,0.5
182226,0.5
101011,0.5
171124,0.5
69792,0.5
89560,0.5
154085,0.5
227263,0.5
59966,0.5
162119,0.5
41671,0.5
17464,0.5
36621,0.5
71613,0.5
56544,0.5
43655,0.5
133011,0.5
34712,0.5
236129,0.5
22909,0.5
44541,0.5
95796,0.5
3957,0.5
108915,0.5
171243,0.5
78392,0.5
18088,0.5
49262,0.5
76927,0.5
3047,0.5
196452,0.5
154993,0.5
165907,0.5
150342,0.5
27951,0.5
176797,0.5
137432,0.5
33935,0.5
66007,0.5
133927,0.5
113770,0.5
232430,0.5
174764,0.5
170511,0.5
201190,0.5
158080,0.5
170505,0.5
54446,0.5
25025,0.5
176557,0.5
219747,0.5
227018,0.5
60463,0.5
52802,0.5
56433,0.5
26713,0.5
34780,0.5
208013,0.5
113452,0.5
147141,0.5
17587,0.5
134017,0.5
80004,0.5
86177,0.5
238393,0.5
189621,0.5
17476,0.5
243377,0.5
215258,0.5
30620,0.5
23,0.5
146494,0.5
152678,0.5
156718,0.5
228460,0.5
245056,0.5
153670,0.5
228884,0.5
155302,0.5
244377,0.5
76986,0.5
202296,0.5
53787,0.5
150457,0.5
19769,0.5
183614,0.5
36777,0.5
24084,0.5
3571,0.5
207069,0.5
64344,0.5
24781,0.5
226841,0.5
38525,0.5
162705,0.5
211691,0.5
37739,0.5
95320,0.5
54229,0.5
178730,0.5
142128,0.5
217398,0.5
63953,0.5
138269,0.5
239810,0.5
187171,0.5
155932,0.5
68421,0.5
155043,0.5
123643,0.5
126671,0.5
114450,0.5
120808,0.5
61647,0.5
144961,0.5
23579,0.5
247092,0.5
120642,0.5
135206,0.5
26443,0.5
65577,0.5
49116,0.5
12018,0.5
241512,0.5
95088,0.5
172218,0.5
62523,0.5
17303,0.5
204480,0.5
200573,0.5
249502,0.5
101651,0.5
97249,0.5
112104,0.5
33201,0.5
217109,0.5
117118,0.5
194531,0.5
45217,0.5
83539,0.5
229165,0.5
23090,0.5
46640,0.5
183402,0.5
170981,0.5
246042,0.5
73992,0.5
206609,0.5
46255,0.5
230892,0.5
56722,0.5
124927,0.5
67250,0.5
30177,0.5
244186,0.5
177538,0.5
126442,0.5
67757,0.5
43907,0.5
210973,0.5
221455,0.5
184524,0.5
62654,0.5
26600,0.5
234565,0.5
12615,0.5
171315,0.5
44483,0.5
148590,0.5
239851,0.5
60718,0.5
214215,0.5
163232,0.5
248080,0.5
24950,0.5
91926,0.5
24500,0.5
1580,0.5
187328,0.5
42561,0.5
157657,0.5
121153,0.5
120004,0.5
96084,0.5
175246,0.5
82280,0.5
78180,0.5
182629,0.5
167434,0.5
58820,0.5
24669,0.5
55433,0.5
2267,0.5
12606,0.5
13231,0.5
8367,0.5
64600,0.5
210746,0.5
241171,0.5
145096,0.5
175962,0.5
207747,0.5
17640,0.5
87286,0.5
225364,0.5
113098,0.5
47699,0.5
83764,0.5
128633,0.5
103142,0.5
31062,0.5
167607,0.5
12853,0.5
20895,0.5
153525,0.5
223862,0.5
70841,0.5
159801,0.5
238315,0.5
100314,0.5
248378,0.5
5771,0.5
76356,0.5
47617,0.5
70233,0.5
247730,0.5
86657,0.5
109395,0.5
166352,0.5
54755,0.5
194027,0.5
37478,0.5
189717,0.5
6538,0.5
25305,0.5
168376,0.5
109285,0.5
235759,0.5
240479,0.5
99391,0.5
6147,0.5
188374,0.5
100410,0.5
98441,0.5
106795,0.5
105589,0.5
41257,0.5
232358,0.5
216152,0.5
106887,0.5
176262,0.5
82868,0.5
100164,0.5
90768,0.5
148231,0.5
103292,0.5
91058,0.5
141328,0.5
169840,0.5
3097,0.5
78912,0.5
115272,0.5
2605,0.5
55095,0.5
219855,0.5
162747,0.5
198953,0.5
215508,0.5
76706,0.5
178975,0.5
35444,0.5
79057,0.5
192202,0.5
31901,0.5
37170,0.5
162235,0.5
109024,0.5
175503,0.5
173315,0.5
27162,0.5
20871,0.5
244114,0.5
122185,0.5
207157,0.5
248215,0.5
149006,0.5
17532,0.5
83812,0.5
95261,0.5
31874,0.5
98128,0.5
10330,0.5
3074,0.5
127260,0.5
69299,0.5
119273,0.5
74683,0.5
114038,0.5
233195,0.5
67718,0.5
20300,0.5
30165,0.5
181020,0.5
112024,0.5
14474,0.5
240559,0.5
73884,0.5
153142,0.5
182195,0.5
111872,0.5
26307,0.5
127127,0.5
81829,0.5
39227,0.5
162591,0.5
22926,0.5
52022,0.5
163949,0.5
120188,0.5
122458,0.5
61056,0.5
26944,0.5
177691,0.5
63229,0.5
44000,0.5
75006,0.5
82832,0.5
153785,0.5
172608,0.5
189083,0.5
147547,0.5
155650,0.5
31708,0.5
62220,0.5
97257,0.5
135111,0.5
30846,0.5
52041,0.5
51276,0.5
77056,0.5
31140,0.5
10766,0.5
186380,0.5
88716,0.5
23112,0.5
64830,0.5
232880,0.5
120742,0.5
12236,0.5
66035,0.5
225065,0.5
112882,0.5
248861,0.5
103500,0.5
110205,0.5
213139,0.5
199547,0.5
217267,0.5
141800,0.5
144950,0.5
125000,0.5
98483,0.5
146625,0.5
103388,0.5
182854,0.5
135105,0.5
229808,0.5
244834,0.5
82854,0.5
171966,0.5
186338,0.5
238624,0.5
196513,0.5
155599,0.5
145456,0.5
2865,0.5
30641,0.5
66280,0.5
28237,0.5
1901,0.5
52916,0.5
80750,0.5
11080,0.5
82428,0.5
32327,0.5
141759,0.5
231462,0.5
206086,0.5
76264,0.5
222446,0.5
144584,0.5
190750,0.5
26139,0.5
145546,0.5
53700,0.5
75203,0.5
231868,0.5
47743,0.5
100105,0.5
165536,0.5
220711,0.5
94769,0.5
206462,0.5
22541,0.5
182646,0.5
121985,0.5
69351,0.5
51324,0.5
111334,0.5
41053,0.5
39105,0.5
214992,0.5
76928,0.5
175801,0.5
84113,0.5
171359,0.5
217868,0.5
246722,0.5
231316,0.5
46828,0.5
81640,0.5
126344,0.5
21789,0.5
242439,0.5
226826,0.5
102776,0.5
48818,0.5
31565,0.5
108172,0.5
246110,0.5
155233,0.5
11439,0.5
66622,0.5
120950,0.5
223497,0.5
181645,0.5
151219,0.5
183140,0.5
31301,0.5
166401,0.5
232348,0.5
131797,0.5
192159,0.5
117532,0.5
16597,0.5
200970,0.5
155370,0.5
202951,0.5
15151,0.5
87215,0.5
199452,0.5
110622,0.5
46681,0.5
62524,0.5
15422,0.5
82244,0.5
84869,0.5
124160,0.5
40683,0.5
152396,0.5
7875,0.5
166081,0.5
222652,0.5
207037,0.5
35838,0.5
25797,0.5
120715,0.5
127065,0.5
138188,0.5
24387,0.5
107347,0.5
92013,0.5
171511,0.5
69400,0.5
220716,0.5
226331,0.5
113330,0.5
190590,0.5
157405,0.5
63134,0.5
98853,0.5
2342,0.5
243384,0.5
174243,0.5
177497,0.5
122709,0.5
36571,0.5
216282,0.5
179294,0.5
31928,0.5
27698,0.5
98706,0.5
234808,0.5
36327,0.5
98806,0.5
145505,0.5
174431,0.5
206572,0.5
195114,0.5
39381,0.5
241253,0.5
124500,0.5
27915,0.5
41830,0.5
215788,0.5
176439,0.5
133413,0.5
49831,0.5
184096,0.5
117486,0.5
53925,0.5
146419,0.5
197354,0.5
114355,0.5
109158,0.5
18561,0.5
194281,0.5
200171,0.5
98213,0.5
43013,0.5
18154,0.5
178129,0.5
234386,0.5
219343,0.5
4776,0.5
141407,0.5
154825,0.5
35372,0.5
958,0.5
36264,0.5
62461,0.5
203711,0.5
15841,0.5
104000,0.5
61057,0.5
200125,0.5
83203,0.5
186281,0.5
223685,0.5
1074,0.5
24256,0.5
64901,0.5
241499,0.5
141178,0.5
155806,0.5
63220,0.5
146817,0.5
162462,0.5
111059,0.5
150585,0.5
179706,0.5
192216,0.5
121288,0.5
81966,0.5
170998,0.5
86296,0.5
200037,0.5
15886,0.5
233600,0.5
216662,0.5
141173,0.5
134775,0.5
16762,0.5
172359,0.5
45667,0.5
214959,0.5
99314,0.5
82756,0.5
47441,0.5
131630,0.5
114709,0.5
113327,0.5
201456,0.5
68305,0.5
217054,0.5
141517,0.5
65350,0.5
109544,0.5
7474,0.5
162816,0.5
118020,0.5
175913,0.5
181591,0.5
116422,0.5
30656,0.5
225932,0.5
164884,0.5
61282,0.5
55664,0.5
207983,0.5
179945,0.5
46223,0.5
229355,0.5
246493,0.5
19162,0.5
190804,0.5
96985,0.5
149392,0.5
58140,0.5
15857,0.5
96815,0.5
206310,0.5
85573,0.5
149035,0.5
45750,0.5
4076,0.5
107767,0.5
27050,0.5
182776,0.5
65151,0.5
78935,0.5
95947,0.5
19821,0.5
2878,0.5
218982,0.5
135463,0.5
210172,0.5
211169,0.5
177832,0.5
171616,0.5
176230,0.5
226951,0.5
184244,0.5
45111,0.5
137169,0.5
84908,0.5
13803,0.5
95406,0.5
151846,0.5
226967,0.5
178961,0.5
68338,0.5
35095,0.5
35421,0.5
57193,0.5
152647,0.5
15050,0.5
59754,0.5
151093,0.5
156004,0.5
11529,0.5
79898,0.5
158659,0.5
195768,0.5
106283,0.5
23947,0.5
226576,0.5
5752,0.5
213749,0.5
163156,0.5
231380,0.5
241553,0.5
38021,0.5
149367,0.5
196538,0.5
22205,0.5
166009,0.5
135961,0.5
114017,0.5
89089,0.5
167234,0.5
55549,0.5
88591,0.5
43518,0.5
184759,0.5
204007,0.5
124205,0.5
221027,0.5
136389,0.5
44199,0.5
103747,0.5
189465,0.5
234254,0.5
179796,0.5
190519,0.5
83904,0.5
194741,0.5
9307,0.5
178252,0.5
146707,0.5
91583,0.5
212427,0.5
79533,0.5
148896,0.5
181135,0.5
96235,0.5
202244,0.5
128422,0.5
93785,0.5
30674,0.5
235664,0.5
107684,0.5
194579,0.5
94300,0.5
87497,0.5
226140,0.5
221770,0.5
87755,0.5
100227,0.5
167920,0.5
246693,0.5
197156,0.5
72703,0.5
219775,0.5
181348,0.5
225570,0.5
91714,0.5
248774,0.5
222898,0.5
147020,0.5
126472,0.5
173056,0.5
86455,0.5
198709,0.5
220807,0.5
27854,0.5
12703,0.5
210009,0.5
132701,0.5
153361,0.5
48962,0.5
47656,0.5
126258,0.5
194907,0.5
68306,0.5
142799,0.5
146230,0.5
182631,0.5
68275,0.5
245015,0.5
215601,0.5
114187,0.5
172970,0.5
1780,0.5
88072,0.5
241447,0.5
95583,0.5
64144,0.5
85665,0.5
45542,0.5
112059,0.5
177889,0.5
37402,0.5
87628,0.5
107644,0.5
12377,0.5
51384,0.5
131021,0.5
248169,0.5
37616,0.5
42792,0.5
49108,0.5
13874,0.5
166550,0.5
242070,0.5
194719,0.5
134723,0.5
170317,0.5
237735,0.5
9791,0.5
208035,0.5
35635,0.5
59024,0.5
14358,0.5
49930,0.5
36056,0.5
23247,0.5
121719,0.5
121956,0.5
3266,0.5
70184,0.5
66332,0.5
232806,0.5
157588,0.5
157990,0.5
65597,0.5
74347,0.5
22979,0.5
116523,0.5
229848,0.5
229574,0.5
64010,0.5
108618,0.5
72766,0.5
143661,0.5
237753,0.5
42773,0.5
212056,0.5
185460,0.5
246307,0.5
200119,0.5
214917,0.5
122808,0.5
121010,0.5
113707,0.5
33328,0.5
68440,0.5
82454,0.5
165446,0.5
226865,0.5
54921,0.5
183106,0.5
245070,0.5
126042,0.5
183636,0.5
162815,0.5
109445,0.5
84473,0.5
86146,0.5
14449,0.5
75483,0.5
85407,0.5
115207,0.5
43083,0.5
164891,0.5
99227,0.5
27169,0.5
29155,0.5
141216,0.5
142463,0.5
153238,0.5
206879,0.5
174929,0.5
178544,0.5
92950,0.5
98185,0.5
194300,0.5
247818,0.5
246107,0.5
155367,0.5
2164,0.5
215602,0.5
145651,0.5
10169,0.5
112324,0.5
44724,0.5
98552,0.5
226633,0.5
170724,0.5
136560,0.5
36822,0.5
211234,0.5
65264,0.5
93790,0.5
223484,0.5
152597,0.5
165120,0.5
38112,0.5
223084,0.5
115412,0.5
1081,0.5
223432,0.5
19569,0.5
200383,0.5
74221,0.5
111171,0.5
197827,0.5
150241,0.5
231607,0.5
18508,0.5
81074,0.5
43481,0.5
182959,0.5
224237,0.5
137877,0.5
45508,0.5
232102,0.5
241137,0.5
89696,0.5
238629,0.5
122909,0.5
243859,0.5
40481,0.5
248105,0.5
191893,0.5
211142,0.5
227236,0.5
25221,0.5
126434,0.5
6305,0.5
222238,0.5
70764,0.5
2015,0.5
137623,0.5
48641,0.5
249641,0.5
217696,0.5
12823,0.5
19289,0.5
152110,0.5
82522,0.5
44518,0.5
70031,0.5
54957,0.5
54491,0.5
131362,0.5
128327,0.5
249401,0.5
201230,0.5
9543,0.5
110153,0.5
168661,0.5
123132,0.5
227926,0.5
59767,0.5
102400,0.5
178570,0.5
88628,0.5
132407,0.5
67213,0.5
113336,0.5
72844,0.5
75241,0.5
227507,0.5
234013,0.5
129577,0.5
17844,0.5
32147,0.5
1708,0.5
234209,0.5
130679,0.5
117436,0.5
51719,0.5
77076,0.5
171461,0.5
26045,0.5
172805,0.5
74915,0.5
216064,0.5
168572,0.5
210820,0.5
3837,0.5
237380,0.5
231169,0.5
65336,0.5
114778,0.5
99172,0.5
44849,0.5
105612,0.5
236872,0.5
31026,0.5
94592,0.5
129759,0.5
77997,0.5
19021,0.5
150307,0.5
4268,0.5
24348,0.5
111928,0.5
130228,0.5
170587,0.5
186598,0.5
213768,0.5
83894,0.5
58830,0.5
222696,0.5
11773,0.5
143487,0.5
213609,0.5
117114,0.5
120639,0.5
193532,0.5
8098,0.5
93285,0.5
148706,0.5
103382,0.5
218352,0.5
242420,0.5
222181,0.5
210522,0.5
11640,0.5
188200,0.5
155667,0.5
161025,0.5
173344,0.5
90063,0.5
24568,0.5
151366,0.5
149845,0.5
229132,0.5
79909,0.5
1657,0.5
224509,0.5
76410,0.5
187698,0.5
68778,0.5
243439,0.5
104783,0.5
54375,0.5
212376,0.5
65559,0.5
33384,0.5
201671,0.5
63955,0.5
73136,0.5
60930,0.5
228164,0.5
6202,0.5
78992,0.5
49113,0.5
36358,0.5
113904,0.5
208437,0.5
80368,0.5
224172,0.5
89024,0.5
98517,0.5
196572,0.5
147537,0.5
217477,0.5
13126,0.5
207023,0.5
22075,0.5
29861,0.5
238022,0.5
239675,0.5
186686,0.5
126629,0.5
46375,0.5
39258,0.5
32223,0.5
223413,0.5
66680,0.5
180348,0.5
193318,0.5
159363,0.5
54237,0.5
92523,0.5
71096,0.5
2624,0.5
13293,0.5
52693,0.5
235217,0.5
76164,0.5
183361,0.5
19485,0.5
195648,0.5
134717,0.5
5051,0.5
122859,0.5
100473,0.5
136854,0.5
138753,0.5
232137,0.5
55805,0.5
157623,0.5
70819,0.5
82345,0.5
63478,0.5
215413,0.5
74045,0.5
68906,0.5
43237,0.5
186111,0.5
211345,0.5
203887,0.5
74629,0.5
24849,0.5
165721,0.5
14528,0.5
61677,0.5
180173,0.5
205146,0.5
2428,0.5
138350,0.5
61406,0.5
115891,0.5
7102,0.5
156602,0.5
154246,0.5
199300,0.5
177212,0.5
227676,0.5
143210,0.5
47384,0.5
182068,0.5
224160,0.5
113321,0.5
198403,0.5
205841,0.5
85893,0.5
239977,0.5
204598,0.5
136467,0.5
175525,0.5
190610,0.5
244326,0.5
74543,0.5
91080,0.5
239342,0.5
157609,0.5
191272,0.5
135366,0.5
39152,0.5
101324,0.5
89101,0.5
95532,0.5
1977,0.5
180367,0.5
42513,0.5
132548,0.5
30402,0.5
211403,0.5
108702,0.5
37858,0.5
138564,0.5
22858,0.5
56937,0.5
186011,0.5
181883,0.5
124941,0.5
56771,0.5
53586,0.5
8749,0.5
171335,0.5
118886,0.5
201047,0.5
50102,0.5
54652,0.5
245394,0.5
232692,0.5
6175,0.5
58628,0.5
212298,0.5
143439,0.5
42125,0.5
40390,0.5
112246,0.5
81491,0.5
247661,0.5
160181,0.5
145186,0.5
41072,0.5
236244,0.5
156781,0.5
202678,0.5
120630,0.5
191500,0.5
5215,0.5
135343,0.5
212041,0.5
220177,0.5
189320,0.5
21894,0.5
74343,0.5
120425,0.5
94581,0.5
86160,0.5
112325,0.5
37254,0.5
218915,0.5
247853,0.5
216023,0.5
152964,0.5
127223,0.5
135940,0.5
119136,0.5
149197,0.5
158207,0.5
200452,0.5
229734,0.5
83794,0.5
14036,0.5
103864,0.5
155863,0.5
192605,0.5
80671,0.5
110082,0.5
229767,0.5
12812,0.5
112503,0.5
151963,0.5
164859,0.5
219631,0.5
24490,0.5
210094,0.5
75623,0.5
222069,0.5
25037,0.5
134254,0.5
60055,0.5
25837,0.5
107438,0.5
224432,0.5
199794,0.5
212267,0.5
139083,0.5
110353,0.5
21582,0.5
188685,0.5
97798,0.5
41536,0.5
90039,0.5
126631,0.5
98009,0.5
9466,0.5
181326,0.5
45192,0.5
154582,0.5
51693,0.5
198523,0.5
174863,0.5
147972,0.5
236344,0.5
201704,0.5
145070,0.5
192260,0.5
209458,0.5
223607,0.5
150717,0.5
58926,0.5
170995,0.5
171556,0.5
231585,0.5
213239,0.5
26046,0.5
75925,0.5
183096,0.5
9544,0.5
130714,0.5
19036,0.5
245489,0.5
138370,0.5
133366,0.5
175089,0.5
77749,0.5
30597,0.5
188617,0.5
141467,0.5
80906,0.5
156643,0.5
242273,0.5
159644,0.5
185738,0.5
206736,0.5
30936,0.5
163980,0.5
60431,0.5
140922,0.5
194234,0.5
154136,0.5
215253,0.5
156753,0.5
201130,0.5
96319,0.5
34824,0.5
220979,0.5
214720,0.5
152872,0.5
70255,0.5
220794,0.5
205101,0.5
91094,0.5
163195,0.5
6882,0.5
235125,0.5
187141,0.5
203014,0.5
249295,0.5
104762,0.5
19246,0.5
27000,0.5
113094,0.5
90206,0.5
205250,0.5
107674,0.5
132188,0.5
30001,0.5
132409,0.5
66932,0.5
35121,0.5
136298,0.5
3501,0.5
174519,0.5
209982,0.5
103809,0.5
238034,0.5
122196,0.5
67552,0.5
178148,0.5
189605,0.5
125209,0.5
71156,0.5
245997,0.5
182516,0.5
119150,0.5
96734,0.5
88277,0.5
144569,0.5
193546,0.5
71546,0.5
155226,0.5
189906,0.5
110387,0.5
82951,0.5
150669,0.5
109488,0.5
4757,0.5
141923,0.5
148800,0.5
151924,0.5
42408,0.5
153971,0.5
126152,0.5
114628,0.5
112591,0.5
120859,0.5
224433,0.5
241018,0.5
3333,0.5
151331,0.5
78751,0.5
96962,0.5
4888,0.5
88531,0.5
74344,0.5
12172,0.5
85610,0.5
162923,0.5
249705,0.5
138955,0.5
182203,0.5
10105,0.5
45959,0.5
249330,0.5
29636,0.5
95106,0.5
66748,0.5
232740,0.5
28691,0.5
75427,0.5
200959,0.5
239946,0.5
150735,0.5
118896,0.5
16789,0.5
47265,0.5
111077,0.5
185409,0.5
36732,0.5
178775,0.5
9704,0.5
49617,0.5
108654,0.5
71616,0.5
1198,0.5
111493,0.5
71262,0.5
213070,0.5
144154,0.5
115416,0.5
63898,0.5
29198,0.5
45145,0.5
183603,0.5
45004,0.5
29394,0.5
97802,0.5
243062,0.5
127568,0.5
114417,0.5
24305,0.5
129726,0.5
153464,0.5
58086,0.5
84269,0.5
87813,0.5
113110,0.5
229032,0.5
51800,0.5
238070,0.5
9013,0.5
249198,0.5
13035,0.5
95756,0.5
118994,0.5
141743,0.5
74155,0.5
33996,0.5
7934,0.5
180394,0.5
192405,0.5
211454,0.5
97885,0.5
192601,0.5
107569,0.5
177216,0.5
144922,0.5
204394,0.5
63491,0.5
179130,0.5
111228,0.5
61113,0.5
34056,0.5
39168,0.5
6661,0.5
169198,0.5
141436,0.5
195825,0.5
84715,0.5
246189,0.5
164820,0.5
243928,0.5
236179,0.5
8123,0.5
215588,0.5
30479,0.5
151486,0.5
237630,0.5
5664,0.5
201577,0.5
236211,0.5
170901,0.5
238021,0.5
87450,0.5
247747,0.5
157842,0.5
238101,0.5
242410,0.5
247381,0.5
215998,0.5
94298,0.5
150691,0.5
134380,0.5
92932,0.5
232328,0.5
184272,0.5
245709,0.5
107967,0.5
216601,0.5
123800,0.5
84080,0.5
125641,0.5
156251,0.5
93507,0.5
31196,0.5
22743,0.5
10189,0.5
205085,0.5
170517,0.5
246633,0.5
94202,0.5
197440,0.5
193654,0.5
62297,0.5
50557,0.5
125457,0.5
1985,0.5
133682,0.5
8109,0.5
96964,0.5
209783,0.5
223701,0.5
172266,0.5
197141,0.5
83304,0.5
103519,0.5
113581,0.5
210194,0.5
140558,0.5
101966,0.5
46741,0.5
109592,0.5
66837,0.5
82274,0.5
201640,0.5
135423,0.5
63701,0.5
148674,0.5
194385,0.5
158744,0.5
182417,0.5
225454,0.5
62930,0.5
185804,0.5
42467,0.5
208112,0.5
123079,0.5
174767,0.5
48698,0.5
221186,0.5
49223,0.5
220214,0.5
65798,0.5
158224,0.5
203100,0.5
211622,0.5
134804,0.5
25558,0.5
160433,0.5
152698,0.5
167450,0.5
34895,0.5
85663,0.5
147168,0.5
85516,0.5
50185,0.5
245490,0.5
107531,0.5
200630,0.5
76110,0.5
59534,0.5
74458,0.5
200216,0.5
240219,0.5
41229,0.5
138688,0.5
101532,0.5
239471,0.5
171209,0.5
1208,0.5
52839,0.5
167483,0.5
139273,0.5
167643,0.5
224027,0.5
172015,0.5
111078,0.5
58879,0.5
11787,0.5
194899,0.5
20880,0.5
133952,0.5
125614,0.5
23142,0.5
217402,0.5
41071,0.5
100452,0.5
193041,0.5
236886,0.5
116758,0.5
178973,0.5
158146,0.5
193488,0.5
94492,0.5
48245,0.5
158872,0.5
35440,0.5
132021,0.5
88435,0.5
10980,0.5
178237,0.5
115676,0.5
109785,0.5
16394,0.5
222201,0.5
208867,0.5
3669,0.5
10312,0.5
107033,0.5
84578,0.5
111982,0.5
82476,0.5
185447,0.5
40331,0.5
84626,0.5
51940,0.5
66567,0.5
163060,0.5
63932,0.5
84648,0.5
215424,0.5
101932,0.5
10398,0.5
209681,0.5
26920,0.5
175985,0.5
217523,0.5
64280,0.5
36812,0.5
194980,0.5
160838,0.5
18880,0.5
205430,0.5
99749,0.5
93173,0.5
225674,0.5
85641,0.5
240,0.5
8601,0.5
84835,0.5
156253,0.5
73472,0.5
45553,0.5
166815,0.5
31467,0.5
230932,0.5
161328,0.5
211392,0.5
218705,0.5
208983,0.5
181370,0.5
44901,0.5
62398,0.5
212924,0.5
9657,0.5
114055,0.5
68830,0.5
113982,0.5
107852,0.5
120498,0.5
201768,0.5
180207,0.5
182421,0.5
8689,0.5
213839,0.5
38441,0.5
117921,0.5
109808,0.5
137593,0.5
86300,0.5
4576,0.5
171640,0.5
234231,0.5
92032,0.5
26178,0.5
117411,0.5
29451,0.5
219619,0.5
212018,0.5
162444,0.5
114677,0.5
139746,0.5
55445,0.5
156273,0.5
221053,0.5
75943,0.5
204866,0.5
140531,0.5
10776,0.5
173850,0.5
87128,0.5
111476,0.5
245647,0.5
22215,0.5
36451,0.5
86709,0.5
139591,0.5
230395,0.5
51207,0.5
625,0.5
176670,0.5
155944,0.5
22177,0.5
25993,0.5
90539,0.5
246460,0.5
72949,0.5
214098,0.5
55462,0.5
149082,0.5
132593,0.5
208126,0.5
139431,0.5
53536,0.5
165475,0.5
44028,0.5
67010,0.5
95071,0.5
124562,0.5
70045,0.5
68982,0.5
221243,0.5
183978,0.5
141460,0.5
40932,0.5
40194,0.5
68059,0.5
105822,0.5
142482,0.5
111956,0.5
179274,0.5
232393,0.5
91243,0.5
4919,0.5
103980,0.5
137538,0.5
150648,0.5
125264,0.5
104996,0.5
248888,0.5
106860,0.5
212814,0.5
160792,0.5
127981,0.5
17044,0.5
208797,0.5
198829,0.5
40594,0.5
22266,0.5
88028,0.5
48653,0.5
199117,0.5
206183,0.5
204232,0.5
169742,0.5
187628,0.5
48607,0.5
120855,0.5
76151,0.5
233200,0.5
131137,0.5
249988,0.5
187210,0.5
1894,0.5
121785,0.5
187452,0.5
142617,0.5
120424,0.5
242369,0.5
154990,0.5
231149,0.5
171863,0.5
167701,0.5
83542,0.5
148465,0.5
240254,0.5
128963,0.5
113526,0.5
19139,0.5
4568,0.5
132152,0.5
10377,0.5
1982,0.5
14796,0.5
92251,0.5
56471,0.5
116212,0.5
204491,0.5
11066,0.5
58165,0.5
215431,0.5
203641,0.5
176756,0.5
205927,0.5
169952,0.5
95341,0.5
161379,0.5
183975,0.5
72253,0.5
74570,0.5
97211,0.5
28828,0.5
4794,0.5
29400,0.5
39465,0.5
10171,0.5
12474,0.5
219937,0.5
35409,0.5
66492,0.5
233976,0.5
201990,0.5
113301,0.5
42647,0.5
147926,0.5
36448,0.5
62677,0.5
63240,0.5
162299,0.5
84416,0.5
196025,0.5
39539,0.5
107193,0.5
38827,0.5
236218,0.5
159218,0.5
222205,0.5
26881,0.5
63630,0.5
104465,0.5
62310,0.5
26161,0.5
167049,0.5
131260,0.5
3009,0.5
30104,0.5
229909,0.5
31365,0.5
231278,0.5
68069,0.5
195944,0.5
64346,0.5
3991,0.5
111841,0.5
112145,0.5
61169,0.5
130735,0.5
78238,0.5
1742,0.5
205986,0.5
23603,0.5
105206,0.5
213030,0.5
115523,0.5
152029,0.5
153038,0.5
154587,0.5
142179,0.5
68206,0.5
233537,0.5
124413,0.5
171551,0.5
133195,0.5
17713,0.5
223979,0.5
140051,0.5
22080,0.5
39731,0.5
34971,0.5
191400,0.5
25110,0.5
78864,0.5
125192,0.5
31315,0.5
105434,0.5
8788,0.5
166321,0.5
147114,0.5
77968,0.5
78299,0.5
203467,0.5
238059,0.5
201750,0.5
206304,0.5
103097,0.5
162356,0.5
162040,0.5
33598,0.5
242090,0.5
198248,0.5
158740,0.5
114164,0.5
132175,0.5
47737,0.5
182823,0.5
9861,0.5
220457,0.5
181437,0.5
76689,0.5
110263,0.5
11933,0.5
180764,0.5
123292,0.5
230430,0.5
8185,0.5
10772,0.5
36034,0.5
137763,0.5
213004,0.5
94916,0.5
118196,0.5
161511,0.5
129300,0.5
117746,0.5
235614,0.5
158692,0.5
222381,0.5
95810,0.5
201590,0.5
11561,0.5
40629,0.5
117845,0.5
230785,0.5
103091,0.5
192249,0.5
190972,0.5
198416,0.5
206695,0.5
123035,0.5
49821,0.5
201582,0.5
231255,0.5
45609,0.5
190507,0.5
171370,0.5
11761,0.5
20559,0.5
108336,0.5
93052,0.5
191680,0.5
113940,0.5
180918,0.5
164285,0.5
29455,0.5
238200,0.5
245747,0.5
141368,0.5
20408,0.5
152477,0.5
35221,0.5
249059,0.5
220623,0.5
105706,0.5
237951,0.5
55486,0.5
142343,0.5
186798,0.5
104740,0.5
12413,0.5
166792,0.5
105969,0.5
234544,0.5
33890,0.5
38577,0.5
104869,0.5
236061,0.5
224978,0.5
100736,0.5
138773,0.5
17245,0.5
32160,0.5
90484,0.5
141035,0.5
171371,0.5
190597,0.5
234348,0.5
12609,0.5
39744,0.5
155580,0.5
122257,0.5
41547,0.5
108428,0.5
110118,0.5
226716,0.5
53875,0.5
62300,0.5
116756,0.5
232626,0.5
133132,0.5
50201,0.5
1446,0.5
184138,0.5
14034,0.5
108103,0.5
238401,0.5
113040,0.5
176517,0.5
210371,0.5
40782,0.5
13702,0.5
2891,0.5
36680,0.5
185584,0.5
14265,0.5
80445,0.5
240256,0.5
224796,0.5
107806,0.5
32586,0.5
239403,0.5
216555,0.5
174432,0.5
51429,0.5
204396,0.5
73111,0.5
80771,0.5
68678,0.5
195640,0.5
36287,0.5
207003,0.5
163085,0.5
126022,0.5
191298,0.5
48959,0.5
8256,0.5
219129,0.5
195256,0.5
187270,0.5
125529,0.5
204259,0.5
192754,0.5
177318,0.5
101391,0.5
217248,0.5
104878,0.5
247573,0.5
28316,0.5
181151,0.5
171677,0.5
204213,0.5
207242,0.5
132371,0.5
180249,0.5
180104,0.5
72686,0.5
116877,0.5
163657,0.5
221203,0.5
207318,0.5
175203,0.5
1480,0.5
43243,0.5
196217,0.5
47029,0.5
178480,0.5
11208,0.5
114619,0.5
8843,0.5
98591,0.5
233124,0.5
173900,0.5
198519,0.5
14301,0.5
46087,0.5
158922,0.5
135087,0.5
4924,0.5
24677,0.5
40598,0.5
240187,0.5
107790,0.5
231131,0.5
71667,0.5
153861,0.5
10677,0.5
183932,0.5
16150,0.5
229798,0.5
91739,0.5
190887,0.5
17893,0.5
93495,0.5
25134,0.5
154997,0.5
87940,0.5
77051,0.5
163471,0.5
129111,0.5
119069,0.5
2691,0.5
22759,0.5
77580,0.5
74963,0.5
81391,0.5
29496,0.5
114933,0.5
224614,0.5
198046,0.5
125584,0.5
82565,0.5
139484,0.5
117692,0.5
97100,0.5
181239,0.5
169009,0.5
199073,0.5
201720,0.5
248675,0.5
190184,0.5
124104,0.5
246349,0.5
34739,0.5
168360,0.5
566,0.5
22761,0.5
55178,0.5
9807,0.5
211933,0.5
148398,0.5
125294,0.5
157663,0.5
204430,0.5
77506,0.5
182833,0.5
162911,0.5
129615,0.5
202166,0.5
115985,0.5
181194,0.5
160834,0.5
109246,0.5
18179,0.5
187816,0.5
198631,0.5
98668,0.5
195890,0.5
106040,0.5
212910,0.5
180455,0.5
137134,0.5
143041,0.5
176567,0.5
12967,0.5
242971,0.5
20539,0.5
130263,0.5
50761,0.5
32250,0.5
248754,0.5
24590,0.5
181251,0.5
225617,0.5
11234,0.5
221593,0.5
26386,0.5
158651,0.5
36094,0.5
129875,0.5
125845,0.5
28744,0.5
159999,0.5
245375,0.5
221120,0.5
168761,0.5
243123,0.5
194929,0.5
21227,0.5
119368,0.5
39456,0.5
245290,0.5
79359,0.5
175480,0.5
16588,0.5
44230,0.5
223506,0.5
208724,0.5
168954,0.5
151266,0.5
56463,0.5
128106,0.5
216975,0.5
121081,0.5
10266,0.5
198945,0.5
57652,0.5
202763,0.5
237663,0.5
165698,0.5
147943,0.5
152015,0.5
198287,0.5
14466,0.5
134940,0.5
161597,0.5
149999,0.5
180044,0.5
236950,0.5
39716,0.5
234471,0.5
77224,0.5
183981,0.5
147850,0.5
94414,0.5
93452,0.5
242280,0.5
96055,0.5
229739,0.5
112347,0.5
214256,0.5
139927,0.5
176847,0.5
235486,0.5
169008,0.5
120294,0.5
230968,0.5
153631,0.5
61071,0.5
242509,0.5
169162,0.5
39775,0.5
81299,0.5
75455,0.5
71594,0.5
76742,0.5
143653,0.5
151698,0.5
6182,0.5
132863,0.5
128080,0.5
158395,0.5
51186,0.5
109626,0.5
227092,0.5
6426,0.5
248411,0.5
119335,0.5
75126,0.5
125161,0.5
69808,0.5
141821,0.5
58134,0.5
124939,0.5
47899,0.5
86368,0.5
9647,0.5
138891,0.5
156453,0.5
225723,0.5
214543,0.5
227525,0.5
238308,0.5
233741,0.5
244934,0.5
87486,0.5
112617,0.5
244796,0.5
162603,0.5
76348,0.5
192956,0.5
192662,0.5
18794,0.5
2492,0.5
233565,0.5
227638,0.5
166261,0.5
96584,0.5
116437,0.5
122052,0.5
236557,0.5
70297,0.5
180501,0.5
59055,0.5
41901,0.5
26624,0.5
69882,0.5
199598,0.5
45808,0.5
138622,0.5
110323,0.5
45019,0.5
241065,0.5
205783,0.5
143059,0.5
11595,0.5
12478,0.5
123696,0.5
104461,0.5
78949,0.5
15945,0.5
220159,0.5
247569,0.5
113924,0.5
115290,0.5
47442,0.5
125554,0.5
7562,0.5
177153,0.5
90321,0.5
22959,0.5
6645,0.5
156543,0.5
54147,0.5
33878,0.5
206809,0.5
54315,0.5
20040,0.5
108605,0.5
48519,0.5
215682,0.5
212966,0.5
210747,0.5
119034,0.5
26168,0.5
127920,0.5
26926,0.5
171655,0.5
15815,0.5
13889,0.5
124603,0.5
130843,0.5
30494,0.5
190903,0.5
35616,0.5
74727,0.5
134336,0.5
126245,0.5
14832,0.5
229933,0.5
181254,0.5
141817,0.5
232856,0.5
119092,0.5
188069,0.5
77240,0.5
123629,0.5
23473,0.5
120724,0.5
86314,0.5
209958,0.5
207201,0.5
187564,0.5
177336,0.5
42744,0.5
124063,0.5
55968,0.5
204386,0.5
245251,0.5
244327,0.5
241878,0.5
52483,0.5
248570,0.5
111630,0.5
201981,0.5
27272,0.5
165163,0.5
56934,0.5
49453,0.5
225008,0.5
223879,0.5
220373,0.5
109113,0.5
83251,0.5
38317,0.5
38687,0.5
62104,0.5
65259,0.5
109905,0.5
61646,0.5
106099,0.5
17984,0.5
124567,0.5
116694,0.5
222391,0.5
172764,0.5
19969,0.5
128216,0.5
181620,0.5
53131,0.5
26714,0.5
80993,0.5
118391,0.5
95573,0.5
144301,0.5
66696,0.5
19951,0.5
33701,0.5
5125,0.5
221969,0.5
38817,0.5
107499,0.5
126511,0.5
99933,0.5
63589,0.5
37005,0.5
84116,0.5
233646,0.5
191359,0.5
220307,0.5
38360,0.5
191372,0.5
85471,0.5
176507,0.5
13513,0.5
234724,0.5
26875,0.5
98515,0.5
7299,0.5
149660,0.5
202413,0.5
58095,0.5
169734,0.5
159799,0.5
151246,0.5
4420,0.5
179085,0.5
30360,0.5
144547,0.5
2470,0.5
144235,0.5
217359,0.5
70499,0.5
119950,0.5
127790,0.5
6869,0.5
69456,0.5
93337,0.5
124510,0.5
37898,0.5
62499,0.5
239580,0.5
110115,0.5
189299,0.5
112072,0.5
64628,0.5
169719,0.5
35830,0.5
33286,0.5
9661,0.5
141613,0.5
43081,0.5
180553,0.5
205317,0.5
80859,0.5
28049,0.5
184003,0.5
89390,0.5
38495,0.5
187255,0.5
223454,0.5
4363,0.5
50068,0.5
231939,0.5
98479,0.5
54500,0.5
126218,0.5
181723,0.5
45983,0.5
227762,0.5
33251,0.5
138942,0.5
199391,0.5
156436,0.5
35497,0.5
211874,0.5
191968,0.5
78,0.5
185208,0.5
32824,0.5
83027,0.5
216331,0.5
93732,0.5
97338,0.5
191433,0.5
228935,0.5
211841,0.5
30089,0.5
11872,0.5
52736,0.5
208398,0.5
160991,0.5
107042,0.5
27288,0.5
133776,0.5
43568,0.5
183147,0.5
25380,0.5
128150,0.5
71246,0.5
40993,0.5
112452,0.5
88703,0.5
163796,0.5
20023,0.5
166819,0.5
69839,0.5
142085,0.5
50317,0.5
39935,0.5
118092,0.5
46233,0.5
2828,0.5
102089,0.5
52613,0.5
236927,0.5
187726,0.5
142867,0.5
66371,0.5
1583,0.5
219596,0.5
121476,0.5
20417,0.5
152715,0.5
88476,0.5
106396,0.5
117877,0.5
54124,0.5
90258,0.5
27171,0.5
203976,0.5
85676,0.5
200945,0.5
93111,0.5
239307,0.5
87440,0.5
184698,0.5
134257,0.5
191641,0.5
248790,0.5
244283,0.5
77376,0.5
35699,0.5
118216,0.5
217040,0.5
51017,0.5
149191,0.5
23075,0.5
62373,0.5
154127,0.5
167497,0.5
184915,0.5
243456,0.5
238927,0.5
125053,0.5
59849,0.5
179884,0.5
150872,0.5
241732,0.5
80262,0.5
191579,0.5
153318,0.5
142967,0.5
73199,0.5
25108,0.5
135351,0.5
7287,0.5
188391,0.5
241423,0.5
16664,0.5
147295,0.5
72525,0.5
67635,0.5
119367,0.5
246020,0.5
249340,0.5
200715,0.5
70349,0.5
36956,0.5
177654,0.5
102048,0.5
180041,0.5
241636,0.5
31010,0.5
159590,0.5
138458,0.5
245234,0.5
36563,0.5
92093,0.5
43412,0.5
147051,0.5
47643,0.5
101649,0.5
153537,0.5
198798,0.5
8503,0.5
197843,0.5
163848,0.5
80851,0.5
38785,0.5
171568,0.5
153540,0.5
182076,0.5
233046,0.5
207093,0.5
169080,0.5
30208,0.5
59044,0.5
192151,0.5
77429,0.5
241454,0.5
42920,0.5
208420,0.5
147742,0.5
136009,0.5
65671,0.5
63760,0.5
103003,0.5
20814,0.5
140013,0.5
2631,0.5
46716,0.5
31918,0.5
123100,0.5
73978,0.5
249459,0.5
156026,0.5
177743,0.5
128186,0.5
193855,0.5
220642,0.5
99329,0.5
192326,0.5
132832,0.5
116710,0.5
217538,0.5
146443,0.5
228125,0.5
239400,0.5
240059,0.5
36178,0.5
6713,0.5
85635,0.5
86980,0.5
188562,0.5
37180,0.5
173714,0.5
188413,0.5
97149,0.5
23556,0.5
25613,0.5
185126,0.5
69553,0.5
245794,0.5
242666,0.5
25242,0.5
159047,0.5
211449,0.5
153583,0.5
229311,0.5
69492,0.5
78267,0.5
47245,0.5
212902,0.5
82144,0.5
247414,0.5
191511,0.5
232043,0.5
78874,0.5
147855,0.5
194364,0.5
201897,0.5
162112,0.5
129102,0.5
66483,0.5
183655,0.5
172192,0.5
130948,0.5
104562,0.5
12849,0.5
185971,0.5
26506,0.5
5072,0.5
14276,0.5
100023,0.5
139800,0.5
97452,0.5
68526,0.5
74436,0.5
10553,0.5
25274,0.5
215793,0.5
29283,0.5
115078,0.5
20956,0.5
217315,0.5
141451,0.5
224294,0.5
142177,0.5
138752,0.5
197855,0.5
197929,0.5
138606,0.5
113297,0.5
203421,0.5
117030,0.5
207846,0.5
166334,0.5
187499,0.5
190759,0.5
221084,0.5
179572,0.5
102085,0.5
208105,0.5
50473,0.5
139732,0.5
48334,0.5
109993,0.5
94535,0.5
199394,0.5
54563,0.5
243211,0.5
190655,0.5
113878,0.5
69737,0.5
175953,0.5
167118,0.5
103756,0.5
219560,0.5
159889,0.5
91272,0.5
212497,0.5
186977,0.5
185809,0.5
19400,0.5
17816,0.5
11534,0.5
2601,0.5
8734,0.5
142096,0.5
45220,0.5
227500,0.5
230308,0.5
213901,0.5
131777,0.5
234659,0.5
115745,0.5
245882,0.5
162214,0.5
175123,0.5
218094,0.5
182058,0.5
167914,0.5
158201,0.5
233790,0.5
177284,0.5
107884,0.5
205876,0.5
159388,0.5
130830,0.5
73911,0.5
66172,0.5
236192,0.5
109710,0.5
105061,0.5
182063,0.5
70049,0.5
105708,0.5
95425,0.5
29536,0.5
43102,0.5
117129,0.5
70135,0.5
125403,0.5
245396,0.5
42830,0.5
158969,0.5
1640,0.5
226839,0.5
196999,0.5
33143,0.5
74167,0.5
70704,0.5
112550,0.5
72265,0.5
14994,0.5
13968,0.5
31710,0.5
249014,0.5
153435,0.5
78495,0.5
201614,0.5
155184,0.5
65777,0.5
19981,0.5
155672,0.5
185577,0.5
48549,0.5
136165,0.5
51352,0.5
177996,0.5
16654,0.5
186971,0.5
75302,0.5
168025,0.5
170244,0.5
203725,0.5
42517,0.5
131416,0.5
187098,0.5
67819,0.5
2948,0.5
229056,0.5
149834,0.5
188482,0.5
47615,0.5
187849,0.5
161996,0.5
230358,0.5
13761,0.5
192082,0.5
183376,0.5
28254,0.5
93062,0.5
17447,0.5
55624,0.5
229380,0.5
238883,0.5
55114,0.5
173827,0.5
81365,0.5
89353,0.5
164659,0.5
117565,0.5
1430,0.5
199283,0.5
209408,0.5
205232,0.5
185649,0.5
124668,0.5
47651,0.5
45488,0.5
53056,0.5
194226,0.5
7579,0.5
190550,0.5
42727,0.5
181471,0.5
192642,0.5
178484,0.5
240168,0.5
242193,0.5
121385,0.5
181046,0.5
228645,0.5
229093,0.5
241099,0.5
78251,0.5
161576,0.5
192872,0.5
140816,0.5
233010,0.5
230776,0.5
97650,0.5
172279,0.5
63170,0.5
112505,0.5
193127,0.5
193714,0.5
46822,0.5
170390,0.5
15207,0.5
51617,0.5
81876,0.5
39338,0.5
245131,0.5
233572,0.5
58199,0.5
17478,0.5
229623,0.5
248467,0.5
236706,0.5
171147,0.5
70898,0.5
88160,0.5
208593,0.5
74990,0.5
238949,0.5
104123,0.5
16009,0.5
135993,0.5
191639,0.5
141519,0.5
15314,0.5
161975,0.5
11443,0.5
114986,0.5
171404,0.5
66067,0.5
112841,0.5
59130,0.5
96563,0.5
115141,0.5
104298,0.5
92612,0.5
22254,0.5
170532,0.5
6969,0.5
230117,0.5
63385,0.5
89218,0.5
192679,0.5
247224,0.5
152066,0.5
14854,0.5
172769,0.5
221648,0.5
9073,0.5
64242,0.5
39421,0.5
178301,0.5
245619,0.5
74187,0.5
189116,0.5
83120,0.5
70486,0.5
26806,0.5
186866,0.5
222341,0.5
243412,0.5
163265,0.5
89158,0.5
190878,0.5
51118,0.5
183304,0.5
7218,0.5
45763,0.5
122253,0.5
131495,0.5
142591,0.5
172651,0.5
77800,0.5
73384,0.5
195257,0.5
72579,0.5
18240,0.5
231847,0.5
8010,0.5
14830,0.5
109178,0.5
67830,0.5
93702,0.5
178061,0.5
104452,0.5
145032,0.5
196632,0.5
40496,0.5
170110,0.5
119719,0.5
176673,0.5
13180,0.5
193483,0.5
216049,0.5
69495,0.5
141387,0.5
113453,0.5
125604,0.5
183047,0.5
55257,0.5
120667,0.5
110067,0.5
154732,0.5
144268,0.5
27667,0.5
188137,0.5
171324,0.5
120051,0.5
148665,0.5
176898,0.5
6505,0.5
168053,0.5
176174,0.5
55466,0.5
81572,0.5
225361,0.5
32004,0.5
178672,0.5
80606,0.5
165222,0.5
239326,0.5
110184,0.5
75652,0.5
34215,0.5
213934,0.5
168177,0.5
14432,0.5
24014,0.5
107848,0.5
247328,0.5
204420,0.5
36154,0.5
22460,0.5
150906,0.5
11818,0.5
16811,0.5
134414,0.5
83553,0.5
155332,0.5
158910,0.5
198332,0.5
25892,0.5
8175,0.5
194087,0.5
84350,0.5
75367,0.5
150440,0.5
90656,0.5
187905,0.5
35031,0.5
114752,0.5
189230,0.5
99350,0.5
221561,0.5
62241,0.5
247621,0.5
173401,0.5
2442,0.5
239444,0.5
67127,0.5
224896,0.5
212578,0.5
3166,0.5
6749,0.5
101476,0.5
212047,0.5
187242,0.5
92532,0.5
164654,0.5
69094,0.5
122759,0.5
4650,0.5
66628,0.5
167880,0.5
124470,0.5
204070,0.5
74244,0.5
224530,0.5
28129,0.5
248999,0.5
43100,0.5
94761,0.5
198792,0.5
146908,0.5
204746,0.5
164091,0.5
65519,0.5
17824,0.5
84997,0.5
144601,0.5
136279,0.5
191032,0.5
175452,0.5
164795,0.5
89785,0.5
52,0.5
69238,0.5
226783,0.5
124607,0.5
140037,0.5
81878,0.5
59733,0.5
213437,0.5
21224,0.5
204537,0.5
19935,0.5
170801,0.5
142001,0.5
130797,0.5
240678,0.5
58577,0.5
129086,0.5
239784,0.5
65401,0.5
191842,0.5
34847,0.5
3029,0.5
173860,0.5
207056,0.5
36372,0.5
226322,0.5
240569,0.5
136964,0.5
218159,0.5
245951,0.5
46819,0.5
179236,0.5
248019,0.5
103997,0.5
50592,0.5
178139,0.5
47551,0.5
4394,0.5
196717,0.5
128392,0.5
97291,0.5
23521,0.5
140445,0.5
172748,0.5
144776,0.5
96297,0.5
1614,0.5
65411,0.5
111055,0.5
13691,0.5
234948,0.5
201227,0.5
202625,0.5
67378,0.5
144887,0.5
48753,0.5
178380,0.5
225559,0.5
57728,0.5
212543,0.5
180675,0.5
199819,0.5
92181,0.5
83351,0.5
232874,0.5
205558,0.5
55845,0.5
218925,0.5
60185,0.5
220599,0.5
120070,0.5
76638,0.5
108550,0.5
173219,0.5
60043,0.5
83098,0.5
241612,0.5
67545,0.5
165587,0.5
146211,0.5
110151,0.5
224708,0.5
92939,0.5
6225,0.5
112687,0.5
101251,0.5
165441,0.5
54718,0.5
247822,0.5
116831,0.5
68203,0.5
90887,0.5
240889,0.5
47319,0.5
174640,0.5
95733,0.5
69306,0.5
3157,0.5
9261,0.5
2449,0.5
5699,0.5
59649,0.5
90208,0.5
226968,0.5
42558,0.5
63069,0.5
200541,0.5
92060,0.5
97883,0.5
246300,0.5
41,0.5
162715,0.5
20129,0.5
160840,0.5
77455,0.5
29580,0.5
242526,0.5
66484,0.5
218314,0.5
130177,0.5
46920,0.5
46592,0.5
211757,0.5
210235,0.5
209824,0.5
202473,0.5
229389,0.5
66261,0.5
200912,0.5
92335,0.5
147179,0.5
56903,0.5
178658,0.5
94346,0.5
233637,0.5
71957,0.5
95288,0.5
35729,0.5
23809,0.5
56832,0.5
248535,0.5
203497,0.5
232262,0.5
36075,0.5
32777,0.5
146326,0.5
190390,0.5
43329,0.5
1127,0.5
93887,0.5
118789,0.5
179063,0.5
148596,0.5
197935,0.5
109591,0.5
238037,0.5
123781,0.5
43865,0.5
18716,0.5
192926,0.5
210439,0.5
52494,0.5
16697,0.5
107239,0.5
46130,0.5
63182,0.5
26140,0.5
84640,0.5
105187,0.5
61442,0.5
196691,0.5
10566,0.5
148872,0.5
200290,0.5
140339,0.5
16246,0.5
247502,0.5
98149,0.5
106408,0.5
83671,0.5
55695,0.5
179164,0.5
167848,0.5
123476,0.5
206870,0.5
17529,0.5
44545,0.5
64575,0.5
174963,0.5
135696,0.5
231494,0.5
160632,0.5
145513,0.5
30898,0.5
138814,0.5
37331,0.5
62142,0.5
10284,0.5
146462,0.5
50671,0.5
180189,0.5
142561,0.5
106083,0.5
192859,0.5
21000,0.5
50715,0.5
3672,0.5
207437,0.5
247307,0.5
190725,0.5
113636,0.5
203596,0.5
75667,0.5
195896,0.5
201394,0.5
10333,0.5
197850,0.5
209841,0.5
102198,0.5
188277,0.5
217665,0.5
219347,0.5
93965,0.5
236984,0.5
236752,0.5
134694,0.5
9601,0.5
230862,0.5
123595,0.5
10159,0.5
177919,0.5
20677,0.5
57958,0.5
90478,0.5
20372,0.5
125723,0.5
8820,0.5
60197,0.5
73862,0.5
194101,0.5
198141,0.5
247060,0.5
109687,0.5
239217,0.5
223132,0.5
47134,0.5
237974,0.5
6407,0.5
78961,0.5
13808,0.5
38627,0.5
244344,0.5
7002,0.5
230020,0.5
31278,0.5
8088,0.5
53737,0.5
36349,0.5
86500,0.5
168019,0.5
58851,0.5
195260,0.5
156641,0.5
77647,0.5
110445,0.5
73979,0.5
134121,0.5
230652,0.5
21351,0.5
53177,0.5
9681,0.5
172431,0.5
45537,0.5
113754,0.5
110647,0.5
9312,0.5
158847,0.5
63658,0.5
224910,0.5
161152,0.5
188556,0.5
39978,0.5
70061,0.5
86919,0.5
184317,0.5
239321,0.5
189489,0.5
65903,0.5
232449,0.5
189244,0.5
124922,0.5
198946,0.5
41227,0.5
218342,0.5
191623,0.5
222300,0.5
36004,0.5
179131,0.5
67110,0.5
144679,0.5
44177,0.5
51296,0.5
122367,0.5
33535,0.5
187505,0.5
85828,0.5
195947,0.5
77939,0.5
67834,0.5
35079,0.5
240594,0.5
124756,0.5
192392,0.5
13453,0.5
71619,0.5
240742,0.5
40342,0.5
239161,0.5
228747,0.5
3969,0.5
79502,0.5
105245,0.5
190215,0.5
115462,0.5
193327,0.5
73857,0.5
125241,0.5
42539,0.5
5510,0.5
228796,0.5
135039,0.5
149271,0.5
78037,0.5
187078,0.5
147496,0.5
90818,0.5
167622,0.5
71063,0.5
134970,0.5
103636,0.5
144807,0.5
168810,0.5
1075,0.5
212333,0.5
35871,0.5
78144,0.5
131487,0.5
221446,0.5
5724,0.5
196610,0.5
222222,0.5
239793,0.5
20364,0.5
181850,0.5
35562,0.5
41320,0.5
47945,0.5
97004,0.5
239168,0.5
247082,0.5
180705,0.5
14539,0.5
187244,0.5
159197,0.5
242377,0.5
192529,0.5
52269,0.5
12600,0.5
163346,0.5
88952,0.5
16392,0.5
130997,0.5
29046,0.5
115250,0.5
247181,0.5
192888,0.5
71846,0.5
5477,0.5
1109,0.5
124313,0.5
79157,0.5
103275,0.5
2557,0.5
162282,0.5
63255,0.5
34721,0.5
214359,0.5
228763,0.5
185773,0.5
79656,0.5
36110,0.5
7959,0.5
57583,0.5
215645,0.5
38380,0.5
178635,0.5
161061,0.5
123592,0.5
65467,0.5
226948,0.5
175612,0.5
48889,0.5
165278,0.5
99694,0.5
67078,0.5
75313,0.5
146264,0.5
50474,0.5
141224,0.5
160816,0.5
191087,0.5
217368,0.5
205115,0.5
49690,0.5
43925,0.5
89413,0.5
72299,0.5
153715,0.5
100366,0.5
209668,0.5
155709,0.5
44851,0.5
112289,0.5
105824,0.5
160362,0.5
76715,0.5
42799,0.5
1462,0.5
213864,0.5
237681,0.5
51436,0.5
71904,0.5
59780,0.5
47404,0.5
233187,0.5
162571,0.5
162733,0.5
213062,0.5
78855,0.5
58845,0.5
56410,0.5
164326,0.5
94823,0.5
2262,0.5
165830,0.5
164058,0.5
242537,0.5
67529,0.5
168429,0.5
219353,0.5
111687,0.5
220584,0.5
1986,0.5
243149,0.5
40422,0.5
168702,0.5
87781,0.5
109109,0.5
159600,0.5
62897,0.5
119692,0.5
129957,0.5
60231,0.5
195516,0.5
141394,0.5
63419,0.5
138463,0.5
195700,0.5
169399,0.5
172913,0.5
236858,0.5
215548,0.5
7191,0.5
70137,0.5
77472,0.5
171211,0.5
89988,0.5
109118,0.5
213885,0.5
15827,0.5
63436,0.5
107326,0.5
86393,0.5
93708,0.5
86395,0.5
85125,0.5
54322,0.5
34966,0.5
58322,0.5
41044,0.5
203407,0.5
248054,0.5
62445,0.5
9604,0.5
516,0.5
109769,0.5
235660,0.5
50095,0.5
184428,0.5
34210,0.5
43935,0.5
153408,0.5
211978,0.5
138601,0.5
212207,0.5
108302,0.5
241236,0.5
177837,0.5
166380,0.5
187198,0.5
153186,0.5
126719,0.5
116790,0.5
140802,0.5
210520,0.5
201478,0.5
193605,0.5
195434,0.5
191477,0.5
235447,0.5
135327,0.5
67136,0.5
23255,0.5
18040,0.5
75517,0.5
222693,0.5
87048,0.5
112605,0.5
208093,0.5
233927,0.5
103655,0.5
112757,0.5
210809,0.5
198078,0.5
102841,0.5
6914,0.5
212092,0.5
106184,0.5
65502,0.5
36741,0.5
112044,0.5
190331,0.5
217394,0.5
72065,0.5
176687,0.5
60776,0.5
25079,0.5
34515,0.5
172196,0.5
249609,0.5
239828,0.5
90915,0.5
246060,0.5
92888,0.5
215215,0.5
208637,0.5
91587,0.5
72439,0.5
126052,0.5
194094,0.5
186814,0.5
31291,0.5
46095,0.5
121541,0.5
1793,0.5
2222,0.5
86932,0.5
182927,0.5
209695,0.5
212075,0.5
70201,0.5
90067,0.5
216170,0.5
203981,0.5
25409,0.5
153509,0.5
13720,0.5
163185,0.5
163192,0.5
57479,0.5
122932,0.5
61992,0.5
35144,0.5
32101,0.5
136710,0.5
182422,0.5
125586,0.5
30608,0.5
76899,0.5
125291,0.5
94338,0.5
161264,0.5
161621,0.5
156180,0.5
161539,0.5
40165,0.5
240700,0.5
122764,0.5
216105,0.5
52084,0.5
64291,0.5
39103,0.5
106585,0.5
56310,0.5
136648,0.5
92812,0.5
179415,0.5
145423,0.5
93916,0.5
61561,0.5
176403,0.5
98317,0.5
138842,0.5
228550,0.5
184931,0.5
147931,0.5
204011,0.5
49470,0.5
203264,0.5
212353,0.5
19478,0.5
18234,0.5
12638,0.5
231283,0.5
170672,0.5
111458,0.5
124005,0.5
38281,0.5
76236,0.5
164371,0.5
136933,0.5
147037,0.5
14271,0.5
174116,0.5
132484,0.5
218111,0.5
211747,0.5
31389,0.5
72431,0.5
13031,0.5
51820,0.5
248156,0.5
234829,0.5
167783,0.5
135881,0.5
215831,0.5
73707,0.5
178002,0.5
193534,0.5
24996,0.5
100782,0.5
167447,0.5
103683,0.5
26593,0.5
243766,0.5
99912,0.5
224291,0.5
186745,0.5
145360,0.5
98382,0.5
126390,0.5
97453,0.5
220560,0.5
210436,0.5
152391,0.5
64757,0.5
44664,0.5
227976,0.5
104853,0.5
245798,0.5
109419,0.5
52192,0.5
101702,0.5
96926,0.5
238305,0.5
244364,0.5
160466,0.5
28882,0.5
191900,0.5
246979,0.5
30542,0.5
88939,0.5
184300,0.5
86329,0.5
173524,0.5
27044,0.5
237652,0.5
234195,0.5
14850,0.5
56241,0.5
40954,0.5
139170,0.5
89273,0.5
142415,0.5
170534,0.5
248840,0.5
19852,0.5
26101,0.5
102254,0.5
5856,0.5
148402,0.5
62743,0.5
245674,0.5
156527,0.5
116514,0.5
189130,0.5
192955,0.5
174070,0.5
64606,0.5
171040,0.5
99127,0.5
137342,0.5
220274,0.5
55534,0.5
206445,0.5
84183,0.5
75518,0.5
160947,0.5
15381,0.5
30064,0.5
100923,0.5
42386,0.5
40655,0.5
221683,0.5
164503,0.5
92295,0.5
14885,0.5
184353,0.5
85091,0.5
114896,0.5
114560,0.5
196668,0.5
40802,0.5
120460,0.5
249625,0.5
3336,0.5
202278,0.5
48222,0.5
139259,0.5
106218,0.5
191895,0.5
236083,0.5
203889,0.5
172209,0.5
151222,0.5
158459,0.5
74254,0.5
243565,0.5
228116,0.5
236638,0.5
221332,0.5
220637,0.5
80827,0.5
109218,0.5
66017,0.5
153214,0.5
179270,0.5
71050,0.5
76736,0.5
183746,0.5
13857,0.5
7511,0.5
29277,0.5
172542,0.5
107603,0.5
205211,0.5
91781,0.5
170396,0.5
240355,0.5
214437,0.5
164889,0.5
188549,0.5
133290,0.5
67695,0.5
248986,0.5
208237,0.5
22014,0.5
139807,0.5
211748,0.5
115422,0.5
198427,0.5
82879,0.5
50078,0.5
219401,0.5
144985,0.5
124526,0.5
38139,0.5
110122,0.5
246597,0.5
38708,0.5
229298,0.5
9218,0.5
113440,0.5
130976,0.5
34197,0.5
82134,0.5
81529,0.5
244139,0.5
32083,0.5
58207,0.5
138775,0.5
31577,0.5
16730,0.5
219236,0.5
65438,0.5
158671,0.5
2767,0.5
64215,0.5
82979,0.5
224083,0.5
188968,0.5
100589,0.5
50571,0.5
61840,0.5
228707,0.5
58318,0.5
245671,0.5
173836,0.5
224387,0.5
12381,0.5
66471,0.5
100940,0.5
53708,0.5
109608,0.5
204899,0.5
174360,0.5
172557,0.5
248175,0.5
118128,0.5
124799,0.5
248426,0.5
113127,0.5
98505,0.5
42292,0.5
204880,0.5
114648,0.5
177755,0.5
27650,0.5
190764,0.5
129412,0.5
147115,0.5
220823,0.5
159226,0.5
30826,0.5
79570,0.5
36549,0.5
156751,0.5
192250,0.5
202920,0.5
222366,0.5
107253,0.5
154570,0.5
129327,0.5
142139,0.5
102804,0.5
125892,0.5
19163,0.5
202584,0.5
4585,0.5
136163,0.5
109532,0.5
221518,0.5
136223,0.5
81003,0.5
176991,0.5
134283,0.5
29399,0.5
176663,0.5
93799,0.5
146925,0.5
58276,0.5
15358,0.5
20673,0.5
206802,0.5
101564,0.5
18787,0.5
199006,0.5
229834,0.5
81979,0.5
226433,0.5
210258,0.5
89141,0.5
89717,0.5
70223,0.5
185163,0.5
39115,0.5
33700,0.5
132273,0.5
136601,0.5
216416,0.5
159124,0.5
127747,0.5
247601,0.5
78209,0.5
241321,0.5
156747,0.5
100961,0.5
43916,0.5
218713,0.5
176203,0.5
167066,0.5
124105,0.5
121935,0.5
194911,0.5
46838,0.5
181871,0.5
103843,0.5
182278,0.5
124905,0.5
158907,0.5
123804,0.5
74335,0.5
85402,0.5
95097,0.5
86840,0.5
3109,0.5
125125,0.5
171690,0.5
80857,0.5
9940,0.5
137761,0.5
108485,0.5
61684,0.5
110166,0.5
139681,0.5
7166,0.5
120965,0.5
184549,0.5
203669,0.5
144290,0.5
139380,0.5
68163,0.5
199836,0.5
223670,0.5
128927,0.5
27193,0.5
205554,0.5
241161,0.5
82405,0.5
33130,0.5
188962,0.5
12324,0.5
174554,0.5
102032,0.5
244389,0.5
77967,0.5
140504,0.5
158026,0.5
186317,0.5
46471,0.5
142235,0.5
184215,0.5
146496,0.5
186714,0.5
145277,0.5
124741,0.5
95725,0.5
15152,0.5
77903,0.5
179427,0.5
29916,0.5
124891,0.5
22376,0.5
22900,0.5
48924,0.5
94665,0.5
159655,0.5
177746,0.5
110036,0.5
195708,0.5
188600,0.5
235044,0.5
219166,0.5
167566,0.5
204588,0.5
247724,0.5
154196,0.5
100254,0.5
153877,0.5
14187,0.5
11511,0.5
95707,0.5
12042,0.5
158548,0.5
119780,0.5
235832,0.5
193749,0.5
131739,0.5
230811,0.5
10578,0.5
89450,0.5
118517,0.5
24160,0.5
47995,0.5
62451,0.5
197502,0.5
74663,0.5
17471,0.5
30215,0.5
140304,0.5
231769,0.5
214793,0.5
163515,0.5
51590,0.5
180172,0.5
18901,0.5
238929,0.5
230927,0.5
181543,0.5
105263,0.5
204303,0.5
183197,0.5
229302,0.5
127971,0.5
203811,0.5
604,0.5
12541,0.5
211711,0.5
117581,0.5
128800,0.5
216660,0.5
145228,0.5
231798,0.5
97110,0.5
230207,0.5
198899,0.5
234152,0.5
112649,0.5
239385,0.5
183362,0.5
160705,0.5
36011,0.5
83998,0.5
143550,0.5
127273,0.5
205145,0.5
38616,0.5
205962,0.5
52115,0.5
48469,0.5
62126,0.5
106358,0.5
80710,0.5
223872,0.5
179124,0.5
700,0.5
199432,0.5
24402,0.5
66196,0.5
69706,0.5
91540,0.5
137295,0.5
27082,0.5
131628,0.5
239482,0.5
58357,0.5
179629,0.5
34524,0.5
27406,0.5
137959,0.5
197759,0.5
50171,0.5
20172,0.5
47673,0.5
17466,0.5
8003,0.5
172368,0.5
55367,0.5
232965,0.5
233034,0.5
140992,0.5
25730,0.5
106973,0.5
193059,0.5
240773,0.5
225227,0.5
147476,0.5
76332,0.5
183062,0.5
3597,0.5
234657,0.5
21990,0.5
94805,0.5
227389,0.5
52223,0.5
132537,0.5
47903,0.5
917,0.5
208630,0.5
58253,0.5
102801,0.5
164741,0.5
132189,0.5
17848,0.5
225316,0.5
7093,0.5
59192,0.5
190048,0.5
139516,0.5
177017,0.5
108080,0.5
147238,0.5
4372,0.5
141197,0.5
172026,0.5
246239,0.5
17434,0.5
221502,0.5
167174,0.5
217399,0.5
248406,0.5
180773,0.5
55378,0.5
135847,0.5
143444,0.5
51202,0.5
135051,0.5
47518,0.5
244896,0.5
123667,0.5
245668,0.5
135313,0.5
46038,0.5
59823,0.5
68600,0.5
62722,0.5
23949,0.5
167103,0.5
26308,0.5
11383,0.5
159536,0.5
151367,0.5
8707,0.5
223459,0.5
157361,0.5
219559,0.5
82435,0.5
215328,0.5
37890,0.5
4989,0.5
7584,0.5
506,0.5
236976,0.5
153254,0.5
152030,0.5
144620,0.5
35899,0.5
84731,0.5
97397,0.5
135326,0.5
167990,0.5
59035,0.5
246001,0.5
57342,0.5
2010,0.5
156783,0.5
237820,0.5
25063,0.5
168055,0.5
214008,0.5
186394,0.5
234328,0.5
133365,0.5
239325,0.5
248541,0.5
193029,0.5
22664,0.5
103526,0.5
128064,0.5
108145,0.5
9606,0.5
194930,0.5
213252,0.5
113326,0.5
208528,0.5
8611,0.5
125243,0.5
167430,0.5
120515,0.5
171274,0.5
165321,0.5
37792,0.5
37419,0.5
174456,0.5
192209,0.5
11138,0.5
185891,0.5
237433,0.5
8342,0.5
223292,0.5
148619,0.5
248099,0.5
1778,0.5
180581,0.5
120197,0.5
5104,0.5
141,0.5
81145,0.5
120320,0.5
56952,0.5
118330,0.5
162203,0.5
36310,0.5
88728,0.5
466,0.5
17831,0.5
36336,0.5
163108,0.5
213507,0.5
157523,0.5
39009,0.5
2265,0.5
88283,0.5
212649,0.5
89340,0.5
187558,0.5
154502,0.5
96375,0.5
184642,0.5
187828,0.5
150132,0.5
43597,0.5
40624,0.5
196136,0.5
89815,0.5
124674,0.5
226789,0.5
55873,0.5
29294,0.5
226774,0.5
3546,0.5
191541,0.5
201,0.5
215692,0.5
217903,0.5
213804,0.5
177581,0.5
31393,0.5
73687,0.5
244916,0.5
197410,0.5
117684,0.5
68729,0.5
134907,0.5
93760,0.5
205892,0.5
220475,0.5
50408,0.5
178382,0.5
175458,0.5
153551,0.5
54610,0.5
240745,0.5
120537,0.5
2417,0.5
206528,0.5
87043,0.5
129163,0.5
161712,0.5
189378,0.5
194786,0.5
127664,0.5
37768,0.5
186990,0.5
119401,0.5
227035,0.5
226098,0.5
113140,0.5
133258,0.5
129094,0.5
216185,0.5
169381,0.5
70095,0.5
30250,0.5
168543,0.5
190879,0.5
88203,0.5
75461,0.5
151783,0.5
221757,0.5
62055,0.5
145250,0.5
113514,0.5
52631,0.5
2980,0.5
203141,0.5
21917,0.5
101603,0.5
163527,0.5
95654,0.5
62805,0.5
225380,0.5
82132,0.5
198260,0.5
134886,0.5
185124,0.5
95914,0.5
10718,0.5
235708,0.5
64777,0.5
125827,0.5
19710,0.5
55272,0.5
204003,0.5
43247,0.5
154438,0.5
171608,0.5
75394,0.5
245014,0.5
137658,0.5
243056,0.5
81243,0.5
138650,0.5
160244,0.5
125355,0.5
129168,0.5
235451,0.5
10932,0.5
52361,0.5
164515,0.5
51925,0.5
42681,0.5
130931,0.5
79230,0.5
30797,0.5
27483,0.5
244540,0.5
159546,0.5
126802,0.5
59031,0.5
100007,0.5
27232,0.5
246525,0.5
173139,0.5
65482,0.5
88967,0.5
198602,0.5
90101,0.5
66880,0.5
55251,0.5
211951,0.5
106301,0.5
57736,0.5
34358,0.5
222224,0.5
34196,0.5
185127,0.5
137006,0.5
54529,0.5
24312,0.5
111024,0.5
246592,0.5
185834,0.5
219597,0.5
111430,0.5
194045,0.5
24344,0.5
225303,0.5
73234,0.5
246991,0.5
224100,0.5
158453,0.5
72063,0.5
136487,0.5
120361,0.5
60320,0.5
217000,0.5
213464,0.5
106209,0.5
207447,0.5
94573,0.5
13408,0.5
244971,0.5
233206,0.5
45766,0.5
225257,0.5
134866,0.5
111768,0.5
109689,0.5
224695,0.5
200547,0.5
30862,0.5
175578,0.5
205732,0.5
13942,0.5
166506,0.5
227989,0.5
92102,0.5
53034,0.5
218620,0.5
162140,0.5
159708,0.5
208623,0.5
33479,0.5
1052,0.5
178966,0.5
209459,0.5
158613,0.5
214185,0.5
52911,0.5
173601,0.5
176999,0.5
109405,0.5
235566,0.5
145877,0.5
25449,0.5
220248,0.5
89128,0.5
148660,0.5
193290,0.5
52637,0.5
116984,0.5
155038,0.5
242381,0.5
89177,0.5
104324,0.5
187045,0.5
21590,0.5
12772,0.5
110831,0.5
114863,0.5
140532,0.5
84369,0.5
197255,0.5
3980,0.5
193604,0.5
220841,0.5
19373,0.5
140805,0.5
103375,0.5
88558,0.5
42036,0.5
191373,0.5
231725,0.5
180948,0.5
606,0.5
190405,0.5
94768,0.5
99764,0.5
237805,0.5
71449,0.5
94935,0.5
214117,0.5
201398,0.5
100599,0.5
173402,0.5
122300,0.5
44651,0.5
146537,0.5
133495,0.5
234688,0.5
243713,0.5
132983,0.5
82637,0.5
86211,0.5
123668,0.5
123382,0.5
94904,0.5
216319,0.5
194126,0.5
116792,0.5
97010,0.5
240544,0.5
225833,0.5
166018,0.5
64583,0.5
64905,0.5
223882,0.5
161644,0.5
96746,0.5
193153,0.5
106473,0.5
212340,0.5
135875,0.5
86956,0.5
196814,0.5
79430,0.5
211614,0.5
200417,0.5
123409,0.5
217927,0.5
132116,0.5
105217,0.5
79866,0.5
181712,0.5
65136,0.5
65088,0.5
221304,0.5
237264,0.5
129519,0.5
197037,0.5
84133,0.5
120198,0.5
4061,0.5
150978,0.5
188135,0.5
186957,0.5
213316,0.5
191214,0.5
116275,0.5
163367,0.5
178395,0.5
63673,0.5
122763,0.5
108504,0.5
98803,0.5
155762,0.5
132014,0.5
96387,0.5
241280,0.5
249161,0.5
133658,0.5
231228,0.5
66538,0.5
103963,0.5
202391,0.5
98290,0.5
221435,0.5
41246,0.5
149365,0.5
197135,0.5
168518,0.5
95999,0.5
210872,0.5
31211,0.5
23147,0.5
247187,0.5
162771,0.5
184429,0.5
83502,0.5
79985,0.5
139000,0.5
243379,0.5
121841,0.5
186144,0.5
179185,0.5
53961,0.5
134489,0.5
168535,0.5
180398,0.5
142667,0.5
52164,0.5
169392,0.5
68459,0.5
145500,0.5
123670,0.5
186794,0.5
29053,0.5
184437,0.5
56933,0.5
197281,0.5
78035,0.5
3093,0.5
119424,0.5
119477,0.5
13145,0.5
70579,0.5
108239,0.5
43155,0.5
220135,0.5
39993,0.5
241699,0.5
22218,0.5
240613,0.5
33675,0.5
142328,0.5
184771,0.5
238195,0.5
163704,0.5
15158,0.5
144684,0.5
183929,0.5
149239,0.5
2416,0.5
141672,0.5
231176,0.5
162620,0.5
197907,0.5
129394,0.5
190767,0.5
220364,0.5
97512,0.5
213535,0.5
21955,0.5
70203,0.5
168554,0.5
97238,0.5
182734,0.5
99845,0.5
140028,0.5
213567,0.5
3142,0.5
93527,0.5
106228,0.5
133382,0.5
169959,0.5
159912,0.5
56003,0.5
83765,0.5
90597,0.5
170656,0.5
60036,0.5
80768,0.5
14556,0.5
248662,0.5
244798,0.5
22244,0.5
130021,0.5
33524,0.5
165117,0.5
194211,0.5
120083,0.5
112861,0.5
151188,0.5
63681,0.5
123775,0.5
178532,0.5
193065,0.5
220629,0.5
246641,0.5
235733,0.5
118420,0.5
124489,0.5
62458,0.5
129838,0.5
131744,0.5
35920,0.5
201216,0.5
204647,0.5
181499,0.5
17561,0.5
67258,0.5
6730,0.5
73227,0.5
141165,0.5
87852,0.5
211105,0.5
127507,0.5
180026,0.5
25166,0.5
64225,0.5
121355,0.5
96888,0.5
183220,0.5
149764,0.5
102166,0.5
189142,0.5
209253,0.5
42073,0.5
168106,0.5
140803,0.5
132909,0.5
161285,0.5
115235,0.5
227377,0.5
231790,0.5
211229,0.5
100114,0.5
208360,0.5
194452,0.5
22073,0.5
148357,0.5
27001,0.5
169907,0.5
65327,0.5
159502,0.5
52673,0.5
83796,0.5
8690,0.5
141694,0.5
135820,0.5
119828,0.5
134025,0.5
175008,0.5
155933,0.5
75972,0.5
163518,0.5
98482,0.5
80164,0.5
211830,0.5
110196,0.5
105166,0.5
17778,0.5
169441,0.5
187725,0.5
77980,0.5
147741,0.5
69837,0.5
208473,0.5
29322,0.5
83063,0.5
87564,0.5
202727,0.5
33833,0.5
176556,0.5
36946,0.5
17254,0.5
50141,0.5
91680,0.5
79128,0.5
242503,0.5
140868,0.5
102191,0.5
167544,0.5
41546,0.5
198517,0.5
135885,0.5
85314,0.5
229184,0.5
114159,0.5
89071,0.5
50032,0.5
162308,0.5
147927,0.5
188846,0.5
174154,0.5
19802,0.5
53448,0.5
6254,0.5
26464,0.5
50129,0.5
161320,0.5
164648,0.5
232613,0.5
24867,0.5
126726,0.5
4633,0.5
58272,0.5
76046,0.5
170280,0.5
28623,0.5
218858,0.5
77590,0.5
198146,0.5
195007,0.5
115324,0.5
11045,0.5
31905,0.5
133165,0.5
7358,0.5
75070,0.5
194262,0.5
106238,0.5
123591,0.5
78840,0.5
70779,0.5
222952,0.5
208752,0.5
205136,0.5
7922,0.5
62328,0.5
28203,0.5
69051,0.5
125394,0.5
81403,0.5
21112,0.5
70512,0.5
108838,0.5
54557,0.5
204572,0.5
202188,0.5
193884,0.5
170936,0.5
199116,0.5
17916,0.5
76761,0.5
51680,0.5
5075,0.5
185249,0.5
172712,0.5
188906,0.5
227957,0.5
244454,0.5
103018,0.5
182127,0.5
174100,0.5
139771,0.5
21085,0.5
170621,0.5
175759,0.5
49898,0.5
151110,0.5
150919,0.5
51104,0.5
55369,0.5
148960,0.5
200713,0.5
196170,0.5
166878,0.5
157001,0.5
200360,0.5
85946,0.5
204802,0.5
136891,0.5
164672,0.5
56570,0.5
117644,0.5
45433,0.5
4756,0.5
1848,0.5
241695,0.5
9263,0.5
155706,0.5
5606,0.5
139764,0.5
243809,0.5
53601,0.5
57379,0.5
132886,0.5
223772,0.5
289,0.5
66973,0.5
224779,0.5
56917,0.5
147991,0.5
191107,0.5
233089,0.5
89337,0.5
120473,0.5
85817,0.5
161652,0.5
156658,0.5
244224,0.5
146507,0.5
239934,0.5
6567,0.5
85616,0.5
108880,0.5
141782,0.5
145998,0.5
68755,0.5
39601,0.5
66120,0.5
32352,0.5
59033,0.5
208653,0.5
50821,0.5
144955,0.5
108392,0.5
41809,0.5
156811,0.5
174450,0.5
223532,0.5
115327,0.5
27384,0.5
189470,0.5
106769,0.5
105635,0.5
139868,0.5
217835,0.5
158995,0.5
226187,0.5
97174,0.5
107809,0.5
149374,0.5
107680,0.5
63764,0.5
119909,0.5
122656,0.5
197977,0.5
9093,0.5
207624,0.5
203898,0.5
68071,0.5
129988,0.5
232876,0.5
100189,0.5
114622,0.5
162085,0.5
78359,0.5
225620,0.5
12911,0.5
143355,0.5
155983,0.5
197109,0.5
191071,0.5
97589,0.5
105062,0.5
114641,0.5
115721,0.5
119724,0.5
45764,0.5
132623,0.5
105230,0.5
57282,0.5
68774,0.5
152041,0.5
143150,0.5
38083,0.5
210277,0.5
230007,0.5
123608,0.5
196355,0.5
246689,0.5
3544,0.5
152736,0.5
186965,0.5
9162,0.5
172210,0.5
134246,0.5
160902,0.5
74080,0.5
245554,0.5
36617,0.5
147879,0.5
31982,0.5
95874,0.5
141274,0.5
192976,0.5
170749,0.5
194153,0.5
227139,0.5
136949,0.5
184032,0.5
213867,0.5
191910,0.5
164540,0.5
13412,0.5
150198,0.5
76455,0.5
217073,0.5
233049,0.5
234555,0.5
13427,0.5
233970,0.5
233902,0.5
198577,0.5
238846,0.5
105285,0.5
178230,0.5
181780,0.5
95418,0.5
77999,0.5
158442,0.5
148201,0.5
206757,0.5
199572,0.5
91169,0.5
171504,0.5
114438,0.5
131449,0.5
12891,0.5
58382,0.5
235834,0.5
134772,0.5
155780,0.5
247230,0.5
194600,0.5
22763,0.5
205435,0.5
38230,0.5
95046,0.5
101387,0.5
65971,0.5
207266,0.5
40455,0.5
184471,0.5
239564,0.5
31226,0.5
197726,0.5
24876,0.5
213995,0.5
184812,0.5
105747,0.5
234598,0.5
21476,0.5
19438,0.5
58567,0.5
242916,0.5
106432,0.5
22913,0.5
77879,0.5
159945,0.5
39959,0.5
88025,0.5
224009,0.5
191771,0.5
6552,0.5
61254,0.5
113588,0.5
168996,0.5
122434,0.5
187108,0.5
144466,0.5
29823,0.5
49450,0.5
59228,0.5
235518,0.5
171143,0.5
231695,0.5
248268,0.5
16603,0.5
26189,0.5
235247,0.5
188755,0.5
138493,0.5
77052,0.5
23131,0.5
59720,0.5
41804,0.5
60976,0.5
213068,0.5
44286,0.5
167390,0.5
164691,0.5
242025,0.5
187676,0.5
78335,0.5
88486,0.5
129689,0.5
127556,0.5
5273,0.5
14680,0.5
214183,0.5
96266,0.5
16285,0.5
248726,0.5
210837,0.5
226471,0.5
179982,0.5
201208,0.5
120090,0.5
19120,0.5
64308,0.5
138371,0.5
60842,0.5
76671,0.5
39606,0.5
150495,0.5
84664,0.5
206308,0.5
178552,0.5
169538,0.5
92996,0.5
237578,0.5
165362,0.5
132049,0.5
111727,0.5
71593,0.5
100774,0.5
249152,0.5
173922,0.5
15326,0.5
248698,0.5
102800,0.5
57871,0.5
169513,0.5
28930,0.5
11737,0.5
211527,0.5
164570,0.5
242882,0.5
180331,0.5
97966,0.5
86239,0.5
116457,0.5
169525,0.5
184019,0.5
14471,0.5
151436,0.5
122006,0.5
228039,0.5
161622,0.5
241037,0.5
22470,0.5
80663,0.5
75213,0.5
218428,0.5
65672,0.5
120575,0.5
47271,0.5
171636,0.5
36574,0.5
125928,0.5
51119,0.5
101792,0.5
135629,0.5
89915,0.5
92220,0.5
188580,0.5
48870,0.5
215781,0.5
116531,0.5
27258,0.5
131346,0.5
62117,0.5
121475,0.5
12902,0.5
102218,0.5
68981,0.5
37147,0.5
116955,0.5
205787,0.5
245817,0.5
245110,0.5
127789,0.5
161431,0.5
96702,0.5
54184,0.5
105847,0.5
162151,0.5
115553,0.5
202553,0.5
234354,0.5
46376,0.5
65308,0.5
240713,0.5
220595,0.5
93338,0.5
183758,0.5
228238,0.5
155350,0.5
11396,0.5
246007,0.5
56386,0.5
90919,0.5
117566,0.5
56,0.5
58049,0.5
123724,0.5
103240,0.5
53882,0.5
155823,0.5
228362,0.5
231124,0.5
167411,0.5
41313,0.5
105332,0.5
15465,0.5
214730,0.5
16151,0.5
226965,0.5
185235,0.5
95819,0.5
77144,0.5
94031,0.5
114736,0.5
128988,0.5
208595,0.5
245285,0.5
123136,0.5
28918,0.5
123298,0.5
205143,0.5
62113,0.5
107643,0.5
56101,0.5
128491,0.5
17384,0.5
170471,0.5
96718,0.5
137754,0.5
24577,0.5
34710,0.5
104264,0.5
186879,0.5
93010,0.5
180141,0.5
234078,0.5
200225,0.5
117521,0.5
133025,0.5
95103,0.5
152737,0.5
144076,0.5
39653,0.5
59897,0.5
163819,0.5
8217,0.5
36316,0.5
235936,0.5
23602,0.5
203873,0.5
6920,0.5
172410,0.5
229177,0.5
171011,0.5
57331,0.5
123346,0.5
161656,0.5
13762,0.5
93210,0.5
62317,0.5
50349,0.5
96449,0.5
222908,0.5
203792,0.5
140762,0.5
177490,0.5
213278,0.5
97030,0.5
78569,0.5
227593,0.5
112822,0.5
127948,0.5
136191,0.5
180378,0.5
212136,0.5
175445,0.5
200241,0.5
126513,0.5
205127,0.5
166062,0.5
222151,0.5
237850,0.5
19033,0.5
225160,0.5
201816,0.5
8000,0.5
242823,0.5
152013,0.5
25888,0.5
66021,0.5
187432,0.5
121232,0.5
11874,0.5
120223,0.5
142103,0.5
74959,0.5
6239,0.5
204707,0.5
231917,0.5
46495,0.5
20651,0.5
165131,0.5
187020,0.5
231396,0.5
50457,0.5
220635,0.5
62535,0.5
200157,0.5
118257,0.5
236239,0.5
227651,0.5
133888,0.5
157507,0.5
18797,0.5
127081,0.5
159936,0.5
185567,0.5
236422,0.5
166418,0.5
104554,0.5
198236,0.5
228760,0.5
202329,0.5
205083,0.5
10725,0.5
98451,0.5
146948,0.5
72282,0.5
70373,0.5
195096,0.5
202202,0.5
213485,0.5
245993,0.5
205399,0.5
105621,0.5
53730,0.5
52337,0.5
72071,0.5
111657,0.5
110692,0.5
42889,0.5
136404,0.5
122090,0.5
1726,0.5
149021,0.5
155749,0.5
99219,0.5
44590,0.5
246036,0.5
519,0.5
171641,0.5
63493,0.5
15956,0.5
156373,0.5
107932,0.5
190346,0.5
97675,0.5
35426,0.5
88592,0.5
51891,0.5
26503,0.5
155307,0.5
6601,0.5
175149,0.5
197485,0.5
135435,0.5
182975,0.5
199426,0.5
214363,0.5
11370,0.5
226904,0.5
71267,0.5
122265,0.5
15355,0.5
144070,0.5
11531,0.5
83275,0.5
47561,0.5
137365,0.5
125975,0.5
153587,0.5
244803,0.5
205360,0.5
225215,0.5
144593,0.5
149145,0.5
193872,0.5
177672,0.5
131444,0.5
213494,0.5
182401,0.5
164887,0.5
407,0.5
39956,0.5
11113,0.5
51682,0.5
80219,0.5
203678,0.5
58021,0.5
248648,0.5
76829,0.5
35013,0.5
19602,0.5
139008,0.5
230331,0.5
15100,0.5
24345,0.5
97056,0.5
248326,0.5
186830,0.5
217801,0.5
185898,0.5
195343,0.5
132750,0.5
155309,0.5
243077,0.5
5148,0.5
152485,0.5
73160,0.5
208804,0.5
66998,0.5
161582,0.5
32422,0.5
40283,0.5
144019,0.5
172950,0.5
146620,0.5
223295,0.5
94577,0.5
45950,0.5
86949,0.5
53226,0.5
54223,0.5
228800,0.5
210621,0.5
213538,0.5
127824,0.5
142594,0.5
120077,0.5
41490,0.5
24929,0.5
146483,0.5
127302,0.5
144345,0.5
218629,0.5
153465,0.5
46759,0.5
226358,0.5
199840,0.5
89684,0.5
24626,0.5
64347,0.5
96142,0.5
40032,0.5
31281,0.5
172294,0.5
90625,0.5
93488,0.5
243588,0.5
65235,0.5
243132,0.5
47388,0.5
9433,0.5
39521,0.5
47025,0.5
98463,0.5
161701,0.5
64274,0.5
215964,0.5
191796,0.5
131017,0.5
53268,0.5
14737,0.5
57414,0.5
50501,0.5
204032,0.5
180577,0.5
62888,0.5
31286,0.5
56144,0.5
154135,0.5
19532,0.5
174731,0.5
7873,0.5
132034,0.5
220874,0.5
193519,0.5
73600,0.5
248678,0.5
142111,0.5
208032,0.5
160335,0.5
5952,0.5
67055,0.5
222655,0.5
156699,0.5
218207,0.5
83315,0.5
94301,0.5
52206,0.5
25478,0.5
35851,0.5
197179,0.5
26000,0.5
165399,0.5
22597,0.5
217549,0.5
223878,0.5
190624,0.5
24057,0.5
15562,0.5
191366,0.5
2559,0.5
200359,0.5
48023,0.5
85577,0.5
13354,0.5
159647,0.5
151038,0.5
4807,0.5
21977,0.5
94198,0.5
147382,0.5
175909,0.5
125079,0.5
95099,0.5
90074,0.5
16773,0.5
181586,0.5
181308,0.5
161786,0.5
61482,0.5
232179,0.5
79385,0.5
1179,0.5
158403,0.5
159215,0.5
47348,0.5
96979,0.5
67781,0.5
238487,0.5
4791,0.5
148293,0.5
167626,0.5
75333,0.5
132401,0.5
44265,0.5
162298,0.5
190120,0.5
182236,0.5
146258,0.5
54463,0.5
235375,0.5
243408,0.5
14912,0.5
92901,0.5
36838,0.5
125487,0.5
56333,0.5
165689,0.5
37748,0.5
58109,0.5
28984,0.5
212677,0.5
110888,0.5
233867,0.5
238421,0.5
57211,0.5
74611,0.5
109636,0.5
167040,0.5
197737,0.5
91031,0.5
42506,0.5
174857,0.5
117515,0.5
242390,0.5
138840,0.5
96749,0.5
56718,0.5
139754,0.5
80696,0.5
217386,0.5
166215,0.5
228119,0.5
64433,0.5
56651,0.5
18928,0.5
109753,0.5
118140,0.5
96148,0.5
125507,0.5
104119,0.5
60744,0.5
50430,0.5
140960,0.5
195417,0.5
220486,0.5
130563,0.5
5257,0.5
81658,0.5
21932,0.5
50003,0.5
192219,0.5
119651,0.5
119441,0.5
245153,0.5
84905,0.5
98299,0.5
150760,0.5
162824,0.5
207273,0.5
99812,0.5
146906,0.5
141766,0.5
83338,0.5
219580,0.5
101572,0.5
76541,0.5
49041,0.5
110534,0.5
106155,0.5
3468,0.5
184822,0.5
232111,0.5
97377,0.5
158147,0.5
120442,0.5
38618,0.5
9639,0.5
235147,0.5
233016,0.5
180400,0.5
4915,0.5
121483,0.5
112428,0.5
14190,0.5
16677,0.5
188806,0.5
246548,0.5
116954,0.5
162130,0.5
600,0.5
64766,0.5
79287,0.5
42683,0.5
178564,0.5
76450,0.5
162569,0.5
163604,0.5
202169,0.5
42140,0.5
219732,0.5
101946,0.5
209964,0.5
174500,0.5
105735,0.5
179950,0.5
7527,0.5
222895,0.5
13823,0.5
9241,0.5
38040,0.5
128811,0.5
209084,0.5
232885,0.5
25474,0.5
249544,0.5
192050,0.5
117552,0.5
150586,0.5
233066,0.5
117626,0.5
90571,0.5
236527,0.5
141984,0.5
28136,0.5
53370,0.5
60988,0.5
241767,0.5
244244,0.5
155992,0.5
238304,0.5
219625,0.5
30772,0.5
72181,0.5
134044,0.5
105497,0.5
240924,0.5
238732,0.5
213822,0.5
135678,0.5
248498,0.5
248510,0.5
211107,0.5
43316,0.5
14114,0.5
6219,0.5
77982,0.5
65130,0.5
129913,0.5
10908,0.5
68888,0.5
142957,0.5
89880,0.5
205037,0.5
108027,0.5
56088,0.5
63770,0.5
214316,0.5
221733,0.5
21230,0.5
209706,0.5
244567,0.5
45126,0.5
60813,0.5
239574,0.5
177464,0.5
161606,0.5
235063,0.5
89237,0.5
224426,0.5
179322,0.5
32018,0.5
118152,0.5
118109,0.5
27867,0.5
124142,0.5
212637,0.5
119771,0.5
179288,0.5
119198,0.5
88458,0.5
64563,0.5
54848,0.5
143082,0.5
218423,0.5
190821,0.5
125859,0.5
153446,0.5
126654,0.5
116680,0.5
65708,0.5
9883,0.5
2050,0.5
169340,0.5
144020,0.5
78543,0.5
220544,0.5
169214,0.5
2392,0.5
3138,0.5
170896,0.5
85102,0.5
57522,0.5
227063,0.5
130074,0.5
204000,0.5
231362,0.5
171096,0.5
213946,0.5
98838,0.5
80257,0.5
168419,0.5
84257,0.5
34991,0.5
160716,0.5
66015,0.5
165556,0.5
24990,0.5
189809,0.5
154374,0.5
62617,0.5
122507,0.5
92718,0.5
244736,0.5
102426,0.5
48410,0.5
143509,0.5
195838,0.5
197463,0.5
246005,0.5
2677,0.5
38706,0.5
115284,0.5
46271,0.5
176688,0.5
57427,0.5
231230,0.5
214382,0.5
20566,0.5
20228,0.5
11444,0.5
57939,0.5
160502,0.5
130682,0.5
79068,0.5
165264,0.5
179407,0.5
76465,0.5
203198,0.5
209293,0.5
143174,0.5
4513,0.5
96851,0.5
183373,0.5
227171,0.5
56798,0.5
82821,0.5
47268,0.5
20604,0.5
235744,0.5
33043,0.5
136787,0.5
165168,0.5
241761,0.5
152859,0.5
65883,0.5
66235,0.5
109247,0.5
185424,0.5
23366,0.5
85400,0.5
72640,0.5
33891,0.5
35801,0.5
57270,0.5
125878,0.5
26275,0.5
14821,0.5
98958,0.5
54599,0.5
48043,0.5
193149,0.5
172154,0.5
31976,0.5
236151,0.5
89561,0.5
70111,0.5
31087,0.5
42163,0.5
172622,0.5
154538,0.5
23789,0.5
248318,0.5
95551,0.5
127089,0.5
92120,0.5
131412,0.5
7607,0.5
11280,0.5
199138,0.5
27261,0.5
121812,0.5
97901,0.5
100700,0.5
157107,0.5
115246,0.5
74760,0.5
226058,0.5
173863,0.5
132987,0.5
125485,0.5
108675,0.5
127728,0.5
8932,0.5
98344,0.5
207620,0.5
73816,0.5
83442,0.5
24787,0.5
157545,0.5
143349,0.5
59753,0.5
226913,0.5
107823,0.5
246417,0.5
50738,0.5
123953,0.5
26353,0.5
141155,0.5
223941,0.5
178298,0.5
27488,0.5
62252,0.5
205915,0.5
58931,0.5
108907,0.5
44861,0.5
86005,0.5
92150,0.5
189940,0.5
26230,0.5
65640,0.5
85475,0.5
201632,0.5
1769,0.5
246119,0.5
236541,0.5
238556,0.5
39826,0.5
74993,0.5
239867,0.5
35057,0.5
66936,0.5
26979,0.5
137064,0.5
78187,0.5
73621,0.5
194082,0.5
242645,0.5
33841,0.5
57048,0.5
110176,0.5
219801,0.5
125985,0.5
163125,0.5
2455,0.5
91311,0.5
174097,0.5
123657,0.5
189967,0.5
106177,0.5
163223,0.5
130950,0.5
50230,0.5
131038,0.5
61201,0.5
127227,0.5
117510,0.5
37514,0.5
114069,0.5
249932,0.5
226275,0.5
140801,0.5
248455,0.5
210026,0.5
77698,0.5
6719,0.5
153002,0.5
161762,0.5
210218,0.5
144825,0.5
181230,0.5
51667,0.5
16443,0.5
106106,0.5
75145,0.5
181569,0.5
17233,0.5
45929,0.5
231443,0.5
243878,0.5
120296,0.5
167744,0.5
241875,0.5
188702,0.5
21931,0.5
142240,0.5
133128,0.5
157776,0.5
137933,0.5
107075,0.5
54115,0.5
74388,0.5
46493,0.5
135251,0.5
18443,0.5
74326,0.5
105826,0.5
134606,0.5
236108,0.5
214391,0.5
87623,0.5
108393,0.5
228938,0.5
6588,0.5
101037,0.5
227056,0.5
64008,0.5
118362,0.5
182160,0.5
124244,0.5
103743,0.5
209462,0.5
181492,0.5
242370,0.5
189379,0.5
201470,0.5
139348,0.5
246897,0.5
2149,0.5
187289,0.5
218072,0.5
232069,0.5
27779,0.5
213728,0.5
162238,0.5
195294,0.5
12256,0.5
58724,0.5
185654,0.5
73860,0.5
86483,0.5
5574,0.5
160969,0.5
245465,0.5
152428,0.5
242901,0.5
195621,0.5
135331,0.5
61321,0.5
105597,0.5
16941,0.5
106995,0.5
7967,0.5
235983,0.5
36330,0.5
116107,0.5
106893,0.5
156208,0.5
129263,0.5
1981,0.5
170497,0.5
34139,0.5
32813,0.5
25410,0.5
143854,0.5
52557,0.5
19423,0.5
181816,0.5
179410,0.5
77981,0.5
61580,0.5
218450,0.5
152718,0.5
184485,0.5
147746,0.5
199958,0.5
39476,0.5
59783,0.5
15348,0.5
22089,0.5
227300,0.5
64090,0.5
38103,0.5
219686,0.5
122770,0.5
14161,0.5
28098,0.5
64798,0.5
117509,0.5
24349,0.5
94853,0.5
73293,0.5
54151,0.5
188605,0.5
110097,0.5
26089,0.5
156008,0.5
109475,0.5
179868,0.5
244850,0.5
6378,0.5
235548,0.5
32497,0.5
66510,0.5
74732,0.5
218270,0.5
133720,0.5
89290,0.5
19581,0.5
149562,0.5
249963,0.5
174938,0.5
138306,0.5
195873,0.5
207424,0.5
163269,0.5
207865,0.5
29282,0.5
5740,0.5
182633,0.5
126440,0.5
20588,0.5
136476,0.5
28511,0.5
137783,0.5
6476,0.5
120529,0.5
49373,0.5
39232,0.5
3513,0.5
248267,0.5
112559,0.5
70243,0.5
132917,0.5
132801,0.5
118890,0.5
243192,0.5
76522,0.5
125448,0.5
130237,0.5
47740,0.5
228298,0.5
92914,0.5
196269,0.5
133633,0.5
26114,0.5
141680,0.5
146652,0.5
169418,0.5
119384,0.5
101846,0.5
172217,0.5
227397,0.5
105447,0.5
227253,0.5
109367,0.5
66153,0.5
228947,0.5
51947,0.5
41650,0.5
114962,0.5
90963,0.5
152916,0.5
136252,0.5
84173,0.5
43041,0.5
134889,0.5
178752,0.5
93596,0.5
101435,0.5
230557,0.5
230281,0.5
62600,0.5
70392,0.5
61987,0.5
158494,0.5
145799,0.5
212013,0.5
215343,0.5
125208,0.5
227791,0.5
166824,0.5
56306,0.5
121826,0.5
174496,0.5
158117,0.5
189573,0.5
169551,0.5
54884,0.5
222740,0.5
49345,0.5
218993,0.5
98118,0.5
118229,0.5
196107,0.5
112381,0.5
15608,0.5
130359,0.5
125364,0.5
6245,0.5
72002,0.5
199632,0.5
116926,0.5
14957,0.5
193224,0.5
8386,0.5
159255,0.5
237022,0.5
218319,0.5
21487,0.5
184806,0.5
135810,0.5
161869,0.5
51780,0.5
209514,0.5
25628,0.5
248362,0.5
100821,0.5
4802,0.5
14201,0.5
52346,0.5
183924,0.5
21002,0.5
128208,0.5
1646,0.5
242803,0.5
19207,0.5
191046,0.5
44993,0.5
12621,0.5
194561,0.5
93376,0.5
6251,0.5
56417,0.5
103146,0.5
138049,0.5
133663,0.5
128242,0.5
81251,0.5
41273,0.5
128295,0.5
89925,0.5
105032,0.5
130136,0.5
221237,0.5
213096,0.5
73320,0.5
17882,0.5
226797,0.5
106645,0.5
214317,0.5
199472,0.5
125893,0.5
132105,0.5
19993,0.5
151700,0.5
27768,0.5
40463,0.5
230115,0.5
5680,0.5
149143,0.5
17970,0.5
93233,0.5
208754,0.5
166260,0.5
140867,0.5
89674,0.5
82372,0.5
132661,0.5
13447,0.5
30008,0.5
133841,0.5
77624,0.5
113654,0.5
75293,0.5
105233,0.5
126727,0.5
117107,0.5
110144,0.5
195271,0.5
121692,0.5
187824,0.5
141303,0.5
75561,0.5
157972,0.5
209021,0.5
192730,0.5
106936,0.5
162687,0.5
189641,0.5
189398,0.5
54501,0.5
241501,0.5
188946,0.5
23675,0.5
128621,0.5
148699,0.5
40325,0.5
246104,0.5
214284,0.5
59002,0.5
188575,0.5
52930,0.5
168510,0.5
105485,0.5
134835,0.5
225653,0.5
35496,0.5
182332,0.5
57064,0.5
155576,0.5
175297,0.5
246225,0.5
214401,0.5
25503,0.5
97624,0.5
51278,0.5
34133,0.5
26800,0.5
199455,0.5
167684,0.5
49428,0.5
226426,0.5
32570,0.5
10563,0.5
40718,0.5
31395,0.5
235323,0.5
61857,0.5
60821,0.5
100066,0.5
59615,0.5
133997,0.5
20952,0.5
148904,0.5
92496,0.5
162804,0.5
53597,0.5
85568,0.5
215453,0.5
180830,0.5
72934,0.5
132163,0.5
108853,0.5
6584,0.5
26155,0.5
217120,0.5
150225,0.5
105018,0.5
220403,0.5
196847,0.5
186702,0.5
199018,0.5
244823,0.5
213297,0.5
14259,0.5
217362,0.5
214072,0.5
38442,0.5
127468,0.5
20251,0.5
87712,0.5
121832,0.5
33022,0.5
223271,0.5
163743,0.5
122606,0.5
995,0.5
174062,0.5
20146,0.5
164701,0.5
53991,0.5
187804,0.5
170836,0.5
183307,0.5
102296,0.5
132711,0.5
190463,0.5
200565,0.5
76014,0.5
2961,0.5
204105,0.5
182947,0.5
140562,0.5
123704,0.5
79081,0.5
56084,0.5
199500,0.5
11908,0.5
101576,0.5
123737,0.5
82683,0.5
186062,0.5
24886,0.5
101347,0.5
187952,0.5
47640,0.5
37587,0.5
97461,0.5
249041,0.5
249392,0.5
180445,0.5
43471,0.5
91891,0.5
159145,0.5
133404,0.5
244980,0.5
152539,0.5
159271,0.5
100280,0.5
180638,0.5
203807,0.5
74754,0.5
104950,0.5
37762,0.5
36933,0.5
224720,0.5
56808,0.5
116323,0.5
180456,0.5
25680,0.5
183217,0.5
218077,0.5
123031,0.5
83537,0.5
179682,0.5
71310,0.5
15854,0.5
241852,0.5
174809,0.5
183590,0.5
75836,0.5
92455,0.5
138482,0.5
140606,0.5
168947,0.5
156778,0.5
161262,0.5
165785,0.5
114196,0.5
146879,0.5
247807,0.5
224276,0.5
159683,0.5
52077,0.5
202203,0.5
7691,0.5
53633,0.5
53899,0.5
183509,0.5
35996,0.5
173750,0.5
216304,0.5
230342,0.5
229487,0.5
4371,0.5
111849,0.5
37174,0.5
100897,0.5
109141,0.5
107827,0.5
107377,0.5
196595,0.5
204736,0.5
132075,0.5
144483,0.5
214902,0.5
221183,0.5
90732,0.5
219583,0.5
204611,0.5
224011,0.5
9479,0.5
219735,0.5
193489,0.5
32351,0.5
96596,0.5
139767,0.5
230305,0.5
114446,0.5
91474,0.5
153407,0.5
223032,0.5
132773,0.5
104889,0.5
22234,0.5
185481,0.5
249490,0.5
102594,0.5
36289,0.5
230296,0.5
161283,0.5
11807,0.5
148051,0.5
185852,0.5
33212,0.5
119341,0.5
104323,0.5
20314,0.5
18871,0.5
155264,0.5
141367,0.5
44382,0.5
216256,0.5
55423,0.5
233108,0.5
136591,0.5
9567,0.5
145757,0.5
58557,0.5
238565,0.5
61654,0.5
156968,0.5
220699,0.5
168969,0.5
114412,0.5
172203,0.5
37113,0.5
16880,0.5
249416,0.5
124090,0.5
172577,0.5
105527,0.5
13834,0.5
222577,0.5
157487,0.5
163044,0.5
184281,0.5
233521,0.5
87054,0.5
5684,0.5
29374,0.5
41351,0.5
229218,0.5
222376,0.5
34757,0.5
233494,0.5
224843,0.5
171888,0.5
139656,0.5
105339,0.5
1302,0.5
188445,0.5
119061,0.5
245499,0.5
79655,0.5
118136,0.5
193364,0.5
211173,0.5
97378,0.5
157157,0.5
76267,0.5
191505,0.5
184366,0.5
221950,0.5
94502,0.5
120559,0.5
128875,0.5
162273,0.5
48099,0.5
199129,0.5
12030,0.5
186457,0.5
188251,0.5
184062,0.5
210200,0.5
70851,0.5
177188,0.5
100443,0.5
94310,0.5
11567,0.5
35377,0.5
119088,0.5
218052,0.5
46121,0.5
63592,0.5
163636,0.5
211332,0.5
176481,0.5
210668,0.5
92626,0.5
186002,0.5
220182,0.5
52794,0.5
8119,0.5
213334,0.5
130801,0.5
249873,0.5
187423,0.5
101378,0.5
27979,0.5
228017,0.5
175526,0.5
146125,0.5
210512,0.5
125953,0.5
138574,0.5
177904,0.5
65150,0.5
160729,0.5
17983,0.5
239301,0.5
222586,0.5
102599,0.5
222834,0.5
55682,0.5
204833,0.5
203191,0.5
151588,0.5
109602,0.5
26473,0.5
182420,0.5
137010,0.5
151997,0.5
29266,0.5
41010,0.5
71261,0.5
239396,0.5
174080,0.5
79485,0.5
201259,0.5
246930,0.5
220491,0.5
248550,0.5
175110,0.5
67486,0.5
212607,0.5
84425,0.5
183794,0.5
200320,0.5
52047,0.5
14602,0.5
107721,0.5
34878,0.5
76956,0.5
100511,0.5
85567,0.5
69394,0.5
134962,0.5
120371,0.5
180437,0.5
175324,0.5
215523,0.5
21970,0.5
52416,0.5
181134,0.5
138771,0.5
147250,0.5
5635,0.5
38489,0.5
4133,0.5
216814,0.5
105669,0.5
40281,0.5
209171,0.5
33844,0.5
211965,0.5
246186,0.5
49783,0.5
103118,0.5
219522,0.5
50910,0.5
96015,0.5
190980,0.5
161548,0.5
173073,0.5
152487,0.5
134376,0.5
199237,0.5
227357,0.5
151255,0.5
16713,0.5
210222,0.5
158509,0.5
120448,0.5
106644,0.5
111968,0.5
61349,0.5
202833,0.5
161217,0.5
66076,0.5
133272,0.5
65228,0.5
21985,0.5
178206,0.5
244148,0.5
173529,0.5
12502,0.5
235211,0.5
175291,0.5
169046,0.5
141200,0.5
223933,0.5
156686,0.5
65067,0.5
192944,0.5
36782,0.5
187539,0.5
232797,0.5
87304,0.5
130990,0.5
176540,0.5
218142,0.5
213037,0.5
93734,0.5
239485,0.5
198586,0.5
217021,0.5
40044,0.5
209522,0.5
3858,0.5
11525,0.5
171113,0.5
218863,0.5
198470,0.5
144165,0.5
183079,0.5
80366,0.5
35960,0.5
79139,0.5
80731,0.5
227565,0.5
34777,0.5
175035,0.5
129516,0.5
147286,0.5
165488,0.5
127945,0.5
180477,0.5
27572,0.5
69872,0.5
222773,0.5
52707,0.5
23958,0.5
62420,0.5
138906,0.5
97778,0.5
54862,0.5
249006,0.5
136206,0.5
189154,0.5
220801,0.5
27389,0.5
146708,0.5
113645,0.5
63401,0.5
10037,0.5
183386,0.5
31157,0.5
5300,0.5
114491,0.5
55263,0.5
193467,0.5
242089,0.5
101632,0.5
155760,0.5
52037,0.5
192210,0.5
113281,0.5
116148,0.5
182330,0.5
179645,0.5
170443,0.5
168020,0.5
229341,0.5
55899,0.5
56955,0.5
51877,0.5
206320,0.5
244249,0.5
128865,0.5
230054,0.5
210992,0.5
244383,0.5
246888,0.5
218120,0.5
57119,0.5
165436,0.5
237447,0.5
20412,0.5
171942,0.5
50118,0.5
178042,0.5
194842,0.5
217007,0.5
218788,0.5
235512,0.5
15793,0.5
231579,0.5
243,0.5
199971,0.5
178512,0.5
113592,0.5
2170,0.5
161468,0.5
75890,0.5
33239,0.5
128568,0.5
96634,0.5
60169,0.5
79370,0.5
211953,0.5
187954,0.5
193107,0.5
182551,0.5
240583,0.5
90463,0.5
144077,0.5
70013,0.5
25333,0.5
242999,0.5
114908,0.5
47119,0.5
106503,0.5
69122,0.5
118176,0.5
70915,0.5
227158,0.5
234638,0.5
135633,0.5
93788,0.5
204624,0.5
37769,0.5
168664,0.5
30915,0.5
47674,0.5
104809,0.5
129410,0.5
181301,0.5
125954,0.5
170030,0.5
8618,0.5
125624,0.5
21018,0.5
209595,0.5
116988,0.5
171726,0.5
16176,0.5
165454,0.5
7519,0.5
132914,0.5
79411,0.5
160097,0.5
104379,0.5
169181,0.5
32459,0.5
194476,0.5
94018,0.5
118823,0.5
183853,0.5
167349,0.5
142156,0.5
194594,0.5
80818,0.5
49775,0.5
137831,0.5
175057,0.5
39414,0.5
179058,0.5
3099,0.5
151457,0.5
73104,0.5
225490,0.5
193746,0.5
38209,0.5
98364,0.5
125868,0.5
132794,0.5
211447,0.5
193335,0.5
154336,0.5
1377,0.5
66676,0.5
9751,0.5
175336,0.5
135975,0.5
81709,0.5
170272,0.5
181330,0.5
116952,0.5
211878,0.5
23237,0.5
100534,0.5
114906,0.5
51659,0.5
133135,0.5
134400,0.5
183032,0.5
45353,0.5
82662,0.5
23544,0.5
176353,0.5
57931,0.5
92138,0.5
228843,0.5
132622,0.5
92025,0.5
213869,0.5
65379,0.5
174167,0.5
218392,0.5
217569,0.5
173949,0.5
106713,0.5
156369,0.5
3155,0.5
228060,0.5
33309,0.5
105309,0.5
197806,0.5
46678,0.5
132291,0.5
150250,0.5
4393,0.5
157652,0.5
55261,0.5
197424,0.5
98644,0.5
51258,0.5
90877,0.5
30237,0.5
114555,0.5
248614,0.5
205468,0.5
90174,0.5
76834,0.5
78277,0.5
246313,0.5
51499,0.5
125021,0.5
146552,0.5
121313,0.5
18930,0.5
43358,0.5
79002,0.5
155531,0.5
54183,0.5
147039,0.5
239222,0.5
36001,0.5
108024,0.5
207082,0.5
245796,0.5
150475,0.5
43557,0.5
62911,0.5
88413,0.5
151460,0.5
141684,0.5
38897,0.5
53600,0.5
124501,0.5
163617,0.5
141444,0.5
66147,0.5
119120,0.5
25302,0.5
14715,0.5
158536,0.5
5576,0.5
194891,0.5
102278,0.5
186403,0.5
187342,0.5
49652,0.5
192399,0.5
116221,0.5
186728,0.5
23118,0.5
244610,0.5
64592,0.5
242614,0.5
175139,0.5
18417,0.5
137490,0.5
237273,0.5
164347,0.5
151675,0.5
158598,0.5
8746,0.5
124713,0.5
86947,0.5
159343,0.5
29031,0.5
239181,0.5
233897,0.5
197733,0.5
134357,0.5
129056,0.5
6910,0.5
111917,0.5
237626,0.5
60880,0.5
231366,0.5
89407,0.5
126813,0.5
150431,0.5
48437,0.5
108026,0.5
182637,0.5
9565,0.5
45849,0.5
151304,0.5
170200,0.5
96492,0.5
152280,0.5
141732,0.5
201388,0.5
19136,0.5
141568,0.5
248369,0.5
43305,0.5
68727,0.5
195161,0.5
213265,0.5
24918,0.5
201419,0.5
187720,0.5
146072,0.5
179519,0.5
180790,0.5
145239,0.5
219723,0.5
189638,0.5
166825,0.5
32464,0.5
141692,0.5
153093,0.5
145984,0.5
136522,0.5
68257,0.5
107475,0.5
103420,0.5
196583,0.5
198702,0.5
107044,0.5
112140,0.5
122810,0.5
170594,0.5
35067,0.5
149464,0.5
191208,0.5
104442,0.5
114527,0.5
158936,0.5
186793,0.5
202742,0.5
128168,0.5
171982,0.5
98243,0.5
197593,0.5
215372,0.5
238073,0.5
221524,0.5
232123,0.5
17884,0.5
90928,0.5
109631,0.5
96811,0.5
40187,0.5
138758,0.5
187904,0.5
227115,0.5
137406,0.5
19426,0.5
184692,0.5
204043,0.5
246983,0.5
42064,0.5
236175,0.5
147361,0.5
18959,0.5
107274,0.5
1108,0.5
108547,0.5
212616,0.5
57089,0.5
150272,0.5
201845,0.5
207915,0.5
73482,0.5
139428,0.5
179633,0.5
76936,0.5
150390,0.5
188783,0.5
45108,0.5
185629,0.5
158292,0.5
143164,0.5
207771,0.5
177956,0.5
75831,0.5
212365,0.5
27895,0.5
30950,0.5
85322,0.5
153192,0.5
161230,0.5
6940,0.5
41290,0.5
52344,0.5
57619,0.5
26811,0.5
133739,0.5
243030,0.5
200367,0.5
177457,0.5
18494,0.5
171645,0.5
80849,0.5
99098,0.5
135115,0.5
61725,0.5
140466,0.5
17791,0.5
97084,0.5
242153,0.5
93934,0.5
47328,0.5
84604,0.5
60314,0.5
141608,0.5
145660,0.5
87790,0.5
46602,0.5
18504,0.5
121390,0.5
230623,0.5
215269,0.5
119380,0.5
210930,0.5
159046,0.5
31996,0.5
87519,0.5
198167,0.5
177607,0.5
192795,0.5
206502,0.5
209860,0.5
166619,0.5
129046,0.5
31995,0.5
125879,0.5
128612,0.5
137803,0.5
118683,0.5
107839,0.5
244019,0.5
4544,0.5
23489,0.5
248214,0.5
94281,0.5
59532,0.5
245408,0.5
210639,0.5
230887,0.5
54712,0.5
158709,0.5
140128,0.5
198714,0.5
147948,0.5
38389,0.5
230519,0.5
243997,0.5
25986,0.5
74404,0.5
217545,0.5
1111,0.5
84224,0.5
161681,0.5
116360,0.5
192339,0.5
43977,0.5
19491,0.5
87460,0.5
74449,0.5
62045,0.5
159182,0.5
248112,0.5
13815,0.5
7397,0.5
227185,0.5
53293,0.5
219780,0.5
848,0.5
147086,0.5
135270,0.5
58034,0.5
233502,0.5
40756,0.5
86962,0.5
136103,0.5
14261,0.5
7311,0.5
160843,0.5
126851,0.5
111282,0.5
58505,0.5
144383,0.5
171095,0.5
120841,0.5
97247,0.5
129636,0.5
219486,0.5
48501,0.5
188489,0.5
133172,0.5
152239,0.5
157069,0.5
233945,0.5
177062,0.5
236318,0.5
241244,0.5
26871,0.5
151313,0.5
25719,0.5
154935,0.5
98533,0.5
24942,0.5
207695,0.5
42519,0.5
75482,0.5
196242,0.5
194896,0.5
221548,0.5
220272,0.5
153462,0.5
128399,0.5
69076,0.5
56273,0.5
81484,0.5
217615,0.5
97297,0.5
158979,0.5
116859,0.5
196339,0.5
201666,0.5
25162,0.5
146529,0.5
144437,0.5
152997,0.5
118047,0.5
49778,0.5
143170,0.5
127244,0.5
178836,0.5
67116,0.5
95582,0.5
189703,0.5
62649,0.5
102586,0.5
67324,0.5
38592,0.5
79647,0.5
214605,0.5
4301,0.5
8013,0.5
44793,0.5
172826,0.5
186115,0.5
218100,0.5
6649,0.5
243703,0.5
89354,0.5
214310,0.5
45176,0.5
22991,0.5
121167,0.5
112090,0.5
28920,0.5
104601,0.5
157600,0.5
101110,0.5
49004,0.5
5764,0.5
9742,0.5
130747,0.5
31174,0.5
243701,0.5
135722,0.5
77687,0.5
134684,0.5
161914,0.5
179074,0.5
45593,0.5
152043,0.5
91905,0.5
26716,0.5
36939,0.5
86391,0.5
188673,0.5
30917,0.5
15370,0.5
77437,0.5
123226,0.5
67471,0.5
137233,0.5
47324,0.5
70963,0.5
36908,0.5
236259,0.5
18753,0.5
159487,0.5
146674,0.5
123236,0.5
88365,0.5
203186,0.5
16758,0.5
242866,0.5
181333,0.5
211956,0.5
216149,0.5
124617,0.5
167731,0.5
150750,0.5
148194,0.5
2610,0.5
103824,0.5
54578,0.5
128731,0.5
49451,0.5
97035,0.5
135096,0.5
151784,0.5
179321,0.5
191660,0.5
188736,0.5
241308,0.5
59745,0.5
104151,0.5
101642,0.5
218165,0.5
15975,0.5
133968,0.5
56376,0.5
231133,0.5
243705,0.5
229090,0.5
112028,0.5
136563,0.5
88631,0.5
148243,0.5
68078,0.5
93370,0.5
105004,0.5
235223,0.5
235753,0.5
190380,0.5
112878,0.5
164898,0.5
201641,0.5
109623,0.5
163703,0.5
110422,0.5
214308,0.5
229492,0.5
136738,0.5
164072,0.5
197451,0.5
47244,0.5
12407,0.5
92919,0.5
86555,0.5
207756,0.5
192386,0.5
180265,0.5
51650,0.5
42785,0.5
144227,0.5
124340,0.5
46903,0.5
193334,0.5
168355,0.5
247119,0.5
192018,0.5
224463,0.5
82084,0.5
134573,0.5
209541,0.5
101319,0.5
164511,0.5
67133,0.5
114800,0.5
73281,0.5
166898,0.5
243404,0.5
15058,0.5
108125,0.5
215286,0.5
65756,0.5
158572,0.5
70774,0.5
1766,0.5
351,0.5
179436,0.5
56303,0.5
94311,0.5
121845,0.5
90163,0.5
54849,0.5
160641,0.5
128400,0.5
201240,0.5
115214,0.5
13311,0.5
190969,0.5
178871,0.5
41146,0.5
221962,0.5
182159,0.5
107336,0.5
53577,0.5
77928,0.5
190741,0.5
99646,0.5
110874,0.5
16633,0.5
225782,0.5
221366,0.5
300,0.5
137418,0.5
211033,0.5
124010,0.5
143457,0.5
33998,0.5
168396,0.5
166343,0.5
100216,0.5
28687,0.5
146171,0.5
194903,0.5
3228,0.5
66747,0.5
209331,0.5
104405,0.5
224618,0.5
127088,0.5
45349,0.5
180215,0.5
46044,0.5
119584,0.5
60829,0.5
37442,0.5
233761,0.5
75058,0.5
185469,0.5
92790,0.5
65206,0.5
185031,0.5
208679,0.5
142904,0.5
98508,0.5
102573,0.5
200131,0.5
207666,0.5
135245,0.5
129167,0.5
122237,0.5
78620,0.5
106759,0.5
124334,0.5
173092,0.5
77815,0.5
81438,0.5
244852,0.5
88246,0.5
122228,0.5
108455,0.5
210281,0.5
17124,0.5
178199,0.5
837,0.5
92613,0.5
165010,0.5
110037,0.5
108913,0.5
65887,0.5
167291,0.5
14479,0.5
208577,0.5
226510,0.5
51096,0.5
10512,0.5
161196,0.5
35236,0.5
246899,0.5
243945,0.5
99336,0.5
209355,0.5
17565,0.5
138006,0.5
210967,0.5
112229,0.5
58896,0.5
168383,0.5
70921,0.5
243136,0.5
68916,0.5
182336,0.5
37057,0.5
232016,0.5
246237,0.5
137565,0.5
241233,0.5
75229,0.5
131756,0.5
239160,0.5
15757,0.5
56115,0.5
134284,0.5
26146,0.5
97170,0.5
89196,0.5
243605,0.5
128334,0.5
84735,0.5
242995,0.5
134649,0.5
237644,0.5
209351,0.5
23834,0.5
94943,0.5
231412,0.5
69827,0.5
6594,0.5
209683,0.5
45526,0.5
219741,0.5
217587,0.5
238973,0.5
33041,0.5
98725,0.5
110952,0.5
183193,0.5
165156,0.5
110821,0.5
34216,0.5
178166,0.5
37957,0.5
133600,0.5
38854,0.5
23224,0.5
151672,0.5
209112,0.5
96912,0.5
139281,0.5
223727,0.5
246924,0.5
135355,0.5
214388,0.5
181786,0.5
188258,0.5
54434,0.5
163501,0.5
235728,0.5
58306,0.5
32291,0.5
92224,0.5
125775,0.5
232162,0.5
130316,0.5
130056,0.5
72572,0.5
21188,0.5
203036,0.5
214562,0.5
81445,0.5
198616,0.5
40866,0.5
232602,0.5
79825,0.5
4964,0.5
163200,0.5
55894,0.5
141284,0.5
175689,0.5
117134,0.5
173243,0.5
195724,0.5
80776,0.5
101841,0.5
164460,0.5
197878,0.5
86566,0.5
240222,0.5
173361,0.5
6319,0.5
204127,0.5
154410,0.5
7499,0.5
56823,0.5
245031,0.5
75035,0.5
91818,0.5
20770,0.5
166918,0.5
209416,0.5
125141,0.5
29049,0.5
158795,0.5
28384,0.5
62081,0.5
104835,0.5
73054,0.5
72464,0.5
123424,0.5
24311,0.5
39101,0.5
57266,0.5
165375,0.5
204559,0.5
37146,0.5
165393,0.5
116841,0.5
145272,0.5
213770,0.5
156404,0.5
15847,0.5
160942,0.5
232210,0.5
18727,0.5
124031,0.5
58899,0.5
103979,0.5
85790,0.5
199543,0.5
65599,0.5
220450,0.5
2683,0.5
140376,0.5
229676,0.5
73308,0.5
181396,0.5
166801,0.5
127031,0.5
134054,0.5
92525,0.5
93406,0.5
177588,0.5
234,0.5
99829,0.5
6145,0.5
66851,0.5
65916,0.5
12821,0.5
26679,0.5
55444,0.5
162150,0.5
75825,0.5
1949,0.5
123978,0.5
21248,0.5
192254,0.5
173468,0.5
170660,0.5
217122,0.5
152224,0.5
154197,0.5
225035,0.5
125249,0.5
1248,0.5
175667,0.5
135256,0.5
160143,0.5
4841,0.5
125131,0.5
242413,0.5
77854,0.5
216882,0.5
191265,0.5
12037,0.5
133596,0.5
214047,0.5
136900,0.5
155589,0.5
159576,0.5
155214,0.5
64520,0.5
94437,0.5
91991,0.5
215417,0.5
22665,0.5
245719,0.5
17355,0.5
51041,0.5
81512,0.5
168387,0.5
105412,0.5
184161,0.5
131132,0.5
173495,0.5
5155,0.5
137727,0.5
54341,0.5
211586,0.5
48133,0.5
60478,0.5
158535,0.5
183757,0.5
79250,0.5
243921,0.5
76920,0.5
84608,0.5
63691,0.5
51105,0.5
236352,0.5
162412,0.5
168051,0.5
19765,0.5
178141,0.5
2936,0.5
34269,0.5
192746,0.5
90592,0.5
6856,0.5
127082,0.5
173377,0.5
215510,0.5
143851,0.5
138107,0.5
201553,0.5
140215,0.5
92573,0.5
12465,0.5
103726,0.5
103795,0.5
221327,0.5
241071,0.5
188676,0.5
176838,0.5
182880,0.5
35502,0.5
83575,0.5
76684,0.5
81277,0.5
226326,0.5
71756,0.5
112122,0.5
192003,0.5
173462,0.5
46881,0.5
54611,0.5
237868,0.5
14112,0.5
68247,0.5
227543,0.5
185485,0.5
87455,0.5
21903,0.5
10224,0.5
43134,0.5
127209,0.5
163466,0.5
95594,0.5
63044,0.5
190484,0.5
9362,0.5
226736,0.5
50476,0.5
208396,0.5
58848,0.5
176405,0.5
141741,0.5
117879,0.5
110054,0.5
80641,0.5
197909,0.5
169912,0.5
210033,0.5
64404,0.5
145183,0.5
205664,0.5
115669,0.5
152219,0.5
213730,0.5
38522,0.5
100885,0.5
42216,0.5
141580,0.5
95653,0.5
68703,0.5
87978,0.5
230830,0.5
207412,0.5
22950,0.5
99802,0.5
89951,0.5
158091,0.5
171194,0.5
146650,0.5
115941,0.5
152272,0.5
54015,0.5
132955,0.5
58312,0.5
168807,0.5
224954,0.5
65985,0.5
116289,0.5
190288,0.5
243740,0.5
139132,0.5
16991,0.5
105707,0.5
145955,0.5
178356,0.5
127199,0.5
159896,0.5
4713,0.5
244972,0.5
177824,0.5
62572,0.5
9511,0.5
229166,0.5
159307,0.5
156147,0.5
217189,0.5
63194,0.5
171224,0.5
33943,0.5
239593,0.5
68757,0.5
51772,0.5
141704,0.5
192942,0.5
88672,0.5
72195,0.5
132424,0.5
130308,0.5
21565,0.5
58803,0.5
58576,0.5
61604,0.5
43874,0.5
91776,0.5
210883,0.5
174517,0.5
38310,0.5
215576,0.5
80075,0.5
219982,0.5
77536,0.5
160090,0.5
182031,0.5
67345,0.5
66130,0.5
100207,0.5
80042,0.5
101511,0.5
208326,0.5
127722,0.5
145053,0.5
17612,0.5
77722,0.5
227155,0.5
13717,0.5
65354,0.5
61018,0.5
110782,0.5
208768,0.5
248697,0.5
93387,0.5
140286,0.5
199429,0.5
88189,0.5
169055,0.5
120656,0.5
238042,0.5
219263,0.5
117900,0.5
42898,0.5
163120,0.5
165076,0.5
229285,0.5
12803,0.5
80470,0.5
107007,0.5
243244,0.5
216755,0.5
88653,0.5
177706,0.5
2434,0.5
5092,0.5
240137,0.5
83031,0.5
4929,0.5
158006,0.5
12131,0.5
22061,0.5
226999,0.5
232064,0.5
20309,0.5
90081,0.5
106490,0.5
197604,0.5
74370,0.5
173626,0.5
51470,0.5
208289,0.5
227878,0.5
143648,0.5
147585,0.5
23755,0.5
154081,0.5
92493,0.5
203919,0.5
188365,0.5
119148,0.5
135865,0.5
47641,0.5
18658,0.5
209308,0.5
216362,0.5
124029,0.5
126402,0.5
214853,0.5
9581,0.5
215005,0.5
209003,0.5
91107,0.5
208970,0.5
175725,0.5
8988,0.5
3692,0.5
231681,0.5
224467,0.5
72899,0.5
226456,0.5
10874,0.5
195215,0.5
97520,0.5
241159,0.5
71075,0.5
34031,0.5
92543,0.5
106858,0.5
245856,0.5
123934,0.5
146966,0.5
177004,0.5
30144,0.5
107991,0.5
96256,0.5
173202,0.5
133920,0.5
54988,0.5
136975,0.5
138095,0.5
110617,0.5
196214,0.5
140444,0.5
164727,0.5
51934,0.5
167923,0.5
172090,0.5
228166,0.5
163984,0.5
31179,0.5
240324,0.5
202023,0.5
36010,0.5
200328,0.5
126660,0.5
5753,0.5
199261,0.5
132764,0.5
89927,0.5
84011,0.5
199871,0.5
109359,0.5
151140,0.5
211603,0.5
232863,0.5
84856,0.5
190500,0.5
143941,0.5
209466,0.5
104797,0.5
200776,0.5
103520,0.5
173586,0.5
35672,0.5
181006,0.5
82073,0.5
6919,0.5
115464,0.5
112400,0.5
230913,0.5
31089,0.5
187846,0.5
133120,0.5
5797,0.5
92755,0.5
74062,0.5
18325,0.5
32811,0.5
135222,0.5
120103,0.5
84541,0.5
82871,0.5
179976,0.5
126522,0.5
247726,0.5
42635,0.5
114714,0.5
237037,0.5
170963,0.5
179972,0.5
97457,0.5
211008,0.5
84293,0.5
80194,0.5
244162,0.5
215043,0.5
204723,0.5
85010,0.5
192039,0.5
164542,0.5
68777,0.5
236921,0.5
182012,0.5
100833,0.5
54409,0.5
196760,0.5
249529,0.5
170034,0.5
118882,0.5
183058,0.5
109139,0.5
1044,0.5
157026,0.5
179021,0.5
111031,0.5
218347,0.5
43068,0.5
38357,0.5
197615,0.5
28638,0.5
100919,0.5
56833,0.5
125167,0.5
14840,0.5
4362,0.5
117682,0.5
115181,0.5
162429,0.5
187168,0.5
30789,0.5
72154,0.5
172601,0.5
37157,0.5
180178,0.5
96243,0.5
95612,0.5
455,0.5
207588,0.5
173384,0.5
144669,0.5
150902,0.5
96192,0.5
144158,0.5
43668,0.5
236007,0.5
7383,0.5
180358,0.5
249100,0.5
83124,0.5
241090,0.5
156857,0.5
4422,0.5
219897,0.5
34434,0.5
239897,0.5
220235,0.5
68422,0.5
132035,0.5
36104,0.5
215913,0.5
118954,0.5
153682,0.5
36059,0.5
189361,0.5
191966,0.5
51287,0.5
173609,0.5
176100,0.5
43456,0.5
196387,0.5
103234,0.5
150279,0.5
5545,0.5
8646,0.5
155784,0.5
21095,0.5
206556,0.5
175309,0.5
143573,0.5
164276,0.5
95593,0.5
141747,0.5
68075,0.5
57538,0.5
170325,0.5
82650,0.5
34432,0.5
218548,0.5
136229,0.5
209951,0.5
169274,0.5
80730,0.5
106785,0.5
11173,0.5
14738,0.5
116932,0.5
222939,0.5
202868,0.5
91948,0.5
100157,0.5
25722,0.5
132335,0.5
24007,0.5
36868,0.5
147722,0.5
119356,0.5
5365,0.5
130193,0.5
195,0.5
206622,0.5
148409,0.5
72207,0.5
149352,0.5
115953,0.5
59876,0.5
188467,0.5
113488,0.5
50362,0.5
25488,0.5
165012,0.5
136502,0.5
105550,0.5
128857,0.5
209807,0.5
88130,0.5
49575,0.5
231155,0.5
12741,0.5
144341,0.5
187008,0.5
13107,0.5
70586,0.5
168333,0.5
210516,0.5
156745,0.5
20247,0.5
209372,0.5
173012,0.5
82757,0.5
77002,0.5
10196,0.5
176934,0.5
45684,0.5
127893,0.5
20409,0.5
161827,0.5
122244,0.5
134709,0.5
112323,0.5
49801,0.5
222702,0.5
137977,0.5
207800,0.5
137284,0.5
75923,0.5
70839,0.5
108884,0.5
151136,0.5
114229,0.5
48251,0.5
157636,0.5
137073,0.5
140184,0.5
20184,0.5
144670,0.5
130816,0.5
191672,0.5
201164,0.5
212001,0.5
65999,0.5
228057,0.5
107175,0.5
24805,0.5
196810,0.5
138401,0.5
200165,0.5
241259,0.5
163822,0.5
115190,0.5
129807,0.5
25917,0.5
40471,0.5
94738,0.5
240462,0.5
126253,0.5
34642,0.5
234067,0.5
4818,0.5
170755,0.5
7112,0.5
78771,0.5
115559,0.5
5830,0.5
138205,0.5
26198,0.5
121640,0.5
239719,0.5
138527,0.5
146384,0.5
191036,0.5
206487,0.5
62643,0.5
154211,0.5
124073,0.5
171833,0.5
210272,0.5
103684,0.5
105145,0.5
28902,0.5
106081,0.5
9464,0.5
87130,0.5
52915,0.5
154738,0.5
89490,0.5
156534,0.5
15934,0.5
133643,0.5
135564,0.5
217557,0.5
109990,0.5
46360,0.5
127835,0.5
232091,0.5
219774,0.5
105629,0.5
222239,0.5
176166,0.5
92689,0.5
12261,0.5
191853,0.5
148559,0.5
213111,0.5
122628,0.5
27114,0.5
228111,0.5
45846,0.5
162737,0.5
158891,0.5
163,0.5
219201,0.5
224425,0.5
86235,0.5
107592,0.5
157352,0.5
220474,0.5
174649,0.5
216187,0.5
54556,0.5
152137,0.5
202194,0.5
127379,0.5
16289,0.5
123688,0.5
127609,0.5
20625,0.5
4218,0.5
170153,0.5
106236,0.5
187341,0.5
199306,0.5
223505,0.5
218308,0.5
73671,0.5
125163,0.5
119520,0.5
180129,0.5
13005,0.5
122181,0.5
134306,0.5
50834,0.5
98253,0.5
181091,0.5
65217,0.5
111370,0.5
195466,0.5
233672,0.5
87597,0.5
90662,0.5
112881,0.5
185419,0.5
118120,0.5
192987,0.5
105655,0.5
190416,0.5
182727,0.5
1755,0.5
22670,0.5
67354,0.5
234321,0.5
80442,0.5
216354,0.5
224203,0.5
80350,0.5
133114,0.5
200633,0.5
34242,0.5
68072,0.5
130677,0.5
8145,0.5
2757,0.5
73917,0.5
117651,0.5
28840,0.5
143381,0.5
227120,0.5
79598,0.5
57389,0.5
12467,0.5
26538,0.5
225052,0.5
151081,0.5
127214,0.5
15420,0.5
17224,0.5
130911,0.5
57558,0.5
159885,0.5
17116,0.5
165644,0.5
58908,0.5
237780,0.5
225174,0.5
136263,0.5
183302,0.5
205725,0.5
37606,0.5
142389,0.5
100743,0.5
2029,0.5
117116,0.5
212088,0.5
102988,0.5
237829,0.5
223090,0.5
120603,0.5
241749,0.5
198445,0.5
49221,0.5
121119,0.5
204972,0.5
247465,0.5
25753,0.5
249445,0.5
100432,0.5
20519,0.5
214599,0.5
158136,0.5
48902,0.5
138528,0.5
243322,0.5
138443,0.5
217836,0.5
21033,0.5
49888,0.5
202303,0.5
210923,0.5
150291,0.5
26896,0.5
198277,0.5
188518,0.5
245287,0.5
56448,0.5
97365,0.5
53615,0.5
153292,0.5
67523,0.5
74437,0.5
171750,0.5
50503,0.5
245991,0.5
226928,0.5
129456,0.5
155046,0.5
222156,0.5
66438,0.5
4990,0.5
159228,0.5
76802,0.5
236909,0.5
13460,0.5
160268,0.5
125018,0.5
178312,0.5
123854,0.5
193276,0.5
12903,0.5
197964,0.5
103643,0.5
234507,0.5
4806,0.5
15460,0.5
32901,0.5
173081,0.5
65047,0.5
87027,0.5
4948,0.5
169741,0.5
74977,0.5
174904,0.5
173552,0.5
214643,0.5
196634,0.5
98031,0.5
51464,0.5
125805,0.5
86199,0.5
33732,0.5
217803,0.5
37617,0.5
90910,0.5
83199,0.5
33073,0.5
77362,0.5
142214,0.5
159722,0.5
108641,0.5
135538,0.5
128681,0.5
146651,0.5
79203,0.5
66060,0.5
148369,0.5
139973,0.5
121994,0.5
154920,0.5
101598,0.5
49482,0.5
129974,0.5
148565,0.5
431,0.5
70559,0.5
181195,0.5
122322,0.5
21413,0.5
54220,0.5
186732,0.5
160898,0.5
168590,0.5
206729,0.5
31923,0.5
146534,0.5
78151,0.5
57503,0.5
76059,0.5
21537,0.5
210121,0.5
116192,0.5
13835,0.5
161044,0.5
25572,0.5
93518,0.5
213396,0.5
40651,0.5
46804,0.5
202589,0.5
84232,0.5
19815,0.5
205376,0.5
143240,0.5
29437,0.5
2643,0.5
141074,0.5
50223,0.5
171083,0.5
47352,0.5
241489,0.5
186980,0.5
101638,0.5
173450,0.5
182618,0.5
226846,0.5
231813,0.5
88048,0.5
128725,0.5
203682,0.5
104955,0.5
163520,0.5
209675,0.5
177170,0.5
231130,0.5
218811,0.5
217605,0.5
13851,0.5
105791,0.5
137357,0.5
233360,0.5
228436,0.5
198501,0.5
4741,0.5
185374,0.5
169346,0.5
20368,0.5
208251,0.5
59748,0.5
1313,0.5
78343,0.5
202892,0.5
29003,0.5
24762,0.5
88877,0.5
214845,0.5
61934,0.5
18497,0.5
184625,0.5
55668,0.5
97335,0.5
28624,0.5
223330,0.5
115779,0.5
88185,0.5
17669,0.5
106476,0.5
197048,0.5
98773,0.5
191838,0.5
236899,0.5
32012,0.5
36665,0.5
171285,0.5
127816,0.5
149109,0.5
175363,0.5
239021,0.5
65329,0.5
22686,0.5
113855,0.5
106075,0.5
39607,0.5
35428,0.5
142409,0.5
222219,0.5
163675,0.5
76753,0.5
229407,0.5
198446,0.5
23794,0.5
163755,0.5
63584,0.5
179915,0.5
233575,0.5
184207,0.5
104402,0.5
71794,0.5
206516,0.5
228231,0.5
203290,0.5
72655,0.5
159803,0.5
52624,0.5
234497,0.5
216517,0.5
200563,0.5
193486,0.5
237597,0.5
144848,0.5
125835,0.5
212004,0.5
107727,0.5
242019,0.5
5801,0.5
150200,0.5
140589,0.5
91041,0.5
111526,0.5
39608,0.5
4829,0.5
20893,0.5
64310,0.5
150207,0.5
201115,0.5
194495,0.5
61472,0.5
123416,0.5
213474,0.5
148332,0.5
108521,0.5
45037,0.5
75641,0.5
227203,0.5
84423,0.5
91978,0.5
62728,0.5
102503,0.5
209974,0.5
226024,0.5
151376,0.5
87006,0.5
198438,0.5
17117,0.5
234982,0.5
199856,0.5
34787,0.5
143901,0.5
205334,0.5
144478,0.5
175626,0.5
25311,0.5
241497,0.5
236680,0.5
235310,0.5
29073,0.5
93772,0.5
69211,0.5
150881,0.5
182722,0.5
103825,0.5
189925,0.5
224101,0.5
92526,0.5
51471,0.5
80414,0.5
92044,0.5
183038,0.5
139134,0.5
86320,0.5
196103,0.5
174841,0.5
67292,0.5
108783,0.5
11958,0.5
151838,0.5
148719,0.5
236719,0.5
55914,0.5
181474,0.5
182557,0.5
231588,0.5
4772,0.5
79548,0.5
2585,0.5
161370,0.5
198329,0.5
139723,0.5
21709,0.5
248148,0.5
160057,0.5
79351,0.5
63945,0.5
147214,0.5
98250,0.5
241389,0.5
145426,0.5
76041,0.5
245314,0.5
20747,0.5
207044,0.5
166405,0.5
207110,0.5
192756,0.5
209288,0.5
58570,0.5
4302,0.5
136558,0.5
19415,0.5
196338,0.5
32975,0.5
6266,0.5
174825,0.5
101216,0.5
104753,0.5
208031,0.5
71092,0.5
35161,0.5
37044,0.5
88535,0.5
42092,0.5
57335,0.5
248532,0.5
18374,0.5
124387,0.5
135926,0.5
236670,0.5
194076,0.5
82653,0.5
182916,0.5
20504,0.5
76945,0.5
17836,0.5
61352,0.5
17230,0.5
127381,0.5
76635,0.5
101374,0.5
5455,0.5
128364,0.5
203697,0.5
141750,0.5
119744,0.5
95057,0.5
238693,0.5
160556,0.5
69983,0.5
131418,0.5
20921,0.5
193263,0.5
125573,0.5
175463,0.5
1478,0.5
123600,0.5
44239,0.5
181561,0.5
125779,0.5
129003,0.5
232508,0.5
90183,0.5
94867,0.5
20333,0.5
55853,0.5
119972,0.5
193012,0.5
96868,0.5
21277,0.5
194879,0.5
114675,0.5
8825,0.5
241421,0.5
163428,0.5
66290,0.5
43605,0.5
138561,0.5
143724,0.5
227047,0.5
4659,0.5
45252,0.5
34166,0.5
186915,0.5
237074,0.5
160354,0.5
40872,0.5
53240,0.5
136125,0.5
74557,0.5
165149,0.5
80598,0.5
47624,0.5
125317,0.5
189482,0.5
5177,0.5
191442,0.5
240645,0.5
214511,0.5
53683,0.5
11554,0.5
214056,0.5
132565,0.5
188497,0.5
150118,0.5
25373,0.5
204834,0.5
172731,0.5
140573,0.5
193664,0.5
166645,0.5
25845,0.5
239232,0.5
154949,0.5
180731,0.5
208282,0.5
206597,0.5
65914,0.5
201329,0.5
167212,0.5
139342,0.5
239583,0.5
76935,0.5
200401,0.5
78477,0.5
167225,0.5
117416,0.5
49735,0.5
193242,0.5
34564,0.5
249446,0.5
23667,0.5
169335,0.5
155690,0.5
149465,0.5
132966,0.5
141513,0.5
205744,0.5
235661,0.5
106102,0.5
126561,0.5
163507,0.5
61036,0.5
166046,0.5
122299,0.5
221469,0.5
110045,0.5
137363,0.5
208576,0.5
246917,0.5
214236,0.5
49182,0.5
237555,0.5
176753,0.5
145919,0.5
92708,0.5
186465,0.5
81694,0.5
19838,0.5
232077,0.5
229288,0.5
189594,0.5
18053,0.5
169100,0.5
204305,0.5
161387,0.5
17151,0.5
179987,0.5
189845,0.5
154955,0.5
189685,0.5
207257,0.5
156937,0.5
152643,0.5
212171,0.5
99348,0.5
241401,0.5
17571,0.5
90602,0.5
164714,0.5
238757,0.5
67557,0.5
49194,0.5
4095,0.5
127738,0.5
246847,0.5
159555,0.5
49045,0.5
143605,0.5
69657,0.5
48904,0.5
237986,0.5
144418,0.5
67413,0.5
20623,0.5
146114,0.5
139230,0.5
30126,0.5
71342,0.5
189647,0.5
72021,0.5
12146,0.5
246914,0.5
103322,0.5
21916,0.5
23583,0.5
110697,0.5
99014,0.5
186261,0.5
40684,0.5
92714,0.5
171088,0.5
185352,0.5
86618,0.5
228669,0.5
144445,0.5
202087,0.5
80816,0.5
33505,0.5
233411,0.5
116622,0.5
18194,0.5
93968,0.5
199026,0.5
237494,0.5
64953,0.5
49128,0.5
219074,0.5
34482,0.5
33270,0.5
29258,0.5
141627,0.5
208896,0.5
198698,0.5
47307,0.5
87625,0.5
36221,0.5
183196,0.5
161109,0.5
101335,0.5
74859,0.5
229953,0.5
100158,0.5
147150,0.5
220246,0.5
141156,0.5
52700,0.5
63363,0.5
81059,0.5
150921,0.5
3508,0.5
20914,0.5
226843,0.5
81098,0.5
199590,0.5
43666,0.5
98086,0.5
224963,0.5
68450,0.5
223207,0.5
169397,0.5
205091,0.5
69179,0.5
224932,0.5
202862,0.5
207216,0.5
111273,0.5
228658,0.5
35645,0.5
20697,0.5
35195,0.5
144574,0.5
21019,0.5
200839,0.5
225273,0.5
234528,0.5
233807,0.5
188429,0.5
222177,0.5
155009,0.5
44705,0.5
224516,0.5
153932,0.5
231397,0.5
219395,0.5
166249,0.5
98362,0.5
146046,0.5
55435,0.5
168308,0.5
11537,0.5
9645,0.5
196986,0.5
134951,0.5
122442,0.5
219807,0.5
71076,0.5
70205,0.5
112542,0.5
30209,0.5
91678,0.5
20838,0.5
209129,0.5
29408,0.5
204606,0.5
86594,0.5
24749,0.5
151360,0.5
231631,0.5
111927,0.5
228044,0.5
95164,0.5
215316,0.5
27069,0.5
55960,0.5
70585,0.5
141094,0.5
88955,0.5
220133,0.5
70409,0.5
222324,0.5
224714,0.5
10826,0.5
201487,0.5
232396,0.5
164923,0.5
178446,0.5
54705,0.5
109383,0.5
179553,0.5
219192,0.5
82316,0.5
201362,0.5
182985,0.5
217076,0.5
133688,0.5
77479,0.5
244198,0.5
112345,0.5
158712,0.5
20402,0.5
126684,0.5
73259,0.5
165011,0.5
77358,0.5
145111,0.5
157700,0.5
59327,0.5
86802,0.5
72965,0.5
87028,0.5
233650,0.5
39524,0.5
81524,0.5
46525,0.5
245656,0.5
229422,0.5
94491,0.5
122880,0.5
192876,0.5
13617,0.5
114928,0.5
51788,0.5
72231,0.5
129878,0.5
217347,0.5
248993,0.5
194327,0.5
196680,0.5
221526,0.5
138690,0.5
70407,0.5
1984,0.5
249671,0.5
86224,0.5
88234,0.5
26017,0.5
49307,0.5
211315,0.5
199089,0.5
228856,0.5
40767,0.5
17901,0.5
25477,0.5
165161,0.5
151545,0.5
249212,0.5
55234,0.5
30225,0.5
30254,0.5
30389,0.5
76276,0.5
94923,0.5
159526,0.5
145225,0.5
106346,0.5
128766,0.5
18517,0.5
235163,0.5
42794,0.5
42616,0.5
226089,0.5
68926,0.5
64450,0.5
34415,0.5
172284,0.5
189505,0.5
35365,0.5
114751,0.5
61317,0.5
232532,0.5
24716,0.5
12120,0.5
102965,0.5
216928,0.5
154137,0.5
167739,0.5
102433,0.5
53559,0.5
166153,0.5
101470,0.5
146103,0.5
29560,0.5
214764,0.5
136179,0.5
78614,0.5
189369,0.5
209535,0.5
60136,0.5
167943,0.5
151254,0.5
128435,0.5
99793,0.5
214231,0.5
168492,0.5
20382,0.5
65314,0.5
205176,0.5
202880,0.5
11244,0.5
86843,0.5
26073,0.5
84088,0.5
67991,0.5
189838,0.5
3044,0.5
100542,0.5
188227,0.5
3560,0.5
105379,0.5
153362,0.5
110101,0.5
5226,0.5
82883,0.5
105012,0.5
14270,0.5
14098,0.5
180413,0.5
200295,0.5
50243,0.5
27404,0.5
232234,0.5
66517,0.5
131049,0.5
89831,0.5
57559,0.5
78836,0.5
119311,0.5
135394,0.5
44526,0.5
227894,0.5
247642,0.5
37438,0.5
21635,0.5
172282,0.5
26039,0.5
162611,0.5
209475,0.5
142593,0.5
92271,0.5
223426,0.5
38383,0.5
202079,0.5
9387,0.5
92186,0.5
212825,0.5
118190,0.5
176852,0.5
23064,0.5
50025,0.5
3328,0.5
238697,0.5
231889,0.5
29613,0.5
76438,0.5
154791,0.5
231198,0.5
128077,0.5
120034,0.5
132460,0.5
80205,0.5
229581,0.5
184834,0.5
104770,0.5
241270,0.5
74956,0.5
90212,0.5
57907,0.5
41590,0.5
101639,0.5
162113,0.5
28748,0.5
143820,0.5
204817,0.5
174884,0.5
87927,0.5
91720,0.5
153858,0.5
156393,0.5
201790,0.5
214166,0.5
228602,0.5
130961,0.5
202921,0.5
242711,0.5
180637,0.5
117137,0.5
21156,0.5
145256,0.5
191407,0.5
29077,0.5
237108,0.5
5446,0.5
20858,0.5
130645,0.5
54437,0.5
248962,0.5
83352,0.5
221653,0.5
181059,0.5
126768,0.5
126992,0.5
7173,0.5
155979,0.5
75198,0.5
184992,0.5
63818,0.5
151912,0.5
67572,0.5
205816,0.5
145279,0.5
82839,0.5
238310,0.5
86982,0.5
29375,0.5
66863,0.5
48248,0.5
51661,0.5
209976,0.5
218992,0.5
157646,0.5
214136,0.5
142639,0.5
9863,0.5
56460,0.5
12119,0.5
135752,0.5
24908,0.5
205643,0.5
77389,0.5
201274,0.5
126594,0.5
157401,0.5
243535,0.5
179204,0.5
86538,0.5
144245,0.5
245757,0.5
140648,0.5
154404,0.5
56146,0.5
171232,0.5
79483,0.5
122720,0.5
193293,0.5
220481,0.5
9930,0.5
218483,0.5
139559,0.5
167265,0.5
3358,0.5
56316,0.5
44636,0.5
59014,0.5
178204,0.5
198890,0.5
128244,0.5
37234,0.5
154604,0.5
119250,0.5
223175,0.5
196312,0.5
50029,0.5
136262,0.5
14420,0.5
20796,0.5
246927,0.5
110507,0.5
178737,0.5
97050,0.5
81028,0.5
6562,0.5
164531,0.5
136466,0.5
196119,0.5
209875,0.5
181334,0.5
54111,0.5
179432,0.5
249757,0.5
43433,0.5
85503,0.5
154281,0.5
109391,0.5
31600,0.5
36107,0.5
147641,0.5
239145,0.5
119626,0.5
21542,0.5
41584,0.5
215429,0.5
227978,0.5
234079,0.5
192516,0.5
60329,0.5
83541,0.5
194926,0.5
8706,0.5
61009,0.5
85452,0.5
201481,0.5
156191,0.5
77218,0.5
54548,0.5
113774,0.5
134373,0.5
114866,0.5
199626,0.5
166844,0.5
196009,0.5
151607,0.5
12215,0.5
1324,0.5
211294,0.5
13313,0.5
12743,0.5
232195,0.5
132449,0.5
157313,0.5
88021,0.5
61923,0.5
84682,0.5
211818,0.5
152683,0.5
7198,0.5
243808,0.5
189205,0.5
197243,0.5
164839,0.5
85969,0.5
104345,0.5
244575,0.5
152707,0.5
91049,0.5
4351,0.5
64959,0.5
233543,0.5
113240,0.5
95501,0.5
179958,0.5
247097,0.5
65570,0.5
226909,0.5
134152,0.5
197891,0.5
105529,0.5
132265,0.5
47015,0.5
24366,0.5
84328,0.5
140947,0.5
63700,0.5
188877,0.5
110278,0.5
52070,0.5
175942,0.5
158625,0.5
59056,0.5
93263,0.5
158411,0.5
6297,0.5
186459,0.5
231563,0.5
95013,0.5
927,0.5
96974,0.5
19186,0.5
160443,0.5
186835,0.5
137612,0.5
97358,0.5
189329,0.5
164229,0.5
8400,0.5
128352,0.5
235702,0.5
137437,0.5
62293,0.5
129492,0.5
102712,0.5
157782,0.5
47215,0.5
198757,0.5
143992,0.5
49088,0.5
102058,0.5
61760,0.5
155867,0.5
114820,0.5
179056,0.5
30684,0.5
92075,0.5
213731,0.5
165558,0.5
111905,0.5
182293,0.5
98859,0.5
31067,0.5
180330,0.5
53257,0.5
187125,0.5
63842,0.5
129757,0.5
12105,0.5
156639,0.5
242732,0.5
113123,0.5
118959,0.5
19493,0.5
3620,0.5
26537,0.5
47405,0.5
31292,0.5
211912,0.5
52949,0.5
130234,0.5
192623,0.5
65588,0.5
157605,0.5
104932,0.5
226102,0.5
71949,0.5
85776,0.5
48218,0.5
125915,0.5
197683,0.5
186942,0.5
118078,0.5
8928,0.5
140920,0.5
240086,0.5
1132,0.5
59771,0.5
187687,0.5
121920,0.5
155536,0.5
89132,0.5
115116,0.5
169976,0.5
86267,0.5
78337,0.5
93920,0.5
88620,0.5
36406,0.5
210052,0.5
14870,0.5
51052,0.5
83090,0.5
16397,0.5
14616,0.5
56690,0.5
153794,0.5
214903,0.5
91238,0.5
41799,0.5
122930,0.5
236849,0.5
71269,0.5
116528,0.5
133543,0.5
65700,0.5
81470,0.5
150026,0.5
168137,0.5
108551,0.5
98664,0.5
125009,0.5
220972,0.5
142438,0.5
10856,0.5
171743,0.5
126233,0.5
201151,0.5
228290,0.5
47242,0.5
76280,0.5
159274,0.5
75076,0.5
42336,0.5
35631,0.5
160611,0.5
249765,0.5
18243,0.5
95244,0.5
118662,0.5
54125,0.5
71889,0.5
5383,0.5
89297,0.5
28760,0.5
74777,0.5
191868,0.5
87012,0.5
136884,0.5
35231,0.5
138301,0.5
146608,0.5
171110,0.5
104477,0.5
89197,0.5
129388,0.5
63107,0.5
79038,0.5
128923,0.5
232611,0.5
78013,0.5
196620,0.5
73325,0.5
184009,0.5
54485,0.5
13161,0.5
79186,0.5
104860,0.5
6065,0.5
162693,0.5
148271,0.5
43654,0.5
71354,0.5
143314,0.5
188905,0.5
217116,0.5
153284,0.5
171936,0.5
31500,0.5
197460,0.5
99895,0.5
87230,0.5
420,0.5
18188,0.5
40180,0.5
57480,0.5
139816,0.5
58511,0.5
160619,0.5
249076,0.5
205490,0.5
79475,0.5
140465,0.5
200683,0.5
182662,0.5
48003,0.5
73552,0.5
7867,0.5
203374,0.5
78509,0.5
71484,0.5
190063,0.5
65396,0.5
86662,0.5
132665,0.5
73969,0.5
236905,0.5
33822,0.5
233194,0.5
55113,0.5
82625,0.5
186946,0.5
187068,0.5
32912,0.5
110210,0.5
129065,0.5
36729,0.5
98458,0.5
7088,0.5
12287,0.5
39208,0.5
140646,0.5
236762,0.5
39266,0.5
208796,0.5
245167,0.5
26268,0.5
514,0.5
69956,0.5
125074,0.5
235155,0.5
81127,0.5
215710,0.5
225544,0.5
62363,0.5
36897,0.5
113135,0.5
121716,0.5
176149,0.5
2958,0.5
215425,0.5
61560,0.5
140674,0.5
39614,0.5
190587,0.5
164692,0.5
171336,0.5
112030,0.5
125265,0.5
77814,0.5
48769,0.5
78172,0.5
197599,0.5
26199,0.5
119054,0.5
58281,0.5
199025,0.5
25590,0.5
110059,0.5
12820,0.5
110038,0.5
235833,0.5
52336,0.5
56845,0.5
206858,0.5
108949,0.5
179642,0.5
232783,0.5
183913,0.5
217859,0.5
202029,0.5
112443,0.5
203972,0.5
98436,0.5
31602,0.5
108894,0.5
197723,0.5
181297,0.5
106354,0.5
94247,0.5
167625,0.5
227125,0.5
137683,0.5
125378,0.5
171176,0.5
119883,0.5
244192,0.5
157104,0.5
57700,0.5
169248,0.5
10741,0.5
210831,0.5
10862,0.5
48319,0.5
171519,0.5
214654,0.5
139085,0.5
46862,0.5
244112,0.5
136818,0.5
189454,0.5
195098,0.5
231469,0.5
36840,0.5
92404,0.5
99075,0.5
137980,0.5
130576,0.5
36318,0.5
177412,0.5
218885,0.5
161544,0.5
246564,0.5
49993,0.5
94027,0.5
56341,0.5
28721,0.5
202814,0.5
38855,0.5
208421,0.5
180037,0.5
209335,0.5
27598,0.5
103897,0.5
83999,0.5
171480,0.5
101145,0.5
172064,0.5
47959,0.5
232579,0.5
121632,0.5
50326,0.5
115151,0.5
132870,0.5
225180,0.5
139450,0.5
228761,0.5
115095,0.5
231574,0.5
148603,0.5
48168,0.5
170362,0.5
76669,0.5
65163,0.5
238777,0.5
146666,0.5
97735,0.5
140737,0.5
118316,0.5
65970,0.5
72861,0.5
104224,0.5
249265,0.5
18122,0.5
130903,0.5
226106,0.5
56745,0.5
59335,0.5
45973,0.5
64858,0.5
61544,0.5
64030,0.5
238148,0.5
40462,0.5
19540,0.5
207373,0.5
192494,0.5
144037,0.5
172227,0.5
63180,0.5
204842,0.5
236679,0.5
181019,0.5
66002,0.5
205514,0.5
48046,0.5
71238,0.5
41027,0.5
248932,0.5
183003,0.5
218763,0.5
157446,0.5
95686,0.5
186729,0.5
161392,0.5
222819,0.5
169549,0.5
101383,0.5
90748,0.5
234162,0.5
45241,0.5
13894,0.5
214097,0.5
87695,0.5
154312,0.5
77406,0.5
7745,0.5
163070,0.5
162376,0.5
200786,0.5
93636,0.5
169729,0.5
175497,0.5
27304,0.5
88111,0.5
81754,0.5
25779,0.5
56905,0.5
116524,0.5
161215,0.5
69647,0.5
174902,0.5
233265,0.5
181831,0.5
137005,0.5
5417,0.5
69557,0.5
186326,0.5
3562,0.5
112213,0.5
128167,0.5
3108,0.5
222167,0.5
105161,0.5
131163,0.5
240191,0.5
93615,0.5
147738,0.5
243248,0.5
148257,0.5
186450,0.5
125033,0.5
137535,0.5
67717,0.5
116618,0.5
157956,0.5
86116,0.5
96368,0.5
149131,0.5
166397,0.5
249082,0.5
38832,0.5
94498,0.5
206136,0.5
84513,0.5
90330,0.5
220690,0.5
50673,0.5
17084,0.5
26504,0.5
66287,0.5
210471,0.5
85433,0.5
123969,0.5
235084,0.5
29909,0.5
78715,0.5
31236,0.5
80375,0.5
86238,0.5
126159,0.5
210891,0.5
225556,0.5
115241,0.5
123594,0.5
178358,0.5
159669,0.5
52985,0.5
126338,0.5
72460,0.5
5624,0.5
74664,0.5
94096,0.5
170459,0.5
7117,0.5
90867,0.5
156542,0.5
130587,0.5
206111,0.5
151186,0.5
208998,0.5
210197,0.5
227995,0.5
115482,0.5
239942,0.5
145301,0.5
6971,0.5
107249,0.5
64007,0.5
236778,0.5
219317,0.5
170115,0.5
143888,0.5
233289,0.5
21934,0.5
125585,0.5
275,0.5
12443,0.5
244973,0.5
264,0.5
147606,0.5
86174,0.5
90758,0.5
46120,0.5
187208,0.5
176130,0.5
59486,0.5
145743,0.5
45954,0.5
174172,0.5
190509,0.5
103844,0.5
19183,0.5
52455,0.5
96078,0.5
14384,0.5
166745,0.5
103153,0.5
52682,0.5
19986,0.5
205714,0.5
183880,0.5
162153,0.5
203980,0.5
52281,0.5
91593,0.5
10076,0.5
117039,0.5
166778,0.5
25608,0.5
23411,0.5
12056,0.5
229789,0.5
146185,0.5
133464,0.5
149126,0.5
69097,0.5
202699,0.5
137128,0.5
241400,0.5
105053,0.5
239730,0.5
2762,0.5
166332,0.5
164028,0.5
238577,0.5
97437,0.5
178580,0.5
109587,0.5
24116,0.5
16643,0.5
221149,0.5
238967,0.5
17090,0.5
188981,0.5
32353,0.5
15337,0.5
63785,0.5
150031,0.5
145082,0.5
197226,0.5
15875,0.5
208295,0.5
73867,0.5
183065,0.5
124951,0.5
23741,0.5
81131,0.5
6499,0.5
42410,0.5
16879,0.5
17572,0.5
35340,0.5
191472,0.5
183290,0.5
33486,0.5
208906,0.5
214658,0.5
211405,0.5
100522,0.5
183928,0.5
67683,0.5
166142,0.5
225159,0.5
79464,0.5
164755,0.5
230815,0.5
243223,0.5
77829,0.5
108360,0.5
213832,0.5
173020,0.5
207574,0.5
44613,0.5
21217,0.5
33248,0.5
592,0.5
7928,0.5
190325,0.5
185227,0.5
207984,0.5
230698,0.5
149321,0.5
150047,0.5
142710,0.5
101196,0.5
57237,0.5
216890,0.5
133072,0.5
161901,0.5
202502,0.5
135283,0.5
53119,0.5
24064,0.5
111708,0.5
66338,0.5
248856,0.5
236498,0.5
138789,0.5
87187,0.5
36366,0.5
164368,0.5
158272,0.5
609,0.5
247392,0.5
36744,0.5
128889,0.5
76646,0.5
237417,0.5
64863,0.5
197895,0.5
247931,0.5
223337,0.5
230346,0.5
244995,0.5
88307,0.5
49557,0.5
89308,0.5
189016,0.5
217722,0.5
111151,0.5
128284,0.5
157878,0.5
43076,0.5
237959,0.5
38610,0.5
198858,0.5
114773,0.5
148969,0.5
54907,0.5
139229,0.5
55526,0.5
88137,0.5
51301,0.5
127594,0.5
67470,0.5
23962,0.5
103719,0.5
141808,0.5
135731,0.5
152319,0.5
71392,0.5
241268,0.5
145946,0.5
98235,0.5
163880,0.5
247608,0.5
10875,0.5
57787,0.5
66714,0.5
83882,0.5
48262,0.5
94496,0.5
151421,0.5
3466,0.5
198530,0.5
227870,0.5
139111,0.5
187858,0.5
163096,0.5
127135,0.5
57656,0.5
173076,0.5
126534,0.5
89489,0.5
29435,0.5
64941,0.5
32468,0.5
205381,0.5
116795,0.5
217350,0.5
92173,0.5
223381,0.5
85909,0.5
12739,0.5
44538,0.5
91960,0.5
225768,0.5
51818,0.5
27775,0.5
47460,0.5
71129,0.5
40620,0.5
42492,0.5
189656,0.5
71824,0.5
53222,0.5
115445,0.5
213541,0.5
176669,0.5
154023,0.5
39438,0.5
62486,0.5
53627,0.5
226757,0.5
118305,0.5
112711,0.5
6902,0.5
26540,0.5
116167,0.5
75564,0.5
87786,0.5
222469,0.5
129189,0.5
141247,0.5
232706,0.5
198772,0.5
144856,0.5
103929,0.5
217548,0.5
51485,0.5
62807,0.5
238650,0.5
246716,0.5
185399,0.5
46696,0.5
35447,0.5
206410,0.5
208213,0.5
190259,0.5
126530,0.5
108132,0.5
149133,0.5
33453,0.5
237133,0.5
1465,0.5
238031,0.5
61323,0.5
244378,0.5
63948,0.5
172271,0.5
178242,0.5
158184,0.5
152775,0.5
52813,0.5
141728,0.5
89485,0.5
159423,0.5
14071,0.5
29109,0.5
216261,0.5
177356,0.5
154648,0.5
230587,0.5
41460,0.5
58449,0.5
90827,0.5
1064,0.5
211890,0.5
28071,0.5
103784,0.5
95511,0.5
223287,0.5
164137,0.5
226580,0.5
111980,0.5
150434,0.5
213632,0.5
82559,0.5
35196,0.5
31078,0.5
65050,0.5
128884,0.5
65177,0.5
177157,0.5
206078,0.5
115501,0.5
79563,0.5
211487,0.5
168070,0.5
72667,0.5
21692,0.5
40855,0.5
90445,0.5
173853,0.5
188264,0.5
210268,0.5
141885,0.5
94361,0.5
146502,0.5
161741,0.5
218214,0.5
7019,0.5
41105,0.5
123129,0.5
74861,0.5
102696,0.5
227186,0.5
231068,0.5
21776,0.5
165355,0.5
249673,0.5
102127,0.5
24289,0.5
26796,0.5
249239,0.5
89724,0.5
185934,0.5
115673,0.5
116494,0.5
63993,0.5
93956,0.5
43277,0.5
239056,0.5
245857,0.5
224651,0.5
97812,0.5
99118,0.5
152779,0.5
229339,0.5
206170,0.5
181798,0.5
98615,0.5
73036,0.5
9628,0.5
82299,0.5
179238,0.5
142873,0.5
78454,0.5
41201,0.5
201802,0.5
22689,0.5
76720,0.5
33979,0.5
243836,0.5
194674,0.5
238479,0.5
141382,0.5
121631,0.5
99545,0.5
227998,0.5
180102,0.5
12846,0.5
214753,0.5
178536,0.5
34805,0.5
212151,0.5
8944,0.5
114616,0.5
54950,0.5
193097,0.5
30164,0.5
130320,0.5
125091,0.5
112463,0.5
169834,0.5
127653,0.5
99952,0.5
69041,0.5
45501,0.5
209773,0.5
185523,0.5
168826,0.5
176545,0.5
64001,0.5
134358,0.5
54401,0.5
155607,0.5
118484,0.5
23631,0.5
223302,0.5
172564,0.5
167518,0.5
107062,0.5
14582,0.5
174564,0.5
222355,0.5
71346,0.5
88754,0.5
201044,0.5
77716,0.5
60532,0.5
169185,0.5
194924,0.5
153335,0.5
190782,0.5
30136,0.5
71197,0.5
93250,0.5
57591,0.5
96705,0.5
144666,0.5
225331,0.5
249927,0.5
31080,0.5
189011,0.5
3652,0.5
111329,0.5
184373,0.5
119495,0.5
94583,0.5
43007,0.5
1189,0.5
63384,0.5
243614,0.5
146840,0.5
194890,0.5
99144,0.5
74067,0.5
172110,0.5
233157,0.5
67903,0.5
75083,0.5
105473,0.5
40013,0.5
46020,0.5
236065,0.5
229726,0.5
227268,0.5
182014,0.5
228067,0.5
170682,0.5
222225,0.5
80072,0.5
165398,0.5
167310,0.5
111484,0.5
91099,0.5
217372,0.5
41132,0.5
55125,0.5
195412,0.5
132726,0.5
80761,0.5
143347,0.5
106157,0.5
151505,0.5
62507,0.5
63646,0.5
30723,0.5
66162,0.5
118747,0.5
204772,0.5
27673,0.5
33576,0.5
113433,0.5
32707,0.5
150353,0.5
94194,0.5
70052,0.5
226695,0.5
71091,0.5
18454,0.5
69082,0.5
61594,0.5
235002,0.5
94634,0.5
220289,0.5
72548,0.5
139318,0.5
182719,0.5
204487,0.5
122040,0.5
43665,0.5
210486,0.5
248867,0.5
10253,0.5
220278,0.5
115329,0.5
37776,0.5
227002,0.5
191745,0.5
33619,0.5
205903,0.5
214353,0.5
18141,0.5
75910,0.5
196446,0.5
213611,0.5
121238,0.5
137545,0.5
135333,0.5
139236,0.5
58648,0.5
82188,0.5
8060,0.5
200668,0.5
159864,0.5
71897,0.5
179566,0.5
222411,0.5
175095,0.5
141304,0.5
194596,0.5
60714,0.5
107784,0.5
19773,0.5
229501,0.5
179727,0.5
232924,0.5
66950,0.5
84187,0.5
147654,0.5
86717,0.5
84180,0.5
14866,0.5
204904,0.5
82276,0.5
131025,0.5
39018,0.5
54350,0.5
140448,0.5
167677,0.5
161851,0.5
179182,0.5
165342,0.5
102723,0.5
223297,0.5
146891,0.5
198589,0.5
201061,0.5
106745,0.5
32796,0.5
26415,0.5
160372,0.5
198425,0.5
24266,0.5
23501,0.5
129989,0.5
136871,0.5
146884,0.5
150959,0.5
103878,0.5
80135,0.5
143034,0.5
248139,0.5
137037,0.5
138730,0.5
113266,0.5
193819,0.5
43216,0.5
98972,0.5
193472,0.5
248331,0.5
242366,0.5
197796,0.5
56818,0.5
245738,0.5
115999,0.5
112188,0.5
48608,0.5
141041,0.5
198670,0.5
82959,0.5
137881,0.5
38548,0.5
120016,0.5
174455,0.5
3869,0.5
40778,0.5
202236,0.5
32545,0.5
131748,0.5
129869,0.5
165289,0.5
134630,0.5
62176,0.5
164759,0.5
209389,0.5
221566,0.5
37650,0.5
153321,0.5
106792,0.5
83029,0.5
144667,0.5
82412,0.5
6631,0.5
71208,0.5
148801,0.5
166519,0.5
222306,0.5
162060,0.5
16013,0.5
36630,0.5
5706,0.5
70043,0.5
67561,0.5
209983,0.5
204045,0.5
175138,0.5
56451,0.5
143230,0.5
40173,0.5
99096,0.5
229198,0.5
138165,0.5
190549,0.5
4715,0.5
224746,0.5
141053,0.5
89373,0.5
121617,0.5
170690,0.5
105568,0.5
33303,0.5
541,0.5
3934,0.5
249327,0.5
713,0.5
164544,0.5
61365,0.5
4245,0.5
55060,0.5
201780,0.5
167569,0.5
56393,0.5
198342,0.5
248762,0.5
63494,0.5
235212,0.5
13265,0.5
69618,0.5
173917,0.5
137316,0.5
110453,0.5
167627,0.5
6846,0.5
80734,0.5
211522,0.5
207479,0.5
13688,0.5
123661,0.5
160191,0.5
219662,0.5
88732,0.5
76109,0.5
233618,0.5
10869,0.5
111954,0.5
93373,0.5
121695,0.5
34506,0.5
92690,0.5
135210,0.5
97981,0.5
120962,0.5
6009,0.5
162585,0.5
87219,0.5
196930,0.5
65524,0.5
50134,0.5
76513,0.5
218360,0.5
217826,0.5
100436,0.5
225322,0.5
206529,0.5
1534,0.5
196564,0.5
46280,0.5
146711,0.5
19942,0.5
122209,0.5
249093,0.5
155438,0.5
32406,0.5
154230,0.5
154818,0.5
112679,0.5
212433,0.5
179914,0.5
214742,0.5
160829,0.5
227733,0.5
133827,0.5
121774,0.5
136113,0.5
38646,0.5
163080,0.5
70405,0.5
71692,0.5
149628,0.5
76774,0.5
151026,0.5
76224,0.5
30296,0.5
37843,0.5
42787,0.5
199186,0.5
9923,0.5
191982,0.5
169139,0.5
242896,0.5
113308,0.5
40591,0.5
236177,0.5
2648,0.5
231724,0.5
13463,0.5
179738,0.5
173594,0.5
129832,0.5
46680,0.5
75702,0.5
114936,0.5
216513,0.5
64111,0.5
148084,0.5
141934,0.5
27077,0.5
12398,0.5
14959,0.5
62940,0.5
117674,0.5
232085,0.5
203557,0.5
46353,0.5
45288,0.5
233020,0.5
18830,0.5
246255,0.5
169135,0.5
4081,0.5
23721,0.5
174187,0.5
93355,0.5
133863,0.5
50056,0.5
229681,0.5
219796,0.5
611,0.5
178725,0.5
75565,0.5
234211,0.5
222987,0.5
170038,0.5
108131,0.5
246784,0.5
80427,0.5
80280,0.5
74572,0.5
62234,0.5
207230,0.5
32568,0.5
190833,0.5
140789,0.5
189743,0.5
182497,0.5
126907,0.5
80019,0.5
161905,0.5
29980,0.5
108980,0.5
49744,0.5
9891,0.5
175928,0.5
124578,0.5
107449,0.5
85476,0.5
197467,0.5
206185,0.5
24429,0.5
196788,0.5
181082,0.5
157037,0.5
153405,0.5
174447,0.5
163853,0.5
23418,0.5
201428,0.5
72159,0.5
113926,0.5
116655,0.5
80298,0.5
44733,0.5
131584,0.5
160381,0.5
205359,0.5
110899,0.5
82860,0.5
56788,0.5
41039,0.5
248749,0.5
232691,0.5
74773,0.5
204322,0.5
191555,0.5
181413,0.5
211513,0.5
118878,0.5
161126,0.5
107952,0.5
9843,0.5
156946,0.5
176769,0.5
213860,0.5
38244,0.5
188270,0.5
234610,0.5
98178,0.5
211205,0.5
80854,0.5
52345,0.5
68282,0.5
210245,0.5
79491,0.5
63126,0.5
201636,0.5
84667,0.5
172353,0.5
92002,0.5
162629,0.5
206494,0.5
215960,0.5
42742,0.5
212917,0.5
156033,0.5
16814,0.5
96095,0.5
126746,0.5
121625,0.5
206002,0.5
221714,0.5
83279,0.5
111973,0.5
112614,0.5
135665,0.5
69024,0.5
51955,0.5
21136,0.5
159702,0.5
15200,0.5
172724,0.5
241164,0.5
217536,0.5
66559,0.5
15982,0.5
160382,0.5
216782,0.5
125778,0.5
169904,0.5
218704,0.5
76876,0.5
193916,0.5
234491,0.5
238550,0.5
28040,0.5
105803,0.5
38750,0.5
156319,0.5
163671,0.5
170951,0.5
98565,0.5
127269,0.5
117346,0.5
224401,0.5
5194,0.5
179005,0.5
247899,0.5
149499,0.5
27036,0.5
70836,0.5
161427,0.5
218890,0.5
29246,0.5
38925,0.5
3160,0.5
144724,0.5
18793,0.5
225252,0.5
212105,0.5
151235,0.5
120741,0.5
157843,0.5
125592,0.5
108828,0.5
15062,0.5
176415,0.5
18555,0.5
199923,0.5
21646,0.5
83361,0.5
190723,0.5
181319,0.5
130874,0.5
174514,0.5
224845,0.5
153497,0.5
56795,0.5
40392,0.5
129647,0.5
12926,0.5
170140,0.5
172417,0.5
217320,0.5
151941,0.5
191707,0.5
114824,0.5
194104,0.5
154120,0.5
230686,0.5
214344,0.5
174122,0.5
146160,0.5
20456,0.5
213229,0.5
13529,0.5
26733,0.5
145851,0.5
52865,0.5
194545,0.5
236152,0.5
116722,0.5
109891,0.5
241907,0.5
115026,0.5
219925,0.5
79116,0.5
52392,0.5
3462,0.5
21857,0.5
225090,0.5
123152,0.5
130311,0.5
145796,0.5
131686,0.5
130674,0.5
152772,0.5
32555,0.5
192530,0.5
20338,0.5
92547,0.5
74479,0.5
244514,0.5
166114,0.5
192638,0.5
201538,0.5
15014,0.5
240877,0.5
136192,0.5
95491,0.5
98079,0.5
15741,0.5
107980,0.5
11163,0.5
136258,0.5
124367,0.5
149897,0.5
200917,0.5
60030,0.5
123165,0.5
44474,0.5
6143,0.5
141551,0.5
20558,0.5
20059,0.5
162903,0.5
225069,0.5
155619,0.5
13243,0.5
156940,0.5
19269,0.5
211284,0.5
211300,0.5
9161,0.5
128256,0.5
113373,0.5
242660,0.5
244991,0.5
148333,0.5
143456,0.5
164567,0.5
56297,0.5
169220,0.5
39848,0.5
114784,0.5
165910,0.5
102316,0.5
101617,0.5
47280,0.5
223217,0.5
237846,0.5
10256,0.5
199339,0.5
214874,0.5
202338,0.5
239999,0.5
242312,0.5
240817,0.5
167765,0.5
45204,0.5
159961,0.5
120140,0.5
75812,0.5
240875,0.5
133486,0.5
175423,0.5
241093,0.5
48111,0.5
215614,0.5
175977,0.5
230320,0.5
43790,0.5
28835,0.5
203250,0.5
188868,0.5
233094,0.5
187410,0.5
204289,0.5
241815,0.5
171525,0.5
228559,0.5
230760,0.5
43779,0.5
206081,0.5
99282,0.5
187207,0.5
25879,0.5
109159,0.5
53930,0.5
182211,0.5
101094,0.5
205239,0.5
242298,0.5
247636,0.5
206163,0.5
190251,0.5
71071,0.5
230575,0.5
182185,0.5
61348,0.5
195284,0.5
129911,0.5
109068,0.5
120211,0.5
120584,0.5
8147,0.5
222798,0.5
157611,0.5
107468,0.5
1322,0.5
212286,0.5
28607,0.5
50189,0.5
20438,0.5
128791,0.5
111082,0.5
118407,0.5
180399,0.5
123613,0.5
143141,0.5
178324,0.5
87025,0.5
107309,0.5
24948,0.5
130490,0.5
147424,0.5
178110,0.5
201806,0.5
148682,0.5
218770,0.5
227689,0.5
111376,0.5
228350,0.5
211796,0.5
9970,0.5
70307,0.5
167134,0.5
236902,0.5
76403,0.5
155848,0.5
193980,0.5
241997,0.5
104240,0.5
221489,0.5
103318,0.5
52952,0.5
129137,0.5
47158,0.5
217443,0.5
14225,0.5
72467,0.5
243849,0.5
105329,0.5
14498,0.5
224633,0.5
93080,0.5
26867,0.5
117632,0.5
138147,0.5
8061,0.5
95038,0.5
22889,0.5
127702,0.5
130586,0.5
88263,0.5
156397,0.5
187473,0.5
197940,0.5
104737,0.5
178684,0.5
89520,0.5
97756,0.5
120755,0.5
180451,0.5
173497,0.5
20187,0.5
36182,0.5
244040,0.5
101678,0.5
128490,0.5
29156,0.5
24919,0.5
222811,0.5
26987,0.5
21053,0.5
4130,0.5
178434,0.5
96377,0.5
4182,0.5
154442,0.5
235332,0.5
75002,0.5
167663,0.5
56045,0.5
150841,0.5
80228,0.5
215585,0.5
236042,0.5
214109,0.5
100435,0.5
96316,0.5
129212,0.5
231046,0.5
83898,0.5
54078,0.5
178921,0.5
41778,0.5
31534,0.5
222945,0.5
64984,0.5
198345,0.5
40642,0.5
131716,0.5
114857,0.5
19319,0.5
151665,0.5
26058,0.5
61757,0.5
229096,0.5
237755,0.5
216912,0.5
124540,0.5
245373,0.5
60446,0.5
175151,0.5
151795,0.5
193771,0.5
93183,0.5
228623,0.5
86561,0.5
49442,0.5
34562,0.5
7007,0.5
124903,0.5
172653,0.5
10276,0.5
155420,0.5
24171,0.5
125973,0.5
94042,0.5
151835,0.5
214121,0.5
64246,0.5
133599,0.5
200419,0.5
176331,0.5
111726,0.5
53897,0.5
20499,0.5
202402,0.5
107916,0.5
25840,0.5
108260,0.5
198951,0.5
219226,0.5
105282,0.5
237944,0.5
54912,0.5
69047,0.5
244417,0.5
172182,0.5
108718,0.5
108383,0.5
221974,0.5
155376,0.5
150813,0.5
205937,0.5
75521,0.5
200454,0.5
201718,0.5
138177,0.5
65950,0.5
14537,0.5
158303,0.5
106599,0.5
103555,0.5
104358,0.5
29681,0.5
136386,0.5
181985,0.5
189965,0.5
228108,0.5
19958,0.5
212183,0.5
119860,0.5
205832,0.5
190660,0.5
148346,0.5
239952,0.5
90553,0.5
112413,0.5
81731,0.5
176101,0.5
42716,0.5
190188,0.5
57486,0.5
93938,0.5
57196,0.5
223475,0.5
94928,0.5
236789,0.5
134531,0.5
228491,0.5
211278,0.5
123454,0.5
207699,0.5
161455,0.5
242830,0.5
67927,0.5
162489,0.5
112892,0.5
144136,0.5
152604,0.5
236700,0.5
162337,0.5
209219,0.5
44658,0.5
155040,0.5
174758,0.5
164806,0.5
183696,0.5
69721,0.5
107328,0.5
15389,0.5
75968,0.5
166349,0.5
58490,0.5
78904,0.5
156287,0.5
167418,0.5
186290,0.5
182600,0.5
64734,0.5
74401,0.5
109031,0.5
211161,0.5
143565,0.5
79660,0.5
12530,0.5
180280,0.5
246434,0.5
46987,0.5
14110,0.5
120864,0.5
23668,0.5
145001,0.5
168114,0.5
195859,0.5
11825,0.5
148678,0.5
42252,0.5
11079,0.5
154334,0.5
147327,0.5
123857,0.5
74590,0.5
204226,0.5
29402,0.5
121447,0.5
124364,0.5
136663,0.5
53008,0.5
132317,0.5
32728,0.5
249571,0.5
221697,0.5
164141,0.5
134601,0.5
94794,0.5
79061,0.5
224875,0.5
106494,0.5
95993,0.5
103158,0.5
56294,0.5
153080,0.5
213844,0.5
175290,0.5
49909,0.5
214439,0.5
198522,0.5
136557,0.5
226500,0.5
237912,0.5
191427,0.5
13375,0.5
154876,0.5
177435,0.5
82234,0.5
118143,0.5
114536,0.5
216232,0.5
149703,0.5
149784,0.5
85839,0.5
117759,0.5
159723,0.5
164940,0.5
109560,0.5
144525,0.5
195723,0.5
94128,0.5
29415,0.5
72662,0.5
16800,0.5
28094,0.5
231777,0.5
241596,0.5
156487,0.5
238257,0.5
124217,0.5
34920,0.5
91153,0.5
110940,0.5
26523,0.5
227709,0.5
155851,0.5
226052,0.5
143198,0.5
98379,0.5
92556,0.5
17373,0.5
185750,0.5
205696,0.5
157231,0.5
91779,0.5
160458,0.5
35691,0.5
184950,0.5
156507,0.5
88086,0.5
17363,0.5
227014,0.5
238489,0.5
12756,0.5
108259,0.5
44055,0.5
34723,0.5
69136,0.5
134209,0.5
226430,0.5
213800,0.5
64058,0.5
133732,0.5
19923,0.5
101674,0.5
95527,0.5
62449,0.5
2458,0.5
226501,0.5
142939,0.5
69958,0.5
90737,0.5
73907,0.5
133553,0.5
191526,0.5
219438,0.5
124632,0.5
60370,0.5
93963,0.5
217289,0.5
154200,0.5
93332,0.5
95766,0.5
248402,0.5
233818,0.5
168724,0.5
38913,0.5
227486,0.5
108690,0.5
127020,0.5
116254,0.5
88235,0.5
40515,0.5
96290,0.5
175078,0.5
80477,0.5
56787,0.5
56255,0.5
63677,0.5
164250,0.5
27420,0.5
233258,0.5
3393,0.5
212339,0.5
107212,0.5
207480,0.5
32240,0.5
74688,0.5
154472,0.5
70204,0.5
23431,0.5
98537,0.5
190653,0.5
180471,0.5
38366,0.5
100810,0.5
89846,0.5
25398,0.5
227993,0.5
218093,0.5
216640,0.5
150702,0.5
206805,0.5
102947,0.5
244774,0.5
76872,0.5
218782,0.5
105955,0.5
70524,0.5
53740,0.5
97751,0.5
113820,0.5
198253,0.5
246907,0.5
229016,0.5
79144,0.5
75984,0.5
10777,0.5
37643,0.5
163992,0.5
84650,0.5
98701,0.5
141777,0.5
152190,0.5
55037,0.5
143291,0.5
21572,0.5
225075,0.5
242556,0.5
67340,0.5
6612,0.5
155371,0.5
129,0.5
188208,0.5
76116,0.5
129043,0.5
143375,0.5
165932,0.5
226939,0.5
95639,0.5
185707,0.5
224168,0.5
69678,0.5
198310,0.5
19646,0.5
8865,0.5
203547,0.5
213351,0.5
2106,0.5
26134,0.5
164213,0.5
247261,0.5
190585,0.5
90271,0.5
222171,0.5
171569,0.5
143237,0.5
228366,0.5
101561,0.5
12463,0.5
24837,0.5
190748,0.5
163959,0.5
132790,0.5
196640,0.5
129018,0.5
175738,0.5
71105,0.5
67101,0.5
233621,0.5
191469,0.5
42917,0.5
188310,0.5
208196,0.5
103779,0.5
181907,0.5
149023,0.5
185388,0.5
163792,0.5
107295,0.5
64381,0.5
6281,0.5
12998,0.5
224930,0.5
232083,0.5
216198,0.5
136358,0.5
224044,0.5
203243,0.5
111855,0.5
194780,0.5
72343,0.5
95978,0.5
148013,0.5
52143,0.5
110845,0.5
75013,0.5
228759,0.5
79695,0.5
56118,0.5
50157,0.5
229499,0.5
86834,0.5
32712,0.5
164642,0.5
249895,0.5
157552,0.5
129660,0.5
248816,0.5
72727,0.5
141851,0.5
137861,0.5
249062,0.5
217840,0.5
63252,0.5
137602,0.5
222870,0.5
104311,0.5
15168,0.5
123640,0.5
1307,0.5
190482,0.5
191367,0.5
93877,0.5
146110,0.5
114436,0.5
81908,0.5
17813,0.5
226990,0.5
24757,0.5
68442,0.5
63050,0.5
123028,0.5
187007,0.5
82732,0.5
144972,0.5
47276,0.5
166083,0.5
114876,0.5
13809,0.5
81784,0.5
3007,0.5
112039,0.5
153679,0.5
72608,0.5
98152,0.5
25415,0.5
20108,0.5
179628,0.5
133681,0.5
44612,0.5
115347,0.5
49003,0.5
191205,0.5
150910,0.5
210886,0.5
11032,0.5
207177,0.5
236116,0.5
37494,0.5
232329,0.5
168325,0.5
59798,0.5
21244,0.5
191267,0.5
203197,0.5
245423,0.5
91491,0.5
108146,0.5
238457,0.5
87844,0.5
235974,0.5
54553,0.5
131982,0.5
120136,0.5
160559,0.5
105323,0.5
191381,0.5
203863,0.5
233102,0.5
56389,0.5
111642,0.5
22784,0.5
40641,0.5
15844,0.5
73782,0.5
75696,0.5
143966,0.5
98743,0.5
106400,0.5
54190,0.5
203195,0.5
233267,0.5
112948,0.5
82212,0.5
189119,0.5
61780,0.5
155443,0.5
33990,0.5
122563,0.5
219470,0.5
25958,0.5
149672,0.5
129592,0.5
183950,0.5
56323,0.5
130501,0.5
119652,0.5
137665,0.5
220758,0.5
188096,0.5
23246,0.5
202384,0.5
226388,0.5
244135,0.5
145106,0.5
241274,0.5
153134,0.5
144289,0.5
14565,0.5
226776,0.5
211500,0.5
243819,0.5
73836,0.5
193978,0.5
216378,0.5
220168,0.5
109205,0.5
190537,0.5
220335,0.5
219327,0.5
234005,0.5
183863,0.5
109535,0.5
76728,0.5
32668,0.5
39051,0.5
31663,0.5
67061,0.5
181170,0.5
229357,0.5
58158,0.5
239904,0.5
142400,0.5
125508,0.5
126205,0.5
93755,0.5
197917,0.5
248713,0.5
85256,0.5
84095,0.5
24893,0.5
173383,0.5
42083,0.5
244756,0.5
56956,0.5
52388,0.5
73763,0.5
3675,0.5
249692,0.5
82647,0.5
36435,0.5
20474,0.5
147456,0.5
202237,0.5
201503,0.5
21879,0.5
26466,0.5
70100,0.5
148652,0.5
169222,0.5
106965,0.5
122788,0.5
73910,0.5
148440,0.5
60178,0.5
98425,0.5
49443,0.5
105346,0.5
4536,0.5
31879,0.5
93413,0.5
13560,0.5
39799,0.5
35957,0.5
186739,0.5
195748,0.5
120283,0.5
115234,0.5
1176,0.5
193633,0.5
155399,0.5
196094,0.5
55557,0.5
17598,0.5
179659,0.5
147279,0.5
43990,0.5
157964,0.5
26660,0.5
233564,0.5
159419,0.5
241051,0.5
111036,0.5
99659,0.5
245661,0.5
2721,0.5
57720,0.5
118072,0.5
42187,0.5
858,0.5
130116,0.5
241941,0.5
213241,0.5
59144,0.5
14549,0.5
141055,0.5
49624,0.5
205004,0.5
59276,0.5
118895,0.5
71797,0.5
124282,0.5
5241,0.5
209822,0.5
44821,0.5
146959,0.5
237648,0.5
109322,0.5
80786,0.5
54145,0.5
214258,0.5
75148,0.5
138500,0.5
116426,0.5
124547,0.5
155342,0.5
71730,0.5
76031,0.5
188548,0.5
180250,0.5
85827,0.5
42721,0.5
104175,0.5
61916,0.5
79832,0.5
145385,0.5
241847,0.5
71149,0.5
157150,0.5
15469,0.5
143298,0.5
186368,0.5
32846,0.5
175134,0.5
128859,0.5
174990,0.5
233687,0.5
11153,0.5
4044,0.5
4853,0.5
124884,0.5
115656,0.5
37942,0.5
34940,0.5
95514,0.5
174036,0.5
125002,0.5
83242,0.5
146752,0.5
248738,0.5
221848,0.5
206552,0.5
188079,0.5
167370,0.5
70033,0.5
93252,0.5
162206,0.5
142011,0.5
234640,0.5
49973,0.5
153956,0.5
124688,0.5
104917,0.5
60977,0.5
216147,0.5
23785,0.5
227703,0.5
146698,0.5
101245,0.5
123500,0.5
28637,0.5
164860,0.5
138074,0.5
75080,0.5
8643,0.5
141910,0.5
75754,0.5
75422,0.5
12789,0.5
115366,0.5
132742,0.5
68375,0.5
237259,0.5
56270,0.5
29816,0.5
103486,0.5
224416,0.5
219627,0.5
175201,0.5
57868,0.5
32598,0.5
247131,0.5
120010,0.5
30085,0.5
115487,0.5
246457,0.5
227406,0.5
240274,0.5
101484,0.5
90629,0.5
243175,0.5
86083,0.5
124268,0.5
83482,0.5
160363,0.5
48765,0.5
44056,0.5
15365,0.5
231463,0.5
186985,0.5
97526,0.5
35952,0.5
113733,0.5
101833,0.5
74858,0.5
48666,0.5
161538,0.5
245814,0.5
223697,0.5
73875,0.5
126774,0.5
99499,0.5
25576,0.5
200778,0.5
237891,0.5
153624,0.5
109239,0.5
63467,0.5
211002,0.5
225616,0.5
120597,0.5
92528,0.5
198848,0.5
164209,0.5
144161,0.5
186272,0.5
129645,0.5
21272,0.5
110905,0.5
169928,0.5
150314,0.5
75457,0.5
159064,0.5
176168,0.5
80965,0.5
3305,0.5
16405,0.5
44747,0.5
203857,0.5
237707,0.5
225148,0.5
235577,0.5
215156,0.5
159396,0.5
115547,0.5
128453,0.5
82323,0.5
125171,0.5
189555,0.5
201322,0.5
165615,0.5
121148,0.5
53294,0.5
63005,0.5
66318,0.5
211987,0.5
217309,0.5
15969,0.5
179228,0.5
150043,0.5
233808,0.5
102038,0.5
70338,0.5
24940,0.5
36860,0.5
144315,0.5
110284,0.5
2431,0.5
187066,0.5
232665,0.5
23599,0.5
168605,0.5
89048,0.5
25847,0.5
46346,0.5
186126,0.5
157111,0.5
190480,0.5
117221,0.5
208431,0.5
209520,0.5
111673,0.5
150646,0.5
210889,0.5
181653,0.5
137220,0.5
228875,0.5
121585,0.5
8396,0.5
73003,0.5
221096,0.5
96409,0.5
244268,0.5
59681,0.5
167399,0.5
153463,0.5
72218,0.5
175698,0.5
217932,0.5
97322,0.5
221232,0.5
110503,0.5
118774,0.5
1140,0.5
44768,0.5
91971,0.5
181327,0.5
78706,0.5
145092,0.5
28587,0.5
219036,0.5
84536,0.5
29892,0.5
242779,0.5
205697,0.5
216938,0.5
33013,0.5
101581,0.5
212693,0.5
156219,0.5
126174,0.5
38416,0.5
59487,0.5
52240,0.5
245,0.5
167052,0.5
74528,0.5
69695,0.5
37847,0.5
28612,0.5
177653,0.5
239802,0.5
106510,0.5
219086,0.5
70511,0.5
115291,0.5
233542,0.5
86878,0.5
73194,0.5
68453,0.5
247116,0.5
129395,0.5
31362,0.5
26794,0.5
153729,0.5
62285,0.5
145981,0.5
232618,0.5
203068,0.5
179721,0.5
15057,0.5
102510,0.5
249173,0.5
155700,0.5
203751,0.5
155730,0.5
140393,0.5
56940,0.5
50772,0.5
228210,0.5
24722,0.5
216989,0.5
73675,0.5
191360,0.5
215630,0.5
70181,0.5
154077,0.5
85273,0.5
98657,0.5
184182,0.5
141666,0.5
154958,0.5
67392,0.5
179797,0.5
131697,0.5
32859,0.5
158781,0.5
177752,0.5
102160,0.5
104897,0.5
172823,0.5
69899,0.5
237506,0.5
5981,0.5
16972,0.5
103297,0.5
4190,0.5
64851,0.5
206135,0.5
165948,0.5
96569,0.5
199088,0.5
88381,0.5
5297,0.5
97594,0.5
162477,0.5
62961,0.5
154091,0.5
74734,0.5
230599,0.5
95807,0.5
18449,0.5
155544,0.5
50404,0.5
220132,0.5
228373,0.5
119212,0.5
231645,0.5
201540,0.5
203021,0.5
192853,0.5
211837,0.5
137799,0.5
206832,0.5
214073,0.5
49417,0.5
43488,0.5
207596,0.5
11009,0.5
27633,0.5
238557,0.5
1688,0.5
145617,0.5
81710,0.5
89131,0.5
4347,0.5
220732,0.5
221674,0.5
167270,0.5
189102,0.5
100094,0.5
234667,0.5
191772,0.5
184416,0.5
221582,0.5
192706,0.5
74403,0.5
490,0.5
15223,0.5
10519,0.5
160147,0.5
45359,0.5
80401,0.5
74786,0.5
1362,0.5
98578,0.5
245833,0.5
176783,0.5
49756,0.5
93464,0.5
36295,0.5
191311,0.5
118741,0.5
99762,0.5
162788,0.5
57957,0.5
85715,0.5
7259,0.5
11795,0.5
6098,0.5
235414,0.5
7868,0.5
70753,0.5
76095,0.5
53318,0.5
231287,0.5
108419,0.5
92231,0.5
103691,0.5
209070,0.5
209086,0.5
9252,0.5
229099,0.5
189887,0.5
2568,0.5
155649,0.5
171296,0.5
142686,0.5
94159,0.5
14926,0.5
119543,0.5
37037,0.5
177702,0.5
61566,0.5
191674,0.5
222827,0.5
245877,0.5
78570,0.5
138792,0.5
225224,0.5
40444,0.5
208475,0.5
131639,0.5
31426,0.5
181352,0.5
195667,0.5
73298,0.5
215702,0.5
195062,0.5
175468,0.5
49610,0.5
18946,0.5
200973,0.5
133913,0.5
74272,0.5
245698,0.5
160950,0.5
143636,0.5
119204,0.5
63515,0.5
232448,0.5
210606,0.5
148886,0.5
126503,0.5
161010,0.5
76662,0.5
29267,0.5
94365,0.5
246193,0.5
129288,0.5
83691,0.5
71896,0.5
189383,0.5
62219,0.5
124697,0.5
54596,0.5
171039,0.5
26595,0.5
88308,0.5
78190,0.5
72333,0.5
199735,0.5
133134,0.5
107166,0.5
139139,0.5
150834,0.5
171101,0.5
2366,0.5
117136,0.5
84848,0.5
41011,0.5
134814,0.5
32672,0.5
174301,0.5
70705,0.5
135928,0.5
149322,0.5
37064,0.5
42238,0.5
144302,0.5
4433,0.5
77769,0.5
194417,0.5
168227,0.5
219146,0.5
76644,0.5
191045,0.5
87278,0.5
131062,0.5
130324,0.5
98193,0.5
82777,0.5
77881,0.5
157449,0.5
145639,0.5
189693,0.5
49737,0.5
202634,0.5
31502,0.5
117767,0.5
113451,0.5
233748,0.5
19117,0.5
177072,0.5
196212,0.5
139079,0.5
168156,0.5
152047,0.5
3964,0.5
22309,0.5
201049,0.5
21350,0.5
112003,0.5
208249,0.5
140163,0.5
226174,0.5
108810,0.5
143647,0.5
200353,0.5
29463,0.5
61890,0.5
156299,0.5
145934,0.5
45049,0.5
128828,0.5
150315,0.5
176504,0.5
71572,0.5
46319,0.5
72112,0.5
143040,0.5
164562,0.5
33471,0.5
222000,0.5
94723,0.5
76596,0.5
177229,0.5
212965,0.5
192397,0.5
120369,0.5
78770,0.5
77693,0.5
111863,0.5
54661,0.5
126437,0.5
63533,0.5
58150,0.5
71728,0.5
135636,0.5
223924,0.5
132505,0.5
38058,0.5
152596,0.5
63068,0.5
159916,0.5
833,0.5
27469,0.5
112270,0.5
81487,0.5
123839,0.5
94191,0.5
127448,0.5
66380,0.5
3439,0.5
211848,0.5
146234,0.5
220339,0.5
195514,0.5
65441,0.5
76296,0.5
155459,0.5
203679,0.5
15414,0.5
237030,0.5
203316,0.5
171437,0.5
245791,0.5
64923,0.5
129493,0.5
236302,0.5
103926,0.5
208297,0.5
199655,0.5
44094,0.5
236986,0.5
221681,0.5
231264,0.5
41121,0.5
45974,0.5
20053,0.5
45343,0.5
116338,0.5
170547,0.5
165612,0.5
99220,0.5
100651,0.5
206307,0.5
175712,0.5
70806,0.5
61277,0.5
26124,0.5
235703,0.5
199075,0.5
196283,0.5
215009,0.5
185358,0.5
234881,0.5
166295,0.5
80837,0.5
102637,0.5
8923,0.5
27295,0.5
16307,0.5
225300,0.5
156131,0.5
164653,0.5
172696,0.5
238561,0.5
154407,0.5
58289,0.5
28589,0.5
218118,0.5
56041,0.5
110428,0.5
242709,0.5
72332,0.5
60398,0.5
11304,0.5
126615,0.5
101197,0.5
168121,0.5
219868,0.5
41942,0.5
196745,0.5
130167,0.5
14685,0.5
1128,0.5
247299,0.5
78474,0.5
121833,0.5
81881,0.5
54680,0.5
76780,0.5
63697,0.5
85434,0.5
5671,0.5
244505,0.5
3612,0.5
45258,0.5
58476,0.5
188182,0.5
98601,0.5
238267,0.5
149398,0.5
188672,0.5
69,0.5
37412,0.5
24649,0.5
21848,0.5
221381,0.5
137177,0.5
195610,0.5
166488,0.5
216070,0.5
190558,0.5
164644,0.5
155895,0.5
46674,0.5
108467,0.5
58917,0.5
88627,0.5
143136,0.5
244434,0.5
179593,0.5
102341,0.5
63130,0.5
126367,0.5
86119,0.5
244606,0.5
113477,0.5
97092,0.5
185030,0.5
40570,0.5
214386,0.5
59890,0.5
147261,0.5
239970,0.5
218275,0.5
121176,0.5
60437,0.5
208810,0.5
195808,0.5
1942,0.5
242851,0.5
179910,0.5
13887,0.5
65008,0.5
241631,0.5
11985,0.5
114658,0.5
166199,0.5
181824,0.5
22458,0.5
150134,0.5
182963,0.5
212852,0.5
239133,0.5
209924,0.5
212364,0.5
223344,0.5
189824,0.5
32950,0.5
98922,0.5
10838,0.5
139802,0.5
70515,0.5
90643,0.5
142274,0.5
78637,0.5
172940,0.5
234925,0.5
105784,0.5
32962,0.5
89386,0.5
219101,0.5
218856,0.5
12715,0.5
155007,0.5
186672,0.5
67154,0.5
51015,0.5
176487,0.5
39569,0.5
227656,0.5
232355,0.5
53672,0.5
117852,0.5
139253,0.5
116734,0.5
89438,0.5
130974,0.5
8697,0.5
185141,0.5
92015,0.5
150642,0.5
101779,0.5
224636,0.5
183429,0.5
133940,0.5
26219,0.5
65862,0.5
135409,0.5
19381,0.5
56302,0.5
115727,0.5
248415,0.5
11541,0.5
49397,0.5
129133,0.5
185940,0.5
160835,0.5
140195,0.5
186015,0.5
123763,0.5
108767,0.5
121370,0.5
79299,0.5
195372,0.5
58654,0.5
192060,0.5
9238,0.5
118697,0.5
148258,0.5
73277,0.5
248133,0.5
242084,0.5
154748,0.5
125140,0.5
5451,0.5
70493,0.5
82533,0.5
108054,0.5
151596,0.5
218920,0.5
7544,0.5
38343,0.5
58206,0.5
151068,0.5
19963,0.5
235910,0.5
146665,0.5
88981,0.5
208517,0.5
21940,0.5
116620,0.5
111655,0.5
186705,0.5
179547,0.5
86092,0.5
114003,0.5
249871,0.5
131615,0.5
154971,0.5
24861,0.5
76934,0.5
247547,0.5
83182,0.5
202971,0.5
85774,0.5
201799,0.5
189664,0.5
200705,0.5
145400,0.5
113408,0.5
21097,0.5
19828,0.5
185181,0.5
78681,0.5
154276,0.5
77480,0.5
138558,0.5
107251,0.5
84268,0.5
13508,0.5
130232,0.5
207678,0.5
216082,0.5
62277,0.5
55802,0.5
95434,0.5
224419,0.5
37265,0.5
7110,0.5
249297,0.5
28743,0.5
34194,0.5
181015,0.5
184390,0.5
38241,0.5
231659,0.5
183971,0.5
186837,0.5
148311,0.5
31370,0.5
16374,0.5
93778,0.5
100734,0.5
84939,0.5
47121,0.5
165876,0.5
60026,0.5
154948,0.5
117585,0.5
5199,0.5
52616,0.5
117911,0.5
187046,0.5
82192,0.5
91135,0.5
96010,0.5
46516,0.5
56998,0.5
179594,0.5
110582,0.5
116757,0.5
34794,0.5
149584,0.5
232465,0.5
66762,0.5
153948,0.5
195261,0.5
203929,0.5
220734,0.5
195238,0.5
3898,0.5
200507,0.5
52367,0.5
203285,0.5
227826,0.5
26823,0.5
31430,0.5
173428,0.5
29959,0.5
11579,0.5
137193,0.5
212066,0.5
239513,0.5
223869,0.5
111670,0.5
162990,0.5
244760,0.5
187590,0.5
58384,0.5
51929,0.5
241914,0.5
82496,0.5
35625,0.5
243615,0.5
236124,0.5
35800,0.5
82731,0.5
109713,0.5
92985,0.5
91000,0.5
33644,0.5
76437,0.5
198540,0.5
136195,0.5
58484,0.5
165207,0.5
87472,0.5
218439,0.5
87139,0.5
37014,0.5
242047,0.5
50548,0.5
27866,0.5
206744,0.5
50636,0.5
121503,0.5
60665,0.5
186597,0.5
158279,0.5
246990,0.5
130138,0.5
46926,0.5
159988,0.5
229314,0.5
195197,0.5
69729,0.5
86387,0.5
88934,0.5
22504,0.5
75749,0.5
242478,0.5
136052,0.5
130969,0.5
127822,0.5
107584,0.5
248185,0.5
84704,0.5
235192,0.5
46440,0.5
73987,0.5
83348,0.5
76453,0.5
177513,0.5
97730,0.5
206520,0.5
14322,0.5
178799,0.5
194959,0.5
53171,0.5
206675,0.5
221919,0.5
6550,0.5
62988,0.5
124940,0.5
188416,0.5
190458,0.5
89409,0.5
152448,0.5
38651,0.5
46627,0.5
59727,0.5
168045,0.5
49903,0.5
215571,0.5
174631,0.5
70398,0.5
107222,0.5
99838,0.5
224070,0.5
111733,0.5
147352,0.5
134492,0.5
244539,0.5
188275,0.5
187888,0.5
180735,0.5
16934,0.5
205052,0.5
198071,0.5
65945,0.5
106519,0.5
186171,0.5
67719,0.5
187248,0.5
236190,0.5
232537,0.5
109468,0.5
226371,0.5
231403,0.5
77641,0.5
17672,0.5
33001,0.5
145095,0.5
42137,0.5
225116,0.5
20413,0.5
130430,0.5
178297,0.5
97775,0.5
97716,0.5
64774,0.5
71240,0.5
230334,0.5
142364,0.5
91990,0.5
67153,0.5
58906,0.5
114141,0.5
200469,0.5
242817,0.5
45267,0.5
5128,0.5
104924,0.5
152508,0.5
77341,0.5
80548,0.5
235050,0.5
125352,0.5
67484,0.5
39279,0.5
158861,0.5
29646,0.5
168384,0.5
75466,0.5
112085,0.5
104988,0.5
11160,0.5
146388,0.5
88698,0.5
39976,0.5
75847,0.5
238933,0.5
92661,0.5
248030,0.5
208023,0.5
238485,0.5
62108,0.5
231738,0.5
55991,0.5
227218,0.5
26692,0.5
15161,0.5
200479,0.5
227659,0.5
47715,0.5
76205,0.5
17179,0.5
167572,0.5
44038,0.5
200472,0.5
228170,0.5
233877,0.5
188878,0.5
34635,0.5
186093,0.5
180274,0.5
107350,0.5
13,0.5
216251,0.5
129739,0.5
168442,0.5
242500,0.5
186996,0.5
84886,0.5
185142,0.5
3862,0.5
4445,0.5
116937,0.5
213430,0.5
47289,0.5
21584,0.5
186663,0.5
82227,0.5
166310,0.5
83414,0.5
30129,0.5
26935,0.5
29612,0.5
241001,0.5
85269,0.5
6818,0.5
166257,0.5
229523,0.5
123056,0.5
161817,0.5
81231,0.5
151117,0.5
129747,0.5
123960,0.5
75788,0.5
248797,0.5
173021,0.5
107773,0.5
236182,0.5
198681,0.5
151113,0.5
164401,0.5
248167,0.5
183727,0.5
151781,0.5
176821,0.5
12646,0.5
225473,0.5
37624,0.5
168300,0.5
232810,0.5
224693,0.5
146144,0.5
14559,0.5
95318,0.5
108337,0.5
168608,0.5
171254,0.5
238924,0.5
193743,0.5
83586,0.5
175713,0.5
25979,0.5
32086,0.5
114453,0.5
99496,0.5
77905,0.5
197998,0.5
57006,0.5
104353,0.5
45029,0.5
185519,0.5
109683,0.5
6410,0.5
94636,0.5
9900,0.5
26038,0.5
131864,0.5
4834,0.5
124383,0.5
161373,0.5
246109,0.5
107198,0.5
14103,0.5
63033,0.5
167032,0.5
48466,0.5
217392,0.5
16691,0.5
183390,0.5
99964,0.5
170600,0.5
35454,0.5
167917,0.5
222417,0.5
9583,0.5
1875,0.5
83213,0.5
242970,0.5
78139,0.5
122679,0.5
87011,0.5
67828,0.5
216837,0.5
39895,0.5
176390,0.5
5142,0.5
93308,0.5
193439,0.5
120056,0.5
208143,0.5
191545,0.5
240396,0.5
26343,0.5
195793,0.5
58973,0.5
245168,0.5
206318,0.5
116699,0.5
80707,0.5
75426,0.5
126443,0.5
17386,0.5
82501,0.5
127217,0.5
19143,0.5
21992,0.5
73213,0.5
91383,0.5
199288,0.5
161599,0.5
154468,0.5
128841,0.5
218747,0.5
233529,0.5
206155,0.5
105742,0.5
111306,0.5
149349,0.5
34856,0.5
80254,0.5
93172,0.5
138651,0.5
184206,0.5
37324,0.5
234532,0.5
64544,0.5
98527,0.5
197419,0.5
91368,0.5
242659,0.5
196890,0.5
173950,0.5
131952,0.5
161030,0.5
39119,0.5
69101,0.5
124091,0.5
154028,0.5
120311,0.5
224969,0.5
192362,0.5
235781,0.5
202597,0.5
77267,0.5
47361,0.5
242293,0.5
108441,0.5
152528,0.5
51814,0.5
30969,0.5
53082,0.5
77604,0.5
28415,0.5
216453,0.5
165451,0.5
165608,0.5
142033,0.5
206976,0.5
108682,0.5
101163,0.5
209640,0.5
197797,0.5
188231,0.5
62483,0.5
215032,0.5
85136,0.5
186120,0.5
236776,0.5
10853,0.5
71660,0.5
20374,0.5
3697,0.5
86677,0.5
208750,0.5
33206,0.5
216605,0.5
65601,0.5
47205,0.5
13292,0.5
231368,0.5
204304,0.5
176047,0.5
52298,0.5
135812,0.5
134810,0.5
46721,0.5
105846,0.5
232014,0.5
88841,0.5
81526,0.5
174718,0.5
119046,0.5
156748,0.5
120931,0.5
242181,0.5
179756,0.5
28063,0.5
153781,0.5
191000,0.5
161711,0.5
196842,0.5
191415,0.5
130630,0.5
110373,0.5
53117,0.5
9875,0.5
201094,0.5
133314,0.5
51537,0.5
157163,0.5
87636,0.5
110361,0.5
151385,0.5
219078,0.5
142550,0.5
177451,0.5
45732,0.5
112672,0.5
79241,0.5
16204,0.5
66369,0.5
18493,0.5
163741,0.5
235234,0.5
152198,0.5
75257,0.5
46944,0.5
33879,0.5
24822,0.5
77162,0.5
10045,0.5
206621,0.5
9621,0.5
80543,0.5
249165,0.5
93983,0.5
123944,0.5
109850,0.5
228122,0.5
23267,0.5
77451,0.5
36145,0.5
4555,0.5
218683,0.5
10562,0.5
203581,0.5
218575,0.5
59382,0.5
140206,0.5
183575,0.5
232203,0.5
179620,0.5
153740,0.5
133885,0.5
4832,0.5
208620,0.5
211914,0.5
153714,0.5
224332,0.5
248044,0.5
183115,0.5
146151,0.5
142371,0.5
213856,0.5
142260,0.5
193498,0.5
214603,0.5
106168,0.5
223051,0.5
167364,0.5
29118,0.5
134496,0.5
94308,0.5
169777,0.5
56671,0.5
249283,0.5
80106,0.5
125692,0.5
88588,0.5
234658,0.5
101524,0.5
178510,0.5
118842,0.5
30570,0.5
215238,0.5
63043,0.5
92785,0.5
144656,0.5
240147,0.5
235007,0.5
184249,0.5
69223,0.5
70256,0.5
109043,0.5
174540,0.5
164232,0.5
174325,0.5
218013,0.5
28214,0.5
45926,0.5
225084,0.5
102674,0.5
48521,0.5
182234,0.5
7620,0.5
15360,0.5
93276,0.5
51363,0.5
231627,0.5
165990,0.5
100656,0.5
237818,0.5
26217,0.5
117669,0.5
102757,0.5
149049,0.5
184923,0.5
74892,0.5
159466,0.5
88334,0.5
174579,0.5
94754,0.5
50806,0.5
209238,0.5
153874,0.5
84381,0.5
197111,0.5
202486,0.5
202565,0.5
44226,0.5
246959,0.5
162650,0.5
118085,0.5
160483,0.5
189544,0.5
53650,0.5
78236,0.5
34678,0.5
247324,0.5
98741,0.5
117775,0.5
57917,0.5
17807,0.5
226703,0.5
234266,0.5
241350,0.5
50609,0.5
67106,0.5
88854,0.5
183700,0.5
83729,0.5
241072,0.5
181144,0.5
70490,0.5
141603,0.5
192301,0.5
38695,0.5
51497,0.5
10505,0.5
206932,0.5
59503,0.5
164343,0.5
228199,0.5
46948,0.5
61221,0.5
149253,0.5
203633,0.5
46794,0.5
243264,0.5
183908,0.5
164522,0.5
205610,0.5
242914,0.5
187406,0.5
65789,0.5
64731,0.5
78926,0.5
55132,0.5
209327,0.5
177033,0.5
45673,0.5
117336,0.5
126118,0.5
184112,0.5
154528,0.5
152652,0.5
239047,0.5
78621,0.5
84858,0.5
123431,0.5
240778,0.5
125855,0.5
137289,0.5
10409,0.5
219956,0.5
195807,0.5
143033,0.5
234973,0.5
78091,0.5
181161,0.5
199407,0.5
12065,0.5
81352,0.5
237171,0.5
151773,0.5
238062,0.5
66794,0.5
173032,0.5
220221,0.5
112180,0.5
204709,0.5
176151,0.5
41992,0.5
16756,0.5
60378,0.5
71169,0.5
218665,0.5
109325,0.5
144541,0.5
43851,0.5
58723,0.5
106586,0.5
178075,0.5
126658,0.5
63959,0.5
224876,0.5
79673,0.5
155001,0.5
14160,0.5
217763,0.5
169110,0.5
6659,0.5
87216,0.5
159289,0.5
116154,0.5
2659,0.5
230380,0.5
221423,0.5
21846,0.5
132489,0.5
2494,0.5
198103,0.5
112501,0.5
13242,0.5
179869,0.5
188952,0.5
139828,0.5
64627,0.5
55617,0.5
111410,0.5
248651,0.5
96068,0.5
150406,0.5
205966,0.5
104117,0.5
7692,0.5
4240,0.5
54836,0.5
139202,0.5
149234,0.5
49989,0.5
209452,0.5
129348,0.5
212388,0.5
190880,0.5
26224,0.5
232558,0.5
126804,0.5
74357,0.5
81297,0.5
20903,0.5
168165,0.5
35738,0.5
38115,0.5
52817,0.5
140473,0.5
73230,0.5
180697,0.5
180646,0.5
73260,0.5
154560,0.5
178743,0.5
206884,0.5
223609,0.5
248487,0.5
157571,0.5
221263,0.5
39385,0.5
21924,0.5
241402,0.5
189312,0.5
200615,0.5
84654,0.5
187305,0.5
234264,0.5
184233,0.5
54357,0.5
6290,0.5
96918,0.5
207459,0.5
200115,0.5
154846,0.5
190033,0.5
39732,0.5
145483,0.5
61650,0.5
79844,0.5
186259,0.5
99262,0.5
201616,0.5
140245,0.5
233279,0.5
155113,0.5
152520,0.5
191418,0.5
232303,0.5
110367,0.5
48295,0.5
153251,0.5
180145,0.5
153017,0.5
210008,0.5
173770,0.5
29041,0.5
209690,0.5
170751,0.5
96629,0.5
97789,0.5
178909,0.5
242347,0.5
66157,0.5
200645,0.5
10834,0.5
57376,0.5
1854,0.5
240419,0.5
125590,0.5
128414,0.5
158722,0.5
210802,0.5
52016,0.5
7298,0.5
21144,0.5
173396,0.5
56483,0.5
3291,0.5
31495,0.5
101835,0.5
23815,0.5
95959,0.5
82146,0.5
207096,0.5
127360,0.5
140098,0.5
117218,0.5
97560,0.5
184541,0.5
28065,0.5
111620,0.5
203595,0.5
104661,0.5
129637,0.5
202774,0.5
230884,0.5
214402,0.5
189646,0.5
198563,0.5
88060,0.5
124119,0.5
121828,0.5
476,0.5
33567,0.5
88724,0.5
155106,0.5
215893,0.5
162551,0.5
77360,0.5
83294,0.5
123394,0.5
130699,0.5
107348,0.5
167025,0.5
12887,0.5
130357,0.5
151895,0.5
20206,0.5
106571,0.5
40551,0.5
196281,0.5
10594,0.5
6064,0.5
179256,0.5
161617,0.5
150117,0.5
24493,0.5
237513,0.5
108453,0.5
58324,0.5
52846,0.5
22345,0.5
25275,0.5
15606,0.5
45157,0.5
3820,0.5
205887,0.5
49027,0.5
186469,0.5
209318,0.5
219577,0.5
238163,0.5
45797,0.5
70629,0.5
10319,0.5
21881,0.5
8813,0.5
147133,0.5
237813,0.5
48922,0.5
174247,0.5
218627,0.5
229712,0.5
81146,0.5
172486,0.5
140335,0.5
366,0.5
222339,0.5
149452,0.5
221052,0.5
167867,0.5
236740,0.5
116284,0.5
194819,0.5
236599,0.5
49135,0.5
229876,0.5
165993,0.5
104131,0.5
229942,0.5
89379,0.5
240039,0.5
151707,0.5
228291,0.5
20303,0.5
174768,0.5
104328,0.5
20354,0.5
80214,0.5
39165,0.5
114016,0.5
116561,0.5
23088,0.5
178287,0.5
199180,0.5
7883,0.5
239782,0.5
125919,0.5
28900,0.5
70125,0.5
213314,0.5
163071,0.5
17401,0.5
189027,0.5
171276,0.5
224873,0.5
80672,0.5
216541,0.5
243840,0.5
203565,0.5
58825,0.5
56925,0.5
57206,0.5
158065,0.5
204295,0.5
4155,0.5
4427,0.5
146846,0.5
84721,0.5
60800,0.5
215766,0.5
167567,0.5
124717,0.5
116416,0.5
186962,0.5
77,0.5
120828,0.5
132808,0.5
212166,0.5
27839,0.5
116402,0.5
187887,0.5
244584,0.5
172367,0.5
10927,0.5
205074,0.5
50891,0.5
79347,0.5
236340,0.5
44808,0.5
42850,0.5
29557,0.5
163257,0.5
228991,0.5
59023,0.5
38942,0.5
54077,0.5
118600,0.5
161917,0.5
79777,0.5
64229,0.5
120464,0.5
71845,0.5
62319,0.5
161702,0.5
80527,0.5
124850,0.5
50578,0.5
169920,0.5
51801,0.5
188484,0.5
1754,0.5
68586,0.5
53826,0.5
100904,0.5
213149,0.5
144757,0.5
90820,0.5
44804,0.5
63289,0.5
35947,0.5
176145,0.5
119243,0.5
230851,0.5
58012,0.5
56533,0.5
190786,0.5
81472,0.5
229610,0.5
31761,0.5
57132,0.5
40221,0.5
72371,0.5
156805,0.5
89578,0.5
185479,0.5
24187,0.5
239681,0.5
147151,0.5
866,0.5
92135,0.5
72772,0.5
247013,0.5
91241,0.5
75492,0.5
1239,0.5
226343,0.5
246726,0.5
225293,0.5
127667,0.5
121860,0.5
152323,0.5
122917,0.5
208717,0.5
99956,0.5
25798,0.5
248150,0.5
135321,0.5
8577,0.5
174636,0.5
144831,0.5
118148,0.5
137876,0.5
235691,0.5
43619,0.5
211864,0.5
9936,0.5
214019,0.5
115517,0.5
137849,0.5
230868,0.5
226249,0.5
204925,0.5
20258,0.5
173010,0.5
242113,0.5
150715,0.5
156752,0.5
23559,0.5
3437,0.5
47796,0.5
90528,0.5
247745,0.5
12896,0.5
98387,0.5
204626,0.5
124128,0.5
140860,0.5
223073,0.5
115133,0.5
61326,0.5
54568,0.5
44235,0.5
57045,0.5
98544,0.5
60767,0.5
205313,0.5
146279,0.5
229593,0.5
160348,0.5
210709,0.5
35052,0.5
240295,0.5
35748,0.5
69370,0.5
235459,0.5
67159,0.5
15480,0.5
195009,0.5
187420,0.5
43103,0.5
105384,0.5
73986,0.5
85904,0.5
4386,0.5
198660,0.5
89192,0.5
1935,0.5
125698,0.5
203881,0.5
25453,0.5
164634,0.5
197371,0.5
182474,0.5
2102,0.5
133798,0.5
94021,0.5
25920,0.5
137599,0.5
82652,0.5
233631,0.5
231822,0.5
135447,0.5
221793,0.5
164605,0.5
20722,0.5
207088,0.5
209609,0.5
127696,0.5
45174,0.5
163154,0.5
31483,0.5
75312,0.5
122287,0.5
41692,0.5
164604,0.5
116702,0.5
159672,0.5
185168,0.5
212252,0.5
67191,0.5
30985,0.5
70217,0.5
243032,0.5
135915,0.5
70610,0.5
86243,0.5
170857,0.5
58859,0.5
204263,0.5
121262,0.5
140878,0.5
37838,0.5
216323,0.5
223521,0.5
88920,0.5
38994,0.5
21912,0.5
206829,0.5
97563,0.5
182864,0.5
183566,0.5
137453,0.5
68873,0.5
213640,0.5
195283,0.5
162228,0.5
21870,0.5
102763,0.5
229257,0.5
109559,0.5
25403,0.5
123242,0.5
221258,0.5
115766,0.5
95147,0.5
214049,0.5
5973,0.5
20015,0.5
129576,0.5
171109,0.5
168721,0.5
52861,0.5
230554,0.5
118110,0.5
142002,0.5
859,0.5
61421,0.5
131846,0.5
168458,0.5
27800,0.5
92419,0.5
93589,0.5
178340,0.5
3976,0.5
224231,0.5
236713,0.5
214675,0.5
73871,0.5
10762,0.5
84825,0.5
85277,0.5
206125,0.5
168860,0.5
139926,0.5
32941,0.5
92388,0.5
110254,0.5
215751,0.5
183235,0.5
94072,0.5
101407,0.5
70858,0.5
43300,0.5
50097,0.5
148433,0.5
184786,0.5
102492,0.5
86755,0.5
204080,0.5
149121,0.5
22898,0.5
20951,0.5
6917,0.5
125206,0.5
151871,0.5
64697,0.5
46008,0.5
138982,0.5
149508,0.5
191227,0.5
208044,0.5
102613,0.5
225457,0.5
75230,0.5
136889,0.5
159810,0.5
144186,0.5
120879,0.5
42509,0.5
204366,0.5
120196,0.5
116760,0.5
41974,0.5
177474,0.5
55311,0.5
51345,0.5
139062,0.5
130387,0.5
226560,0.5
211688,0.5
213136,0.5
246595,0.5
191695,0.5
249745,0.5
209740,0.5
98933,0.5
242375,0.5
25348,0.5
236164,0.5
34221,0.5
30025,0.5
46900,0.5
36801,0.5
171086,0.5
63265,0.5
159879,0.5
80537,0.5
183198,0.5
74822,0.5
164273,0.5
112942,0.5
198115,0.5
115767,0.5
81200,0.5
187498,0.5
103707,0.5
165870,0.5
125804,0.5
48160,0.5
208941,0.5
86875,0.5
125759,0.5
202759,0.5
189591,0.5
11102,0.5
28959,0.5
48405,0.5
28692,0.5
189943,0.5
170494,0.5
112006,0.5
19433,0.5
200275,0.5
151023,0.5
109909,0.5
27053,0.5
123066,0.5
146583,0.5
58831,0.5
12263,0.5
150794,0.5
238985,0.5
58750,0.5
9345,0.5
171075,0.5
53339,0.5
24954,0.5
222372,0.5
149961,0.5
158443,0.5
10835,0.5
52852,0.5
16335,0.5
93309,0.5
97120,0.5
2241,0.5
161731,0.5
122685,0.5
108546,0.5
111050,0.5
219896,0.5
91464,0.5
113531,0.5
64688,0.5
111667,0.5
87052,0.5
76171,0.5
113576,0.5
101,0.5
66118,0.5
124973,0.5
234554,0.5
31448,0.5
191506,0.5
119416,0.5
117426,0.5
27,0.5
90727,0.5
58026,0.5
83933,0.5
44193,0.5
157032,0.5
17205,0.5
138798,0.5
38499,0.5
147060,0.5
128071,0.5
38882,0.5
59550,0.5
134272,0.5
69185,0.5
210894,0.5
67097,0.5
219312,0.5
105972,0.5
182721,0.5
116163,0.5
79885,0.5
153241,0.5
206075,0.5
199139,0.5
51912,0.5
39019,0.5
127053,0.5
245029,0.5
246738,0.5
167269,0.5
33688,0.5
143029,0.5
37735,0.5
223443,0.5
27505,0.5
228688,0.5
7660,0.5
1673,0.5
33693,0.5
87255,0.5
81108,0.5
31981,0.5
171984,0.5
72762,0.5
67114,0.5
193100,0.5
65957,0.5
113430,0.5
141231,0.5
53611,0.5
195942,0.5
172924,0.5
156809,0.5
153602,0.5
230700,0.5
51787,0.5
147441,0.5
82914,0.5
184302,0.5
183668,0.5
10533,0.5
136717,0.5
60576,0.5
71665,0.5
193043,0.5
40803,0.5
204875,0.5
58060,0.5
137956,0.5
36657,0.5
60558,0.5
170063,0.5
99116,0.5
240399,0.5
173134,0.5
30888,0.5
65351,0.5
232279,0.5
8802,0.5
235008,0.5
35424,0.5
165662,0.5
5648,0.5
113314,0.5
110541,0.5
207853,0.5
135883,0.5
66933,0.5
57269,0.5
49837,0.5
11916,0.5
22358,0.5
111167,0.5
121457,0.5
138869,0.5
244695,0.5
83097,0.5
73206,0.5
236552,0.5
148837,0.5
124721,0.5
85123,0.5
225928,0.5
136760,0.5
120150,0.5
227736,0.5
127703,0.5
1207,0.5
209667,0.5
99988,0.5
145895,0.5
73810,0.5
153329,0.5
17643,0.5
101848,0.5
245072,0.5
91335,0.5
175834,0.5
82863,0.5
181815,0.5
10295,0.5
222043,0.5
170671,0.5
146557,0.5
206286,0.5
155301,0.5
143437,0.5
230810,0.5
206794,0.5
134063,0.5
51778,0.5
200326,0.5
236570,0.5
173603,0.5
185327,0.5
61333,0.5
40659,0.5
189118,0.5
24641,0.5
82603,0.5
128004,0.5
96509,0.5
60492,0.5
89449,0.5
92846,0.5
239355,0.5
10698,0.5
189691,0.5
195441,0.5
113088,0.5
245829,0.5
26590,0.5
224870,0.5
210010,0.5
46934,0.5
205045,0.5
187927,0.5
238589,0.5
68979,0.5
62264,0.5
206214,0.5
17217,0.5
130670,0.5
17126,0.5
103330,0.5
240194,0.5
51067,0.5
101711,0.5
107730,0.5
10518,0.5
15763,0.5
69658,0.5
5380,0.5
137155,0.5
144841,0.5
42905,0.5
235892,0.5
103185,0.5
194839,0.5
195566,0.5
199506,0.5
128794,0.5
143593,0.5
35001,0.5
49802,0.5
104804,0.5
239913,0.5
14904,0.5
20054,0.5
87913,0.5
3023,0.5
22242,0.5
83254,0.5
61086,0.5
152514,0.5
173414,0.5
165412,0.5
11930,0.5
162915,0.5
232135,0.5
53532,0.5
123396,0.5
36562,0.5
222122,0.5
200236,0.5
59017,0.5
203443,0.5
153708,0.5
227386,0.5
232406,0.5
187151,0.5
94151,0.5
33109,0.5
108181,0.5
64841,0.5
235869,0.5
35059,0.5
247094,0.5
135920,0.5
51765,0.5
85510,0.5
164785,0.5
146654,0.5
118563,0.5
189439,0.5
161256,0.5
207757,0.5
100343,0.5
231361,0.5
132024,0.5
29471,0.5
163513,0.5
192000,0.5
214014,0.5
141134,0.5
232557,0.5
225810,0.5
16505,0.5
134941,0.5
39027,0.5
216033,0.5
192492,0.5
41272,0.5
221457,0.5
19364,0.5
215824,0.5
240165,0.5
133716,0.5
236827,0.5
215175,0.5
69310,0.5
59456,0.5
249170,0.5
50925,0.5
39138,0.5
233962,0.5
51179,0.5
220601,0.5
192596,0.5
209162,0.5
206080,0.5
8132,0.5
147643,0.5
77543,0.5
14581,0.5
100428,0.5
172121,0.5
122189,0.5
82971,0.5
68734,0.5
69816,0.5
176285,0.5
210383,0.5
183538,0.5
215234,0.5
193942,0.5
37298,0.5
112797,0.5
214833,0.5
244913,0.5
13534,0.5
143120,0.5
103246,0.5
158350,0.5
98467,0.5
13021,0.5
193310,0.5
42673,0.5
234781,0.5
207996,0.5
203199,0.5
145013,0.5
70435,0.5
137314,0.5
209154,0.5
119246,0.5
112984,0.5
37053,0.5
108314,0.5
191358,0.5
73122,0.5
128807,0.5
218230,0.5
35281,0.5
241427,0.5
4195,0.5
201523,0.5
27437,0.5
89083,0.5
221598,0.5
40397,0.5
40934,0.5
40612,0.5
233364,0.5
90129,0.5
149891,0.5
38481,0.5
6564,0.5
121862,0.5
191254,0.5
112371,0.5
65949,0.5
81803,0.5
25511,0.5
130811,0.5
29340,0.5
218845,0.5
212032,0.5
107304,0.5
3330,0.5
50051,0.5
242879,0.5
209709,0.5
182799,0.5
17495,0.5
73155,0.5
117014,0.5
136492,0.5
235668,0.5
126489,0.5
55724,0.5
9887,0.5
241245,0.5
50193,0.5
225241,0.5
43332,0.5
130389,0.5
208849,0.5
161770,0.5
31943,0.5
3343,0.5
45904,0.5
29735,0.5
105761,0.5
32855,0.5
182531,0.5
243022,0.5
105757,0.5
8778,0.5
219740,0.5
54873,0.5
143776,0.5
90519,0.5
237280,0.5
240435,0.5
235268,0.5
55945,0.5
19497,0.5
128436,0.5
216351,0.5
77823,0.5
59178,0.5
185390,0.5
17192,0.5
103601,0.5
19019,0.5
203816,0.5
217096,0.5
230313,0.5
71272,0.5
60093,0.5
228442,0.5
162633,0.5
9195,0.5
198321,0.5
111970,0.5
218908,0.5
11354,0.5
63049,0.5
183495,0.5
73043,0.5
50759,0.5
36303,0.5
210375,0.5
176922,0.5
54312,0.5
118616,0.5
75068,0.5
166138,0.5
201520,0.5
220791,0.5
101923,0.5
112697,0.5
125660,0.5
21416,0.5
170142,0.5
195634,0.5
214836,0.5
215642,0.5
226490,0.5
111357,0.5
202358,0.5
63295,0.5
86937,0.5
154455,0.5
114146,0.5
24553,0.5
38837,0.5
32483,0.5
235544,0.5
194513,0.5
203782,0.5
123748,0.5
187014,0.5
37960,0.5
151959,0.5
99447,0.5
42261,0.5
23323,0.5
105440,0.5
146403,0.5
24638,0.5
224368,0.5
217125,0.5
87273,0.5
3171,0.5
9174,0.5
99737,0.5
130672,0.5
107632,0.5
67864,0.5
217419,0.5
182899,0.5
214495,0.5
202607,0.5
162218,0.5
77558,0.5
206536,0.5
156796,0.5
102782,0.5
203244,0.5
237083,0.5
132365,0.5
82728,0.5
240183,0.5
184565,0.5
22480,0.5
162879,0.5
203429,0.5
166663,0.5
164494,0.5
28209,0.5
226036,0.5
140373,0.5
156764,0.5
52779,0.5
145164,0.5
20478,0.5
235546,0.5
99684,0.5
77689,0.5
248606,0.5
61823,0.5
13591,0.5
147842,0.5
222029,0.5
73184,0.5
246290,0.5
25425,0.5
185472,0.5
24718,0.5
31111,0.5
231094,0.5
45218,0.5
33034,0.5
205135,0.5
216549,0.5
151909,0.5
132710,0.5
210210,0.5
112369,0.5
129113,0.5
136077,0.5
60672,0.5
53445,0.5
243400,0.5
66679,0.5
105500,0.5
16228,0.5
40559,0.5
191974,0.5
74782,0.5
104454,0.5
129283,0.5
228563,0.5
106697,0.5
55326,0.5
116520,0.5
93025,0.5
98401,0.5
174681,0.5
126581,0.5
133535,0.5
42005,0.5
223964,0.5
71443,0.5
44634,0.5
136764,0.5
200512,0.5
8783,0.5
74624,0.5
171713,0.5
125334,0.5
14293,0.5
228984,0.5
48799,0.5
67682,0.5
166027,0.5
129523,0.5
61473,0.5
9119,0.5
984,0.5
144518,0.5
221645,0.5
141561,0.5
43025,0.5
148414,0.5
20532,0.5
248747,0.5
58447,0.5
40873,0.5
61625,0.5
42945,0.5
235428,0.5
137757,0.5
134407,0.5
112480,0.5
240135,0.5
41816,0.5
20269,0.5
40499,0.5
96261,0.5
221740,0.5
77857,0.5
177290,0.5
14553,0.5
128146,0.5
57148,0.5
155432,0.5
37397,0.5
46597,0.5
10754,0.5
187806,0.5
4355,0.5
24613,0.5
49526,0.5
11657,0.5
14364,0.5
12282,0.5
3222,0.5
197034,0.5
11401,0.5
9284,0.5
165204,0.5
119226,0.5
91090,0.5
75414,0.5
103635,0.5
185397,0.5
69989,0.5
83134,0.5
146150,0.5
176113,0.5
236485,0.5
135770,0.5
157097,0.5
43945,0.5
30166,0.5
121161,0.5
95165,0.5
155573,0.5
216469,0.5
36699,0.5
128921,0.5
178514,0.5
74912,0.5
28097,0.5
129331,0.5
173865,0.5
210573,0.5
14977,0.5
84072,0.5
83590,0.5
73756,0.5
205958,0.5
144954,0.5
181303,0.5
123352,0.5
40483,0.5
237184,0.5
33450,0.5
244395,0.5
189404,0.5
203170,0.5
37968,0.5
43157,0.5
18005,0.5
159224,0.5
86725,0.5
110287,0.5
181097,0.5
76214,0.5
217272,0.5
66392,0.5
32893,0.5
9094,0.5
203280,0.5
178841,0.5
72526,0.5
67909,0.5
226943,0.5
45605,0.5
176134,0.5
140512,0.5
145364,0.5
14484,0.5
120834,0.5
57133,0.5
42948,0.5
105310,0.5
38496,0.5
177658,0.5
76375,0.5
121850,0.5
219730,0.5
168421,0.5
120006,0.5
197232,0.5
113577,0.5
970,0.5
75166,0.5
199221,0.5
133817,0.5
149026,0.5
97336,0.5
12319,0.5
35396,0.5
62446,0.5
117212,0.5
67288,0.5
122104,0.5
47552,0.5
199925,0.5
103642,0.5
209132,0.5
174546,0.5
215627,0.5
59433,0.5
129379,0.5
83436,0.5
209420,0.5
162977,0.5
11831,0.5
223098,0.5
35458,0.5
129928,0.5
128124,0.5
47072,0.5
118937,0.5
151683,0.5
194245,0.5
148887,0.5
226096,0.5
18146,0.5
220439,0.5
99400,0.5
111133,0.5
77666,0.5
118675,0.5
109476,0.5
56126,0.5
66872,0.5
77343,0.5
176846,0.5
208034,0.5
186008,0.5
21178,0.5
85728,0.5
247458,0.5
3848,0.5
3607,0.5
207639,0.5
28944,0.5
2297,0.5
154160,0.5
15736,0.5
142804,0.5
120720,0.5
154544,0.5
12112,0.5
162319,0.5
104674,0.5
248882,0.5
228974,0.5
92219,0.5
194366,0.5
57442,0.5
116350,0.5
114645,0.5
27130,0.5
45159,0.5
45540,0.5
112460,0.5
16178,0.5
68773,0.5
190253,0.5
59869,0.5
5243,0.5
41976,0.5
101906,0.5
122085,0.5
169175,0.5
81883,0.5
192277,0.5
230442,0.5
117807,0.5
155711,0.5
221728,0.5
155305,0.5
230738,0.5
100230,0.5
58818,0.5
185342,0.5
128928,0.5
240895,0.5
149549,0.5
97835,0.5
80420,0.5
173995,0.5
185308,0.5
142315,0.5
43508,0.5
8518,0.5
106889,0.5
125611,0.5
51520,0.5
171784,0.5
201996,0.5
126322,0.5
114186,0.5
138206,0.5
113396,0.5
151171,0.5
43569,0.5
119648,0.5
22832,0.5
7896,0.5
45179,0.5
52101,0.5
184893,0.5
113798,0.5
132350,0.5
190085,0.5
78008,0.5
77237,0.5
48178,0.5
8436,0.5
241771,0.5
163603,0.5
5994,0.5
208763,0.5
57561,0.5
238768,0.5
213098,0.5
155739,0.5
6964,0.5
218597,0.5
122815,0.5
181186,0.5
159809,0.5
150018,0.5
113200,0.5
1090,0.5
98411,0.5
55611,0.5
183415,0.5
199688,0.5
181516,0.5
228316,0.5
197792,0.5
58655,0.5
33330,0.5
206446,0.5
77821,0.5
185158,0.5
20808,0.5
41294,0.5
196546,0.5
32247,0.5
181314,0.5
38589,0.5
232018,0.5
247055,0.5
31693,0.5
21088,0.5
165895,0.5
97027,0.5
177504,0.5
232045,0.5
28542,0.5
182443,0.5
53060,0.5
223777,0.5
231855,0.5
79233,0.5
222293,0.5
247282,0.5
63554,0.5
100702,0.5
225577,0.5
128637,0.5
52441,0.5
170651,0.5
79044,0.5
168285,0.5
216686,0.5
158808,0.5
66831,0.5
200166,0.5
27723,0.5
18567,0.5
210342,0.5
223709,0.5
168602,0.5
75343,0.5
195071,0.5
172253,0.5
194618,0.5
82586,0.5
180837,0.5
198218,0.5
202767,0.5
156712,0.5
170234,0.5
9246,0.5
247346,0.5
112572,0.5
53765,0.5
113143,0.5
146787,0.5
57626,0.5
3121,0.5
152418,0.5
23344,0.5
223076,0.5
126224,0.5
142292,0.5
229888,0.5
200410,0.5
197682,0.5
240428,0.5
102135,0.5
68274,0.5
47448,0.5
117016,0.5
68835,0.5
144566,0.5
136752,0.5
82852,0.5
212370,0.5
131710,0.5
31769,0.5
231823,0.5
72168,0.5
142007,0.5
62442,0.5
118222,0.5
127912,0.5
44568,0.5
70866,0.5
203988,0.5
233424,0.5
107247,0.5
93268,0.5
50072,0.5
222973,0.5
195286,0.5
10885,0.5
113074,0.5
223725,0.5
176069,0.5
18578,0.5
5386,0.5
16552,0.5
16459,0.5
59461,0.5
122497,0.5
103198,0.5
171286,0.5
89006,0.5
174525,0.5
112190,0.5
105617,0.5
576,0.5
125178,0.5
47069,0.5
97723,0.5
58362,0.5
9474,0.5
190801,0.5
237573,0.5
193346,0.5
10573,0.5
29444,0.5
229617,0.5
217241,0.5
70861,0.5
52718,0.5
110596,0.5
235846,0.5
111795,0.5
112138,0.5
40,0.5
91942,0.5
89777,0.5
8524,0.5
4788,0.5
168146,0.5
177899,0.5
204607,0.5
20062,0.5
189390,0.5
129765,0.5
203292,0.5
237842,0.5
47618,0.5
87823,0.5
166384,0.5
249353,0.5
140171,0.5
43170,0.5
17054,0.5
9075,0.5
168395,0.5
44044,0.5
4049,0.5
4242,0.5
208643,0.5
89080,0.5
47825,0.5
105289,0.5
162465,0.5
216877,0.5
158518,0.5
97373,0.5
50039,0.5
111504,0.5
245252,0.5
127122,0.5
139542,0.5
28483,0.5
72499,0.5
86079,0.5
24230,0.5
45580,0.5
145783,0.5
38671,0.5
222162,0.5
224988,0.5
13566,0.5
32698,0.5
211975,0.5
17650,0.5
203204,0.5
12670,0.5
187942,0.5
201815,0.5
137069,0.5
232819,0.5
103509,0.5
138518,0.5
61572,0.5
155185,0.5
242282,0.5
1049,0.5
166371,0.5
196577,0.5
58692,0.5
234024,0.5
100561,0.5
183712,0.5
19219,0.5
187911,0.5
24481,0.5
137054,0.5
247205,0.5
153860,0.5
136926,0.5
89693,0.5
180051,0.5
97854,0.5
220140,0.5
164293,0.5
228387,0.5
50667,0.5
50109,0.5
27763,0.5
18631,0.5
182680,0.5
187716,0.5
107068,0.5
219167,0.5
217631,0.5
21876,0.5
245321,0.5
29214,0.5
32028,0.5
157561,0.5
182181,0.5
60863,0.5
36194,0.5
225175,0.5
54841,0.5
155547,0.5
9112,0.5
97925,0.5
247732,0.5
75985,0.5
11011,0.5
57429,0.5
203066,0.5
65984,0.5
184191,0.5
19636,0.5
224102,0.5
215992,0.5
77074,0.5
41722,0.5
102382,0.5
74098,0.5
106267,0.5
1550,0.5
116303,0.5
203372,0.5
45039,0.5
64340,0.5
103060,0.5
160674,0.5
121033,0.5
121105,0.5
153491,0.5
131507,0.5
18206,0.5
103946,0.5
239375,0.5
90402,0.5
137450,0.5
25154,0.5
94469,0.5
52200,0.5
52239,0.5
52880,0.5
51390,0.5
88372,0.5
134158,0.5
21150,0.5
215240,0.5
69502,0.5
60646,0.5
168822,0.5
189899,0.5
188388,0.5
224907,0.5
16299,0.5
37258,0.5
68559,0.5
239430,0.5
69521,0.5
77442,0.5
242752,0.5
3746,0.5
50814,0.5
96279,0.5
68674,0.5
148510,0.5
79449,0.5
170819,0.5
221528,0.5
17435,0.5
74304,0.5
245953,0.5
178776,0.5
3364,0.5
171777,0.5
66718,0.5
173588,0.5
16422,0.5
169669,0.5
91664,0.5
7805,0.5
234371,0.5
230148,0.5
221662,0.5
218432,0.5
96986,0.5
247150,0.5
39310,0.5
78833,0.5
38265,0.5
95671,0.5
14154,0.5
151063,0.5
15087,0.5
62822,0.5
248162,0.5
122534,0.5
11372,0.5
108294,0.5
51472,0.5
57586,0.5
217462,0.5
189067,0.5
166866,0.5
129654,0.5
149600,0.5
103902,0.5
197348,0.5
82624,0.5
19660,0.5
195530,0.5
20162,0.5
190452,0.5
185795,0.5
141550,0.5
9928,0.5
196594,0.5
185477,0.5
231481,0.5
172640,0.5
207381,0.5
84577,0.5
23481,0.5
218798,0.5
98007,0.5
225181,0.5
210773,0.5
13729,0.5
183285,0.5
37015,0.5
214713,0.5
163053,0.5
157792,0.5
194339,0.5
21744,0.5
206807,0.5
74116,0.5
113826,0.5
136804,0.5
95198,0.5
153170,0.5
220712,0.5
47698,0.5
211926,0.5
11315,0.5
169811,0.5
48263,0.5
172633,0.5
167432,0.5
1990,0.5
108075,0.5
72825,0.5
27443,0.5
89487,0.5
83748,0.5
164997,0.5
105774,0.5
240272,0.5
113523,0.5
215458,0.5
158899,0.5
249901,0.5
91815,0.5
121959,0.5
178912,0.5
229790,0.5
53587,0.5
174234,0.5
47237,0.5
206539,0.5
18750,0.5
67006,0.5
54847,0.5
176668,0.5
234426,0.5
197176,0.5
23600,0.5
124853,0.5
6436,0.5
61188,0.5
80848,0.5
155182,0.5
108091,0.5
37304,0.5
103882,0.5
178521,0.5
186404,0.5
220554,0.5
229470,0.5
56641,0.5
78647,0.5
156448,0.5
59080,0.5
204333,0.5
147616,0.5
217935,0.5
126622,0.5
57599,0.5
225573,0.5
219500,0.5
112727,0.5
153882,0.5
230445,0.5
126798,0.5
225423,0.5
104187,0.5
161664,0.5
27102,0.5
41856,0.5
226387,0.5
226747,0.5
5613,0.5
132062,0.5
129632,0.5
1700,0.5
78288,0.5
86905,0.5
45905,0.5
38752,0.5
109750,0.5
237558,0.5
221980,0.5
63975,0.5
201839,0.5
175857,0.5
165426,0.5
218367,0.5
215990,0.5
219540,0.5
3188,0.5
103428,0.5
154027,0.5
58623,0.5
205303,0.5
196183,0.5
142181,0.5
18050,0.5
141039,0.5
108649,0.5
213668,0.5
183392,0.5
247091,0.5
43581,0.5
141112,0.5
9617,0.5
52131,0.5
56374,0.5
249166,0.5
143919,0.5
141181,0.5
21685,0.5
136963,0.5
101807,0.5
79681,0.5
53514,0.5
39052,0.5
66012,0.5
58343,0.5
142498,0.5
86955,0.5
191944,0.5
32871,0.5
67938,0.5
242725,0.5
246553,0.5
22168,0.5
175510,0.5
166531,0.5
53187,0.5
48865,0.5
195854,0.5
9646,0.5
27008,0.5
30258,0.5
120341,0.5
244227,0.5
155705,0.5
109072,0.5
186633,0.5
37208,0.5
88466,0.5
235024,0.5
133175,0.5
32737,0.5
239329,0.5
177352,0.5
199492,0.5
78676,0.5
15610,0.5
66200,0.5
126419,0.5
138132,0.5
51013,0.5
230748,0.5
42587,0.5
2006,0.5
107229,0.5
98847,0.5
222394,0.5
77431,0.5
69950,0.5
126728,0.5
100637,0.5
131176,0.5
234947,0.5
24697,0.5
63189,0.5
55128,0.5
64685,0.5
6018,0.5
232061,0.5
193270,0.5
20885,0.5
198654,0.5
236985,0.5
131177,0.5
211646,0.5
22159,0.5
148134,0.5
92107,0.5
198062,0.5
164686,0.5
105559,0.5
71979,0.5
135781,0.5
228120,0.5
67497,0.5
204064,0.5
186636,0.5
247798,0.5
174805,0.5
195510,0.5
85062,0.5
180986,0.5
28618,0.5
54092,0.5
116713,0.5
199551,0.5
19749,0.5
104382,0.5
10558,0.5
75310,0.5
159993,0.5
161808,0.5
64088,0.5
50491,0.5
90396,0.5
72559,0.5
112699,0.5
238600,0.5
46773,0.5
54083,0.5
35620,0.5
138533,0.5
155217,0.5
68654,0.5
158478,0.5
226034,0.5
124885,0.5
239345,0.5
238900,0.5
178735,0.5
142407,0.5
106483,0.5
32098,0.5
51586,0.5
200201,0.5
62105,0.5
79659,0.5
79416,0.5
71508,0.5
58175,0.5
248225,0.5
219887,0.5
128243,0.5
38916,0.5
146468,0.5
248034,0.5
62998,0.5
139860,0.5
33282,0.5
215898,0.5
31457,0.5
231911,0.5
207358,0.5
148581,0.5
138738,0.5
129779,0.5
18111,0.5
221956,0.5
8231,0.5
90756,0.5
35949,0.5
100877,0.5
230832,0.5
164372,0.5
70003,0.5
57859,0.5
201255,0.5
62170,0.5
41414,0.5
46560,0.5
185452,0.5
112304,0.5
39989,0.5
223126,0.5
76333,0.5
242641,0.5
9210,0.5
79428,0.5
66601,0.5
19058,0.5
68924,0.5
207722,0.5
39672,0.5
183097,0.5
162779,0.5
99981,0.5
42312,0.5
154569,0.5
32066,0.5
108349,0.5
22672,0.5
84954,0.5
165617,0.5
187688,0.5
131576,0.5
229174,0.5
127165,0.5
160279,0.5
38970,0.5
149062,0.5
36404,0.5
21469,0.5
161244,0.5
220463,0.5
77303,0.5
210963,0.5
58637,0.5
18592,0.5
3152,0.5
143402,0.5
48844,0.5
15661,0.5
8584,0.5
181265,0.5
143779,0.5
48927,0.5
79863,0.5
79089,0.5
118515,0.5
85823,0.5
242501,0.5
132190,0.5
200889,0.5
193825,0.5
206564,0.5
184859,0.5
162463,0.5
216275,0.5
184189,0.5
48532,0.5
123897,0.5
180025,0.5
53461,0.5
205184,0.5
237489,0.5
195738,0.5
100936,0.5
117322,0.5
160303,0.5
94611,0.5
178268,0.5
220459,0.5
113535,0.5
142324,0.5
214981,0.5
57986,0.5
86128,0.5
159311,0.5
76392,0.5
24252,0.5
138565,0.5
149785,0.5
11780,0.5
232845,0.5
56854,0.5
102824,0.5
56052,0.5
125008,0.5
187668,0.5
51208,0.5
35215,0.5
158673,0.5
139687,0.5
115417,0.5
196357,0.5
119976,0.5
169131,0.5
85014,0.5
809,0.5
69431,0.5
58683,0.5
123524,0.5
134081,0.5
203142,0.5
85037,0.5
162006,0.5
62096,0.5
46591,0.5
224885,0.5
207698,0.5
203488,0.5
236408,0.5
192237,0.5
89425,0.5
218637,0.5
240221,0.5
31847,0.5
51088,0.5
90044,0.5
189784,0.5
196606,0.5
210315,0.5
181029,0.5
139851,0.5
174589,0.5
5278,0.5
226381,0.5
147090,0.5
211962,0.5
188254,0.5
179641,0.5
45594,0.5
141314,0.5
11087,0.5
113585,0.5
74672,0.5
20005,0.5
82420,0.5
188088,0.5
212432,0.5
22164,0.5
153823,0.5
188286,0.5
32311,0.5
88212,0.5
202546,0.5
11145,0.5
195425,0.5
219649,0.5
126564,0.5
241776,0.5
176294,0.5
17496,0.5
147520,0.5
244553,0.5
209764,0.5
195976,0.5
220597,0.5
100062,0.5
12251,0.5
112581,0.5
245372,0.5
115399,0.5
242809,0.5
217767,0.5
67937,0.5
95002,0.5
22285,0.5
153632,0.5
46475,0.5
71341,0.5
20882,0.5
92357,0.5
119004,0.5
205105,0.5
70154,0.5
244785,0.5
105162,0.5
53886,0.5
246779,0.5
151828,0.5
107756,0.5
44073,0.5
180503,0.5
44560,0.5
117475,0.5
152253,0.5
239182,0.5
152155,0.5
28824,0.5
238234,0.5
247750,0.5
107139,0.5
159028,0.5
68359,0.5
39585,0.5
112869,0.5
218694,0.5
160297,0.5
46878,0.5
27165,0.5
177093,0.5
183148,0.5
107146,0.5
68687,0.5
87228,0.5
213131,0.5
122099,0.5
51437,0.5
190990,0.5
198201,0.5
31409,0.5
30396,0.5
55865,0.5
156013,0.5
64818,0.5
63840,0.5
45600,0.5
97926,0.5
111118,0.5
219138,0.5
82301,0.5
182995,0.5
181104,0.5
109792,0.5
95047,0.5
71528,0.5
219708,0.5
135526,0.5
206007,0.5
7918,0.5
158802,0.5
125015,0.5
179579,0.5
191457,0.5
2379,0.5
59773,0.5
112828,0.5
192382,0.5
8902,0.5
90788,0.5
113075,0.5
90741,0.5
90775,0.5
190634,0.5
34572,0.5
205779,0.5
63101,0.5
207604,0.5
49650,0.5
151065,0.5
27754,0.5
130161,0.5
193208,0.5
68512,0.5
192595,0.5
92345,0.5
127470,0.5
30880,0.5
14070,0.5
306,0.5
188054,0.5
56134,0.5
131377,0.5
174891,0.5
54897,0.5
162509,0.5
161305,0.5
151896,0.5
237756,0.5
6488,0.5
214201,0.5
128249,0.5
57983,0.5
115569,0.5
241414,0.5
81930,0.5
3655,0.5
127904,0.5
249323,0.5
80296,0.5
191988,0.5
176552,0.5
178277,0.5
206676,0.5
120441,0.5
97017,0.5
164589,0.5
243914,0.5
111966,0.5
229823,0.5
70193,0.5
203435,0.5
62331,0.5
163282,0.5
100986,0.5
80762,0.5
24365,0.5
48562,0.5
17452,0.5
158558,0.5
10675,0.5
205286,0.5
222399,0.5
81421,0.5
42853,0.5
151378,0.5
126386,0.5
207390,0.5
3440,0.5
95896,0.5
129725,0.5
24523,0.5
162556,0.5
65039,0.5
141966,0.5
145328,0.5
101951,0.5
139466,0.5
104990,0.5
121360,0.5
14489,0.5
4054,0.5
138474,0.5
64476,0.5
124327,0.5
248324,0.5
225621,0.5
21495,0.5
21578,0.5
1258,0.5
230506,0.5
8846,0.5
153371,0.5
73228,0.5
207473,0.5
113410,0.5
12433,0.5
151169,0.5
145226,0.5
109195,0.5
175559,0.5
206782,0.5
83912,0.5
129129,0.5
148760,0.5
213063,0.5
44121,0.5
92902,0.5
185663,0.5
135084,0.5
152626,0.5
149881,0.5
164635,0.5
14495,0.5
196646,0.5
111644,0.5
105410,0.5
15520,0.5
37394,0.5
38532,0.5
55171,0.5
130579,0.5
242177,0.5
55082,0.5
151786,0.5
188883,0.5
109612,0.5
118559,0.5
2176,0.5
142509,0.5
109946,0.5
226088,0.5
32860,0.5
30111,0.5
88031,0.5
235948,0.5
228517,0.5
91321,0.5
159730,0.5
200090,0.5
130379,0.5
169738,0.5
245258,0.5
25106,0.5
195893,0.5
135274,0.5
159653,0.5
163965,0.5
20984,0.5
84765,0.5
213889,0.5
179180,0.5
183550,0.5
55597,0.5
194304,0.5
243630,0.5
239068,0.5
61183,0.5
188527,0.5
12391,0.5
200093,0.5
167844,0.5
106933,0.5
19198,0.5
217259,0.5
141675,0.5
75244,0.5
53317,0.5
163294,0.5
187912,0.5
219479,0.5
126828,0.5
67274,0.5
149342,0.5
72847,0.5
163406,0.5
224097,0.5
34806,0.5
152156,0.5
2872,0.5
137915,0.5
192902,0.5
153594,0.5
26866,0.5
58671,0.5
100728,0.5
116324,0.5
156767,0.5
173355,0.5
34961,0.5
219551,0.5
169853,0.5
133853,0.5
209491,0.5
241507,0.5
188666,0.5
46010,0.5
74636,0.5
107057,0.5
244952,0.5
214134,0.5
176486,0.5
95822,0.5
224138,0.5
184145,0.5
21105,0.5
64069,0.5
106323,0.5
142337,0.5
124125,0.5
120338,0.5
194528,0.5
214826,0.5
231508,0.5
71556,0.5
86441,0.5
228092,0.5
90216,0.5
81535,0.5
186472,0.5
149479,0.5
116252,0.5
116251,0.5
105437,0.5
101882,0.5
219356,0.5
108635,0.5
132907,0.5
56611,0.5
232679,0.5
196088,0.5
49057,0.5
143936,0.5
11385,0.5
40605,0.5
173974,0.5
146056,0.5
4060,0.5
153121,0.5
172694,0.5
115256,0.5
144319,0.5
167826,0.5
240685,0.5
206172,0.5
19222,0.5
230804,0.5
132831,0.5
17732,0.5
143972,0.5
40236,0.5
81447,0.5
22630,0.5
228642,0.5
53366,0.5
61639,0.5
98810,0.5
74874,0.5
232641,0.5
210782,0.5
112763,0.5
173701,0.5
141262,0.5
160553,0.5
206276,0.5
219363,0.5
69408,0.5
156111,0.5
20490,0.5
170059,0.5
145138,0.5
26737,0.5
79768,0.5
243833,0.5
186278,0.5
189701,0.5
184917,0.5
80365,0.5
194862,0.5
36444,0.5
239875,0.5
2061,0.5
125549,0.5
137145,0.5
225582,0.5
28031,0.5
191530,0.5
30727,0.5
59875,0.5
87537,0.5
58266,0.5
74202,0.5
61660,0.5
71902,0.5
117113,0.5
125510,0.5
223384,0.5
195295,0.5
151624,0.5
216892,0.5
20101,0.5
34561,0.5
10454,0.5
108790,0.5
170155,0.5
132902,0.5
180885,0.5
34910,0.5
183870,0.5
141126,0.5
138180,0.5
236513,0.5
152751,0.5
72771,0.5
25192,0.5
183005,0.5
195373,0.5
212534,0.5
166927,0.5
155333,0.5
228620,0.5
123776,0.5
54343,0.5
41006,0.5
90825,0.5
101389,0.5
240366,0.5
54868,0.5
117747,0.5
140656,0.5
111560,0.5
105632,0.5
6271,0.5
158266,0.5
116536,0.5
214423,0.5
235441,0.5
8912,0.5
76951,0.5
243825,0.5
54908,0.5
164259,0.5
133009,0.5
159811,0.5
78979,0.5
181969,0.5
211320,0.5
82575,0.5
205671,0.5
5741,0.5
175381,0.5
108429,0.5
229891,0.5
188267,0.5
76019,0.5
242919,0.5
215142,0.5
194794,0.5
2046,0.5
195126,0.5
242766,0.5
45165,0.5
41192,0.5
38521,0.5
144092,0.5
163387,0.5
102429,0.5
97815,0.5
131896,0.5
76828,0.5
120128,0.5
3686,0.5
115045,0.5
85158,0.5
11965,0.5
147384,0.5
35665,0.5
179043,0.5
2638,0.5
174644,0.5
248683,0.5
37766,0.5
53456,0.5
80717,0.5
185883,0.5
112481,0.5
189612,0.5
109345,0.5
41895,0.5
58871,0.5
192395,0.5
171687,0.5
235368,0.5
239302,0.5
96193,0.5
125064,0.5
5667,0.5
175132,0.5
12516,0.5
101627,0.5
62906,0.5
12706,0.5
125128,0.5
83510,0.5
172356,0.5
216786,0.5
86724,0.5
178899,0.5
216699,0.5
56709,0.5
19280,0.5
203037,0.5
221744,0.5
108500,0.5
106022,0.5
66609,0.5
64746,0.5
203600,0.5
134950,0.5
13055,0.5
193953,0.5
26176,0.5
209214,0.5
27049,0.5
174377,0.5
192436,0.5
145512,0.5
57388,0.5
178288,0.5
45381,0.5
25589,0.5
205688,0.5
98640,0.5
67335,0.5
180545,0.5
107903,0.5
162035,0.5
114326,0.5
215375,0.5
227872,0.5
163361,0.5
121160,0.5
26495,0.5
246829,0.5
148557,0.5
24319,0.5
4977,0.5
158927,0.5
121327,0.5
183172,0.5
40808,0.5
228652,0.5
113876,0.5
194149,0.5
156427,0.5
130480,0.5
126840,0.5
18847,0.5
81967,0.5
24436,0.5
246956,0.5
44738,0.5
27146,0.5
100604,0.5
219497,0.5
168529,0.5
143089,0.5
116010,0.5
60482,0.5
21091,0.5
182907,0.5
94263,0.5
224606,0.5
200180,0.5
112343,0.5
176360,0.5
38231,0.5
117783,0.5
225398,0.5
82895,0.5
173787,0.5
35381,0.5
232118,0.5
86783,0.5
25203,0.5
157501,0.5
11505,0.5
97600,0.5
48426,0.5
119785,0.5
145024,0.5
164893,0.5
70491,0.5
195208,0.5
177783,0.5
243625,0.5
240872,0.5
132906,0.5
18560,0.5
130806,0.5
218604,0.5
71104,0.5
104021,0.5
128010,0.5
148341,0.5
234996,0.5
191332,0.5
28387,0.5
27332,0.5
103932,0.5
36640,0.5
144722,0.5
144378,0.5
182871,0.5
95048,0.5
175854,0.5
206753,0.5
170598,0.5
221900,0.5
66038,0.5
158707,0.5
204286,0.5
29091,0.5
221264,0.5
28983,0.5
25632,0.5
244366,0.5
218047,0.5
112137,0.5
18935,0.5
197515,0.5
206439,0.5
144402,0.5
30907,0.5
191168,0.5
62333,0.5
72759,0.5
144754,0.5
54597,0.5
56667,0.5
110103,0.5
114976,0.5
132494,0.5
27744,0.5
113529,0.5
207460,0.5
38116,0.5
193328,0.5
236826,0.5
213024,0.5
169279,0.5
51706,0.5
181323,0.5
128971,0.5
185256,0.5
64190,0.5
137715,0.5
173615,0.5
145792,0.5
165693,0.5
25622,0.5
174302,0.5
88467,0.5
142267,0.5
232029,0.5
2592,0.5
61721,0.5
87899,0.5
150310,0.5
244443,0.5
191328,0.5
36387,0.5
33261,0.5
12151,0.5
139605,0.5
163034,0.5
226301,0.5
123318,0.5
196463,0.5
960,0.5
73708,0.5
118893,0.5
146358,0.5
62482,0.5
57410,0.5
136486,0.5
210261,0.5
104765,0.5
205389,0.5
138139,0.5
235531,0.5
10581,0.5
44215,0.5
108865,0.5
36301,0.5
71551,0.5
42783,0.5
223329,0.5
117702,0.5
215275,0.5
205536,0.5
163673,0.5
238410,0.5
189606,0.5
66390,0.5
160275,0.5
119217,0.5
32896,0.5
45401,0.5
38623,0.5
163000,0.5
28891,0.5
90865,0.5
155032,0.5
235915,0.5
5590,0.5
114345,0.5
58291,0.5
70236,0.5
58402,0.5
191292,0.5
220286,0.5
112281,0.5
91733,0.5
211244,0.5
691,0.5
31225,0.5
55243,0.5
62978,0.5
7696,0.5
154786,0.5
26539,0.5
79937,0.5
178019,0.5
49324,0.5
182933,0.5
175369,0.5
130500,0.5
168382,0.5
103805,0.5
177869,0.5
97814,0.5
169455,0.5
244740,0.5
131171,0.5
213831,0.5
99206,0.5
119869,0.5
155062,0.5
222575,0.5
5822,0.5
115341,0.5
31213,0.5
22002,0.5
13512,0.5
202317,0.5
52174,0.5
242160,0.5
194432,0.5
238840,0.5
10988,0.5
101684,0.5
22823,0.5
79952,0.5
166041,0.5
11143,0.5
101625,0.5
218649,0.5
93547,0.5
117192,0.5
132952,0.5
249520,0.5
211408,0.5
89905,0.5
25497,0.5
105414,0.5
163761,0.5
72672,0.5
155421,0.5
122947,0.5
10923,0.5
21366,0.5
44340,0.5
138839,0.5
108226,0.5
140756,0.5
102892,0.5
23917,0.5
159986,0.5
108823,0.5
112759,0.5
179894,0.5
235463,0.5
155509,0.5
223492,0.5
88779,0.5
232026,0.5
257,0.5
144729,0.5
131175,0.5
83285,0.5
34277,0.5
225296,0.5
63837,0.5
48203,0.5
207922,0.5
153643,0.5
37637,0.5
168362,0.5
204348,0.5
104266,0.5
201270,0.5
231354,0.5
222648,0.5
180442,0.5
212193,0.5
47786,0.5
60528,0.5
129276,0.5
156384,0.5
34585,0.5
138708,0.5
54162,0.5
32778,0.5
156378,0.5
46755,0.5
147737,0.5
182794,0.5
198204,0.5
142900,0.5
160061,0.5
215192,0.5
216661,0.5
99063,0.5
129551,0.5
235908,0.5
230368,0.5
135062,0.5
58498,0.5
240392,0.5
143466,0.5
178185,0.5
86617,0.5
111730,0.5
164690,0.5
130277,0.5
54787,0.5
221195,0.5
233426,0.5
179822,0.5
98889,0.5
68268,0.5
142249,0.5
82847,0.5
156112,0.5
66845,0.5
7913,0.5
152206,0.5
247403,0.5
114021,0.5
33765,0.5
190046,0.5
159082,0.5
164937,0.5
6447,0.5
248350,0.5
61199,0.5
162596,0.5
116674,0.5
196931,0.5
165061,0.5
56384,0.5
202499,0.5
137152,0.5
114931,0.5
193675,0.5
78383,0.5
240163,0.5
128027,0.5
115950,0.5
229813,0.5
3909,0.5
97793,0.5
149551,0.5
60155,0.5
194401,0.5
232696,0.5
204403,0.5
146685,0.5
81745,0.5
62579,0.5
44828,0.5
205784,0.5
71432,0.5
212278,0.5
99452,0.5
155133,0.5
198232,0.5
235643,0.5
24616,0.5
222135,0.5
46077,0.5
244037,0.5
33580,0.5
155356,0.5
184783,0.5
73173,0.5
13269,0.5
226486,0.5
54589,0.5
48322,0.5
181844,0.5
113630,0.5
225813,0.5
132697,0.5
59386,0.5
68573,0.5
132444,0.5
199037,0.5
241921,0.5
94348,0.5
181129,0.5
139737,0.5
163655,0.5
105700,0.5
100338,0.5
15781,0.5
233478,0.5
20698,0.5
147210,0.5
150130,0.5
142743,0.5
189675,0.5
161499,0.5
156119,0.5
179550,0.5
55024,0.5
164037,0.5
78962,0.5
210926,0.5
93431,0.5
221380,0.5
110606,0.5
67879,0.5
13603,0.5
113530,0.5
24803,0.5
36551,0.5
148948,0.5
65346,0.5
71557,0.5
124792,0.5
58981,0.5
25952,0.5
62075,0.5
159263,0.5
56396,0.5
122820,0.5
58373,0.5
247843,0.5
38296,0.5
187519,0.5
102770,0.5
174418,0.5
88088,0.5
146355,0.5
24306,0.5
220031,0.5
67415,0.5
92852,0.5
137026,0.5
200065,0.5
66807,0.5
29605,0.5
162168,0.5
177327,0.5
142906,0.5
229904,0.5
221099,0.5
216038,0.5
173700,0.5
13059,0.5
231032,0.5
225872,0.5
190614,0.5
177221,0.5
186683,0.5
74843,0.5
17952,0.5
236653,0.5
193266,0.5
75819,0.5
102098,0.5
81740,0.5
154711,0.5
185416,0.5
218302,0.5
32881,0.5
94236,0.5
228797,0.5
155424,0.5
88838,0.5
159577,0.5
46423,0.5
154729,0.5
202467,0.5
206784,0.5
108129,0.5
100824,0.5
153433,0.5
147729,0.5
83476,0.5
245278,0.5
216072,0.5
151015,0.5
183955,0.5
76128,0.5
176362,0.5
132048,0.5
241602,0.5
40857,0.5
197948,0.5
246350,0.5
26029,0.5
177205,0.5
56822,0.5
12127,0.5
34271,0.5
103178,0.5
12786,0.5
51737,0.5
106561,0.5
218180,0.5
187188,0.5
116471,0.5
141950,0.5
212281,0.5
188923,0.5
49297,0.5
158637,0.5
148741,0.5
145295,0.5
231030,0.5
198653,0.5
148676,0.5
158780,0.5
222960,0.5
68011,0.5
183537,0.5
53110,0.5
106234,0.5
155387,0.5
43197,0.5
13101,0.5
201211,0.5
238793,0.5
168076,0.5
134642,0.5
59984,0.5
28709,0.5
227587,0.5
82248,0.5
59307,0.5
223604,0.5
18339,0.5
231285,0.5
215242,0.5
154292,0.5
249549,0.5
26836,0.5
160022,0.5
139893,0.5
177830,0.5
155796,0.5
56931,0.5
216242,0.5
135443,0.5
245270,0.5
186622,0.5
71037,0.5
121206,0.5
12524,0.5
223314,0.5
179861,0.5
170490,0.5
119265,0.5
146841,0.5
76104,0.5
211886,0.5
25164,0.5
122009,0.5
68380,0.5
125884,0.5
46793,0.5
59762,0.5
218865,0.5
63906,0.5
76595,0.5
12006,0.5
159918,0.5
53122,0.5
213026,0.5
239806,0.5
19365,0.5
150063,0.5
124533,0.5
21169,0.5
86489,0.5
69030,0.5
18018,0.5
148447,0.5
7553,0.5
237551,0.5
35509,0.5
62919,0.5
23658,0.5
232718,0.5
146864,0.5
186733,0.5
4894,0.5
31228,0.5
17127,0.5
9821,0.5
81290,0.5
84376,0.5
74813,0.5
230159,0.5
56029,0.5
103279,0.5
42269,0.5
53989,0.5
40631,0.5
117102,0.5
56220,0.5
138392,0.5
219016,0.5
236435,0.5
218222,0.5
55350,0.5
92440,0.5
143590,0.5
98586,0.5
62854,0.5
220624,0.5
119993,0.5
186841,0.5
224562,0.5
123939,0.5
30529,0.5
62376,0.5
247499,0.5
61441,0.5
203608,0.5
137083,0.5
195951,0.5
77544,0.5
150343,0.5
187383,0.5
181775,0.5
128692,0.5
187871,0.5
202414,0.5
6395,0.5
33992,0.5
82736,0.5
106989,0.5
184034,0.5
5604,0.5
90678,0.5
188839,0.5
103259,0.5
75140,0.5
152025,0.5
86902,0.5
23774,0.5
56444,0.5
31404,0.5
145828,0.5
228973,0.5
145629,0.5
199875,0.5
169910,0.5
202429,0.5
41971,0.5
31193,0.5
46528,0.5
152854,0.5
169756,0.5
17734,0.5
19257,0.5
74795,0.5
162066,0.5
203079,0.5
168734,0.5
233593,0.5
233887,0.5
88671,0.5
130726,0.5
73550,0.5
151559,0.5
9296,0.5
108313,0.5
199181,0.5
144746,0.5
146299,0.5
50173,0.5
157188,0.5
190895,0.5
205109,0.5
230896,0.5
128922,0.5
174132,0.5
29603,0.5
30226,0.5
142787,0.5
124492,0.5
221007,0.5
158785,0.5
67721,0.5
29006,0.5
94328,0.5
133563,0.5
133573,0.5
233210,0.5
78038,0.5
174436,0.5
103009,0.5
144542,0.5
234414,0.5
46476,0.5
39091,0.5
183310,0.5
12379,0.5
161922,0.5
1414,0.5
203907,0.5
225362,0.5
206205,0.5
50183,0.5
205588,0.5
176142,0.5
5904,0.5
116575,0.5
165228,0.5
129098,0.5
33654,0.5
210859,0.5
85438,0.5
3589,0.5
196302,0.5
18678,0.5
42077,0.5
199289,0.5
203286,0.5
31021,0.5
133903,0.5
203332,0.5
170330,0.5
58611,0.5
109837,0.5
121171,0.5
44378,0.5
96681,0.5
212898,0.5
149692,0.5
179874,0.5
171158,0.5
35948,0.5
131199,0.5
122456,0.5
99155,0.5
183371,0.5
248416,0.5
246142,0.5
243057,0.5
170366,0.5
47047,0.5
244536,0.5
54024,0.5
201142,0.5
133277,0.5
150120,0.5
1072,0.5
235747,0.5
247831,0.5
234486,0.5
118373,0.5
220082,0.5
70620,0.5
146780,0.5
152261,0.5
125185,0.5
179627,0.5
186584,0.5
96519,0.5
165730,0.5
69856,0.5
122490,0.5
130617,0.5
178771,0.5
221202,0.5
143363,0.5
153994,0.5
61611,0.5
79703,0.5
86496,0.5
55556,0.5
152617,0.5
139166,0.5
122114,0.5
136986,0.5
207300,0.5
67297,0.5
67844,0.5
129356,0.5
68449,0.5
213200,0.5
106613,0.5
74554,0.5
95423,0.5
99189,0.5
53979,0.5
207331,0.5
32465,0.5
201592,0.5
127436,0.5
166097,0.5
176589,0.5
53997,0.5
80577,0.5
140557,0.5
225643,0.5
41803,0.5
9592,0.5
54325,0.5
207780,0.5
132677,0.5
175970,0.5
13275,0.5
72478,0.5
35063,0.5
241091,0.5
11060,0.5
169475,0.5
60760,0.5
2890,0.5
96255,0.5
28182,0.5
125323,0.5
92639,0.5
47861,0.5
37987,0.5
195176,0.5
70248,0.5
224488,0.5
168767,0.5
67859,0.5
90093,0.5
232007,0.5
74748,0.5
216476,0.5
72516,0.5
37899,0.5
152806,0.5
60091,0.5
213404,0.5
233056,0.5
132715,0.5
135426,0.5
210030,0.5
130484,0.5
119633,0.5
149400,0.5
211145,0.5
159251,0.5
200916,0.5
29202,0.5
139949,0.5
21493,0.5
35507,0.5
41187,0.5
240578,0.5
17520,0.5
199580,0.5
203223,0.5
163397,0.5
25577,0.5
239463,0.5
204740,0.5
164228,0.5
82386,0.5
224775,0.5
226491,0.5
16467,0.5
199684,0.5
131841,0.5
168181,0.5
9321,0.5
189251,0.5
11094,0.5
157177,0.5
55494,0.5
51807,0.5
64065,0.5
246256,0.5
180003,0.5
117355,0.5
109254,0.5
57847,0.5
223134,0.5
78663,0.5
41824,0.5
191481,0.5
50963,0.5
228795,0.5
128617,0.5
26535,0.5
109092,0.5
121338,0.5
4934,0.5
190532,0.5
135925,0.5
84950,0.5
58293,0.5
163620,0.5
78428,0.5
139154,0.5
147165,0.5
16493,0.5
237816,0.5
154431,0.5
68996,0.5
50493,0.5
239197,0.5
217732,0.5
28708,0.5
194311,0.5
61225,0.5
89923,0.5
79341,0.5
128347,0.5
73305,0.5
2266,0.5
155194,0.5
193015,0.5
77915,0.5
49663,0.5
5060,0.5
218042,0.5
200756,0.5
239900,0.5
15363,0.5
189234,0.5
215530,0.5
192947,0.5
233458,0.5
242511,0.5
198339,0.5
65260,0.5
64320,0.5
20869,0.5
44123,0.5
127215,0.5
96892,0.5
64630,0.5
201951,0.5
45189,0.5
78077,0.5
125026,0.5
121776,0.5
10193,0.5
1857,0.5
16705,0.5
19952,0.5
41035,0.5
220151,0.5
120246,0.5
167971,0.5
209590,0.5
71134,0.5
82805,0.5
122850,0.5
116452,0.5
232170,0.5
96247,0.5
80248,0.5
129575,0.5
170820,0.5
11610,0.5
213787,0.5
127253,0.5
73685,0.5
224664,0.5
164435,0.5
243688,0.5
87941,0.5
86423,0.5
19707,0.5
133508,0.5
134996,0.5
9475,0.5
81216,0.5
28962,0.5
36169,0.5
180204,0.5
224306,0.5
49730,0.5
31986,0.5
36796,0.5
157014,0.5
191429,0.5
240424,0.5
132055,0.5
207884,0.5
206960,0.5
121371,0.5
131485,0.5
90391,0.5
53742,0.5
242786,0.5
45316,0.5
170861,0.5
143131,0.5
14004,0.5
246446,0.5
55436,0.5
101896,0.5
247278,0.5
173951,0.5
9039,0.5
125411,0.5
53610,0.5
5814,0.5
172997,0.5
81358,0.5
121076,0.5
111002,0.5
115194,0.5
30036,0.5
144294,0.5
221402,0.5
215306,0.5
84009,0.5
40909,0.5
186050,0.5
113101,0.5
249546,0.5
89494,0.5
176598,0.5
215337,0.5
81817,0.5
196676,0.5
168483,0.5
57463,0.5
133492,0.5
245219,0.5
24487,0.5
117784,0.5
44341,0.5
208065,0.5
137678,0.5
15514,0.5
165562,0.5
196317,0.5
166109,0.5
207327,0.5
244440,0.5
93302,0.5
169594,0.5
198213,0.5
228901,0.5
184276,0.5
91152,0.5
91404,0.5
212162,0.5
233381,0.5
181983,0.5
79486,0.5
203342,0.5
124751,0.5
18070,0.5
92439,0.5
225305,0.5
147673,0.5
163375,0.5
58965,0.5
195759,0.5
182539,0.5
169934,0.5
128367,0.5
6179,0.5
32572,0.5
17726,0.5
134884,0.5
29158,0.5
232115,0.5
109610,0.5
204246,0.5
107359,0.5
174437,0.5
3778,0.5
218626,0.5
248702,0.5
140814,0.5
204957,0.5
192968,0.5
214476,0.5
220114,0.5
230026,0.5
71495,0.5
52604,0.5
58779,0.5
84984,0.5
1882,0.5
87190,0.5
86535,0.5
81927,0.5
124352,0.5
10872,0.5
207550,0.5
109994,0.5
91758,0.5
229074,0.5
143512,0.5
129567,0.5
70987,0.5
185664,0.5
179788,0.5
49869,0.5
185336,0.5
186557,0.5
67892,0.5
93686,0.5
123797,0.5
71987,0.5
233670,0.5
140942,0.5
164482,0.5
242647,0.5
145135,0.5
25872,0.5
170680,0.5
227277,0.5
217561,0.5
66809,0.5
182240,0.5
246380,0.5
70635,0.5
231097,0.5
140508,0.5
219998,0.5
160254,0.5
96655,0.5
228126,0.5
34331,0.5
40582,0.5
148217,0.5
235014,0.5
227741,0.5
145227,0.5
234530,0.5
100259,0.5
232656,0.5
160121,0.5
154535,0.5
105685,0.5
162689,0.5
4140,0.5
184639,0.5
152646,0.5
41746,0.5
99593,0.5
239572,0.5
143540,0.5
148906,0.5
172744,0.5
95704,0.5
97481,0.5
187562,0.5
118787,0.5
212523,0.5
107219,0.5
127443,0.5
20647,0.5
39211,0.5
171398,0.5
69056,0.5
155248,0.5
37565,0.5
37909,0.5
113213,0.5
52447,0.5
34807,0.5
67865,0.5
124077,0.5
20166,0.5
173120,0.5
227394,0.5
205676,0.5
158256,0.5
92792,0.5
173953,0.5
211478,0.5
173690,0.5
157335,0.5
172550,0.5
61324,0.5
187926,0.5
131533,0.5
220416,0.5
5360,0.5
124619,0.5
110040,0.5
124644,0.5
104051,0.5
147818,0.5
53310,0.5
141445,0.5
236168,0.5
249182,0.5
192457,0.5
111652,0.5
85097,0.5
146928,0.5
55536,0.5
236063,0.5
106031,0.5
135258,0.5
44737,0.5
208877,0.5
239249,0.5
110047,0.5
93902,0.5
165844,0.5
97896,0.5
63970,0.5
8269,0.5
221210,0.5
23379,0.5
201740,0.5
49825,0.5
128100,0.5
23537,0.5
150330,0.5
220556,0.5
43166,0.5
140016,0.5
37481,0.5
129697,0.5
221822,0.5
160222,0.5
196965,0.5
142925,0.5
101355,0.5
57515,0.5
73324,0.5
236298,0.5
78421,0.5
159585,0.5
103379,0.5
63992,0.5
25988,0.5
168606,0.5
33354,0.5
201155,0.5
97154,0.5
176087,0.5
108191,0.5
228845,0.5
242983,0.5
123482,0.5
55810,0.5
125918,0.5
192496,0.5
25271,0.5
14454,0.5
130182,0.5
148584,0.5
49765,0.5
221440,0.5
50023,0.5
123347,0.5
201661,0.5
237897,0.5
115303,0.5
180514,0.5
111909,0.5
110854,0.5
117182,0.5
50816,0.5
124635,0.5
4703,0.5
154927,0.5
172683,0.5
137732,0.5
11947,0.5
10724,0.5
154256,0.5
214944,0.5
15773,0.5
141061,0.5
9671,0.5
245525,0.5
190306,0.5
169857,0.5
104488,0.5
202143,0.5
20475,0.5
152404,0.5
98812,0.5
101687,0.5
165373,0.5
41238,0.5
183948,0.5
38981,0.5
75430,0.5
59240,0.5
15153,0.5
171816,0.5
85785,0.5
219964,0.5
224213,0.5
53273,0.5
92599,0.5
228181,0.5
44487,0.5
62734,0.5
240653,0.5
126647,0.5
44127,0.5
84843,0.5
210286,0.5
162431,0.5
248522,0.5
206252,0.5
116691,0.5
53769,0.5
185742,0.5
176773,0.5
225503,0.5
237945,0.5
218250,0.5
168490,0.5
100109,0.5
237407,0.5
94522,0.5
15641,0.5
120718,0.5
242317,0.5
42858,0.5
46161,0.5
64181,0.5
125873,0.5
7857,0.5
155495,0.5
130309,0.5
1818,0.5
228610,0.5
91022,0.5
248046,0.5
44754,0.5
171376,0.5
147941,0.5
233013,0.5
21177,0.5
227905,0.5
118236,0.5
5213,0.5
120693,0.5
31706,0.5
239143,0.5
3475,0.5
2687,0.5
78006,0.5
240933,0.5
102855,0.5
214034,0.5
193337,0.5
181597,0.5
122643,0.5
147043,0.5
174446,0.5
67018,0.5
216597,0.5
45735,0.5
52379,0.5
78462,0.5
201534,0.5
185407,0.5
182764,0.5
170585,0.5
161627,0.5
163837,0.5
225914,0.5
212983,0.5
32493,0.5
219842,0.5
112425,0.5
77753,0.5
70844,0.5
61233,0.5
74625,0.5
36322,0.5
127136,0.5
180091,0.5
104011,0.5
11193,0.5
205180,0.5
82074,0.5
32627,0.5
114138,0.5
101169,0.5
66608,0.5
196000,0.5
38140,0.5
26203,0.5
44043,0.5
186805,0.5
131333,0.5
11896,0.5
190544,0.5
136128,0.5
225432,0.5
48212,0.5
110391,0.5
110229,0.5
240990,0.5
14787,0.5
240172,0.5
225338,0.5
65142,0.5
84449,0.5
207686,0.5
226838,0.5
175082,0.5
41569,0.5
193852,0.5
72705,0.5
8565,0.5
207773,0.5
206186,0.5
205395,0.5
62876,0.5
72235,0.5
233454,0.5
138088,0.5
6851,0.5
226592,0.5
90458,0.5
121928,0.5
102596,0.5
151537,0.5
24355,0.5
117894,0.5
85667,0.5
108135,0.5
928,0.5
142845,0.5
203237,0.5
97125,0.5
107026,0.5
150013,0.5
76336,0.5
230708,0.5
199297,0.5
46665,0.5
118161,0.5
57456,0.5
71626,0.5
17366,0.5
126797,0.5
72052,0.5
119918,0.5
72775,0.5
183499,0.5
2730,0.5
148298,0.5
81622,0.5
17405,0.5
173645,0.5
198712,0.5
9731,0.5
151167,0.5
227760,0.5
234716,0.5
228292,0.5
150304,0.5
18086,0.5
85779,0.5
227567,0.5
171900,0.5
216499,0.5
188566,0.5
45806,0.5
197848,0.5
103637,0.5
53440,0.5
80099,0.5
65218,0.5
240828,0.5
67172,0.5
21957,0.5
22845,0.5
206926,0.5
34027,0.5
43194,0.5
174969,0.5
90211,0.5
100252,0.5
124061,0.5
170328,0.5
200355,0.5
216394,0.5
119829,0.5
74260,0.5
29160,0.5
32162,0.5
114162,0.5
181255,0.5
212650,0.5
165137,0.5
189290,0.5
32080,0.5
38229,0.5
4506,0.5
146492,0.5
220371,0.5
137766,0.5
110090,0.5
164640,0.5
234629,0.5
136030,0.5
167485,0.5
709,0.5
176513,0.5
239906,0.5
135907,0.5
58496,0.5
88092,0.5
23219,0.5
165476,0.5
135158,0.5
127928,0.5
188457,0.5
192893,0.5
184499,0.5
122469,0.5
135356,0.5
92760,0.5
133742,0.5
16831,0.5
193112,0.5
165138,0.5
151818,0.5
236760,0.5
188174,0.5
214155,0.5
163334,0.5
137583,0.5
169615,0.5
177191,0.5
210167,0.5
213215,0.5
23746,0.5
224654,0.5
112207,0.5
158277,0.5
19926,0.5
106882,0.5
238493,0.5
88604,0.5
98183,0.5
38261,0.5
109605,0.5
38003,0.5
154607,0.5
33868,0.5
117046,0.5
70778,0.5
183527,0.5
19263,0.5
183736,0.5
25755,0.5
68228,0.5
121272,0.5
102655,0.5
15076,0.5
51988,0.5
161989,0.5
121568,0.5
187530,0.5
14337,0.5
175364,0.5
226114,0.5
220053,0.5
186667,0.5
11819,0.5
210352,0.5
247451,0.5
132901,0.5
172859,0.5
138140,0.5
190323,0.5
82940,0.5
155950,0.5
22402,0.5
125637,0.5
209116,0.5
203395,0.5
181800,0.5
139560,0.5
73045,0.5
37437,0.5
132269,0.5
83960,0.5
13195,0.5
3481,0.5
12182,0.5
50421,0.5
195109,0.5
229845,0.5
166622,0.5
58124,0.5
106373,0.5
33247,0.5
5258,0.5
128219,0.5
206531,0.5
152108,0.5
1186,0.5
44655,0.5
7391,0.5
220119,0.5
72574,0.5
221299,0.5
39924,0.5
196358,0.5
223978,0.5
116638,0.5
164745,0.5
67382,0.5
6419,0.5
111076,0.5
58121,0.5
181312,0.5
98256,0.5
231803,0.5
86268,0.5
232776,0.5
245558,0.5
139991,0.5
199323,0.5
212367,0.5
218469,0.5
4400,0.5
117330,0.5
6249,0.5
20137,0.5
16005,0.5
124854,0.5
188824,0.5
38867,0.5
161903,0.5
144376,0.5
7025,0.5
103788,0.5
150277,0.5
35186,0.5
221879,0.5
210570,0.5
8710,0.5
230386,0.5
1283,0.5
164266,0.5
157677,0.5
17328,0.5
121701,0.5
162175,0.5
121342,0.5
104344,0.5
216483,0.5
146565,0.5
172351,0.5
44493,0.5
191754,0.5
44969,0.5
97089,0.5
159503,0.5
157029,0.5
161859,0.5
62821,0.5
118706,0.5
213146,0.5
41608,0.5
201967,0.5
132471,0.5
136951,0.5
43527,0.5
80609,0.5
24548,0.5
107214,0.5
243580,0.5
45805,0.5
175818,0.5
95936,0.5
178931,0.5
193617,0.5
104415,0.5
199515,0.5
193503,0.5
104043,0.5
202721,0.5
33266,0.5
203009,0.5
169938,0.5
233693,0.5
199262,0.5
25129,0.5
244291,0.5
214443,0.5
211861,0.5
188732,0.5
92797,0.5
83121,0.5
39942,0.5
129154,0.5
137509,0.5
215631,0.5
180000,0.5
91769,0.5
35323,0.5
7506,0.5
15061,0.5
236910,0.5
224690,0.5
109694,0.5
169286,0.5
7530,0.5
66812,0.5
179819,0.5
193089,0.5
118463,0.5
180907,0.5
219287,0.5
62329,0.5
107489,0.5
2636,0.5
171485,0.5
25830,0.5
81974,0.5
31379,0.5
71881,0.5
150227,0.5
124350,0.5
230146,0.5
101628,0.5
224824,0.5
12494,0.5
125745,0.5
168759,0.5
89967,0.5
10286,0.5
118696,0.5
58337,0.5
145837,0.5
70254,0.5
195901,0.5
67668,0.5
154330,0.5
155154,0.5
145296,0.5
104646,0.5
104736,0.5
34198,0.5
162698,0.5
237890,0.5
28957,0.5
182616,0.5
232921,0.5
174812,0.5
247660,0.5
238058,0.5
215490,0.5
46968,0.5
142396,0.5
233101,0.5
225041,0.5
162531,0.5
48445,0.5
14905,0.5
4800,0.5
7406,0.5
199613,0.5
98542,0.5
156307,0.5
38027,0.5
131657,0.5
130085,0.5
73990,0.5
11318,0.5
218040,0.5
640,0.5
121714,0.5
54371,0.5
40458,0.5
142287,0.5
140183,0.5
123349,0.5
73598,0.5
239796,0.5
216266,0.5
24779,0.5
193833,0.5
248250,0.5
188810,0.5
93922,0.5
38164,0.5
175664,0.5
171380,0.5
185455,0.5
98064,0.5
198247,0.5
59522,0.5
68668,0.5
116143,0.5
237894,0.5
165855,0.5
134769,0.5
247279,0.5
2354,0.5
111478,0.5
135980,0.5
233604,0.5
161710,0.5
107464,0.5
57879,0.5
215748,0.5
18882,0.5
172147,0.5
29417,0.5
117197,0.5
207234,0.5
69653,0.5
25312,0.5
10395,0.5
75001,0.5
14728,0.5
18811,0.5
224646,0.5
242300,0.5
28232,0.5
32373,0.5
40959,0.5
40305,0.5
135112,0.5
33498,0.5
130523,0.5
65977,0.5
70551,0.5
117708,0.5
131477,0.5
35178,0.5
204352,0.5
42814,0.5
163557,0.5
194536,0.5
191493,0.5
106443,0.5
122089,0.5
14086,0.5
22953,0.5
3471,0.5
35250,0.5
156676,0.5
109981,0.5
175912,0.5
231268,0.5
237934,0.5
87236,0.5
236216,0.5
79292,0.5
137331,0.5
239879,0.5
72383,0.5
91530,0.5
147073,0.5
126027,0.5
147247,0.5
215004,0.5
106392,0.5
155824,0.5
183036,0.5
639,0.5
13151,0.5
136329,0.5
106317,0.5
139117,0.5
39409,0.5
239436,0.5
90423,0.5
76265,0.5
203537,0.5
164871,0.5
113462,0.5
14016,0.5
177546,0.5
1975,0.5
157746,0.5
16375,0.5
161071,0.5
43315,0.5
229021,0.5
14639,0.5
116923,0.5
231275,0.5
128822,0.5
246128,0.5
116783,0.5
212691,0.5
215210,0.5
82518,0.5
82055,0.5
117497,0.5
48414,0.5
189260,0.5
83219,0.5
72628,0.5
94344,0.5
73736,0.5
24035,0.5
79105,0.5
67629,0.5
183363,0.5
226176,0.5
182529,0.5
66424,0.5
169434,0.5
37267,0.5
153191,0.5
248594,0.5
168862,0.5
101519,0.5
87459,0.5
111903,0.5
69980,0.5
3754,0.5
65096,0.5
234958,0.5
233301,0.5
108948,0.5
112054,0.5
134359,0.5
180763,0.5
40780,0.5
137149,0.5
172671,0.5
19121,0.5
201952,0.5
19565,0.5
144096,0.5
93020,0.5
221074,0.5
185952,0.5
7954,0.5
171265,0.5
94084,0.5
22062,0.5
127896,0.5
144084,0.5
142490,0.5
139735,0.5
246348,0.5
230300,0.5
128353,0.5
41232,0.5
32833,0.5
15165,0.5
86941,0.5
123940,0.5
124793,0.5
76693,0.5
170246,0.5
191184,0.5
201169,0.5
162626,0.5
99841,0.5
81257,0.5
142598,0.5
36191,0.5
90118,0.5
38099,0.5
221468,0.5
148065,0.5
26962,0.5
176424,0.5
208281,0.5
243416,0.5
183329,0.5
59978,0.5
54209,0.5
172187,0.5
203384,0.5
148730,0.5
229521,0.5
36978,0.5
100771,0.5
225695,0.5
156791,0.5
99225,0.5
249648,0.5
91268,0.5
212220,0.5
42463,0.5
236979,0.5
156604,0.5
29187,0.5
223360,0.5
244726,0.5
158477,0.5
185320,0.5
75194,0.5
198542,0.5
79850,0.5
209048,0.5
38823,0.5
173458,0.5
34435,0.5
70060,0.5
52144,0.5
99903,0.5
195799,0.5
141596,0.5
154509,0.5
190349,0.5
141674,0.5
140694,0.5
229684,0.5
19155,0.5
736,0.5
90856,0.5
11366,0.5
21206,0.5
106696,0.5
54004,0.5
187017,0.5
14765,0.5
33074,0.5
112379,0.5
197805,0.5
112102,0.5
204810,0.5
65586,0.5
22716,0.5
116534,0.5
146390,0.5
13694,0.5
16235,0.5
162974,0.5
143116,0.5
242989,0.5
145063,0.5
67734,0.5
32068,0.5
177350,0.5
27944,0.5
235275,0.5
88947,0.5
170982,0.5
3473,0.5
158314,0.5
195374,0.5
128366,0.5
220971,0.5
82945,0.5
187308,0.5
115971,0.5
76909,0.5
165022,0.5
66582,0.5
229248,0.5
137950,0.5
227369,0.5
5039,0.5
93317,0.5
175351,0.5
17833,0.5
200399,0.5
30873,0.5
64186,0.5
95485,0.5
165370,0.5
13500,0.5
93521,0.5
158604,0.5
62948,0.5
86563,0.5
111961,0.5
35734,0.5
59364,0.5
100282,0.5
202063,0.5
235026,0.5
49460,0.5
242713,0.5
6707,0.5
146436,0.5
122787,0.5
213244,0.5
97642,0.5
88976,0.5
94552,0.5
233432,0.5
6218,0.5
124672,0.5
103863,0.5
168836,0.5
103076,0.5
244768,0.5
171945,0.5
191713,0.5
219397,0.5
221404,0.5
139804,0.5
174630,0.5
215266,0.5
6291,0.5
129943,0.5
140994,0.5
241452,0.5
34761,0.5
82431,0.5
244351,0.5
163419,0.5
199561,0.5
87226,0.5
244332,0.5
174481,0.5
84148,0.5
120696,0.5
63832,0.5
36259,0.5
187465,0.5
221476,0.5
168799,0.5
14822,0.5
196306,0.5
167335,0.5
34414,0.5
133748,0.5
118941,0.5
45859,0.5
37529,0.5
213545,0.5
82002,0.5
69802,0.5
15039,0.5
128372,0.5
87492,0.5
167157,0.5
129427,0.5
236703,0.5
28290,0.5
43143,0.5
230552,0.5
146789,0.5
176155,0.5
67066,0.5
20849,0.5
169939,0.5
71067,0.5
1669,0.5
104539,0.5
87447,0.5
18545,0.5
34733,0.5
2509,0.5
73278,0.5
140093,0.5
22319,0.5
17755,0.5
209916,0.5
127134,0.5
121600,0.5
110385,0.5
5537,0.5
150183,0.5
95996,0.5
26646,0.5
16593,0.5
182785,0.5
169243,0.5
55419,0.5
119524,0.5
64597,0.5
113464,0.5
107816,0.5
154225,0.5
128863,0.5
174188,0.5
218074,0.5
126399,0.5
171529,0.5
107619,0.5
123559,0.5
143911,0.5
83560,0.5
65212,0.5
168394,0.5
54045,0.5
39823,0.5
92783,0.5
36430,0.5
195767,0.5
7956,0.5
229014,0.5
223186,0.5
78568,0.5
208671,0.5
176308,0.5
164751,0.5
122989,0.5
110137,0.5
137734,0.5
154314,0.5
41669,0.5
17030,0.5
125112,0.5
184177,0.5
43226,0.5
115957,0.5
169532,0.5
188147,0.5
193988,0.5
55958,0.5
84633,0.5
230590,0.5
97383,0.5
92911,0.5
226932,0.5
152559,0.5
165995,0.5
112163,0.5
160356,0.5
2696,0.5
117694,0.5
158001,0.5
230813,0.5
178422,0.5
149278,0.5
137833,0.5
149208,0.5
36964,0.5
113421,0.5
195142,0.5
16161,0.5
183101,0.5
118858,0.5
177089,0.5
141949,0.5
210560,0.5
199740,0.5
108229,0.5
94088,0.5
205825,0.5
124710,0.5
3734,0.5
163947,0.5
222038,0.5
54591,0.5
245989,0.5
59446,0.5
42081,0.5
164813,0.5
215360,0.5
142539,0.5
68080,0.5
135297,0.5
105715,0.5
12802,0.5
151340,0.5
68555,0.5
187789,0.5
75797,0.5
195645,0.5
108933,0.5
244405,0.5
151822,0.5
84151,0.5
193111,0.5
185269,0.5
240957,0.5
29228,0.5
230472,0.5
129542,0.5
69204,0.5
107241,0.5
79509,0.5
247028,0.5
118194,0.5
192778,0.5
82385,0.5
248994,0.5
199504,0.5
60460,0.5
134909,0.5
166270,0.5
5143,0.5
223730,0.5
245864,0.5
21103,0.5
98841,0.5
53694,0.5
207140,0.5
147963,0.5
207054,0.5
204584,0.5
136527,0.5
249576,0.5
137712,0.5
151299,0.5
174468,0.5
80719,0.5
40250,0.5
201173,0.5
249555,0.5
206618,0.5
124977,0.5
81544,0.5
132827,0.5
213256,0.5
204971,0.5
48541,0.5
9267,0.5
200587,0.5
115283,0.5
122083,0.5
72200,0.5
26402,0.5
14985,0.5
188215,0.5
183837,0.5
51566,0.5
49322,0.5
169148,0.5
110673,0.5
9458,0.5
13548,0.5
201418,0.5
54194,0.5
125339,0.5
8677,0.5
181177,0.5
67348,0.5
221727,0.5
137166,0.5
167005,0.5
149139,0.5
2747,0.5
244017,0.5
4026,0.5
3819,0.5
91007,0.5
37932,0.5
207647,0.5
67992,0.5
215492,0.5
243812,0.5
247161,0.5
135153,0.5
86780,0.5
7242,0.5
107496,0.5
109819,0.5
164165,0.5
201375,0.5
215123,0.5
4868,0.5
142792,0.5
136293,0.5
86057,0.5
2280,0.5
239211,0.5
170654,0.5
45753,0.5
149615,0.5
111607,0.5
142981,0.5
152449,0.5
135318,0.5
204379,0.5
137974,0.5
240075,0.5
42724,0.5
215806,0.5
118544,0.5
188775,0.5
100214,0.5
9675,0.5
115304,0.5
22070,0.5
139031,0.5
125122,0.5
244301,0.5
154177,0.5
82984,0.5
56797,0.5
157079,0.5
165865,0.5
104939,0.5
240936,0.5
237993,0.5
105504,0.5
125202,0.5
151195,0.5
28039,0.5
1319,0.5
77314,0.5
100221,0.5
201111,0.5
25681,0.5
243564,0.5
73574,0.5
27040,0.5
90447,0.5
218753,0.5
63015,0.5
13600,0.5
192426,0.5
7759,0.5
55301,0.5
92344,0.5
131674,0.5
3586,0.5
109688,0.5
150653,0.5
154245,0.5
117067,0.5
196007,0.5
131931,0.5
94101,0.5
189527,0.5
75582,0.5
117902,0.5
71329,0.5
95110,0.5
126993,0.5
166671,0.5
171450,0.5
138694,0.5
198780,0.5
172204,0.5
40366,0.5
188697,0.5
173592,0.5
233810,0.5
86444,0.5
108861,0.5
138156,0.5
30612,0.5
66641,0.5
6862,0.5
149263,0.5
201165,0.5
211967,0.5
69892,0.5
98769,0.5
243790,0.5
51873,0.5
19388,0.5
178452,0.5
199118,0.5
154706,0.5
132993,0.5
176860,0.5
245083,0.5
247581,0.5
41185,0.5
206256,0.5
239665,0.5
115097,0.5
39747,0.5
233448,0.5
36167,0.5
46454,0.5
82504,0.5
9939,0.5
180230,0.5
225290,0.5
151432,0.5
238085,0.5
132789,0.5
247333,0.5
24586,0.5
179358,0.5
239012,0.5
118024,0.5
76349,0.5
42276,0.5
83858,0.5
77433,0.5
193669,0.5
84752,0.5
104528,0.5
245890,0.5
114511,0.5
192580,0.5
31320,0.5
222650,0.5
101413,0.5
124684,0.5
139646,0.5
228309,0.5
188285,0.5
248373,0.5
7770,0.5
75325,0.5
58656,0.5
87805,0.5
140198,0.5
241299,0.5
187622,0.5
17060,0.5
146210,0.5
242749,0.5
87881,0.5
160211,0.5
28390,0.5
11624,0.5
216693,0.5
245419,0.5
216422,0.5
100455,0.5
100738,0.5
247154,0.5
194455,0.5
249153,0.5
55318,0.5
89424,0.5
143247,0.5
58874,0.5
2973,0.5
48478,0.5
5523,0.5
23719,0.5
17140,0.5
172392,0.5
160976,0.5
168194,0.5
249455,0.5
109104,0.5
67736,0.5
177032,0.5
95712,0.5
194670,0.5
41897,0.5
182683,0.5
247428,0.5
162914,0.5
2570,0.5
48306,0.5
57404,0.5
10287,0.5
131118,0.5
212733,0.5
182769,0.5
45097,0.5
220036,0.5
197632,0.5
232580,0.5
226197,0.5
58417,0.5
62278,0.5
27605,0.5
191290,0.5
173845,0.5
212094,0.5
113817,0.5
61641,0.5
133865,0.5
119729,0.5
22190,0.5
203954,0.5
8612,0.5
237864,0.5
61678,0.5
172895,0.5
80415,0.5
212978,0.5
7266,0.5
214296,0.5
97674,0.5
101912,0.5
182400,0.5
21499,0.5
239961,0.5
47080,0.5
138882,0.5
69579,0.5
188711,0.5
35350,0.5
16759,0.5
28628,0.5
59059,0.5
66000,0.5
233968,0.5
160993,0.5
137505,0.5
244054,0.5
245920,0.5
236082,0.5
127894,0.5
118916,0.5
386,0.5
29509,0.5
65825,0.5
166319,0.5
230877,0.5
126209,0.5
59741,0.5
208494,0.5
10103,0.5
117868,0.5
61943,0.5
143858,0.5
173231,0.5
91269,0.5
4096,0.5
32745,0.5
99429,0.5
156223,0.5
189966,0.5
229957,0.5
156297,0.5
222194,0.5
44967,0.5
22592,0.5
223786,0.5
60172,0.5
5595,0.5
87785,0.5
165254,0.5
48586,0.5
52390,0.5
125956,0.5
152907,0.5
10031,0.5
119985,0.5
167600,0.5
122717,0.5
102088,0.5
175491,0.5
116789,0.5
10655,0.5
238387,0.5
220139,0.5
195079,0.5
190185,0.5
238371,0.5
169744,0.5
144095,0.5
188693,0.5
73256,0.5
3973,0.5
194181,0.5
129239,0.5
81895,0.5
25939,0.5
69139,0.5
240181,0.5
42995,0.5
40533,0.5
59063,0.5
94749,0.5
111042,0.5
143681,0.5
49648,0.5
26108,0.5
206470,0.5
38128,0.5
34465,0.5
218060,0.5
209897,0.5
55722,0.5
212788,0.5
88082,0.5
47734,0.5
40088,0.5
94922,0.5
57752,0.5
22733,0.5
95210,0.5
98844,0.5
41586,0.5
188766,0.5
231356,0.5
212164,0.5
226007,0.5
151600,0.5
74266,0.5
119319,0.5
146912,0.5
62120,0.5
234662,0.5
202426,0.5
216146,0.5
212417,0.5
70707,0.5
34809,0.5
230924,0.5
77203,0.5
152699,0.5
140527,0.5
142651,0.5
22441,0.5
214824,0.5
83302,0.5
156296,0.5
244950,0.5
119394,0.5
18405,0.5
34673,0.5
159911,0.5
221520,0.5
207741,0.5
209835,0.5
60145,0.5
232594,0.5
121050,0.5
188730,0.5
33762,0.5
220470,0.5
170741,0.5
221348,0.5
82669,0.5
214101,0.5
206863,0.5
150763,0.5
54018,0.5
229564,0.5
179439,0.5
224250,0.5
78634,0.5
246017,0.5
16894,0.5
154941,0.5
119555,0.5
246048,0.5
238467,0.5
192907,0.5
5745,0.5
197943,0.5
742,0.5
9121,0.5
138636,0.5
139533,0.5
54179,0.5
180834,0.5
84344,0.5
68627,0.5
172362,0.5
157743,0.5
200456,0.5
90694,0.5
36438,0.5
125464,0.5
3537,0.5
87749,0.5
123155,0.5
99438,0.5
76083,0.5
39450,0.5
236715,0.5
49047,0.5
171983,0.5
39015,0.5
63678,0.5
236699,0.5
146070,0.5
189825,0.5
18486,0.5
222382,0.5
248495,0.5
245441,0.5
223058,0.5
244550,0.5
207076,0.5
240323,0.5
218004,0.5
158738,0.5
201895,0.5
181241,0.5
124486,0.5
116355,0.5
166625,0.5
176245,0.5
5232,0.5
87362,0.5
159540,0.5
202060,0.5
66840,0.5
228105,0.5
3912,0.5
177411,0.5
178138,0.5
138072,0.5
180107,0.5
152601,0.5
218598,0.5
29502,0.5
31952,0.5
40672,0.5
32164,0.5
222124,0.5
30260,0.5
42860,0.5
219914,0.5
34647,0.5
132775,0.5
106895,0.5
96234,0.5
152655,0.5
98612,0.5
102081,0.5
142823,0.5
128025,0.5
63357,0.5
8512,0.5
180343,0.5
142290,0.5
83688,0.5
98165,0.5
39113,0.5
154967,0.5
35286,0.5
7101,0.5
216068,0.5
39734,0.5
9388,0.5
149261,0.5
140629,0.5
59177,0.5
198725,0.5
50561,0.5
7855,0.5
238471,0.5
166447,0.5
115866,0.5
41928,0.5
136172,0.5
119597,0.5
158378,0.5
41159,0.5
49158,0.5
135151,0.5
10782,0.5
121244,0.5
70729,0.5
116547,0.5
145973,0.5
175419,0.5
32810,0.5
43759,0.5
71182,0.5
52506,0.5
178373,0.5
243702,0.5
93569,0.5
65616,0.5
114617,0.5
185189,0.5
81537,0.5
57881,0.5
86899,0.5
224149,0.5
57914,0.5
199246,0.5
237424,0.5
168088,0.5
98923,0.5
59125,0.5
15615,0.5
41270,0.5
74546,0.5
218076,0.5
237856,0.5
171043,0.5
110000,0.5
158312,0.5
154730,0.5
36615,0.5
163676,0.5
214383,0.5
179836,0.5
19107,0.5
60984,0.5
176472,0.5
71450,0.5
7785,0.5
120932,0.5
19671,0.5
95540,0.5
156815,0.5
124783,0.5
177224,0.5
169190,0.5
104902,0.5
49381,0.5
201958,0.5
137965,0.5
37421,0.5
121772,0.5
45104,0.5
192303,0.5
128567,0.5
107598,0.5
187350,0.5
3575,0.5
46089,0.5
45654,0.5
86363,0.5
220995,0.5
140452,0.5
570,0.5
108899,0.5
171825,0.5
140397,0.5
127965,0.5
185324,0.5
133061,0.5
78923,0.5
200503,0.5
223738,0.5
177503,0.5
189748,0.5
188603,0.5
208564,0.5
189380,0.5
41574,0.5
54670,0.5
91060,0.5
206873,0.5
11901,0.5
19286,0.5
1035,0.5
229171,0.5
178279,0.5
76328,0.5
139225,0.5
50229,0.5
79312,0.5
27988,0.5
213420,0.5
231983,0.5
81348,0.5
9920,0.5
236426,0.5
25450,0.5
234541,0.5
17982,0.5
140649,0.5
81728,0.5
138819,0.5
105118,0.5
126196,0.5
48402,0.5
241480,0.5
129708,0.5
58471,0.5
186840,0.5
125682,0.5
67861,0.5
79219,0.5
42671,0.5
153198,0.5
41133,0.5
48855,0.5
140865,0.5
53605,0.5
84419,0.5
86155,0.5
241286,0.5
21866,0.5
232647,0.5
50744,0.5
13826,0.5
132818,0.5
248562,0.5
240887,0.5
35686,0.5
62636,0.5
243603,0.5
59535,0.5
221949,0.5
120185,0.5
155491,0.5
175853,0.5
243671,0.5
20985,0.5
41069,0.5
29782,0.5
71458,0.5
248911,0.5
124912,0.5
165270,0.5
126009,0.5
133946,0.5
135648,0.5
100951,0.5
88157,0.5
46461,0.5
55950,0.5
183646,0.5
71942,0.5
174170,0.5
17863,0.5
70246,0.5
127798,0.5
76723,0.5
226768,0.5
42611,0.5
112441,0.5
128217,0.5
207723,0.5
96166,0.5
248082,0.5
85071,0.5
635,0.5
236145,0.5
24498,0.5
100930,0.5
188373,0.5
186542,0.5
205488,0.5
214950,0.5
21831,0.5
7613,0.5
167605,0.5
93678,0.5
118768,0.5
134463,0.5
139710,0.5
118957,0.5
136025,0.5
127501,0.5
119440,0.5
197918,0.5
84709,0.5
119404,0.5
186070,0.5
113070,0.5
48452,0.5
62993,0.5
7644,0.5
86707,0.5
73628,0.5
98392,0.5
140784,0.5
10486,0.5
142649,0.5
6781,0.5
118466,0.5
65024,0.5
231125,0.5
215999,0.5
53872,0.5
24791,0.5
185758,0.5
47468,0.5
151314,0.5
236130,0.5
225764,0.5
190166,0.5
223686,0.5
101503,0.5
202248,0.5
66326,0.5
122084,0.5
216586,0.5
87034,0.5
93957,0.5
84308,0.5
129722,0.5
14457,0.5
35017,0.5
169981,0.5
131762,0.5
194521,0.5
167479,0.5
234186,0.5
78162,0.5
124830,0.5
116748,0.5
26151,0.5
5571,0.5
108646,0.5
169290,0.5
160455,0.5
164763,0.5
117948,0.5
79810,0.5
17937,0.5
30508,0.5
224268,0.5
186649,0.5
20868,0.5
50852,0.5
236187,0.5
171596,0.5
198841,0.5
111461,0.5
167911,0.5
32237,0.5
31075,0.5
243352,0.5
167755,0.5
237498,0.5
102158,0.5
130824,0.5
5267,0.5
107673,0.5
116830,0.5
118577,0.5
67971,0.5
110872,0.5
165407,0.5
151971,0.5
214454,0.5
214525,0.5
171535,0.5
141192,0.5
198440,0.5
94625,0.5
93211,0.5
174797,0.5
74812,0.5
39945,0.5
179995,0.5
192989,0.5
248745,0.5
829,0.5
224486,0.5
245960,0.5
237561,0.5
48730,0.5
181152,0.5
101137,0.5
222966,0.5
63835,0.5
224334,0.5
54487,0.5
127739,0.5
36391,0.5
73414,0.5
170771,0.5
98961,0.5
35490,0.5
92325,0.5
14707,0.5
207379,0.5
167403,0.5
163717,0.5
106515,0.5
243222,0.5
220743,0.5
209015,0.5
77550,0.5
155374,0.5
145788,0.5
55642,0.5
221975,0.5
104348,0.5
177825,0.5
200179,0.5
115520,0.5
60708,0.5
121349,0.5
232875,0.5
186246,0.5
44349,0.5
63805,0.5
99649,0.5
69561,0.5
202517,0.5
162449,0.5
221823,0.5
187165,0.5
190032,0.5
151205,0.5
163020,0.5
2373,0.5
205770,0.5
125572,0.5
82693,0.5
61784,0.5
13885,0.5
177731,0.5
38290,0.5
38730,0.5
79153,0.5
188345,0.5
14899,0.5
189347,0.5
180620,0.5
88050,0.5
246091,0.5
58020,0.5
157178,0.5
40151,0.5
11558,0.5
8547,0.5
32491,0.5
177337,0.5
6822,0.5
17111,0.5
182356,0.5
151667,0.5
189365,0.5
116985,0.5
84918,0.5
83223,0.5
61231,0.5
186970,0.5
28494,0.5
164302,0.5
219077,0.5
119754,0.5
34001,0.5
50991,0.5
241785,0.5
191920,0.5
122638,0.5
143867,0.5
246002,0.5
13785,0.5
222813,0.5
174003,0.5
176438,0.5
240053,0.5
1572,0.5
126498,0.5
143429,0.5
84874,0.5
22179,0.5
168061,0.5
24226,0.5
196615,0.5
18294,0.5
149509,0.5
34738,0.5
20197,0.5
221647,0.5
184349,0.5
243212,0.5
18331,0.5
152857,0.5
209604,0.5
189188,0.5
1153,0.5
121799,0.5
10849,0.5
211780,0.5
249885,0.5
192741,0.5
92074,0.5
108750,0.5
164346,0.5
98181,0.5
156353,0.5
56077,0.5
180801,0.5
212629,0.5
165580,0.5
29010,0.5
151936,0.5
121285,0.5
205680,0.5
178960,0.5
242301,0.5
126351,0.5
44600,0.5
197728,0.5
202066,0.5
27954,0.5
208599,0.5
141265,0.5
73483,0.5
56122,0.5
156790,0.5
160445,0.5
213638,0.5
17446,0.5
81912,0.5
236416,0.5
231184,0.5
240708,0.5
7375,0.5
108029,0.5
93234,0.5
127567,0.5
153884,0.5
128656,0.5
221923,0.5
33959,0.5
193316,0.5
195731,0.5
61415,0.5
233310,0.5
192523,0.5
237774,0.5
229802,0.5
19535,0.5
8657,0.5
215543,0.5
68675,0.5
188140,0.5
24238,0.5
187819,0.5
154037,0.5
69666,0.5
183070,0.5
158247,0.5
137967,0.5
237358,0.5
89114,0.5
80560,0.5
31442,0.5
9903,0.5
24434,0.5
185340,0.5
56555,0.5
8564,0.5
164985,0.5
69069,0.5
200878,0.5
226276,0.5
81575,0.5
20201,0.5
160567,0.5
196327,0.5
115896,0.5
32198,0.5
28147,0.5
101376,0.5
243236,0.5
220172,0.5
199166,0.5
246855,0.5
147576,0.5
121117,0.5
37067,0.5
42686,0.5
97196,0.5
163131,0.5
231566,0.5
123747,0.5
180444,0.5
61154,0.5
86778,0.5
52295,0.5
189841,0.5
56490,0.5
158913,0.5
192281,0.5
16749,0.5
179365,0.5
205560,0.5
240138,0.5
57367,0.5
67261,0.5
90654,0.5
230427,0.5
155112,0.5
55104,0.5
174548,0.5
95236,0.5
78718,0.5
3339,0.5
174194,0.5
154029,0.5
170612,0.5
75800,0.5
146083,0.5
187325,0.5
44260,0.5
202239,0.5
140364,0.5
131397,0.5
49546,0.5
61585,0.5
178159,0.5
107448,0.5
62039,0.5
102493,0.5
235179,0.5
159599,0.5
6113,0.5
74493,0.5
210420,0.5
144321,0.5
106951,0.5
194933,0.5
206407,0.5
16344,0.5
58359,0.5
24768,0.5
190834,0.5
158324,0.5
110700,0.5
91188,0.5
42800,0.5
108150,0.5
91303,0.5
124290,0.5
226213,0.5
184593,0.5
221569,0.5
150883,0.5
113080,0.5
57627,0.5
67672,0.5
113211,0.5
8651,0.5
96863,0.5
114240,0.5
102378,0.5
60365,0.5
113145,0.5
65875,0.5
99288,0.5
116330,0.5
97073,0.5
6044,0.5
149331,0.5
157890,0.5
22990,0.5
77413,0.5
21210,0.5
159291,0.5
217214,0.5
170107,0.5
224140,0.5
193137,0.5
21324,0.5
20457,0.5
151203,0.5
193962,0.5
12081,0.5
138683,0.5
233402,0.5
130550,0.5
13155,0.5
108042,0.5
107749,0.5
229968,0.5
55241,0.5
25696,0.5
74711,0.5
29984,0.5
224335,0.5
182897,0.5
34348,0.5
160724,0.5
44785,0.5
14090,0.5
163630,0.5
236017,0.5
50438,0.5
2894,0.5
92014,0.5
176600,0.5
162658,0.5
199705,0.5
80129,0.5
34460,0.5
78775,0.5
170804,0.5
243116,0.5
183045,0.5
79134,0.5
240840,0.5
178133,0.5
249749,0.5
160846,0.5
225615,0.5
130347,0.5
235658,0.5
120629,0.5
219985,0.5
220431,0.5
84288,0.5
178832,0.5
135065,0.5
113765,0.5
199395,0.5
102055,0.5
218318,0.5
229811,0.5
97833,0.5
85107,0.5
105904,0.5
69483,0.5
77816,0.5
77093,0.5
36416,0.5
119803,0.5
240429,0.5
65184,0.5
188982,0.5
147002,0.5
104331,0.5
196697,0.5
151893,0.5
229624,0.5
195249,0.5
232420,0.5
224628,0.5
85751,0.5
92473,0.5
220582,0.5
216855,0.5
73755,0.5
161798,0.5
56856,0.5
116195,0.5
120080,0.5
208670,0.5
39207,0.5
7119,0.5
245196,0.5
91992,0.5
135257,0.5
67747,0.5
111040,0.5
114059,0.5
117252,0.5
43114,0.5
19586,0.5
244855,0.5
27904,0.5
134226,0.5
217992,0.5
230290,0.5
68185,0.5
35513,0.5
183741,0.5
151562,0.5
225968,0.5
100413,0.5
187741,0.5
227653,0.5
78342,0.5
43017,0.5
222370,0.5
39893,0.5
17341,0.5
18780,0.5
143321,0.5
13519,0.5
227560,0.5
47920,0.5
34111,0.5
177882,0.5
39919,0.5
21812,0.5
98321,0.5
228146,0.5
75625,0.5
175833,0.5
81739,0.5
212630,0.5
130776,0.5
198671,0.5
124451,0.5
194318,0.5
123813,0.5
165295,0.5
49738,0.5
100120,0.5
176891,0.5
63234,0.5
110019,0.5
71299,0.5
146331,0.5
65838,0.5
149964,0.5
13396,0.5
56192,0.5
213652,0.5
1936,0.5
174819,0.5
137943,0.5
35143,0.5
220604,0.5
83652,0.5
239566,0.5
101420,0.5
36818,0.5
109145,0.5
85445,0.5
59015,0.5
237738,0.5
79284,0.5
120891,0.5
239649,0.5
241845,0.5
43751,0.5
197741,0.5
150784,0.5
61851,0.5
22455,0.5
167692,0.5
49240,0.5
22563,0.5
171454,0.5
209161,0.5
170089,0.5
25340,0.5
172516,0.5
58994,0.5
172891,0.5
44449,0.5
120162,0.5
28424,0.5
218822,0.5
70840,0.5
114761,0.5
70284,0.5
89394,0.5
13938,0.5
184299,0.5
181881,0.5
135108,0.5
76249,0.5
179772,0.5
172935,0.5
86425,0.5
225346,0.5
80862,0.5
87451,0.5
235249,0.5
130934,0.5
38816,0.5
208425,0.5
120856,0.5
122928,0.5
161361,0.5
98637,0.5
216725,0.5
181000,0.5
236447,0.5
187384,0.5
58122,0.5
189135,0.5
95054,0.5
237843,0.5
12195,0.5
43070,0.5
118411,0.5
153738,0.5
180887,0.5
210076,0.5
221267,0.5
146564,0.5
77020,0.5
187148,0.5
157133,0.5
191791,0.5
198996,0.5
204179,0.5
85342,0.5
184204,0.5
110272,0.5
213945,0.5
31817,0.5
162697,0.5
46262,0.5
23191,0.5
156301,0.5
210670,0.5
18396,0.5
146630,0.5
249997,0.5
98265,0.5
130688,0.5
178513,0.5
227133,0.5
103736,0.5
162058,0.5
161985,0.5
173803,0.5
21057,0.5
162251,0.5
202860,0.5
212958,0.5
232373,0.5
179466,0.5
12441,0.5
95891,0.5
4999,0.5
81332,0.5
79573,0.5
112416,0.5
246837,0.5
35329,0.5
155034,0.5
227077,0.5
197958,0.5
155219,0.5
54187,0.5
199437,0.5
400,0.5
177642,0.5
167071,0.5
117341,0.5
144392,0.5
147525,0.5
181221,0.5
174221,0.5
199158,0.5
101919,0.5
139779,0.5
57277,0.5
59666,0.5
242507,0.5
2641,0.5
143930,0.5
29676,0.5
225464,0.5
10660,0.5
124076,0.5
64169,0.5
64666,0.5
108,0.5
167719,0.5
135181,0.5
137370,0.5
191969,0.5
52957,0.5
56437,0.5
90896,0.5
85047,0.5
5854,0.5
48885,0.5
217874,0.5
146248,0.5
100300,0.5
12214,0.5
134404,0.5
54507,0.5
106047,0.5
33183,0.5
50808,0.5
10778,0.5
134333,0.5
236956,0.5
152390,0.5
128900,0.5
152134,0.5
28964,0.5
165217,0.5
34899,0.5
73861,0.5
141027,0.5
189326,0.5
100361,0.5
130727,0.5
148890,0.5
197893,0.5
33642,0.5
38937,0.5
45698,0.5
66536,0.5
96267,0.5
116067,0.5
113189,0.5
135616,0.5
86144,0.5
103247,0.5
88289,0.5
121797,0.5
223276,0.5
12908,0.5
231476,0.5
61298,0.5
76540,0.5
141171,0.5
48489,0.5
155093,0.5
133638,0.5
45657,0.5
167586,0.5
50472,0.5
61759,0.5
249026,0.5
209346,0.5
118755,0.5
146406,0.5
207821,0.5
74661,0.5
118970,0.5
233445,0.5
73283,0.5
226878,0.5
231160,0.5
184691,0.5
188599,0.5
95826,0.5
122475,0.5
141214,0.5
141473,0.5
138210,0.5
196332,0.5
193418,0.5
228474,0.5
9226,0.5
223886,0.5
175994,0.5
151575,0.5
169035,0.5
151226,0.5
27449,0.5
226032,0.5
213124,0.5
241073,0.5
178868,0.5
193288,0.5
113002,0.5
76051,0.5
100382,0.5
33237,0.5
240931,0.5
55646,0.5
74578,0.5
205014,0.5
84696,0.5
191778,0.5
180523,0.5
108085,0.5
32154,0.5
75915,0.5
137684,0.5
26898,0.5
189687,0.5
115857,0.5
132839,0.5
174845,0.5
234286,0.5
49572,0.5
97574,0.5
114741,0.5
89677,0.5
189125,0.5
118693,0.5
164405,0.5
138170,0.5
16111,0.5
2283,0.5
30155,0.5
201920,0.5
65806,0.5
246141,0.5
169497,0.5
78014,0.5
119858,0.5
59260,0.5
218475,0.5
194470,0.5
45563,0.5
133850,0.5
162248,0.5
84390,0.5
161021,0.5
51460,0.5
76550,0.5
121769,0.5
240417,0.5
21142,0.5
84906,0.5
96742,0.5
19456,0.5
49317,0.5
63539,0.5
153993,0.5
140645,0.5
106764,0.5
39224,0.5
72923,0.5
169079,0.5
227304,0.5
4512,0.5
24040,0.5
99621,0.5
167996,0.5
171318,0.5
211733,0.5
41937,0.5
56735,0.5
157295,0.5
94944,0.5
226385,0.5
111377,0.5
83982,0.5
211083,0.5
183832,0.5
193098,0.5
243841,0.5
105664,0.5
57630,0.5
234580,0.5
183026,0.5
93899,0.5
126423,0.5
70122,0.5
168217,0.5
196247,0.5
3126,0.5
23499,0.5
173324,0.5
4473,0.5
17910,0.5
248693,0.5
134477,0.5
186960,0.5
22627,0.5
125866,0.5
50235,0.5
167876,0.5
182944,0.5
7517,0.5
16796,0.5
61568,0.5
63723,0.5
79694,0.5
40058,0.5
33523,0.5
96189,0.5
162839,0.5
78604,0.5
71002,0.5
80217,0.5
49817,0.5
134398,0.5
207758,0.5
22747,0.5
49866,0.5
208708,0.5
53776,0.5
228367,0.5
127111,0.5
60547,0.5
159566,0.5
17935,0.5
160463,0.5
159670,0.5
46724,0.5
83012,0.5
85950,0.5
184751,0.5
21624,0.5
146398,0.5
220039,0.5
114887,0.5
235526,0.5
169930,0.5
199919,0.5
210163,0.5
42498,0.5
112813,0.5
248129,0.5
153302,0.5
152881,0.5
241961,0.5
58938,0.5
182559,0.5
163135,0.5
80191,0.5
58277,0.5
166920,0.5
87803,0.5
96348,0.5
242789,0.5
35962,0.5
23305,0.5
50175,0.5
151377,0.5
153005,0.5
76917,0.5
89212,0.5
151468,0.5
64930,0.5
32897,0.5
78345,0.5
106008,0.5
44405,0.5
52925,0.5
54903,0.5
35331,0.5
186799,0.5
128068,0.5
59879,0.5
66092,0.5
176194,0.5
52371,0.5
6913,0.5
224016,0.5
204503,0.5
122073,0.5
65764,0.5
193643,0.5
9687,0.5
27244,0.5
130286,0.5
166026,0.5
96014,0.5
96837,0.5
74477,0.5
156965,0.5
44966,0.5
116624,0.5
57121,0.5
4338,0.5
126388,0.5
10018,0.5
162044,0.5
139875,0.5
27884,0.5
9091,0.5
78050,0.5
194365,0.5
226429,0.5
9759,0.5
153782,0.5
183910,0.5
132216,0.5
40996,0.5
120465,0.5
238144,0.5
59598,0.5
81601,0.5
20716,0.5
49853,0.5
228804,0.5
28486,0.5
124979,0.5
69087,0.5
102326,0.5
162390,0.5
249019,0.5
37663,0.5
103699,0.5
233322,0.5
166561,0.5
177231,0.5
112151,0.5
183440,0.5
68518,0.5
114964,0.5
127834,0.5
91478,0.5
13122,0.5
197188,0.5
221838,0.5
107051,0.5
137204,0.5
45761,0.5
132941,0.5
249257,0.5
71434,0.5
142090,0.5
96408,0.5
24046,0.5
98037,0.5
230842,0.5
200674,0.5
209872,0.5
18712,0.5
229199,0.5
31099,0.5
90857,0.5
214250,0.5
119811,0.5
226081,0.5
13470,0.5
47721,0.5
164875,0.5
121637,0.5
15824,0.5
215216,0.5
45999,0.5
49126,0.5
129422,0.5
111259,0.5
61050,0.5
51421,0.5
147066,0.5
36980,0.5
232415,0.5
59118,0.5
229046,0.5
191155,0.5
248902,0.5
204964,0.5
13860,0.5
170917,0.5
4885,0.5
222015,0.5
50585,0.5
102391,0.5
148717,0.5
203262,0.5
226402,0.5
192015,0.5
136068,0.5
152628,0.5
78219,0.5
50584,0.5
89169,0.5
83550,0.5
190298,0.5
81584,0.5
142659,0.5
61153,0.5
174746,0.5
137557,0.5
75084,0.5
3788,0.5
204245,0.5
131172,0.5
146131,0.5
242221,0.5
138283,0.5
220662,0.5
96223,0.5
58719,0.5
75634,0.5
229144,0.5
49641,0.5
33105,0.5
95094,0.5
224634,0.5
228448,0.5
204391,0.5
125822,0.5
108886,0.5
192653,0.5
113237,0.5
213041,0.5
99284,0.5
167742,0.5
112202,0.5
216222,0.5
127112,0.5
212532,0.5
161753,0.5
184164,0.5
147563,0.5
69513,0.5
154614,0.5
26530,0.5
21196,0.5
81721,0.5
206222,0.5
141321,0.5
124210,0.5
228698,0.5
189172,0.5
176626,0.5
247847,0.5
23929,0.5
215368,0.5
162136,0.5
127581,0.5
123868,0.5
57343,0.5
175068,0.5
102707,0.5
187705,0.5
27499,0.5
45515,0.5
200098,0.5
171273,0.5
140869,0.5
124871,0.5
64369,0.5
76777,0.5
23689,0.5
83025,0.5
164234,0.5
78701,0.5
210778,0.5
32053,0.5
134973,0.5
1890,0.5
89404,0.5
33606,0.5
107351,0.5
163561,0.5
248007,0.5
162141,0.5
42913,0.5
241873,0.5
213180,0.5
68025,0.5
75087,0.5
198650,0.5
221659,0.5
89201,0.5
30004,0.5
15879,0.5
211891,0.5
9885,0.5
100563,0.5
157221,0.5
56196,0.5
4628,0.5
78631,0.5
132262,0.5
7790,0.5
243358,0.5
168381,0.5
211840,0.5
45800,0.5
47432,0.5
17104,0.5
34660,0.5
114281,0.5
40251,0.5
118150,0.5
185739,0.5
131826,0.5
25020,0.5
174752,0.5
177185,0.5
194115,0.5
175154,0.5
239902,0.5
218058,0.5
28888,0.5
71052,0.5
109451,0.5
114592,0.5
82514,0.5
109330,0.5
41074,0.5
64015,0.5
129512,0.5
198341,0.5
223753,0.5
47896,0.5
135647,0.5
24964,0.5
220094,0.5
110953,0.5
245237,0.5
211734,0.5
26152,0.5
201489,0.5
71021,0.5
51970,0.5
111879,0.5
36528,0.5
13724,0.5
216967,0.5
10227,0.5
118003,0.5
102638,0.5
203365,0.5
131847,0.5
27500,0.5
11924,0.5
99433,0.5
15512,0.5
173960,0.5
225687,0.5
49212,0.5
46735,0.5
201064,0.5
54433,0.5
179484,0.5
188560,0.5
63319,0.5
126706,0.5
116511,0.5
195641,0.5
51002,0.5
69043,0.5
204204,0.5
134710,0.5
230568,0.5
248845,0.5
100608,0.5
3606,0.5
27149,0.5
139580,0.5
214926,0.5
31168,0.5
221515,0.5
236731,0.5
17483,0.5
195778,0.5
154699,0.5
103658,0.5
37568,0.5
99204,0.5
134646,0.5
238511,0.5
67707,0.5
41591,0.5
178489,0.5
83862,0.5
59176,0.5
236219,0.5
132569,0.5
67968,0.5
129447,0.5
129282,0.5
172060,0.5
212218,0.5
224145,0.5
213846,0.5
209369,0.5
3886,0.5
190862,0.5
196173,0.5
62076,0.5
225624,0.5
125856,0.5
170281,0.5
44729,0.5
58578,0.5
62417,0.5
94109,0.5
63949,0.5
10757,0.5
108772,0.5
202605,0.5
77878,0.5
221736,0.5
151550,0.5
91809,0.5
56058,0.5
146684,0.5
141212,0.5
51308,0.5
48827,0.5
52826,0.5
147693,0.5
137258,0.5
42516,0.5
72999,0.5
193358,0.5
212352,0.5
156539,0.5
96728,0.5
130101,0.5
244511,0.5
41805,0.5
26723,0.5
18544,0.5
156345,0.5
65661,0.5
207108,0.5
78325,0.5
37763,0.5
55546,0.5
188512,0.5
169197,0.5
45536,0.5
57311,0.5
103993,0.5
227572,0.5
151332,0.5
73852,0.5
6137,0.5
29211,0.5
41902,0.5
177932,0.5
96612,0.5
214480,0.5
174331,0.5
86767,0.5
40595,0.5
245716,0.5
5807,0.5
236380,0.5
124907,0.5
170267,0.5
196755,0.5
123341,0.5
32595,0.5
230863,0.5
217225,0.5
63590,0.5
174773,0.5
214521,0.5
98956,0.5
77363,0.5
213058,0.5
225260,0.5
222508,0.5
19579,0.5
40148,0.5
193101,0.5
20781,0.5
63571,0.5
90735,0.5
26707,0.5
10100,0.5
44927,0.5
105848,0.5
246483,0.5
176579,0.5
111634,0.5
143031,0.5
32508,0.5
58145,0.5
175258,0.5
161572,0.5
42120,0.5
240067,0.5
41353,0.5
231665,0.5
127039,0.5
66631,0.5
22581,0.5
99577,0.5
11796,0.5
199460,0.5
66498,0.5
27996,0.5
199126,0.5
66795,0.5
232862,0.5
28256,0.5
12571,0.5
204913,0.5
202364,0.5
195720,0.5
189084,0.5
112306,0.5
112576,0.5
198992,0.5
82314,0.5
65976,0.5
109093,0.5
23924,0.5
238633,0.5
149954,0.5
105284,0.5
100980,0.5
91323,0.5
83872,0.5
94462,0.5
243434,0.5
233230,0.5
154095,0.5
217127,0.5
39044,0.5
59214,0.5
40604,0.5
118839,0.5
60935,0.5
27776,0.5
177159,0.5
145012,0.5
9247,0.5
33279,0.5
44307,0.5
134216,0.5
140546,0.5
179838,0.5
141799,0.5
46347,0.5
226149,0.5
47548,0.5
76974,0.5
237387,0.5
51924,0.5
57035,0.5
64425,0.5
58672,0.5
59459,0.5
7849,0.5
60674,0.5
97770,0.5
157389,0.5
155924,0.5
62989,0.5
223391,0.5
84445,0.5
92327,0.5
239226,0.5
135408,0.5
71503,0.5
179923,0.5
44030,0.5
202824,0.5
82374,0.5
221663,0.5
166275,0.5
244493,0.5
22278,0.5
247579,0.5
147467,0.5
246116,0.5
49425,0.5
25013,0.5
70914,0.5
218772,0.5
33512,0.5
219748,0.5
2984,0.5
52026,0.5
88388,0.5
132098,0.5
14226,0.5
103032,0.5
81545,0.5
86207,0.5
3026,0.5
223969,0.5
123325,0.5
191706,0.5
159568,0.5
41451,0.5
227179,0.5
67260,0.5
59277,0.5
23998,0.5
196285,0.5
91850,0.5
203591,0.5
225857,0.5
243817,0.5
180169,0.5
111442,0.5
150023,0.5
25060,0.5
212419,0.5
40694,0.5
72502,0.5
31321,0.5
106146,0.5
247644,0.5
36083,0.5
138519,0.5
154994,0.5
67567,0.5
36460,0.5
21262,0.5
80916,0.5
212617,0.5
18340,0.5
39004,0.5
36985,0.5
240353,0.5
133511,0.5
118538,0.5
27687,0.5
184792,0.5
115051,0.5
173778,0.5
157084,0.5
52051,0.5
207940,0.5
181977,0.5
35730,0.5
156588,0.5
158401,0.5
107895,0.5
42922,0.5
22325,0.5
92000,0.5
153354,0.5
83257,0.5
224446,0.5
133653,0.5
95427,0.5
90415,0.5
235820,0.5
170599,0.5
47513,0.5
95736,0.5
138155,0.5
115320,0.5
245830,0.5
68820,0.5
9473,0.5
124343,0.5
239424,0.5
152231,0.5
228112,0.5
48235,0.5
91912,0.5
128165,0.5
54103,0.5
86995,0.5
14193,0.5
49358,0.5
197605,0.5
181958,0.5
139277,0.5
157517,0.5
186162,0.5
163615,0.5
223718,0.5
53660,0.5
77296,0.5
193823,0.5
145058,0.5
235469,0.5
144285,0.5
16332,0.5
222333,0.5
72076,0.5
235328,0.5
133399,0.5
4456,0.5
104514,0.5
25473,0.5
168772,0.5
110140,0.5
38238,0.5
147918,0.5
52829,0.5
10847,0.5
163508,0.5
121616,0.5
134539,0.5
205393,0.5
81952,0.5
37533,0.5
148165,0.5
179514,0.5
184014,0.5
230310,0.5
19168,0.5
4230,0.5
153931,0.5
75328,0.5
169184,0.5
194137,0.5
236730,0.5
97107,0.5
191042,0.5
178781,0.5
154049,0.5
210841,0.5
182677,0.5
75531,0.5
47805,0.5
243365,0.5
121939,0.5
193889,0.5
30548,0.5
143282,0.5
16193,0.5
194136,0.5
86792,0.5
208852,0.5
73097,0.5
1364,0.5
152394,0.5
237905,0.5
225672,0.5
245764,0.5
71722,0.5
32230,0.5
167090,0.5
1305,0.5
120604,0.5
121509,0.5
16368,0.5
10970,0.5
175160,0.5
233944,0.5
125720,0.5
4925,0.5
213106,0.5
10881,0.5
219075,0.5
167056,0.5
247648,0.5
8538,0.5
230488,0.5
35342,0.5
211899,0.5
192952,0.5
102334,0.5
191370,0.5
99791,0.5
191049,0.5
162354,0.5
227879,0.5
138172,0.5
221494,0.5
77798,0.5
224846,0.5
43686,0.5
143541,0.5
133305,0.5
176188,0.5
76971,0.5
142637,0.5
189085,0.5
56428,0.5
63935,0.5
3179,0.5
47094,0.5
65623,0.5
14277,0.5
111535,0.5
25195,0.5
115150,0.5
222683,0.5
106931,0.5
242203,0.5
115769,0.5
51003,0.5
244152,0.5
81420,0.5
93400,0.5
85377,0.5
212969,0.5
39882,0.5
141555,0.5
175939,0.5
215574,0.5
123819,0.5
20371,0.5
5032,0.5
124609,0.5
122054,0.5
45391,0.5
125070,0.5
211814,0.5
36282,0.5
442,0.5
214814,0.5
180004,0.5
14354,0.5
203580,0.5
56686,0.5
38568,0.5
55827,0.5
117977,0.5
90079,0.5
61722,0.5
33107,0.5
129945,0.5
48696,0.5
158853,0.5
175490,0.5
89595,0.5
89223,0.5
165097,0.5
161591,0.5
167532,0.5
81683,0.5
37501,0.5
144027,0.5
17168,0.5
109575,0.5
104302,0.5
121357,0.5
152249,0.5
22997,0.5
19866,0.5
218638,0.5
57026,0.5
26587,0.5
18343,0.5
26081,0.5
147068,0.5
123257,0.5
138310,0.5
118206,0.5
130489,0.5
100642,0.5
120096,0.5
182543,0.5
216338,0.5
47386,0.5
122927,0.5
142624,0.5
197972,0.5
134493,0.5
131894,0.5
4164,0.5
199,0.5
213259,0.5
17590,0.5
53281,0.5
174176,0.5
146769,0.5
229934,0.5
203791,0.5
248199,0.5
61701,0.5
108045,0.5
142053,0.5
81693,0.5
15154,0.5
136118,0.5
225416,0.5
205300,0.5
218437,0.5
223158,0.5
46779,0.5
144222,0.5
127931,0.5
40029,0.5
7373,0.5
248653,0.5
83200,0.5
110256,0.5
175915,0.5
52292,0.5
213613,0.5
246848,0.5
21297,0.5
56411,0.5
17063,0.5
174674,0.5
153309,0.5
72461,0.5
11524,0.5
153088,0.5
211017,0.5
108843,0.5
199428,0.5
223837,0.5
81407,0.5
125837,0.5
19796,0.5
148893,0.5
191402,0.5
234820,0.5
145326,0.5
12979,0.5
87326,0.5
213973,0.5
110086,0.5
217480,0.5
22228,0.5
81998,0.5
17241,0.5
216112,0.5
24186,0.5
39093,0.5
182101,0.5
81830,0.5
197370,0.5
130378,0.5
186607,0.5
168398,0.5
5727,0.5
105140,0.5
183055,0.5
74816,0.5
97463,0.5
223650,0.5
218757,0.5
155100,0.5
203180,0.5
231017,0.5
203951,0.5
155868,0.5
128925,0.5
98238,0.5
85748,0.5
222647,0.5
79004,0.5
179239,0.5
249007,0.5
111026,0.5
186210,0.5
194456,0.5
184345,0.5
12556,0.5
171673,0.5
84619,0.5
25080,0.5
95394,0.5
16873,0.5
205215,0.5
166608,0.5
194610,0.5
68201,0.5
1289,0.5
134791,0.5
128380,0.5
73356,0.5
223427,0.5
70305,0.5
240064,0.5
210289,0.5
197138,0.5
120277,0.5
78754,0.5
32461,0.5
47160,0.5
242505,0.5
119104,0.5
67598,0.5
27864,0.5
89229,0.5
112391,0.5
78657,0.5
44846,0.5
132085,0.5
64275,0.5
85968,0.5
28287,0.5
64162,0.5
106464,0.5
228222,0.5
84271,0.5
16010,0.5
227774,0.5
2774,0.5
166569,0.5
58071,0.5
45457,0.5
247463,0.5
179535,0.5
15108,0.5
202611,0.5
227400,0.5
162546,0.5
103811,0.5
162593,0.5
21481,0.5
15964,0.5
60,0.5
44295,0.5
196329,0.5
200994,0.5
196008,0.5
113216,0.5
108688,0.5
138807,0.5
207688,0.5
148319,0.5
219535,0.5
84466,0.5
240153,0.5
240669,0.5
132432,0.5
74334,0.5
137197,0.5
118867,0.5
139110,0.5
219544,0.5
111656,0.5
62635,0.5
200200,0.5
19810,0.5
37704,0.5
9171,0.5
63756,0.5
66358,0.5
124701,0.5
4306,0.5
141426,0.5
211789,0.5
239544,0.5
4373,0.5
124685,0.5
207304,0.5
44083,0.5
237409,0.5
6118,0.5
180009,0.5
159694,0.5
246988,0.5
97098,0.5
225248,0.5
114791,0.5
83867,0.5
216484,0.5
186384,0.5
187873,0.5
170968,0.5
103302,0.5
149736,0.5
56200,0.5
46853,0.5
160126,0.5
147908,0.5
224430,0.5
198648,0.5
231601,0.5
157189,0.5
185703,0.5
226752,0.5
20696,0.5
162478,0.5
204462,0.5
236350,0.5
43040,0.5
198778,0.5
171774,0.5
113894,0.5
128861,0.5
150658,0.5
247928,0.5
23167,0.5
136348,0.5
241352,0.5
46611,0.5
247514,0.5
208090,0.5
85083,0.5
135314,0.5
30167,0.5
97239,0.5
208893,0.5
238853,0.5
136308,0.5
97684,0.5
21978,0.5
40018,0.5
214053,0.5
56767,0.5
245802,0.5
101680,0.5
175225,0.5
45409,0.5
123880,0.5
143134,0.5
153890,0.5
73726,0.5
220020,0.5
55795,0.5
44273,0.5
48960,0.5
48810,0.5
56985,0.5
85142,0.5
219366,0.5
98609,0.5
17839,0.5
67817,0.5
46588,0.5
14712,0.5
197898,0.5
132986,0.5
164929,0.5
245673,0.5
233868,0.5
90905,0.5
11198,0.5
187885,0.5
191033,0.5
83247,0.5
244835,0.5
178928,0.5
137690,0.5
92762,0.5
76040,0.5
38846,0.5
142655,0.5
73165,0.5
131624,0.5
148654,0.5
93737,0.5
221832,0.5
212901,0.5
153297,0.5
157466,0.5
64558,0.5
33259,0.5
104642,0.5
199912,0.5
177565,0.5
189775,0.5
40768,0.5
219890,0.5
139359,0.5
90379,0.5
164350,0.5
149766,0.5
61065,0.5
129286,0.5
127370,0.5
17707,0.5
62478,0.5
57330,0.5
69469,0.5
6083,0.5
76283,0.5
115136,0.5
242326,0.5
51222,0.5
39805,0.5
215416,0.5
202710,0.5
65315,0.5
48941,0.5
28712,0.5
187508,0.5
145827,0.5
56585,0.5
173890,0.5
152574,0.5
88314,0.5
59718,0.5
236946,0.5
614,0.5
239987,0.5
212280,0.5
239795,0.5
83236,0.5
188707,0.5
122704,0.5
199464,0.5
240233,0.5
46003,0.5
123448,0.5
52808,0.5
74411,0.5
87957,0.5
228880,0.5
52464,0.5
73609,0.5
225335,0.5
213428,0.5
143603,0.5
102581,0.5
191220,0.5
133468,0.5
61454,0.5
184633,0.5
207619,0.5
53328,0.5
163167,0.5
243266,0.5
186291,0.5
128944,0.5
213705,0.5
2527,0.5
166254,0.5
110034,0.5
106526,0.5
75192,0.5
45466,0.5
145398,0.5
17889,0.5
92448,0.5
16041,0.5
248190,0.5
186857,0.5
168715,0.5
77060,0.5
241938,0.5
26657,0.5
202207,0.5
86138,0.5
18919,0.5
167757,0.5
1683,0.5
246171,0.5
142037,0.5
94020,0.5
18581,0.5
66573,0.5
38527,0.5
85507,0.5
183545,0.5
109508,0.5
46354,0.5
220242,0.5
212172,0.5
219060,0.5
16507,0.5
234597,0.5
154574,0.5
78192,0.5
46910,0.5
66720,0.5
219009,0.5
32184,0.5
174057,0.5
183201,0.5
109229,0.5
217518,0.5
46708,0.5
107930,0.5
72173,0.5
200500,0.5
27812,0.5
229937,0.5
14761,0.5
56748,0.5
249977,0.5
10043,0.5
96113,0.5
243356,0.5
2422,0.5
162487,0.5
100385,0.5
46913,0.5
17479,0.5
196325,0.5
49131,0.5
230999,0.5
61729,0.5
114792,0.5
80895,0.5
107457,0.5
145569,0.5
106819,0.5
224220,0.5
68143,0.5
35150,0.5
184880,0.5
33371,0.5
45474,0.5
134727,0.5
102645,0.5
111736,0.5
211627,0.5
106739,0.5
141753,0.5
246024,0.5
15481,0.5
228819,0.5
102754,0.5
218895,0.5
175764,0.5
164969,0.5
47824,0.5
211202,0.5
45034,0.5
83546,0.5
88299,0.5
162844,0.5
214198,0.5
222485,0.5
191626,0.5
191677,0.5
88187,0.5
191037,0.5
167119,0.5
180628,0.5
155940,0.5
40645,0.5
146450,0.5
54005,0.5
213458,0.5
26592,0.5
8866,0.5
199374,0.5
181353,0.5
105898,0.5
226790,0.5
188740,0.5
91065,0.5
52565,0.5
176957,0.5
176624,0.5
194682,0.5
54682,0.5
125612,0.5
12459,0.5
61229,0.5
170811,0.5
48972,0.5
80819,0.5
86835,0.5
185969,0.5
219685,0.5
110625,0.5
44998,0.5
121641,0.5
196528,0.5
90920,0.5
177802,0.5
235267,0.5
58945,0.5
93819,0.5
13300,0.5
52644,0.5
162473,0.5
196906,0.5
126032,0.5
227026,0.5
115199,0.5
159728,0.5
42286,0.5
155390,0.5
2776,0.5
218317,0.5
35591,0.5
109490,0.5
185222,0.5
197588,0.5
248964,0.5
27447,0.5
212828,0.5
177425,0.5
70021,0.5
180159,0.5
23439,0.5
52958,0.5
123480,0.5
16156,0.5
150539,0.5
85295,0.5
211326,0.5
31585,0.5
3301,0.5
228363,0.5
9535,0.5
164354,0.5
12930,0.5
226970,0.5
60270,0.5
32567,0.5
30841,0.5
188781,0.5
157572,0.5
31545,0.5
51131,0.5
177245,0.5
126358,0.5
172537,0.5
162691,0.5
237183,0.5
148782,0.5
97887,0.5
137900,0.5
249465,0.5
129024,0.5
29449,0.5
162146,0.5
135788,0.5
57609,0.5
47659,0.5
14688,0.5
29480,0.5
191489,0.5
97954,0.5
35188,0.5
195477,0.5
158353,0.5
156093,0.5
173741,0.5
235947,0.5
116341,0.5
1372,0.5
171724,0.5
60450,0.5
74522,0.5
160328,0.5
91668,0.5
144431,0.5
195512,0.5
240870,0.5
6841,0.5
196466,0.5
218577,0.5
98057,0.5
127873,0.5
35467,0.5
42194,0.5
153755,0.5
238946,0.5
38682,0.5
5602,0.5
209203,0.5
233550,0.5
15276,0.5
99487,0.5
146700,0.5
161729,0.5
243587,0.5
240974,0.5
230053,0.5
136770,0.5
10990,0.5
162469,0.5
210246,0.5
81792,0.5
46785,0.5
189817,0.5
38427,0.5
34105,0.5
109014,0.5
8045,0.5
71788,0.5
230223,0.5
66643,0.5
19118,0.5
232219,0.5
128524,0.5
19551,0.5
169593,0.5
3841,0.5
145484,0.5
14997,0.5
63859,0.5
3008,0.5
28845,0.5
220317,0.5
185912,0.5
59187,0.5
41140,0.5
160160,0.5
162405,0.5
227050,0.5
1767,0.5
121374,0.5
248534,0.5
2584,0.5
52801,0.5
191126,0.5
84377,0.5
175329,0.5
76087,0.5
72373,0.5
43029,0.5
238905,0.5
152424,0.5
135005,0.5
95004,0.5
17976,0.5
161164,0.5
12292,0.5
157051,0.5
65563,0.5
247174,0.5
175579,0.5
18387,0.5
210473,0.5
229235,0.5
3823,0.5
204882,0.5
140334,0.5
237679,0.5
113961,0.5
17562,0.5
78005,0.5
42160,0.5
180031,0.5
33441,0.5
11003,0.5
213249,0.5
213792,0.5
157918,0.5
114740,0.5
208192,0.5
199145,0.5
11504,0.5
188250,0.5
40849,0.5
149425,0.5
193544,0.5
85247,0.5
148569,0.5
230174,0.5
243824,0.5
204195,0.5
124577,0.5
209576,0.5
30607,0.5
248804,0.5
9666,0.5
71317,0.5
235858,0.5
3757,0.5
144849,0.5
165468,0.5
36138,0.5
70834,0.5
82922,0.5
87958,0.5
147219,0.5
14740,0.5
52260,0.5
3551,0.5
15777,0.5
230218,0.5
18693,0.5
90360,0.5
133179,0.5
76843,0.5
191779,0.5
176634,0.5
218934,0.5
22111,0.5
12762,0.5
168849,0.5
247052,0.5
93155,0.5
178791,0.5
13666,0.5
45748,0.5
26598,0.5
63297,0.5
102147,0.5
111108,0.5
7525,0.5
201674,0.5
186606,0.5
211156,0.5
68287,0.5
176660,0.5
233336,0.5
176381,0.5
183410,0.5
31288,0.5
236201,0.5
89745,0.5
142765,0.5
216358,0.5
166470,0.5
234045,0.5
16875,0.5
98955,0.5
158937,0.5
213412,0.5
191840,0.5
52201,0.5
53521,0.5
188438,0.5
26257,0.5
150106,0.5
236016,0.5
74021,0.5
37608,0.5
33376,0.5
83500,0.5
194358,0.5
97610,0.5
228581,0.5
83028,0.5
203293,0.5
188652,0.5
33483,0.5
57397,0.5
174941,0.5
158039,0.5
173168,0.5
27344,0.5
99836,0.5
18960,0.5
3585,0.5
154373,0.5
109666,0.5
227341,0.5
178855,0.5
151077,0.5
7560,0.5
153459,0.5
161980,0.5
148871,0.5
102318,0.5
205541,0.5
163916,0.5
90526,0.5
220256,0.5
120833,0.5
42327,0.5
189539,0.5
204215,0.5
41554,0.5
20727,0.5
9683,0.5
183144,0.5
212152,0.5
70832,0.5
120111,0.5
56179,0.5
209483,0.5
46956,0.5
239409,0.5
112837,0.5
236191,0.5
123833,0.5
55091,0.5
3798,0.5
151067,0.5
73103,0.5
49827,0.5
110476,0.5
238837,0.5
106074,0.5
136962,0.5
49234,0.5
149812,0.5
123686,0.5
84647,0.5
141584,0.5
149125,0.5
115323,0.5
120521,0.5
92616,0.5
244917,0.5
199669,0.5
188315,0.5
159565,0.5
101014,0.5
124083,0.5
15297,0.5
197648,0.5
225522,0.5
70848,0.5
167609,0.5
183800,0.5
185036,0.5
208190,0.5
203187,0.5
195622,0.5
111252,0.5
81995,0.5
10386,0.5
111908,0.5
56042,0.5
21360,0.5
127964,0.5
198498,0.5
235677,0.5
126355,0.5
196290,0.5
117593,0.5
158289,0.5
43726,0.5
122495,0.5
171263,0.5
124869,0.5
84523,0.5
91575,0.5
43340,0.5
54096,0.5
79815,0.5
90990,0.5
18479,0.5
9775,0.5
217984,0.5
76698,0.5
159938,0.5
80483,0.5
48159,0.5
153140,0.5
184584,0.5
130624,0.5
122028,0.5
1006,0.5
109497,0.5
91788,0.5
73715,0.5
50280,0.5
164740,0.5
145573,0.5
54647,0.5
54717,0.5
129328,0.5
66139,0.5
170228,0.5
199411,0.5
187659,0.5
206217,0.5
138868,0.5
201646,0.5
105047,0.5
10114,0.5
153693,0.5
155232,0.5
1923,0.5
53434,0.5
71566,0.5
224082,0.5
41068,0.5
19232,0.5
107204,0.5
152200,0.5
17267,0.5
49259,0.5
61293,0.5
209605,0.5
64969,0.5
234283,0.5
115847,0.5
4337,0.5
48939,0.5
31781,0.5
136872,0.5
170433,0.5
124336,0.5
239048,0.5
218696,0.5
226093,0.5
242191,0.5
12940,0.5
133634,0.5
10780,0.5
53490,0.5
120402,0.5
82427,0.5
138929,0.5
180901,0.5
174420,0.5
131408,0.5
110656,0.5
189476,0.5
138250,0.5
223640,0.5
242421,0.5
155916,0.5
91062,0.5
156821,0.5
177446,0.5
129633,0.5
90582,0.5
153232,0.5
222611,0.5
77420,0.5
221168,0.5
48745,0.5
27293,0.5
84428,0.5
50826,0.5
104519,0.5
29810,0.5
41493,0.5
187840,0.5
211128,0.5
68684,0.5
100462,0.5
203753,0.5
231792,0.5
242559,0.5
130923,0.5
192442,0.5
4805,0.5
5005,0.5
201987,0.5
32444,0.5
105752,0.5
190578,0.5
101264,0.5
17358,0.5
142737,0.5
19861,0.5
5172,0.5
238599,0.5
91070,0.5
127452,0.5
100306,0.5
17259,0.5
34963,0.5
230043,0.5
139932,0.5
188040,0.5
108737,0.5
51135,0.5
221337,0.5
133280,0.5
189381,0.5
205040,0.5
225327,0.5
124740,0.5
196558,0.5
49243,0.5
248978,0.5
176044,0.5
150569,0.5
216401,0.5
223624,0.5
101989,0.5
3402,0.5
50506,0.5
34886,0.5
106461,0.5
217413,0.5
222768,0.5
85064,0.5
246532,0.5
156610,0.5
157531,0.5
24098,0.5
176766,0.5
29430,0.5
197128,0.5
66114,0.5
29904,0.5
237953,0.5
145240,0.5
79471,0.5
158384,0.5
33374,0.5
142629,0.5
136640,0.5
169678,0.5
142215,0.5
147052,0.5
77427,0.5
84783,0.5
234166,0.5
95769,0.5
107228,0.5
166662,0.5
47162,0.5
87193,0.5
144140,0.5
115052,0.5
180593,0.5
202366,0.5
158627,0.5
113068,0.5
224233,0.5
167865,0.5
47402,0.5
189107,0.5
125734,0.5
233886,0.5
165252,0.5
85378,0.5
150832,0.5
47360,0.5
225718,0.5
82083,0.5
90893,0.5
153287,0.5
104023,0.5
174478,0.5
151356,0.5
146778,0.5
49834,0.5
209874,0.5
198466,0.5
77460,0.5
49789,0.5
200836,0.5
81832,0.5
191943,0.5
248363,0.5
222149,0.5
194004,0.5
73767,0.5
97948,0.5
210092,0.5
240099,0.5
245731,0.5
202380,0.5
134737,0.5
22585,0.5
124134,0.5
120772,0.5
249773,0.5
81685,0.5
236119,0.5
121257,0.5
192588,0.5
125907,0.5
118213,0.5
219605,0.5
40311,0.5
153995,0.5
51433,0.5
184754,0.5
103179,0.5
59252,0.5
190071,0.5
80049,0.5
11255,0.5
64460,0.5
55992,0.5
236365,0.5
217384,0.5
214069,0.5
174575,0.5
174897,0.5
82531,0.5
40726,0.5
64127,0.5
172255,0.5
11687,0.5
58753,0.5
193179,0.5
180814,0.5
103557,0.5
175701,0.5
199227,0.5
135642,0.5
155489,0.5
44756,0.5
147526,0.5
86304,0.5
177384,0.5
95037,0.5
127831,0.5
106972,0.5
244882,0.5
237486,0.5
38886,0.5
175743,0.5
42559,0.5
147211,0.5
54747,0.5
16435,0.5
140524,0.5
9785,0.5
28798,0.5
112176,0.5
102386,0.5
60685,0.5
33177,0.5
134995,0.5
132374,0.5
142244,0.5
109012,0.5
246415,0.5
196078,0.5
32062,0.5
229320,0.5
110275,0.5
98125,0.5
163343,0.5
11281,0.5
129522,0.5
106093,0.5
180531,0.5
44300,0.5
36095,0.5
176034,0.5
165175,0.5
217661,0.5
132290,0.5
20084,0.5
146701,0.5
119090,0.5
248258,0.5
38478,0.5
179748,0.5
36311,0.5
231750,0.5
116279,0.5
144771,0.5
199517,0.5
90646,0.5
76545,0.5
11582,0.5
121518,0.5
218243,0.5
97910,0.5
87928,0.5
61170,0.5
144224,0.5
75904,0.5
236596,0.5
79480,0.5
145253,0.5
89023,0.5
60859,0.5
137982,0.5
56059,0.5
44714,0.5
7462,0.5
157246,0.5
111100,0.5
56328,0.5
119408,0.5
130349,0.5
189024,0.5
41108,0.5
97096,0.5
115838,0.5
34267,0.5
246015,0.5
11386,0.5
201826,0.5
159553,0.5
34497,0.5
217293,0.5
99970,0.5
41475,0.5
176814,0.5
139607,0.5
103214,0.5
84851,0.5
33876,0.5
235116,0.5
96647,0.5
78662,0.5
105457,0.5
57899,0.5
46685,0.5
73655,0.5
15864,0.5
34774,0.5
42446,0.5
170620,0.5
209705,0.5
17626,0.5
221585,0.5
222878,0.5
138709,0.5
246308,0.5
68550,0.5
11975,0.5
186613,0.5
205126,0.5
101222,0.5
125854,0.5
118866,0.5
166372,0.5
162940,0.5
236784,0.5
191356,0.5
152753,0.5
116809,0.5
112057,0.5
41065,0.5
128117,0.5
141649,0.5
246198,0.5
4986,0.5
23697,0.5
152918,0.5
114094,0.5
95000,0.5
38554,0.5
8102,0.5
220704,0.5
153389,0.5
27619,0.5
143074,0.5
67334,0.5
247780,0.5
46612,0.5
78291,0.5
40978,0.5
73280,0.5
18599,0.5
45387,0.5
149822,0.5
6131,0.5
50488,0.5
5420,0.5
133992,0.5
152861,0.5
119535,0.5
157622,0.5
154571,0.5
183417,0.5
191650,0.5
249865,0.5
66177,0.5
184784,0.5
31439,0.5
155934,0.5
14773,0.5
10435,0.5
145611,0.5
41122,0.5
246484,0.5
221361,0.5
131349,0.5
241392,0.5
143552,0.5
121034,0.5
112105,0.5
133261,0.5
154912,0.5
169533,0.5
109940,0.5
104978,0.5
102827,0.5
84204,0.5
61708,0.5
142035,0.5
63503,0.5
154828,0.5
188723,0.5
49864,0.5
13036,0.5
183823,0.5
88851,0.5
161313,0.5
84907,0.5
102769,0.5
23816,0.5
36534,0.5
203505,0.5
81850,0.5
120888,0.5
221651,0.5
31921,0.5
10294,0.5
206815,0.5
186715,0.5
100549,0.5
7736,0.5
82243,0.5
23714,0.5
20268,0.5
110956,0.5
238202,0.5
64406,0.5
48057,0.5
172667,0.5
101237,0.5
148808,0.5
60324,0.5
116584,0.5
68811,0.5
111066,0.5
85746,0.5
40758,0.5
124942,0.5
219900,0.5
227695,0.5
142449,0.5
143549,0.5
60265,0.5
86909,0.5
231929,0.5
228400,0.5
143584,0.5
242880,0.5
149368,0.5
47305,0.5
72506,0.5
6043,0.5
216876,0.5
176345,0.5
249139,0.5
210462,0.5
155714,0.5
203495,0.5
18664,0.5
9640,0.5
227980,0.5
119663,0.5
110299,0.5
33110,0.5
99347,0.5
32182,0.5
221097,0.5
130632,0.5
40747,0.5
207571,0.5
244473,0.5
152743,0.5
98875,0.5
7141,0.5
19985,0.5
47914,0.5
13878,0.5
41871,0.5
59833,0.5
94631,0.5
144013,0.5
205703,0.5
162052,0.5
207893,0.5
169377,0.5
226773,0.5
42924,0.5
209674,0.5
113560,0.5
99197,0.5
20898,0.5
224052,0.5
242332,0.5
137416,0.5
190908,0.5
231539,0.5
224657,0.5
55357,0.5
88782,0.5
97841,0.5
43895,0.5
33930,0.5
158362,0.5
143242,0.5
165453,0.5
112196,0.5
4486,0.5
4602,0.5
31256,0.5
194692,0.5
238129,0.5
217361,0.5
53295,0.5
114707,0.5
65831,0.5
82584,0.5
201969,0.5
182699,0.5
230570,0.5
59655,0.5
247993,0.5
55339,0.5
229140,0.5
46510,0.5
177430,0.5
22186,0.5
685,0.5
54449,0.5
151830,0.5
172958,0.5
221229,0.5
80153,0.5
214618,0.5
184799,0.5
74595,0.5
181817,0.5
91209,0.5
135135,0.5
193615,0.5
112738,0.5
171477,0.5
135072,0.5
160541,0.5
185621,0.5
136189,0.5
242116,0.5
202623,0.5
190447,0.5
147542,0.5
242443,0.5
63919,0.5
147688,0.5
100117,0.5
67152,0.5
65147,0.5
150379,0.5
86201,0.5
156148,0.5
175888,0.5
159505,0.5
203409,0.5
6655,0.5
188346,0.5
16383,0.5
20983,0.5
190070,0.5
133957,0.5
130317,0.5
27159,0.5
66500,0.5
14872,0.5
44168,0.5
108370,0.5
24316,0.5
137995,0.5
175341,0.5
211966,0.5
62905,0.5
127750,0.5
134099,0.5
122193,0.5
136305,0.5
104705,0.5
240481,0.5
46404,0.5
225527,0.5
159861,0.5
205665,0.5
195148,0.5
235151,0.5
93593,0.5
37391,0.5
159892,0.5
102090,0.5
204565,0.5
98345,0.5
61122,0.5
196600,0.5
75513,0.5
44854,0.5
176841,0.5
228348,0.5
96022,0.5
2722,0.5
172898,0.5
38402,0.5
28980,0.5
111988,0.5
135164,0.5
20351,0.5
214154,0.5
17796,0.5
234976,0.5
246418,0.5
203328,0.5
36156,0.5
22981,0.5
198891,0.5
4562,0.5
100359,0.5
192951,0.5
245096,0.5
136750,0.5
59744,0.5
189640,0.5
212916,0.5
215243,0.5
35664,0.5
248023,0.5
136149,0.5
86112,0.5
225706,0.5
130859,0.5
112777,0.5
99309,0.5
132011,0.5
122573,0.5
87348,0.5
100087,0.5
7585,0.5
115730,0.5
112935,0.5
52676,0.5
115915,0.5
152809,0.5
88044,0.5
236329,0.5
101231,0.5
101586,0.5
75232,0.5
39944,0.5
110125,0.5
106937,0.5
80903,0.5
159782,0.5
22725,0.5
123074,0.5
57016,0.5
8777,0.5
143176,0.5
135048,0.5
163505,0.5
186474,0.5
33465,0.5
63644,0.5
88780,0.5
199150,0.5
44829,0.5
142555,0.5
15425,0.5
121326,0.5
242120,0.5
240913,0.5
178155,0.5
85534,0.5
166867,0.5
194928,0.5
96383,0.5
186941,0.5
53965,0.5
37964,0.5
21403,0.5
57340,0.5
5319,0.5
201198,0.5
84757,0.5
4943,0.5
182698,0.5
80087,0.5
39346,0.5
246955,0.5
118625,0.5
101468,0.5
222261,0.5
111181,0.5
22828,0.5
34831,0.5
5187,0.5
242255,0.5
216805,0.5
132638,0.5
20520,0.5
145942,0.5
108678,0.5
60176,0.5
74731,0.5
196904,0.5
152459,0.5
173831,0.5
56408,0.5
151620,0.5
51552,0.5
136978,0.5
175292,0.5
93216,0.5
60025,0.5
149945,0.5
109487,0.5
33190,0.5
190555,0.5
164734,0.5
163254,0.5
155981,0.5
76309,0.5
106097,0.5
160288,0.5
173577,0.5
46764,0.5
47944,0.5
218182,0.5
89585,0.5
36588,0.5
37019,0.5
66124,0.5
191586,0.5
119261,0.5
28226,0.5
26102,0.5
118744,0.5
188969,0.5
138699,0.5
59818,0.5
120676,0.5
90650,0.5
150528,0.5
195432,0.5
23124,0.5
1921,0.5
212624,0.5
152102,0.5
100655,0.5
175986,0.5
15135,0.5
29236,0.5
145406,0.5
7958,0.5
18583,0.5
121358,0.5
22955,0.5
189218,0.5
39492,0.5
229312,0.5
200138,0.5
158590,0.5
72155,0.5
227093,0.5
40960,0.5
39078,0.5
121179,0.5
1610,0.5
131802,0.5
181993,0.5
106934,0.5
941,0.5
33429,0.5
5951,0.5
197073,0.5
122029,0.5
245109,0.5
99307,0.5
68308,0.5
197579,0.5
126363,0.5
59379,0.5
13704,0.5
96096,0.5
44060,0.5
184454,0.5
37009,0.5
249288,0.5
218912,0.5
86348,0.5
137798,0.5
30500,0.5
228097,0.5
197298,0.5
69823,0.5
109006,0.5
99146,0.5
178853,0.5
156076,0.5
132695,0.5
93193,0.5
108738,0.5
65670,0.5
232480,0.5
21999,0.5
174184,0.5
47757,0.5
163388,0.5
219661,0.5
142528,0.5
218055,0.5
29786,0.5
117994,0.5
163016,0.5
56016,0.5
164832,0.5
202586,0.5
82398,0.5
81178,0.5
177142,0.5
129474,0.5
5898,0.5
6384,0.5
5735,0.5
186969,0.5
146120,0.5
135759,0.5
11502,0.5
6322,0.5
176789,0.5
126220,0.5
171242,0.5
152315,0.5
190560,0.5
159768,0.5
30718,0.5
18216,0.5
27680,0.5
117295,0.5
247623,0.5
41840,0.5
157667,0.5
95238,0.5
112098,0.5
55696,0.5
2588,0.5
88034,0.5
29734,0.5
117449,0.5
41698,0.5
99854,0.5
146935,0.5
108176,0.5
146730,0.5
246857,0.5
125396,0.5
58706,0.5
45656,0.5
143177,0.5
191232,0.5
174174,0.5
139107,0.5
142217,0.5
169462,0.5
64283,0.5
96133,0.5
186966,0.5
133926,0.5
191973,0.5
213010,0.5
114434,0.5
238712,0.5
113522,0.5
184483,0.5
103149,0.5
204327,0.5
181362,0.5
85618,0.5
131218,0.5
137112,0.5
52659,0.5
76084,0.5
30706,0.5
186075,0.5
16481,0.5
138967,0.5
46492,0.5
152884,0.5
219973,0.5
237857,0.5
93782,0.5
141558,0.5
189418,0.5
86703,0.5
249628,0.5
79594,0.5
26323,0.5
17679,0.5
207862,0.5
243269,0.5
106779,0.5
152498,0.5
90972,0.5
85502,0.5
37219,0.5
240945,0.5
160602,0.5
48201,0.5
188439,0.5
181008,0.5
197879,0.5
158394,0.5
233061,0.5
36892,0.5
125783,0.5
224993,0.5
145100,0.5
70039,0.5
83751,0.5
36037,0.5
66439,0.5
244083,0.5
30866,0.5
55213,0.5
26297,0.5
136511,0.5
104211,0.5
230463,0.5
211617,0.5
113956,0.5
247305,0.5
68021,0.5
215906,0.5
245051,0.5
220354,0.5
32316,0.5
190206,0.5
93159,0.5
29715,0.5
172530,0.5
24449,0.5
177955,0.5
170265,0.5
248913,0.5
81631,0.5
216636,0.5
218773,0.5
53640,0.5
54396,0.5
45205,0.5
195564,0.5
59701,0.5
220216,0.5
147388,0.5
148081,0.5
174215,0.5
163502,0.5
75837,0.5
134922,0.5
140438,0.5
17424,0.5
165439,0.5
114625,0.5
17874,0.5
60932,0.5
201726,0.5
149627,0.5
156428,0.5
56446,0.5
247809,0.5
107289,0.5
59583,0.5
80757,0.5
173757,0.5
192524,0.5
56162,0.5
96829,0.5
81082,0.5
242145,0.5
169657,0.5
248720,0.5
90297,0.5
68248,0.5
120260,0.5
47572,0.5
245304,0.5
235361,0.5
82619,0.5
74034,0.5
87391,0.5
234251,0.5
226976,0.5
23624,0.5
145725,0.5
44176,0.5
48513,0.5
204938,0.5
143209,0.5
190645,0.5
144232,0.5
35212,0.5
127582,0.5
80738,0.5
95411,0.5
29894,0.5
147650,0.5
106025,0.5
100539,0.5
213733,0.5
121297,0.5
229437,0.5
208106,0.5
90474,0.5
121221,0.5
86162,0.5
31977,0.5
228384,0.5
140382,0.5
132397,0.5
214375,0.5
1275,0.5
2873,0.5
41629,0.5
103467,0.5
112520,0.5
211207,0.5
180916,0.5
163605,0.5
243150,0.5
120012,0.5
55328,0.5
97972,0.5
210307,0.5
15585,0.5
238360,0.5
132073,0.5
231015,0.5
161642,0.5
53015,0.5
152734,0.5
130746,0.5
160007,0.5
111300,0.5
20190,0.5
192534,0.5
201432,0.5
32834,0.5
100332,0.5
3017,0.5
247785,0.5
182460,0.5
119066,0.5
80797,0.5
229562,0.5
113632,0.5
87549,0.5
101267,0.5
79941,0.5
123997,0.5
169563,0.5
156280,0.5
51810,0.5
23580,0.5
47729,0.5
192652,0.5
42209,0.5
165677,0.5
182575,0.5
238957,0.5
177061,0.5
7201,0.5
167172,0.5
20036,0.5
99481,0.5
156107,0.5
249032,0.5
217363,0.5
84198,0.5
77691,0.5
126281,0.5
87890,0.5
234125,0.5
90557,0.5
237811,0.5
50127,0.5
242679,0.5
94168,0.5
106438,0.5
79426,0.5
207913,0.5
222317,0.5
68005,0.5
45937,0.5
229305,0.5
199280,0.5
170057,0.5
47495,0.5
25668,0.5
216031,0.5
226936,0.5
175897,0.5
154694,0.5
131984,0.5
58894,0.5
21056,0.5
206708,0.5
228300,0.5
184054,0.5
249370,0.5
142149,0.5
11954,0.5
354,0.5
222453,0.5
78522,0.5
135888,0.5
199008,0.5
177331,0.5
53589,0.5
199654,0.5
212480,0.5
162763,0.5
165337,0.5
28293,0.5
105356,0.5
195125,0.5
17149,0.5
69063,0.5
5161,0.5
79620,0.5
33306,0.5
54308,0.5
247275,0.5
62634,0.5
156952,0.5
140388,0.5
150680,0.5
217326,0.5
209794,0.5
134860,0.5
136097,0.5
3346,0.5
53129,0.5
210839,0.5
206906,0.5
14702,0.5
35085,0.5
234250,0.5
245035,0.5
109358,0.5
186375,0.5
42421,0.5
181180,0.5
162372,0.5
123494,0.5
62872,0.5
23133,0.5
201116,0.5
17005,0.5
45835,0.5
157876,0.5
115386,0.5
56226,0.5
177333,0.5
119750,0.5
196061,0.5
36518,0.5
217680,0.5
104807,0.5
12241,0.5
152793,0.5
216099,0.5
161939,0.5
71944,0.5
35523,0.5
103650,0.5
167691,0.5
1385,0.5
152833,0.5
70446,0.5
20748,0.5
234543,0.5
132951,0.5
7710,0.5
7409,0.5
210145,0.5
237365,0.5
152230,0.5
73238,0.5
131712,0.5
202306,0.5
177695,0.5
151307,0.5
42565,0.5
87080,0.5
63937,0.5
208746,0.5
136267,0.5
138331,0.5
99935,0.5
34604,0.5
72189,0.5
86482,0.5
67689,0.5
104368,0.5
149053,0.5
24189,0.5
111102,0.5
95780,0.5
154821,0.5
239481,0.5
95130,0.5
100858,0.5
113869,0.5
80912,0.5
84086,0.5
235988,0.5
177275,0.5
246470,0.5
213343,0.5
189472,0.5
40353,0.5
96178,0.5
240810,0.5
84922,0.5
224848,0.5
125971,0.5
104381,0.5
91288,0.5
137113,0.5
35797,0.5
98148,0.5
9709,0.5
143951,0.5
219974,0.5
156159,0.5
920,0.5
236990,0.5
109151,0.5
9233,0.5
132988,0.5
112277,0.5
110105,0.5
218944,0.5
117594,0.5
9971,0.5
241691,0.5
109721,0.5
164600,0.5
31793,0.5
48795,0.5
242473,0.5
226337,0.5
189110,0.5
203485,0.5
34988,0.5
218518,0.5
199615,0.5
150842,0.5
30378,0.5
213985,0.5
167668,0.5
36397,0.5
23290,0.5
33097,0.5
141219,0.5
178709,0.5
225245,0.5
148169,0.5
166719,0.5
66815,0.5
76066,0.5
137353,0.5
120142,0.5
113118,0.5
179402,0.5
238782,0.5
93622,0.5
5550,0.5
62181,0.5
222150,0.5
185524,0.5
97963,0.5
235835,0.5
131087,0.5
70597,0.5
246800,0.5
74639,0.5
86255,0.5
30336,0.5
61100,0.5
135376,0.5
8568,0.5
179266,0.5
219750,0.5
102484,0.5
150557,0.5
72484,0.5
143744,0.5
52329,0.5
83412,0.5
228455,0.5
117706,0.5
4609,0.5
224207,0.5
29698,0.5
228955,0.5
86431,0.5
170230,0.5
181696,0.5
204147,0.5
41553,0.5
169261,0.5
97573,0.5
236296,0.5
75818,0.5
155437,0.5
75849,0.5
112373,0.5
79709,0.5
233612,0.5
224020,0.5
161258,0.5
8945,0.5
14321,0.5
31359,0.5
35149,0.5
193329,0.5
58119,0.5
66115,0.5
221538,0.5
108791,0.5
165246,0.5
1297,0.5
241599,0.5
180310,0.5
108687,0.5
230966,0.5
63495,0.5
59864,0.5
138152,0.5
117135,0.5
92350,0.5
184646,0.5
96207,0.5
234940,0.5
121068,0.5
65305,0.5
224980,0.5
72967,0.5
179731,0.5
247353,0.5
131424,0.5
193537,0.5
80749,0.5
165888,0.5
82920,0.5
83603,0.5
90644,0.5
148570,0.5
155556,0.5
153112,0.5
151695,0.5
89309,0.5
124445,0.5
138186,0.5
59995,0.5
123485,0.5
186124,0.5
63981,0.5
39350,0.5
61964,0.5
43769,0.5
247653,0.5
24632,0.5
3711,0.5
66774,0.5
37248,0.5
141409,0.5
69364,0.5
85879,0.5
229899,0.5
104742,0.5
32395,0.5
118884,0.5
113089,0.5
36606,0.5
78255,0.5
46398,0.5
225254,0.5
75240,0.5
106049,0.5
114398,0.5
29245,0.5
9594,0.5
38482,0.5
115529,0.5
148110,0.5
142982,0.5
181611,0.5
189458,0.5
102979,0.5
180759,0.5
194345,0.5
229185,0.5
110429,0.5
42510,0.5
14012,0.5
233269,0.5
205199,0.5
109465,0.5
209044,0.5
52177,0.5
193421,0.5
131050,0.5
178716,0.5
32994,0.5
240955,0.5
150409,0.5
73903,0.5
177675,0.5
5849,0.5
57971,0.5
114957,0.5
117677,0.5
40784,0.5
152700,0.5
176639,0.5
109340,0.5
47030,0.5
164787,0.5
177393,0.5
77517,0.5
234312,0.5
183675,0.5
60245,0.5
117718,0.5
104293,0.5
223157,0.5
69542,0.5
200653,0.5
96881,0.5
142303,0.5
16862,0.5
243602,0.5
67818,0.5
188496,0.5
185315,0.5
31590,0.5
109357,0.5
90687,0.5
109743,0.5
228960,0.5
179246,0.5
196662,0.5
103937,0.5
135570,0.5
118913,0.5
140154,0.5
92227,0.5
235573,0.5
37253,0.5
99486,0.5
93411,0.5
128101,0.5
26815,0.5
119345,0.5
120822,0.5
242224,0.5
57935,0.5
108057,0.5
154921,0.5
90674,0.5
159541,0.5
183733,0.5
205204,0.5
211436,0.5
181610,0.5
237595,0.5
232864,0.5
65628,0.5
47439,0.5
31786,0.5
65746,0.5
117764,0.5
97340,0.5
133762,0.5
33791,0.5
117952,0.5
203154,0.5
38869,0.5
108739,0.5
134795,0.5
31884,0.5
119789,0.5
102693,0.5
242834,0.5
103128,0.5
145190,0.5
44566,0.5
134927,0.5
238140,0.5
124949,0.5
143323,0.5
4676,0.5
12837,0.5
233266,0.5
22556,0.5
69474,0.5
113365,0.5
110878,0.5
84729,0.5
64345,0.5
155039,0.5
26346,0.5
54824,0.5
125417,0.5
184328,0.5
108423,0.5
71589,0.5
221666,0.5
182013,0.5
53213,0.5
248016,0.5
70772,0.5
88333,0.5
214367,0.5
62350,0.5
34363,0.5
198840,0.5
239537,0.5
98907,0.5
74366,0.5
59624,0.5
119897,0.5
19247,0.5
157082,0.5
228733,0.5
237900,0.5
77185,0.5
42254,0.5
120533,0.5
160260,0.5
9266,0.5
153034,0.5
42973,0.5
217657,0.5
94748,0.5
53250,0.5
189306,0.5
96107,0.5
77584,0.5
192449,0.5
177748,0.5
214270,0.5
40070,0.5
98453,0.5
124641,0.5
203391,0.5
87936,0.5
65372,0.5
209430,0.5
237585,0.5
104859,0.5
188145,0.5
242913,0.5
195729,0.5
186112,0.5
163163,0.5
98259,0.5
9489,0.5
171268,0.5
200076,0.5
56601,0.5
129628,0.5
3297,0.5
212165,0.5
184097,0.5
216666,0.5
69265,0.5
83271,0.5
164620,0.5
112194,0.5
68667,0.5
123282,0.5
206061,0.5
68719,0.5
166491,0.5
155006,0.5
2446,0.5
30535,0.5
33726,0.5
1811,0.5
26035,0.5
45047,0.5
159412,0.5
244548,0.5
23577,0.5
245001,0.5
8037,0.5
169691,0.5
12681,0.5
126133,0.5
43468,0.5
117597,0.5
39397,0.5
167784,0.5
10267,0.5
22694,0.5
138779,0.5
190697,0.5
90281,0.5
70823,0.5
30503,0.5
54042,0.5
23612,0.5
144625,0.5
132013,0.5
175663,0.5
79954,0.5
208392,0.5
134274,0.5
115725,0.5
70309,0.5
61178,0.5
72453,0.5
231029,0.5
36345,0.5
33398,0.5
197378,0.5
24142,0.5
40673,0.5
225705,0.5
245705,0.5
104529,0.5
159868,0.5
192666,0.5
205866,0.5
47774,0.5
226392,0.5
245510,0.5
176684,0.5
230491,0.5
132086,0.5
105488,0.5
8403,0.5
39546,0.5
57033,0.5
213036,0.5
218067,0.5
139109,0.5
203885,0.5
30805,0.5
57504,0.5
101729,0.5
197205,0.5
243090,0.5
224173,0.5
111707,0.5
110894,0.5
128833,0.5
189659,0.5
218623,0.5
216115,0.5
39237,0.5
66490,0.5
1281,0.5
122906,0.5
143770,0.5
70979,0.5
246643,0.5
33476,0.5
17093,0.5
3530,0.5
32751,0.5
211348,0.5
52967,0.5
83070,0.5
216041,0.5
247986,0.5
201430,0.5
50556,0.5
233033,0.5
248857,0.5
163897,0.5
4283,0.5
220355,0.5
144167,0.5
157740,0.5
195950,0.5
126887,0.5
120040,0.5
621,0.5
106466,0.5
28717,0.5
147971,0.5
32376,0.5
141598,0.5
87438,0.5
67606,0.5
209329,0.5
98066,0.5
31649,0.5
212667,0.5
94681,0.5
79975,0.5
129353,0.5
227456,0.5
22825,0.5
18432,0.5
159347,0.5
55460,0.5
79629,0.5
109196,0.5
205692,0.5
137910,0.5
172697,0.5
100592,0.5
22012,0.5
12194,0.5
31366,0.5
77194,0.5
126665,0.5
63109,0.5
42631,0.5
223955,0.5
93262,0.5
46722,0.5
61239,0.5
246102,0.5
115836,0.5
106885,0.5
30051,0.5
151343,0.5
167105,0.5
190580,0.5
188908,0.5
218877,0.5
25810,0.5
76297,0.5
132996,0.5
95483,0.5
29384,0.5
185666,0.5
35023,0.5
66083,0.5
171426,0.5
111622,0.5
86380,0.5
247068,0.5
167252,0.5
2355,0.5
199970,0.5
29665,0.5
97614,0.5
18698,0.5
153227,0.5
109794,0.5
132360,0.5
1091,0.5
7650,0.5
153106,0.5
186334,0.5
129378,0.5
46031,0.5
173189,0.5
105099,0.5
248670,0.5
18436,0.5
113302,0.5
86722,0.5
232031,0.5
227296,0.5
174983,0.5
158653,0.5
1021,0.5
159969,0.5
174402,0.5
72003,0.5
52268,0.5
71523,0.5
207691,0.5
187351,0.5
4300,0.5
245061,0.5
241255,0.5
7115,0.5
12144,0.5
168546,0.5
60682,0.5
246912,0.5
195250,0.5
115507,0.5
64207,0.5
105657,0.5
126013,0.5
64449,0.5
199348,0.5
101398,0.5
50114,0.5
130561,0.5
203231,0.5
67389,0.5
26874,0.5
200751,0.5
38029,0.5
77665,0.5
71454,0.5
46029,0.5
141573,0.5
35931,0.5
101635,0.5
154512,0.5
9206,0.5
13270,0.5
65934,0.5
120643,0.5
128600,0.5
231364,0.5
215760,0.5
197740,0.5
100166,0.5
241991,0.5
249875,0.5
170264,0.5
26132,0.5
87183,0.5
167546,0.5
173385,0.5
249605,0.5
101758,0.5
218797,0.5
33004,0.5
12718,0.5
64578,0.5
2751,0.5
96097,0.5
135216,0.5
17610,0.5
31990,0.5
140454,0.5
130370,0.5
64548,0.5
15811,0.5
245127,0.5
78758,0.5
167481,0.5
236469,0.5
102987,0.5
56789,0.5
216762,0.5
143970,0.5
28884,0.5
180087,0.5
15042,0.5
122954,0.5
191310,0.5
104696,0.5
183156,0.5
128026,0.5
167321,0.5
45392,0.5
50736,0.5
72289,0.5
22030,0.5
210902,0.5
126318,0.5
2378,0.5
90245,0.5
83816,0.5
184745,0.5
53631,0.5
46139,0.5
208478,0.5
130893,0.5
19922,0.5
80465,0.5
242600,0.5
215850,0.5
136023,0.5
245756,0.5
206448,0.5
85540,0.5
79091,0.5
232297,0.5
199212,0.5
72532,0.5
103835,0.5
107060,0.5
127616,0.5
206714,0.5
180248,0.5
124291,0.5
165477,0.5
184414,0.5
248488,0.5
100397,0.5
210714,0.5
162095,0.5
72947,0.5
45601,0.5
171204,0.5
30227,0.5
120334,0.5
10879,0.5
168197,0.5
66763,0.5
121354,0.5
61670,0.5
4134,0.5
220222,0.5
186545,0.5
92604,0.5
58041,0.5
117629,0.5
218291,0.5
212116,0.5
114311,0.5
16628,0.5
192491,0.5
50889,0.5
54149,0.5
2854,0.5
75336,0.5
158603,0.5
100149,0.5
225997,0.5
49685,0.5
88601,0.5
196319,0.5
28970,0.5
25319,0.5
110883,0.5
98689,0.5
57678,0.5
57763,0.5
76220,0.5
135764,0.5
73913,0.5
104261,0.5
144134,0.5
198323,0.5
172688,0.5
206551,0.5
205200,0.5
143156,0.5
225995,0.5
214048,0.5
212143,0.5
33148,0.5
92978,0.5
24191,0.5
66661,0.5
218123,0.5
184059,0.5
52872,0.5
53524,0.5
136058,0.5
50216,0.5
64523,0.5
145661,0.5
245086,0.5
224166,0.5
220195,0.5
49608,0.5
91986,0.5
90350,0.5
147470,0.5
30818,0.5
228514,0.5
122450,0.5
102189,0.5
197142,0.5
141908,0.5
53940,0.5
134946,0.5
128667,0.5
7756,0.5
58561,0.5
176501,0.5
223405,0.5
186909,0.5
48724,0.5
186785,0.5
194987,0.5
219468,0.5
159188,0.5
103939,0.5
143446,0.5
145880,0.5
227363,0.5
81414,0.5
221147,0.5
72411,0.5
238547,0.5
226019,0.5
232678,0.5
213370,0.5
17432,0.5
148492,0.5
104495,0.5
213221,0.5
72556,0.5
136432,0.5
101616,0.5
21338,0.5
133094,0.5
227575,0.5
214404,0.5
231567,0.5
80010,0.5
160763,0.5
231250,0.5
232067,0.5
194464,0.5
123759,0.5
87476,0.5
10564,0.5
29889,0.5
108961,0.5
234741,0.5
45607,0.5
142342,0.5
159620,0.5
162503,0.5
38843,0.5
85300,0.5
48117,0.5
197727,0.5
146522,0.5
63041,0.5
186321,0.5
61102,0.5
34510,0.5
69245,0.5
78683,0.5
140941,0.5
29884,0.5
2396,0.5
146842,0.5
185286,0.5
226753,0.5
133842,0.5
62928,0.5
184708,0.5
231924,0.5
30295,0.5
146177,0.5
94211,0.5
152885,0.5
162768,0.5
114318,0.5
187932,0.5
185637,0.5
93307,0.5
136130,0.5
102879,0.5
100949,0.5
174238,0.5
144881,0.5
128098,0.5
97379,0.5
123996,0.5
133629,0.5
185210,0.5
233582,0.5
70903,0.5
126712,0.5
71802,0.5
242253,0.5
16720,0.5
32930,0.5
124215,0.5
218457,0.5
2314,0.5
221475,0.5
54635,0.5
232582,0.5
30618,0.5
75813,0.5
224547,0.5
141807,0.5
60190,0.5
231973,0.5
141987,0.5
185966,0.5
33090,0.5
206496,0.5
204262,0.5
63827,0.5
63077,0.5
139871,0.5
68693,0.5
210244,0.5
98694,0.5
199389,0.5
11489,0.5
24330,0.5
19177,0.5
189863,0.5
89807,0.5
9837,0.5
44356,0.5
225428,0.5
155458,0.5
41769,0.5
93890,0.5
21391,0.5
155723,0.5
92396,0.5
188006,0.5
55501,0.5
241592,0.5
92522,0.5
136256,0.5
169199,0.5
222979,0.5
139889,0.5
157392,0.5
82019,0.5
53167,0.5
209561,0.5
187276,0.5
232947,0.5
228431,0.5
32604,0.5
167890,0.5
171427,0.5
106905,0.5
158388,0.5
245362,0.5
74695,0.5
112278,0.5
22499,0.5
177933,0.5
234995,0.5
187416,0.5
71453,0.5
118535,0.5
93959,0.5
25211,0.5
96405,0.5
16208,0.5
38758,0.5
35137,0.5
190236,0.5
55040,0.5
220191,0.5
200770,0.5
194660,0.5
35698,0.5
196548,0.5
143857,0.5
197385,0.5
27690,0.5
189727,0.5
249733,0.5
176755,0.5
215256,0.5
5070,0.5
171706,0.5
138818,0.5
203050,0.5
205851,0.5
161889,0.5
134501,0.5
242746,0.5
155517,0.5
126741,0.5
123052,0.5
117357,0.5
140480,0.5
146675,0.5
192974,0.5
180722,0.5
161794,0.5
125043,0.5
20561,0.5
14517,0.5
125017,0.5
196705,0.5
10178,0.5
21660,0.5
163431,0.5
165331,0.5
242795,0.5
33269,0.5
40632,0.5
158496,0.5
115380,0.5
118240,0.5
98286,0.5
95207,0.5
211307,0.5
27726,0.5
157165,0.5
14843,0.5
221934,0.5
92378,0.5
124535,0.5
116590,0.5
237675,0.5
111824,0.5
23818,0.5
68476,0.5
164280,0.5
245770,0.5
132843,0.5
209114,0.5
108316,0.5
46274,0.5
237492,0.5
227837,0.5
58349,0.5
215652,0.5
81722,0.5
224085,0.5
65369,0.5
172971,0.5
147207,0.5
92202,0.5
88455,0.5
191089,0.5
215954,0.5
62810,0.5
112241,0.5
134637,0.5
232310,0.5
105292,0.5
242445,0.5
5501,0.5
171012,0.5
241475,0.5
189760,0.5
14039,0.5
121749,0.5
136532,0.5
101840,0.5
184583,0.5
211660,0.5
28667,0.5
210554,0.5
178409,0.5
79935,0.5
21286,0.5
102152,0.5
128653,0.5
135746,0.5
106105,0.5
188432,0.5
240983,0.5
95601,0.5
107303,0.5
203452,0.5
182612,0.5
248103,0.5
203069,0.5
192143,0.5
215302,0.5
161745,0.5
175396,0.5
59086,0.5
226825,0.5
69111,0.5
111506,0.5
51741,0.5
64780,0.5
150437,0.5
192684,0.5
161535,0.5
247149,0.5
41322,0.5
28584,0.5
107689,0.5
77186,0.5
102210,0.5
160068,0.5
223715,0.5
34762,0.5
133597,0.5
48278,0.5
230732,0.5
83252,0.5
176564,0.5
138231,0.5
195903,0.5
203875,0.5
207287,0.5
161955,0.5
23297,0.5
161146,0.5
24328,0.5
31934,0.5
89873,0.5
140670,0.5
200676,0.5
92757,0.5
151920,0.5
237596,0.5
233444,0.5
169500,0.5
25807,0.5
161296,0.5
176007,0.5
151355,0.5
123627,0.5
179798,0.5
47420,0.5
161506,0.5
23467,0.5
135901,0.5
244731,0.5
107067,0.5
58399,0.5
233767,0.5
14932,0.5
45469,0.5
199760,0.5
241442,0.5
51254,0.5
238536,0.5
66630,0.5
116425,0.5
181057,0.5
232803,0.5
202737,0.5
198805,0.5
28032,0.5
206898,0.5
97619,0.5
225728,0.5
244644,0.5
117507,0.5
38438,0.5
232057,0.5
116081,0.5
57509,0.5
189146,0.5
231827,0.5
49211,0.5
166285,0.5
182425,0.5
33321,0.5
181398,0.5
59991,0.5
241804,0.5
192578,0.5
66454,0.5
163537,0.5
50166,0.5
121334,0.5
131195,0.5
11426,0.5
71481,0.5
17210,0.5
154633,0.5
230160,0.5
24524,0.5
163952,0.5
174734,0.5
116956,0.5
143072,0.5
200596,0.5
234243,0.5
245761,0.5
52590,0.5
134387,0.5
78228,0.5
130373,0.5
249103,0.5
242482,0.5
239884,0.5
216797,0.5
204229,0.5
113903,0.5
107958,0.5
99037,0.5
5909,0.5
248180,0.5
133408,0.5
114444,0.5
234847,0.5
57672,0.5
48220,0.5
182971,0.5
24275,0.5
31103,0.5
34355,0.5
98986,0.5
141889,0.5
73365,0.5
82703,0.5
132488,0.5
178231,0.5
125341,0.5
69844,0.5
132787,0.5
109217,0.5
211771,0.5
67226,0.5
108924,0.5
157856,0.5
61965,0.5
206820,0.5
146990,0.5
85182,0.5
24272,0.5
23513,0.5
179946,0.5
52738,0.5
136147,0.5
109706,0.5
141865,0.5
80564,0.5
51987,0.5
15651,0.5
230194,0.5
220144,0.5
207055,0.5
207220,0.5
236647,0.5
135599,0.5
92863,0.5
150077,0.5
175240,0.5
51271,0.5
58520,0.5
158389,0.5
89470,0.5
98192,0.5
245360,0.5
328,0.5
135374,0.5
127818,0.5
219680,0.5
24310,0.5
143095,0.5
146146,0.5
187610,0.5
181603,0.5
147990,0.5
96754,0.5
3103,0.5
170606,0.5
142917,0.5
249162,0.5
165187,0.5
34342,0.5
178249,0.5
78588,0.5
42023,0.5
213686,0.5
121707,0.5
232366,0.5
205910,0.5
210395,0.5
38686,0.5
13007,0.5
54275,0.5
58237,0.5
112848,0.5
44690,0.5
216054,0.5
215366,0.5
1577,0.5
123820,0.5
90782,0.5
198822,0.5
103578,0.5
58139,0.5
56237,0.5
146764,0.5
150530,0.5
8080,0.5
43106,0.5
87508,0.5
174617,0.5
187935,0.5
161014,0.5
29513,0.5
56703,0.5
127586,0.5
33123,0.5
199968,0.5
20738,0.5
220992,0.5
208592,0.5
202871,0.5
68697,0.5
60785,0.5
104140,0.5
186885,0.5
100740,0.5
234014,0.5
136318,0.5
139719,0.5
29991,0.5
137818,0.5
81724,0.5
141204,0.5
152864,0.5
93577,0.5
206344,0.5
150844,0.5
203787,0.5
245496,0.5
115711,0.5
25065,0.5
97521,0.5
12639,0.5
133343,0.5
134826,0.5
237395,0.5
185957,0.5
72421,0.5
89531,0.5
18159,0.5
98511,0.5
183050,0.5
245180,0.5
94770,0.5
75672,0.5
112677,0.5
109509,0.5
210565,0.5
30747,0.5
4227,0.5
9083,0.5
242684,0.5
94075,0.5
56305,0.5
166463,0.5
48459,0.5
226178,0.5
126024,0.5
190803,0.5
48652,0.5
110835,0.5
204545,0.5
151766,0.5
113914,0.5
9725,0.5
204669,0.5
190796,0.5
218746,0.5
188133,0.5
88265,0.5
193780,0.5
164114,0.5
95027,0.5
145852,0.5
116972,0.5
102303,0.5
153576,0.5
93841,0.5
93198,0.5
23584,0.5
87802,0.5
155446,0.5
171775,0.5
110394,0.5
168668,0.5
242885,0.5
222632,0.5
47662,0.5
154235,0.5
249248,0.5
143978,0.5
40254,0.5
110904,0.5
37520,0.5
235945,0.5
237904,0.5
193929,0.5
179095,0.5
174383,0.5
48708,0.5
92452,0.5
80607,0.5
36889,0.5
201859,0.5
230221,0.5
89310,0.5
127843,0.5
167571,0.5
209342,0.5
135414,0.5
79472,0.5
44682,0.5
168589,0.5
3335,0.5
24853,0.5
89457,0.5
30579,0.5
94309,0.5
193841,0.5
133605,0.5
67081,0.5
84027,0.5
124311,0.5
173630,0.5
202327,0.5
187218,0.5
244025,0.5
45110,0.5
246376,0.5
135317,0.5
17437,0.5
175314,0.5
147355,0.5
66422,0.5
99617,0.5
238709,0.5
150874,0.5
97905,0.5
45754,0.5
62564,0.5
55041,0.5
26601,0.5
67375,0.5
67959,0.5
125544,0.5
18302,0.5
211928,0.5
158648,0.5
8326,0.5
165272,0.5
60745,0.5
112735,0.5
139243,0.5
150943,0.5
209429,0.5
162513,0.5
61607,0.5
135725,0.5
218174,0.5
165006,0.5
79098,0.5
249157,0.5
49011,0.5
209149,0.5
4882,0.5
27067,0.5
122404,0.5
141922,0.5
46364,0.5
191912,0.5
99925,0.5
33051,0.5
235108,0.5
90812,0.5
71234,0.5
38666,0.5
230845,0.5
189796,0.5
88626,0.5
15271,0.5
65939,0.5
86082,0.5
123190,0.5
205619,0.5
180174,0.5
50021,0.5
173876,0.5
140220,0.5
97498,0.5
40115,0.5
126817,0.5
175995,0.5
149010,0.5
153745,0.5
84635,0.5
200872,0.5
182046,0.5
144628,0.5
241089,0.5
245981,0.5
159754,0.5
214573,0.5
654,0.5
201141,0.5
159245,0.5
182180,0.5
56008,0.5
134615,0.5
9833,0.5
101154,0.5
47374,0.5
145642,0.5
55146,0.5
242560,0.5
42809,0.5
105650,0.5
167937,0.5
88,0.5
248971,0.5
118734,0.5
223033,0.5
103168,0.5
170503,0.5
190078,0.5
80354,0.5
178441,0.5
121895,0.5
211542,0.5
108916,0.5
96712,0.5
204459,0.5
25493,0.5
31319,0.5
53785,0.5
132261,0.5
223140,0.5
57884,0.5
238585,0.5
103738,0.5
91542,0.5
148529,0.5
197163,0.5
16050,0.5
45496,0.5
117450,0.5
176460,0.5
142852,0.5
57965,0.5
176107,0.5
44369,0.5
208362,0.5
133087,0.5
198139,0.5
165250,0.5
222215,0.5
178280,0.5
214119,0.5
239066,0.5
211020,0.5
201687,0.5
247939,0.5
146041,0.5
195076,0.5
7582,0.5
41045,0.5
66340,0.5
143185,0.5
197492,0.5
220212,0.5
243283,0.5
16946,0.5
78489,0.5
88542,0.5
56921,0.5
57806,0.5
240451,0.5
114738,0.5
93885,0.5
183113,0.5
16885,0.5
54671,0.5
23835,0.5
249729,0.5
30452,0.5
152246,0.5
22037,0.5
55075,0.5
237511,0.5
85244,0.5
36813,0.5
86485,0.5
67722,0.5
98273,0.5
195073,0.5
103031,0.5
75841,0.5
165162,0.5
172509,0.5
49554,0.5
86731,0.5
169682,0.5
126531,0.5
168304,0.5
104650,0.5
218965,0.5
132361,0.5
76620,0.5
161465,0.5
193821,0.5
156282,0.5
182467,0.5
121999,0.5
199877,0.5
24383,0.5
166597,0.5
91659,0.5
238411,0.5
74278,0.5
124213,0.5
148389,0.5
222564,0.5
62803,0.5
185292,0.5
150986,0.5
185826,0.5
136301,0.5
247231,0.5
137030,0.5
226421,0.5
22260,0.5
7699,0.5
46207,0.5
2853,0.5
96339,0.5
101499,0.5
96380,0.5
49574,0.5
181193,0.5
70188,0.5
132472,0.5
133759,0.5
224096,0.5
12848,0.5
94367,0.5
7876,0.5
76840,0.5
188010,0.5
60080,0.5
205987,0.5
161809,0.5
209548,0.5
54129,0.5
130496,0.5
240049,0.5
194782,0.5
103966,0.5
215378,0.5
238322,0.5
20584,0.5
34026,0.5
81149,0.5
116839,0.5
31215,0.5
69144,0.5
92596,0.5
87201,0.5
155173,0.5
27422,0.5
49281,0.5
85679,0.5
50055,0.5
33403,0.5
149524,0.5
25709,0.5
95410,0.5
178079,0.5
18468,0.5
93498,0.5
38729,0.5
148854,0.5
139070,0.5
131200,0.5
145282,0.5
52279,0.5
175700,0.5
72962,0.5
91535,0.5
216514,0.5
220100,0.5
121775,0.5
218050,0.5
142705,0.5
19407,0.5
75447,0.5
7384,0.5
97935,0.5
116874,0.5
168692,0.5
132487,0.5
223657,0.5
228315,0.5
15586,0.5
143214,0.5
12059,0.5
38518,0.5
46073,0.5
53545,0.5
74351,0.5
194793,0.5
236875,0.5
78813,0.5
72388,0.5
86365,0.5
23682,0.5
241411,0.5
212681,0.5
237329,0.5
166585,0.5
47547,0.5
81322,0.5
70395,0.5
214390,0.5
53244,0.5
173932,0.5
6110,0.5
137941,0.5
45276,0.5
84838,0.5
157081,0.5
113402,0.5
36695,0.5
229849,0.5
144575,0.5
234191,0.5
204695,0.5
162932,0.5
215130,0.5
195664,0.5
237642,0.5
168622,0.5
215673,0.5
175176,0.5
60134,0.5
107032,0.5
96932,0.5
63666,0.5
7428,0.5
28038,0.5
120687,0.5
19742,0.5
138253,0.5
213970,0.5
222272,0.5
167427,0.5
182964,0.5
73588,0.5
242818,0.5
111320,0.5
24276,0.5
149477,0.5
46241,0.5
151725,0.5
24091,0.5
50398,0.5
84811,0.5
42234,0.5
28880,0.5
222988,0.5
163212,0.5
194247,0.5
86029,0.5
108301,0.5
148103,0.5
76886,0.5
124934,0.5
52921,0.5
218892,0.5
1943,0.5
177688,0.5
128905,0.5
232614,0.5
18488,0.5
91317,0.5
50840,0.5
14487,0.5
53251,0.5
181290,0.5
433,0.5
133429,0.5
48313,0.5
237055,0.5
35466,0.5
188951,0.5
227022,0.5
236919,0.5
207292,0.5
139666,0.5
208166,0.5
66525,0.5
18496,0.5
5711,0.5
168982,0.5
249451,0.5
237408,0.5
249148,0.5
100731,0.5
169129,0.5
52157,0.5
128148,0.5
99484,0.5
50986,0.5
231581,0.5
59066,0.5
144060,0.5
127131,0.5
115223,0.5
16669,0.5
227875,0.5
106733,0.5
167359,0.5
41215,0.5
207209,0.5
231177,0.5
30685,0.5
105801,0.5
9774,0.5
198125,0.5
228954,0.5
54336,0.5
178496,0.5
189999,0.5
245037,0.5
212091,0.5
180307,0.5
27105,0.5
216206,0.5
145080,0.5
49213,0.5
33102,0.5
174950,0.5
103862,0.5
211404,0.5
68038,0.5
96579,0.5
222273,0.5
176713,0.5
95906,0.5
41713,0.5
128206,0.5
75983,0.5
243275,0.5
114994,0.5
198396,0.5
175360,0.5
19616,0.5
82470,0.5
221819,0.5
42106,0.5
20214,0.5
115384,0.5
45290,0.5
189851,0.5
240330,0.5
62530,0.5
47373,0.5
75547,0.5
179953,0.5
190556,0.5
243502,0.5
239815,0.5
105945,0.5
232570,0.5
241097,0.5
208880,0.5
130348,0.5
96898,0.5
1954,0.5
84857,0.5
24637,0.5
3180,0.5
133065,0.5
67975,0.5
181867,0.5
113000,0.5
80302,0.5
227650,0.5
124823,0.5
160327,0.5
208822,0.5
148555,0.5
18039,0.5
20767,0.5
17647,0.5
165927,0.5
50949,0.5
196413,0.5
177496,0.5
158284,0.5
81122,0.5
227194,0.5
184342,0.5
229735,0.5
36326,0.5
22603,0.5
107154,0.5
62843,0.5
41835,0.5
131071,0.5
37527,0.5
40997,0.5
93103,0.5
127687,0.5
49649,0.5
217925,0.5
102719,0.5
98711,0.5
218726,0.5
73557,0.5
36079,0.5
125409,0.5
194597,0.5
118527,0.5
34237,0.5
40423,0.5
243515,0.5
70738,0.5
182893,0.5
186812,0.5
139210,0.5
86521,0.5
138597,0.5
164378,0.5
175961,0.5
92511,0.5
177429,0.5
66665,0.5
206990,0.5
1609,0.5
4912,0.5
4809,0.5
112707,0.5
26370,0.5
61529,0.5
15136,0.5
55148,0.5
155567,0.5
48382,0.5
202089,0.5
208343,0.5
150727,0.5
211168,0.5
24745,0.5
20273,0.5
184228,0.5
13158,0.5
59473,0.5
186810,0.5
158339,0.5
118302,0.5
136011,0.5
120274,0.5
93325,0.5
62145,0.5
44554,0.5
216685,0.5
86240,0.5
237115,0.5
166572,0.5
58432,0.5
83776,0.5
225939,0.5
94278,0.5
239757,0.5
26381,0.5
79187,0.5
123310,0.5
127979,0.5
184787,0.5
29508,0.5
108545,0.5
205944,0.5
227449,0.5
72402,0.5
168925,0.5
120977,0.5
175478,0.5
66647,0.5
232619,0.5
152691,0.5
114008,0.5
159950,0.5
160142,0.5
100755,0.5
70408,0.5
18200,0.5
218210,0.5
23068,0.5
81788,0.5
42933,0.5
90757,0.5
89529,0.5
196825,0.5
210231,0.5
85771,0.5
243784,0.5
239280,0.5
10251,0.5
154055,0.5
174405,0.5
214076,0.5
65706,0.5
220090,0.5
38060,0.5
10216,0.5
18248,0.5
23185,0.5
71817,0.5
82255,0.5
179892,0.5
168404,0.5
57601,0.5
116918,0.5
164731,0.5
221747,0.5
109079,0.5
186776,0.5
231432,0.5
136410,0.5
69720,0.5
148959,0.5
114983,0.5
244999,0.5
216199,0.5
129857,0.5
210046,0.5
171932,0.5
130360,0.5
29937,0.5
44185,0.5
189927,0.5
136649,0.5
24219,0.5
19254,0.5
104803,0.5
199852,0.5
31887,0.5
154749,0.5
85917,0.5
98983,0.5
229669,0.5
81390,0.5
69533,0.5
128144,0.5
155807,0.5
13507,0.5
122837,0.5
198846,0.5
178449,0.5
109355,0.5
151679,0.5
103861,0.5
88363,0.5
180388,0.5
58924,0.5
49270,0.5
232811,0.5
162189,0.5
160971,0.5
116089,0.5
194426,0.5
7260,0.5
184755,0.5
34071,0.5
234872,0.5
237751,0.5
169783,0.5
114390,0.5
203880,0.5
88191,0.5
222268,0.5
199816,0.5
246839,0.5
164707,0.5
27947,0.5
192325,0.5
116768,0.5
116919,0.5
112258,0.5
52013,0.5
88162,0.5
45631,0.5
88906,0.5
223985,0.5
162255,0.5
198669,0.5
181277,0.5
164866,0.5
38986,0.5
136244,0.5
72918,0.5
69586,0.5
229602,0.5
71292,0.5
197346,0.5
144516,0.5
131393,0.5
70868,0.5
193139,0.5
170288,0.5
221700,0.5
66173,0.5
83916,0.5
88415,0.5
52154,0.5
204063,0.5
181228,0.5
50370,0.5
100022,0.5
128972,0.5
158276,0.5
216808,0.5
65620,0.5
177758,0.5
133587,0.5
12542,0.5
143453,0.5
101681,0.5
118710,0.5
154637,0.5
135152,0.5
194347,0.5
27991,0.5
162030,0.5
236839,0.5
24564,0.5
171057,0.5
247768,0.5
42972,0.5
39469,0.5
197287,0.5
180591,0.5
93931,0.5
88654,0.5
225402,0.5
40614,0.5
102985,0.5
166827,0.5
238954,0.5
134500,0.5
27713,0.5
86649,0.5
122777,0.5
29078,0.5
92712,0.5
226291,0.5
67813,0.5
4502,0.5
198856,0.5
223263,0.5
167062,0.5
87834,0.5
112479,0.5
27847,0.5
241132,0.5
52891,0.5
72919,0.5
242236,0.5
87424,0.5
245844,0.5
72550,0.5
166472,0.5
106556,0.5
38680,0.5
139586,0.5
9169,0.5
226662,0.5
9066,0.5
197225,0.5
38195,0.5
189931,0.5
172289,0.5
191484,0.5
165771,0.5
127038,0.5
117608,0.5
215094,0.5
195508,0.5
137486,0.5
35459,0.5
220908,0.5
137144,0.5
196299,0.5
244265,0.5
155825,0.5
62610,0.5
49843,0.5
99709,0.5
25365,0.5
95086,0.5
142019,0.5
78153,0.5
216093,0.5
245298,0.5
136475,0.5
102654,0.5
121525,0.5
153199,0.5
28563,0.5
132746,0.5
126555,0.5
31410,0.5
87809,0.5
49225,0.5
11966,0.5
145412,0.5
11726,0.5
246973,0.5
240043,0.5
65776,0.5
88870,0.5
51227,0.5
78016,0.5
75108,0.5
5543,0.5
45309,0.5
105743,0.5
166183,0.5
26412,0.5
118419,0.5
95990,0.5
198202,0.5
86440,0.5
172302,0.5
222566,0.5
162649,0.5
137835,0.5
67002,0.5
165098,0.5
5980,0.5
161574,0.5
227532,0.5
34516,0.5
95662,0.5
110726,0.5
70509,0.5
243005,0.5
133692,0.5
109227,0.5
141943,0.5
33575,0.5
190760,0.5
155045,0.5
82346,0.5
179453,0.5
117609,0.5
7501,0.5
128076,0.5
123464,0.5
200590,0.5
179152,0.5
5960,0.5
57664,0.5
146939,0.5
216853,0.5
74597,0.5
20218,0.5
197571,0.5
198328,0.5
32539,0.5
176295,0.5
52899,0.5
172572,0.5
69902,0.5
66653,0.5
150355,0.5
49465,0.5
119849,0.5
22352,0.5
170296,0.5
168392,0.5
118638,0.5
15677,0.5
157915,0.5
116878,0.5
18257,0.5
215572,0.5
153943,0.5
83566,0.5
8640,0.5
116488,0.5
63929,0.5
79133,0.5
95208,0.5
57214,0.5
153903,0.5
88655,0.5
220994,0.5
63564,0.5
8809,0.5
154987,0.5
220465,0.5
14313,0.5
57449,0.5
207911,0.5
202784,0.5
118803,0.5
29852,0.5
56056,0.5
103638,0.5
114389,0.5
194733,0.5
150849,0.5
208091,0.5
173260,0.5
106296,0.5
194322,0.5
46148,0.5
178732,0.5
132386,0.5
207991,0.5
123064,0.5
132766,0.5
27640,0.5
209784,0.5
127264,0.5
137815,0.5
63575,0.5
12969,0.5
151490,0.5
60366,0.5
129824,0.5
233907,0.5
1724,0.5
55591,0.5
140126,0.5
15570,0.5
17858,0.5
1967,0.5
192996,0.5
189325,0.5
5943,0.5
123612,0.5
33442,0.5
121892,0.5
243778,0.5
41522,0.5
209981,0.5
165899,0.5
108211,0.5
93178,0.5
17206,0.5
169713,0.5
193772,0.5
155642,0.5
1569,0.5
88047,0.5
171196,0.5
217430,0.5
116114,0.5
161219,0.5
183834,0.5
169847,0.5
156281,0.5
125531,0.5
231656,0.5
8824,0.5
109147,0.5
166874,0.5
73,0.5
75706,0.5
183914,0.5
196536,0.5
167117,0.5
117495,0.5
164398,0.5
211955,0.5
4341,0.5
237627,0.5
124253,0.5
236522,0.5
66270,0.5
175589,0.5
22532,0.5
217087,0.5
113590,0.5
118682,0.5
59686,0.5
141744,0.5
80317,0.5
190016,0.5
99456,0.5
206649,0.5
190600,0.5
119794,0.5
147946,0.5
20007,0.5
213755,0.5
70312,0.5
75704,0.5
48162,0.5
145038,0.5
186884,0.5
130971,0.5
156332,0.5
61517,0.5
202199,0.5
163434,0.5
80114,0.5
32730,0.5
7142,0.5
54217,0.5
191875,0.5
117598,0.5
174021,0.5
46401,0.5
98805,0.5
184085,0.5
45942,0.5
200408,0.5
198097,0.5
167603,0.5
190420,0.5
138841,0.5
105044,0.5
240111,0.5
217751,0.5
230019,0.5
63256,0.5
109600,0.5
232904,0.5
208689,0.5
215092,0.5
72812,0.5
107073,0.5
122803,0.5
222271,0.5
145991,0.5
116585,0.5
95281,0.5
26180,0.5
29172,0.5
96488,0.5
147015,0.5
74648,0.5
92385,0.5
82381,0.5
195210,0.5
202292,0.5
224064,0.5
198128,0.5
131811,0.5
58536,0.5
38536,0.5
120007,0.5
194511,0.5
95080,0.5
88814,0.5
89933,0.5
135714,0.5
208446,0.5
26568,0.5
132841,0.5
204983,0.5
45813,0.5
115796,0.5
141792,0.5
116843,0.5
31941,0.5
155840,0.5
59694,0.5
98648,0.5
156823,0.5
82932,0.5
19868,0.5
196764,0.5
82016,0.5
60719,0.5
166902,0.5
85,0.5
121225,0.5
8938,0.5
12885,0.5
61861,0.5
62116,0.5
240716,0.5
2418,0.5
242646,0.5
236881,0.5
78458,0.5
21079,0.5
202459,0.5
158047,0.5
92371,0.5
234465,0.5
18867,0.5
96788,0.5
240702,0.5
84597,0.5
230500,0.5
117146,0.5
24640,0.5
199974,0.5
66563,0.5
67622,0.5
217895,0.5
99716,0.5
175093,0.5
86761,0.5
187550,0.5
10951,0.5
34626,0.5
92868,0.5
154638,0.5
203004,0.5
162386,0.5
69884,0.5
60051,0.5
107008,0.5
103126,0.5
7439,0.5
206188,0.5
245977,0.5
247548,0.5
199199,0.5
96105,0.5
218170,0.5
210278,0.5
140329,0.5
192101,0.5
22521,0.5
64619,0.5
27444,0.5
149852,0.5
176153,0.5
91315,0.5
120193,0.5
117265,0.5
112643,0.5
67373,0.5
223214,0.5
167362,0.5
72170,0.5
183507,0.5
146240,0.5
15170,0.5
60267,0.5
162987,0.5
44908,0.5
34618,0.5
244828,0.5
202834,0.5
78414,0.5
1994,0.5
210214,0.5
195386,0.5
155024,0.5
91640,0.5
212186,0.5
2688,0.5
78194,0.5
36507,0.5
164391,0.5
149666,0.5
122675,0.5
200744,0.5
48984,0.5
193582,0.5
107515,0.5
245599,0.5
153350,0.5
177133,0.5
191938,0.5
105903,0.5
199301,0.5
132533,0.5
53537,0.5
195361,0.5
43479,0.5
175527,0.5
110282,0.5
165130,0.5
17139,0.5
54818,0.5
191465,0.5
30405,0.5
84197,0.5
191595,0.5
190221,0.5
140295,0.5
146123,0.5
18279,0.5
212782,0.5
167446,0.5
202333,0.5
86257,0.5
248058,0.5
34178,0.5
34558,0.5
12965,0.5
217412,0.5
248580,0.5
76198,0.5
91232,0.5
92036,0.5
158597,0.5
169118,0.5
91889,0.5
222490,0.5
112435,0.5
232342,0.5
242288,0.5
103818,0.5
24682,0.5
188714,0.5
207873,0.5
157849,0.5
43407,0.5
240926,0.5
54248,0.5
202698,0.5
121386,0.5
233072,0.5
228891,0.5
143236,0.5
78780,0.5
103291,0.5
49193,0.5
88648,0.5
217349,0.5
40195,0.5
158640,0.5
237337,0.5
98226,0.5
90351,0.5
85513,0.5
44181,0.5
170163,0.5
119407,0.5
185526,0.5
50554,0.5
129335,0.5
176731,0.5
49509,0.5
131001,0.5
202316,0.5
86359,0.5
153564,0.5
136320,0.5
71702,0.5
93430,0.5
200578,0.5
206847,0.5
224175,0.5
164808,0.5
17860,0.5
188448,0.5
11533,0.5
19114,0.5
209655,0.5
178943,0.5
188720,0.5
244423,0.5
155077,0.5
171476,0.5
193959,0.5
50492,0.5
10628,0.5
242920,0.5
16349,0.5
130851,0.5
185281,0.5
230941,0.5
7122,0.5
185640,0.5
194418,0.5
235239,0.5
131933,0.5
151349,0.5
221090,0.5
158777,0.5
93676,0.5
204908,0.5
114007,0.5
141492,0.5
790,0.5
9994,0.5
182832,0.5
91357,0.5
55111,0.5
237052,0.5
214111,0.5
244167,0.5
109377,0.5
148444,0.5
239698,0.5
238869,0.5
144637,0.5
199099,0.5
243250,0.5
176110,0.5
109711,0.5
204574,0.5
141727,0.5
86024,0.5
196276,0.5
69303,0.5
26625,0.5
7633,0.5
11480,0.5
22027,0.5
46712,0.5
40859,0.5
183957,0.5
127422,0.5
63364,0.5
29023,0.5
121400,0.5
165681,0.5
199791,0.5
156589,0.5
182561,0.5
70010,0.5
186614,0.5
183926,0.5
58273,0.5
244715,0.5
189495,0.5
63486,0.5
157614,0.5
176723,0.5
84443,0.5
66865,0.5
94584,0.5
182500,0.5
89033,0.5
211618,0.5
113335,0.5
39129,0.5
115938,0.5
232825,0.5
204355,0.5
124277,0.5
134173,0.5
150370,0.5
184169,0.5
170859,0.5
170530,0.5
139254,0.5
143124,0.5
200175,0.5
82779,0.5
56420,0.5
34722,0.5
63286,0.5
52301,0.5
130411,0.5
87369,0.5
57115,0.5
124406,0.5
94030,0.5
76364,0.5
169192,0.5
88155,0.5
137736,0.5
3681,0.5
65629,0.5
195438,0.5
52749,0.5
229155,0.5
124536,0.5
202160,0.5
44118,0.5
156420,0.5
207956,0.5
87191,0.5
113965,0.5
26445,0.5
124241,0.5
126282,0.5
59328,0.5
171292,0.5
197831,0.5
210366,0.5
222105,0.5
3479,0.5
14635,0.5
67228,0.5
230562,0.5
43244,0.5
180771,0.5
16301,0.5
112540,0.5
38979,0.5
87703,0.5
233939,0.5
233824,0.5
8423,0.5
234049,0.5
75750,0.5
245792,0.5
29943,0.5
10806,0.5
148638,0.5
66861,0.5
67095,0.5
84974,0.5
138167,0.5
21818,0.5
207402,0.5
208574,0.5
117823,0.5
249776,0.5
202441,0.5
8101,0.5
245095,0.5
118372,0.5
20968,0.5
21232,0.5
106650,0.5
148920,0.5
172152,0.5
104290,0.5
9773,0.5
161751,0.5
118427,0.5
145916,0.5
130196,0.5
189678,0.5
185160,0.5
40922,0.5
173390,0.5
80825,0.5
124109,0.5
77331,0.5
46901,0.5
178205,0.5
180672,0.5
150558,0.5
120956,0.5
173409,0.5
222762,0.5
248710,0.5
248616,0.5
100331,0.5
220782,0.5
236439,0.5
24224,0.5
158287,0.5
212069,0.5
208388,0.5
241320,0.5
121810,0.5
102731,0.5
153145,0.5
17485,0.5
85555,0.5
226440,0.5
189324,0.5
143710,0.5
172988,0.5
99866,0.5
57150,0.5
216531,0.5
151137,0.5
16795,0.5
49029,0.5
213490,0.5
15364,0.5
182057,0.5
12265,0.5
153383,0.5
85630,0.5
159995,0.5
153677,0.5
2748,0.5
2806,0.5
38528,0.5
86553,0.5
110942,0.5
239949,0.5
236804,0.5
41384,0.5
199747,0.5
248908,0.5
16206,0.5
131018,0.5
189372,0.5
48796,0.5
135899,0.5
39579,0.5
181316,0.5
129641,0.5
11876,0.5
84124,0.5
70824,0.5
27959,0.5
101044,0.5
191165,0.5
200168,0.5
171910,0.5
116949,0.5
89769,0.5
221861,0.5
74577,0.5
144028,0.5
134733,0.5
18087,0.5
90534,0.5
91934,0.5
52855,0.5
156737,0.5
31432,0.5
86371,0.5
11868,0.5
150418,0.5
63915,0.5
224500,0.5
125051,0.5
87851,0.5
9872,0.5
247226,0.5
86397,0.5
169319,0.5
58320,0.5
231577,0.5
249238,0.5
29381,0.5
108200,0.5
133126,0.5
87100,0.5
216407,0.5
102001,0.5
247155,0.5
208618,0.5
235238,0.5
209290,0.5
24404,0.5
103564,0.5
207006,0.5
35322,0.5
56235,0.5
94887,0.5
92892,0.5
151191,0.5
185753,0.5
223765,0.5
46306,0.5
239817,0.5
145392,0.5
52340,0.5
40069,0.5
61219,0.5
25238,0.5
198249,0.5
74050,0.5
90751,0.5
245044,0.5
151609,0.5
14312,0.5
142856,0.5
54773,0.5
86927,0.5
5449,0.5
235553,0.5
143064,0.5
94554,0.5
2674,0.5
83018,0.5
12491,0.5
173891,0.5
31417,0.5
125251,0.5
58486,0.5
133685,0.5
134517,0.5
87395,0.5
207982,0.5
147622,0.5
136763,0.5
27700,0.5
139118,0.5
75678,0.5
181829,0.5
216608,0.5
104048,0.5
19590,0.5
105809,0.5
67888,0.5
56978,0.5
182366,0.5
243013,0.5
97777,0.5
84420,0.5
165743,0.5
35472,0.5
227665,0.5
39833,0.5
213837,0.5
204034,0.5
139296,0.5
55115,0.5
202001,0.5
249194,0.5
50833,0.5
245088,0.5
162063,0.5
196241,0.5
102678,0.5
103121,0.5
90060,0.5
85993,0.5
183358,0.5
23700,0.5
111488,0.5
89396,0.5
35862,0.5
107293,0.5
189850,0.5
142020,0.5
30867,0.5
194646,0.5
139794,0.5
133173,0.5
217435,0.5
114789,0.5
228476,0.5
66656,0.5
18629,0.5
162413,0.5
43452,0.5
232065,0.5
31032,0.5
144570,0.5
17715,0.5
155630,0.5
80944,0.5
124226,0.5
56552,0.5
217268,0.5
68041,0.5
232943,0.5
186933,0.5
137323,0.5
157307,0.5
71496,0.5
211474,0.5
19635,0.5
94136,0.5
77464,0.5
25158,0.5
3150,0.5
5520,0.5
190448,0.5
36891,0.5
155872,0.5
69854,0.5
171020,0.5
216767,0.5
131927,0.5
96431,0.5
20809,0.5
195258,0.5
3359,0.5
222424,0.5
1046,0.5
110537,0.5
106720,0.5
154676,0.5
239783,0.5
160867,0.5
51114,0.5
87022,0.5
1855,0.5
131109,0.5
12513,0.5
174290,0.5
116723,0.5
164335,0.5
52897,0.5
57130,0.5
246220,0.5
116797,0.5
221510,0.5
181355,0.5
91332,0.5
102416,0.5
18976,0.5
27911,0.5
117142,0.5
217400,0.5
228469,0.5
131529,0.5
26848,0.5
168614,0.5
21891,0.5
59639,0.5
204224,0.5
28690,0.5
188025,0.5
130337,0.5
198750,0.5
62757,0.5
189391,0.5
96064,0.5
142264,0.5
99634,0.5
200966,0.5
224624,0.5
180737,0.5
199798,0.5
72955,0.5
134322,0.5
33208,0.5
174315,0.5
88304,0.5
56893,0.5
40192,0.5
113076,0.5
219118,0.5
7762,0.5
31064,0.5
16042,0.5
148042,0.5
119542,0.5
185377,0.5
121319,0.5
121275,0.5
129059,0.5
111958,0.5
85639,0.5
221939,0.5
95460,0.5
248128,0.5
44466,0.5
230451,0.5
248294,0.5
148323,0.5
248505,0.5
211904,0.5
36999,0.5
224297,0.5
243355,0.5
238039,0.5
223812,0.5
194241,0.5
119954,0.5
55651,0.5
133908,0.5
187358,0.5
151565,0.5
88311,0.5
10750,0.5
223236,0.5
241349,0.5
152027,0.5
26118,0.5
115281,0.5
9144,0.5
118585,0.5
84690,0.5
65823,0.5
123656,0.5
223892,0.5
177162,0.5
216722,0.5
222010,0.5
5598,0.5
154348,0.5
8566,0.5
214448,0.5
125222,0.5
14585,0.5
46412,0.5
189474,0.5
137721,0.5
160210,0.5
222848,0.5
143449,0.5
43,0.5
15550,0.5
90520,0.5
212567,0.5
10621,0.5
231346,0.5
98017,0.5
240644,0.5
48834,0.5
239518,0.5
17488,0.5
33166,0.5
73849,0.5
35019,0.5
119579,0.5
47590,0.5
75471,0.5
11643,0.5
47010,0.5
112035,0.5
64873,0.5
83106,0.5
146914,0.5
243620,0.5
4719,0.5
164607,0.5
23127,0.5
89705,0.5
46042,0.5
157009,0.5
183234,0.5
83530,0.5
195469,0.5
160084,0.5
173683,0.5
107626,0.5
162231,0.5
131880,0.5
104157,0.5
52460,0.5
159074,0.5
62015,0.5
65929,0.5
215969,0.5
218793,0.5
233809,0.5
162359,0.5
41585,0.5
5429,0.5
22737,0.5
53217,0.5
49174,0.5
213751,0.5
113069,0.5
240437,0.5
74190,0.5
241252,0.5
199847,0.5
212571,0.5
192348,0.5
26956,0.5
189914,0.5
86429,0.5
32234,0.5
68610,0.5
27311,0.5
37845,0.5
190276,0.5
6053,0.5
48672,0.5
78971,0.5
51728,0.5
182445,0.5
148179,0.5
158432,0.5
45355,0.5
31440,0.5
153482,0.5
221841,0.5
99828,0.5
86782,0.5
138809,0.5
175969,0.5
142182,0.5
129371,0.5
153685,0.5
17974,0.5
174019,0.5
148655,0.5
148189,0.5
31048,0.5
148330,0.5
32900,0.5
28030,0.5
204969,0.5
110224,0.5
69632,0.5
60722,0.5
215567,0.5
200910,0.5
82692,0.5
49505,0.5
176006,0.5
19450,0.5
162712,0.5
28068,0.5
30815,0.5
16870,0.5
67918,0.5
123888,0.5
2276,0.5
39974,0.5
245338,0.5
29406,0.5
95402,0.5
227584,0.5
78369,0.5
244145,0.5
200706,0.5
110613,0.5
159089,0.5
80755,0.5
67455,0.5
30194,0.5
3758,0.5
221991,0.5
236810,0.5
168556,0.5
156962,0.5
67409,0.5
64025,0.5
193370,0.5
73757,0.5
80727,0.5
222641,0.5
49529,0.5
115876,0.5
108808,0.5
52004,0.5
21368,0.5
44251,0.5
208949,0.5
123147,0.5
120918,0.5
75794,0.5
210965,0.5
125797,0.5
136610,0.5
170111,0.5
134822,0.5
90743,0.5
109563,0.5
240939,0.5
169057,0.5
87444,0.5
196200,0.5
156172,0.5
19465,0.5
186205,0.5
70627,0.5
177999,0.5
213529,0.5
30266,0.5
224497,0.5
130495,0.5
170116,0.5
119669,0.5
149863,0.5
65166,0.5
132332,0.5
174034,0.5
58860,0.5
67579,0.5
64550,0.5
200174,0.5
2805,0.5
125774,0.5
158830,0.5
46976,0.5
2196,0.5
139523,0.5
132611,0.5
200488,0.5
58519,0.5
214598,0.5
239263,0.5
196959,0.5
235930,0.5
11763,0.5
223673,0.5
20618,0.5
28499,0.5
231518,0.5
176356,0.5
69915,0.5
184934,0.5
209496,0.5
164713,0.5
147125,0.5
20487,0.5
3998,0.5
164824,0.5
248089,0.5
43616,0.5
53808,0.5
96554,0.5
66598,0.5
12543,0.5
227862,0.5
32926,0.5
100267,0.5
6686,0.5
32116,0.5
88397,0.5
172811,0.5
40174,0.5
4105,0.5
183610,0.5
132807,0.5
62881,0.5
46107,0.5
227487,0.5
167561,0.5
215698,0.5
221239,0.5
157358,0.5
147246,0.5
74379,0.5
88546,0.5
146712,0.5
162837,0.5
246061,0.5
231622,0.5
52757,0.5
29866,0.5
104603,0.5
17550,0.5
54394,0.5
166682,0.5
211088,0.5
70007,0.5
47476,0.5
81809,0.5
238656,0.5
76148,0.5
67900,0.5
191383,0.5
9063,0.5
210687,0.5
177491,0.5
45523,0.5
128998,0.5
14483,0.5
164319,0.5
49700,0.5
56415,0.5
106405,0.5
53390,0.5
139334,0.5
125338,0.5
241053,0.5
122004,0.5
235844,0.5
61081,0.5
245177,0.5
167026,0.5
197706,0.5
177152,0.5
107615,0.5
117409,0.5
111307,0.5
234929,0.5
70235,0.5
184340,0.5
207419,0.5
34758,0.5
110407,0.5
56650,0.5
15251,0.5
122341,0.5
53632,0.5
216783,0.5
121852,0.5
149431,0.5
86269,0.5
216708,0.5
123362,0.5
141685,0.5
20702,0.5
53520,0.5
41951,0.5
78135,0.5
5408,0.5
196785,0.5
114306,0.5
69779,0.5
213851,0.5
222671,0.5
220052,0.5
14093,0.5
92151,0.5
59785,0.5
196220,0.5
151635,0.5
161136,0.5
156632,0.5
67062,0.5
36768,0.5
109233,0.5
214765,0.5
170112,0.5
108338,0.5
95036,0.5
37262,0.5
5772,0.5
106151,0.5
178437,0.5
169961,0.5
18471,0.5
144980,0.5
199451,0.5
74542,0.5
105015,0.5
194059,0.5
66562,0.5
60728,0.5
18845,0.5
182485,0.5
152087,0.5
169053,0.5
85355,0.5
82602,0.5
127759,0.5
222904,0.5
18481,0.5
78464,0.5
232211,0.5
24653,0.5
238386,0.5
211598,0.5
161238,0.5
171044,0.5
87195,0.5
145878,0.5
151800,0.5
231434,0.5
49964,0.5
221546,0.5
233285,0.5
6002,0.5
100255,0.5
111229,0.5
147982,0.5
19307,0.5
218124,0.5
20878,0.5
121185,0.5
154888,0.5
77235,0.5
226367,0.5
119021,0.5
177163,0.5
94527,0.5
187444,0.5
50564,0.5
130465,0.5
36087,0.5
54010,0.5
230807,0.5
94120,0.5
127512,0.5
33573,0.5
32169,0.5
142464,0.5
129618,0.5
61648,0.5
39399,0.5
93146,0.5
214967,0.5
75401,0.5
69825,0.5
146080,0.5
93396,0.5
235100,0.5
55640,0.5
114168,0.5
204734,0.5
112830,0.5
35473,0.5
133426,0.5
73467,0.5
148716,0.5
6669,0.5
30010,0.5
65397,0.5
64615,0.5
159109,0.5
4470,0.5
91795,0.5
82230,0.5
67800,0.5
198075,0.5
187895,0.5
107224,0.5
117574,0.5
86219,0.5
57127,0.5
234246,0.5
118086,0.5
123708,0.5
185042,0.5
116449,0.5
149330,0.5
245087,0.5
20433,0.5
231891,0.5
30046,0.5
168467,0.5
51392,0.5
135169,0.5
87760,0.5
101793,0.5
127430,0.5
243773,0.5
213,0.5
185839,0.5
11709,0.5
207197,0.5
80270,0.5
248918,0.5
132602,0.5
179123,0.5
203239,0.5
134408,0.5
196951,0.5
112992,0.5
228995,0.5
46645,0.5
227666,0.5
131599,0.5
218121,0.5
102724,0.5
28106,0.5
67510,0.5
173721,0.5
211199,0.5
76028,0.5
238406,0.5
145758,0.5
224077,0.5
225712,0.5
232607,0.5
81702,0.5
126483,0.5
73424,0.5
164133,0.5
218963,0.5
204853,0.5
15901,0.5
16117,0.5
74531,0.5
11254,0.5
217149,0.5
83893,0.5
110150,0.5
18991,0.5
68897,0.5
170021,0.5
51687,0.5
3716,0.5
236923,0.5
38471,0.5
239146,0.5
181442,0.5
211925,0.5
201955,0.5
239134,0.5
200954,0.5
83976,0.5
141105,0.5
144462,0.5
205929,0.5
236891,0.5
122385,0.5
49275,0.5
202314,0.5
237002,0.5
225250,0.5
141557,0.5
225711,0.5
38161,0.5
115933,0.5
54416,0.5
210276,0.5
179802,0.5
167392,0.5
10341,0.5
89430,0.5
106398,0.5
86420,0.5
103668,0.5
2467,0.5
192964,0.5
142171,0.5
142370,0.5
225015,0.5
1533,0.5
35514,0.5
130458,0.5
243259,0.5
133988,0.5
173075,0.5
121461,0.5
157486,0.5
9589,0.5
129547,0.5
141830,0.5
22600,0.5
49679,0.5
185456,0.5
123280,0.5
192153,0.5
241522,0.5
135268,0.5
114381,0.5
89643,0.5
129950,0.5
36023,0.5
88963,0.5
51922,0.5
160811,0.5
108218,0.5
243262,0.5
145137,0.5
194774,0.5
32387,0.5
193016,0.5
72406,0.5
57995,0.5
16735,0.5
119227,0.5
241781,0.5
248593,0.5
150922,0.5
59223,0.5
202093,0.5
969,0.5
7341,0.5
242626,0.5
136693,0.5
93474,0.5
55019,0.5
249053,0.5
239824,0.5
173060,0.5
203043,0.5
36788,0.5
125882,0.5
181409,0.5
118558,0.5
175684,0.5
212119,0.5
50690,0.5
69527,0.5
217029,0.5
197841,0.5
30043,0.5
202017,0.5
193985,0.5
233993,0.5
14139,0.5
90766,0.5
174859,0.5
131899,0.5
137890,0.5
67950,0.5
105159,0.5
154007,0.5
177408,0.5
218288,0.5
246408,0.5
215438,0.5
154875,0.5
21464,0.5
55933,0.5
68456,0.5
115542,0.5
11411,0.5
169370,0.5
93030,0.5
23261,0.5
173874,0.5
214195,0.5
113696,0.5
121830,0.5
143435,0.5
3730,0.5
107279,0.5
191398,0.5
191742,0.5
11024,0.5
77091,0.5
116687,0.5
210099,0.5
126711,0.5
168806,0.5
174318,0.5
210018,0.5
224551,0.5
165776,0.5
107601,0.5
162084,0.5
79687,0.5
145407,0.5
108217,0.5
238563,0.5
243462,0.5
49022,0.5
247520,0.5
17709,0.5
191391,0.5
222384,0.5
249230,0.5
122510,0.5
235647,0.5
228042,0.5
218630,0.5
75780,0.5
84195,0.5
138102,0.5
128019,0.5
167095,0.5
155322,0.5
73335,0.5
86747,0.5
241038,0.5
69034,0.5
52351,0.5
121426,0.5
74952,0.5
51180,0.5
172222,0.5
154566,0.5
132100,0.5
52360,0.5
169159,0.5
56554,0.5
104779,0.5
160063,0.5
98509,0.5
174724,0.5
78070,0.5
83209,0.5
58295,0.5
184382,0.5
87856,0.5
33777,0.5
60957,0.5
11476,0.5
171060,0.5
98654,0.5
135874,0.5
48120,0.5
74487,0.5
245366,0.5
86739,0.5
55138,0.5
34969,0.5
8324,0.5
159543,0.5
18934,0.5
191194,0.5
88444,0.5
86726,0.5
121289,0.5
79285,0.5
140713,0.5
158246,0.5
160048,0.5
242299,0.5
225229,0.5
150685,0.5
161232,0.5
155830,0.5
214385,0.5
168046,0.5
9064,0.5
176638,0.5
123281,0.5
200167,0.5
236173,0.5
182471,0.5
120135,0.5
217072,0.5
20899,0.5
129977,0.5
143583,0.5
56094,0.5
202421,0.5
44758,0.5
153529,0.5
213941,0.5
170372,0.5
194716,0.5
236768,0.5
165906,0.5
151312,0.5
40365,0.5
111051,0.5
50390,0.5
179470,0.5
82452,0.5
48332,0.5
166140,0.5
196682,0.5
198507,0.5
47982,0.5
117723,0.5
121783,0.5
136148,0.5
187163,0.5
248347,0.5
29915,0.5
136705,0.5
89408,0.5
40261,0.5
227633,0.5
232949,0.5
108519,0.5
229321,0.5
175978,0.5
37725,0.5
73825,0.5
102212,0.5
119727,0.5
149514,0.5
82409,0.5
45832,0.5
104635,0.5
194310,0.5
139671,0.5
111696,0.5
102703,0.5
238638,0.5
154909,0.5
54880,0.5
159350,0.5
151862,0.5
146850,0.5
102221,0.5
74078,0.5
232353,0.5
152598,0.5
69241,0.5
1717,0.5
33834,0.5
91961,0.5
158975,0.5
186505,0.5
10015,0.5
216131,0.5
205041,0.5
132218,0.5
215022,0.5
241617,0.5
89371,0.5
66596,0.5
81172,0.5
149112,0.5
110810,0.5
227496,0.5
33602,0.5
162221,0.5
34546,0.5
228227,0.5
42777,0.5
154901,0.5
149438,0.5
45421,0.5
3349,0.5
232174,0.5
190363,0.5
2245,0.5
187047,0.5
122268,0.5
220764,0.5
824,0.5
78554,0.5
201938,0.5
183460,0.5
198485,0.5
15623,0.5
107363,0.5
101127,0.5
189192,0.5
3639,0.5
236855,0.5
148119,0.5
62429,0.5
203854,0.5
165994,0.5
61751,0.5
174834,0.5
2919,0.5
107491,0.5
235683,0.5
167791,0.5
131942,0.5
130756,0.5
98921,0.5
99874,0.5
76212,0.5
243480,0.5
19329,0.5
138748,0.5
36531,0.5
202082,0.5
238542,0.5
222144,0.5
67269,0.5
119464,0.5
89189,0.5
236591,0.5
81713,0.5
240430,0.5
182087,0.5
47165,0.5
124571,0.5
195371,0.5
17346,0.5
185359,0.5
24582,0.5
169806,0.5
225274,0.5
63702,0.5
214648,0.5
64078,0.5
175605,0.5
132513,0.5
137704,0.5
93854,0.5
140554,0.5
45642,0.5
125047,0.5
21615,0.5
3805,0.5
22128,0.5
175355,0.5
129011,0.5
44734,0.5
226805,0.5
140938,0.5
142672,0.5
167031,0.5
16840,0.5
64326,0.5
70818,0.5
94039,0.5
126957,0.5
176712,0.5
79723,0.5
73952,0.5
20987,0.5
162437,0.5
37169,0.5
63885,0.5
228987,0.5
18498,0.5
140127,0.5
98571,0.5
221199,0.5
75859,0.5
217011,0.5
233443,0.5
187109,0.5
1914,0.5
123080,0.5
36895,0.5
155768,0.5
30093,0.5
128940,0.5
97755,0.5
20765,0.5
172676,0.5
49476,0.5
90473,0.5
20594,0.5
137531,0.5
61467,0.5
224924,0.5
111640,0.5
72892,0.5
233995,0.5
65974,0.5
96342,0.5
195751,0.5
196848,0.5
69264,0.5
100340,0.5
139319,0.5
211127,0.5
155923,0.5
84645,0.5
165864,0.5
231528,0.5
158883,0.5
161957,0.5
229116,0.5
227758,0.5
88416,0.5
32867,0.5
90755,0.5
110164,0.5
248899,0.5
31119,0.5
39591,0.5
152586,0.5
129783,0.5
123449,0.5
4634,0.5
174114,0.5
189126,0.5
16737,0.5
5723,0.5
47038,0.5
31337,0.5
40536,0.5
183424,0.5
35263,0.5
79537,0.5
123256,0.5
237628,0.5
215723,0.5
219840,0.5
5470,0.5
107420,0.5
10531,0.5
198129,0.5
55287,0.5
238902,0.5
24209,0.5
138852,0.5
213065,0.5
143539,0.5
2236,0.5
53593,0.5
169489,0.5
42816,0.5
114313,0.5
72543,0.5
48285,0.5
146568,0.5
105780,0.5
70887,0.5
162883,0.5
175676,0.5
150356,0.5
7463,0.5
203844,0.5
107510,0.5
125524,0.5
246694,0.5
45551,0.5
18378,0.5
212748,0.5
90986,0.5
107445,0.5
194755,0.5
66617,0.5
123740,0.5
129218,0.5
223605,0.5
86072,0.5
20465,0.5
60041,0.5
3210,0.5
148378,0.5
165276,0.5
187666,0.5
86063,0.5
210677,0.5
219025,0.5
73656,0.5
200592,0.5
76152,0.5
69702,0.5
7099,0.5
202923,0.5
114107,0.5
187544,0.5
134126,0.5
113760,0.5
95533,0.5
25401,0.5
249244,0.5
153267,0.5
224929,0.5
106053,0.5
129085,0.5
86044,0.5
47980,0.5
121664,0.5
144753,0.5
179913,0.5
34826,0.5
170889,0.5
127539,0.5
93357,0.5
240786,0.5
244656,0.5
134473,0.5
18369,0.5
225157,0.5
64909,0.5
85109,0.5
186742,0.5
204408,0.5
65457,0.5
171546,0.5
193267,0.5
115994,0.5
201528,0.5
115736,0.5
146747,0.5
111406,0.5
117637,0.5
27239,0.5
24315,0.5
20593,0.5
97554,0.5
214879,0.5
76690,0.5
56780,0.5
133229,0.5
44447,0.5
135732,0.5
129751,0.5
112367,0.5
152360,0.5
70801,0.5
243860,0.5
160604,0.5
101523,0.5
240780,0.5
26626,0.5
22885,0.5
35073,0.5
165455,0.5
22263,0.5
41637,0.5
170557,0.5
56406,0.5
96292,0.5
204058,0.5
88843,0.5
196006,0.5
134549,0.5
137501,0.5
196074,0.5
196979,0.5
113304,0.5
71082,0.5
203416,0.5
234089,0.5
32512,0.5
12949,0.5
20035,0.5
41860,0.5
90685,0.5
183873,0.5
124371,0.5
162623,0.5
91651,0.5
238077,0.5
231441,0.5
83164,0.5
154523,0.5
66266,0.5
200480,0.5
74367,0.5
211010,0.5
140708,0.5
144386,0.5
141154,0.5
233821,0.5
202501,0.5
195245,0.5
32307,0.5
243246,0.5
133848,0.5
61927,0.5
166391,0.5
11802,0.5
169527,0.5
55638,0.5
18129,0.5
66514,0.5
179726,0.5
200499,0.5
158125,0.5
203876,0.5
184619,0.5
246877,0.5
165123,0.5
200690,0.5
25026,0.5
179918,0.5
188684,0.5
209906,0.5
155057,0.5
178986,0.5
169887,0.5
16480,0.5
99969,0.5
235250,0.5
207094,0.5
41056,0.5
5890,0.5
50456,0.5
168101,0.5
68172,0.5
242917,0.5
135768,0.5
9202,0.5
147442,0.5
26185,0.5
83841,0.5
65417,0.5
73821,0.5
187075,0.5
157412,0.5
35891,0.5
65276,0.5
193350,0.5
204915,0.5
162679,0.5
145355,0.5
190083,0.5
207262,0.5
249431,0.5
202300,0.5
213919,0.5
163336,0.5
1197,0.5
46059,0.5
18307,0.5
153001,0.5
242948,0.5
181272,0.5
197275,0.5
52558,0.5
71808,0.5
58809,0.5
101968,0.5
106568,0.5
29210,0.5
127009,0.5
81068,0.5
134916,0.5
206460,0.5
221960,0.5
73937,0.5
94133,0.5
46362,0.5
67065,0.5
214835,0.5
202684,0.5
199326,0.5
118275,0.5
47664,0.5
230214,0.5
119291,0.5
141985,0.5
188217,0.5
229711,0.5
241463,0.5
4792,0.5
162339,0.5
162789,0.5
204057,0.5
92739,0.5
111750,0.5
206662,0.5
176780,0.5
73541,0.5
120061,0.5
67080,0.5
211129,0.5
231614,0.5
86192,0.5
72807,0.5
240362,0.5
117853,0.5
112377,0.5
61631,0.5
210067,0.5
34746,0.5
136573,0.5
13620,0.5
124181,0.5
175719,0.5
52642,0.5
194166,0.5
50416,0.5
154069,0.5
72617,0.5
182886,0.5
116409,0.5
72260,0.5
62860,0.5
214096,0.5
100575,0.5
113219,0.5
81669,0.5
96566,0.5
17756,0.5
19258,0.5
113066,0.5
113618,0.5
34259,0.5
223296,0.5
108280,0.5
213729,0.5
154378,0.5
21059,0.5
193684,0.5
140849,0.5
56592,0.5
79377,0.5
174183,0.5
86244,0.5
130492,0.5
155753,0.5
145538,0.5
192702,0.5
213212,0.5
133862,0.5
159435,0.5
184022,0.5
245676,0.5
114140,0.5
30853,0.5
11483,0.5
182006,0.5
206329,0.5
66281,0.5
87269,0.5
148007,0.5
106107,0.5
246887,0.5
21524,0.5
145211,0.5
204257,0.5
79934,0.5
53381,0.5
64711,0.5
186535,0.5
55208,0.5
189006,0.5
31413,0.5
41162,0.5
247241,0.5
24496,0.5
169348,0.5
109051,0.5
81845,0.5
49876,0.5
92830,0.5
121236,0.5
98836,0.5
41485,0.5
241521,0.5
221012,0.5
194286,0.5
204277,0.5
4019,0.5
50440,0.5
151729,0.5
22684,0.5
96832,0.5
59517,0.5
201491,0.5
52649,0.5
171584,0.5
82260,0.5
46304,0.5
211564,0.5
96743,0.5
209670,0.5
43466,0.5
106913,0.5
217550,0.5
166399,0.5
70901,0.5
224813,0.5
91475,0.5
107798,0.5
182484,0.5
13811,0.5
117274,0.5
248184,0.5
204703,0.5
63549,0.5
97519,0.5
122147,0.5
237010,0.5
187180,0.5
227033,0.5
33211,0.5
1591,0.5
35172,0.5
5250,0.5
215733,0.5
130473,0.5
100845,0.5
9361,0.5
26120,0.5
126200,0.5
26274,0.5
42259,0.5
159292,0.5
56085,0.5
238723,0.5
212174,0.5
15947,0.5
202712,0.5
156167,0.5
145094,0.5
92347,0.5
18271,0.5
15955,0.5
23257,0.5
239872,0.5
96057,0.5
177795,0.5
66359,0.5
185431,0.5
208644,0.5
78225,0.5
136384,0.5
23028,0.5
201913,0.5
24130,0.5
209241,0.5
175043,0.5
231755,0.5
249527,0.5
136903,0.5
70508,0.5
126165,0.5
177818,0.5
120008,0.5
63063,0.5
4667,0.5
141080,0.5
37638,0.5
185944,0.5
230967,0.5
135460,0.5
181053,0.5
99800,0.5
22360,0.5
171962,0.5
90149,0.5
154640,0.5
48214,0.5
200554,0.5
125941,0.5
183864,0.5
67960,0.5
8207,0.5
76632,0.5
126103,0.5
239437,0.5
47742,0.5
174796,0.5
80824,0.5
178377,0.5
107355,0.5
193689,0.5
237914,0.5
84867,0.5
244879,0.5
141391,0.5
21460,0.5
58941,0.5
101592,0.5
156685,0.5
200932,0.5
152509,0.5
229216,0.5
101916,0.5
172540,0.5
65855,0.5
43703,0.5
8025,0.5
74914,0.5
2325,0.5
76699,0.5
242103,0.5
106195,0.5
184246,0.5
168261,0.5
228444,0.5
134806,0.5
191705,0.5
57778,0.5
89657,0.5
7176,0.5
6785,0.5
68027,0.5
226502,0.5
130989,0.5
17041,0.5
95344,0.5
48187,0.5
246148,0.5
63998,0.5
209653,0.5
143557,0.5
670,0.5
150958,0.5
223575,0.5
115688,0.5
69868,0.5
238446,0.5
118422,0.5
66702,0.5
205213,0.5
212851,0.5
205777,0.5
15749,0.5
160882,0.5
179997,0.5
84039,0.5
189916,0.5
82799,0.5
237481,0.5
35014,0.5
201829,0.5
114292,0.5
43891,0.5
212147,0.5
23060,0.5
177732,0.5
239540,0.5
237367,0.5
90995,0.5
110500,0.5
215796,0.5
177959,0.5
18715,0.5
116833,0.5
217155,0.5
44305,0.5
80860,0.5
13496,0.5
144214,0.5
191859,0.5
154358,0.5
215596,0.5
211508,0.5
7961,0.5
224254,0.5
128729,0.5
86495,0.5
172175,0.5
222944,0.5
137703,0.5
51379,0.5
175851,0.5
138722,0.5
187053,0.5
194944,0.5
94563,0.5
186689,0.5
34170,0.5
210705,0.5
5065,0.5
193061,0.5
108855,0.5
245377,0.5
104079,0.5
7398,0.5
62269,0.5
217012,0.5
23369,0.5
23077,0.5
245224,0.5
97533,0.5
160802,0.5
6906,0.5
107550,0.5
90107,0.5
169642,0.5
87385,0.5
212491,0.5
108463,0.5
7937,0.5
183817,0.5
80040,0.5
211451,0.5
171746,0.5
146663,0.5
10683,0.5
77066,0.5
15872,0.5
77855,0.5
128140,0.5
199948,0.5
100540,0.5
111359,0.5
5642,0.5
170232,0.5
22768,0.5
64294,0.5
150061,0.5
81877,0.5
148870,0.5
120031,0.5
58927,0.5
52832,0.5
176561,0.5
45555,0.5
138061,0.5
124026,0.5
174931,0.5
122674,0.5
90228,0.5
192533,0.5
155614,0.5
219706,0.5
217747,0.5
120072,0.5
95230,0.5
93741,0.5
43717,0.5
171248,0.5
238645,0.5
75834,0.5
153805,0.5
227354,0.5
5334,0.5
223839,0.5
236475,0.5
200051,0.5
104255,0.5
192687,0.5
235118,0.5
51167,0.5
147791,0.5
104246,0.5
148287,0.5
188163,0.5
198879,0.5
233514,0.5
236573,0.5
49418,0.5
77627,0.5
151717,0.5
139884,0.5
204770,0.5
220802,0.5
236047,0.5
228574,0.5
203569,0.5
135790,0.5
225898,0.5
146762,0.5
245751,0.5
162222,0.5
138266,0.5
153447,0.5
4018,0.5
183299,0.5
244081,0.5
216955,0.5
155620,0.5
247565,0.5
178862,0.5
164926,0.5
162835,0.5
69462,0.5
131705,0.5
130255,0.5
184507,0.5
196150,0.5
173034,0.5
47553,0.5
94811,0.5
189410,0.5
46452,0.5
121488,0.5
248872,0.5
226444,0.5
136295,0.5
166240,0.5
60221,0.5
19334,0.5
166563,0.5
167464,0.5
36325,0.5
240438,0.5
82663,0.5
49056,0.5
56379,0.5
30863,0.5
216284,0.5
209587,0.5
114250,0.5
159575,0.5
190952,0.5
73516,0.5
10554,0.5
226986,0.5
247062,0.5
32783,0.5
89918,0.5
208598,0.5
124502,0.5
8606,0.5
94485,0.5
187312,0.5
48689,0.5
171780,0.5
226248,0.5
228696,0.5
217578,0.5
59131,0.5
118881,0.5
156740,0.5
83195,0.5
75168,0.5
163155,0.5
100521,0.5
180216,0.5
55271,0.5
85820,0.5
157186,0.5
3807,0.5
200811,0.5
93519,0.5
177495,0.5
222871,0.5
238481,0.5
130170,0.5
246571,0.5
5508,0.5
57988,0.5
222086,0.5
144193,0.5
222395,0.5
104447,0.5
64769,0.5
83042,0.5
160734,0.5
161558,0.5
12141,0.5
99784,0.5
63568,0.5
91557,0.5
118996,0.5
156523,0.5
237093,0.5
249781,0.5
79861,0.5
111783,0.5
215310,0.5
3119,0.5
231226,0.5
97879,0.5
89262,0.5
14987,0.5
216409,0.5
7832,0.5
188832,0.5
195180,0.5
128780,0.5
162323,0.5
235693,0.5
6610,0.5
154667,0.5
81530,0.5
217209,0.5
189258,0.5
218064,0.5
141399,0.5
130949,0.5
238082,0.5
150052,0.5
11494,0.5
158061,0.5
158502,0.5
65512,0.5
3824,0.5
191931,0.5
113142,0.5
233097,0.5
30728,0.5
10606,0.5
16390,0.5
83415,0.5
191464,0.5
244073,0.5
51749,0.5
216439,0.5
99396,0.5
162115,0.5
166716,0.5
184158,0.5
145495,0.5
7489,0.5
151410,0.5
149075,0.5
228371,0.5
38410,0.5
190277,0.5
14032,0.5
45788,0.5
134210,0.5
86550,0.5
203909,0.5
60307,0.5
231926,0.5
170510,0.5
6715,0.5
212700,0.5
40480,0.5
65398,0.5
183593,0.5
94976,0.5
61521,0.5
30551,0.5
120450,0.5
172397,0.5
248093,0.5
169373,0.5
33682,0.5
62185,0.5
234978,0.5
242009,0.5
176344,0.5
233298,0.5
160294,0.5
190754,0.5
170948,0.5
25259,0.5
30440,0.5
90301,0.5
27340,0.5
92405,0.5
247852,0.5
58345,0.5
206199,0.5
200621,0.5
191004,0.5
24785,0.5
61139,0.5
194803,0.5
120367,0.5
43074,0.5
81846,0.5
40203,0.5
115889,0.5
48503,0.5
143472,0.5
17708,0.5
196562,0.5
18441,0.5
155221,0.5
182070,0.5
73112,0.5
228478,0.5
222470,0.5
234091,0.5
220046,0.5
217451,0.5
92849,0.5
167070,0.5
8676,0.5
142195,0.5
168357,0.5
82141,0.5
49069,0.5
186953,0.5
176530,0.5
194566,0.5
91998,0.5
248744,0.5
135965,0.5
214503,0.5
213651,0.5
209865,0.5
56191,0.5
30200,0.5
246079,0.5
151898,0.5
42150,0.5
180848,0.5
75952,0.5
143000,0.5
70458,0.5
109414,0.5
8638,0.5
58573,0.5
146018,0.5
143334,0.5
67871,0.5
25506,0.5
98281,0.5
35247,0.5
238,0.5
24603,0.5
115387,0.5
96238,0.5
104744,0.5
149445,0.5
229134,0.5
37788,0.5
69020,0.5
109531,0.5
138356,0.5
37114,0.5
219093,0.5
36786,0.5
204028,0.5
231126,0.5
232635,0.5
209185,0.5
56010,0.5
135541,0.5
176348,0.5
215779,0.5
170320,0.5
47770,0.5
86109,0.5
230106,0.5
161684,0.5
134452,0.5
173333,0.5
149415,0.5
18235,0.5
91829,0.5
17188,0.5
116128,0.5
245090,0.5
100633,0.5
131310,0.5
200986,0.5
197382,0.5
17764,0.5
10680,0.5
103481,0.5
76529,0.5
140880,0.5
153434,0.5
50212,0.5
138902,0.5
204139,0.5
33866,0.5
156300,0.5
185215,0.5
200787,0.5
71160,0.5
89116,0.5
117865,0.5
241698,0.5
8786,0.5
18844,0.5
69898,0.5
207118,0.5
180611,0.5
65642,0.5
212067,0.5
211528,0.5
237261,0.5
132272,0.5
167379,0.5
185552,0.5
130737,0.5
247301,0.5
97685,0.5
154873,0.5
69614,0.5
160864,0.5
116403,0.5
169926,0.5
39011,0.5
40143,0.5
241200,0.5
236345,0.5
45876,0.5
246486,0.5
151801,0.5
182870,0.5
18841,0.5
48068,0.5
180020,0.5
188978,0.5
183887,0.5
191064,0.5
101883,0.5
27465,0.5
155174,0.5
12904,0.5
2403,0.5
13896,0.5
59405,0.5
16249,0.5
128181,0.5
153306,0.5
57291,0.5
13822,0.5
118412,0.5
223436,0.5
59509,0.5
117727,0.5
219000,0.5
67476,0.5
208899,0.5
177753,0.5
31275,0.5
96304,0.5
224041,0.5
201123,0.5
946,0.5
162847,0.5
88128,0.5
228202,0.5
59030,0.5
163878,0.5
52178,0.5
215331,0.5
62772,0.5
84788,0.5
206615,0.5
122865,0.5
188128,0.5
12431,0.5
244153,0.5
48582,0.5
151569,0.5
24515,0.5
185039,0.5
193637,0.5
228818,0.5
83462,0.5
133622,0.5
160813,0.5
59565,0.5
2104,0.5
87026,0.5
167107,0.5
146533,0.5
67425,0.5
113667,0.5
150049,0.5
81617,0.5
241645,0.5
42699,0.5
229416,0.5
173326,0.5
128994,0.5
111033,0.5
204690,0.5
83232,0.5
167125,0.5
123144,0.5
33719,0.5
125961,0.5
167260,0.5
25689,0.5
53946,0.5
67359,0.5
114341,0.5
47062,0.5
140829,0.5
52540,0.5
128054,0.5
20667,0.5
158281,0.5
58944,0.5
139648,0.5
18775,0.5
3490,0.5
78197,0.5
248068,0.5
154770,0.5
223290,0.5
43628,0.5
73035,0.5
200631,0.5
155005,0.5
8350,0.5
205924,0.5
21488,0.5
217468,0.5
95774,0.5
41139,0.5
247892,0.5
75270,0.5
84118,0.5
239488,0.5
77563,0.5
57332,0.5
223165,0.5
146532,0.5
21671,0.5
99671,0.5
247626,0.5
65058,0.5
205538,0.5
151035,0.5
176479,0.5
81210,0.5
78368,0.5
8827,0.5
57947,0.5
11421,0.5
94571,0.5
83197,0.5
157707,0.5
3472,0.5
24020,0.5
93533,0.5
245265,0.5
25216,0.5
234799,0.5
33560,0.5
79539,0.5
221341,0.5
160684,0.5
144128,0.5
9457,0.5
80492,0.5
61255,0.5
165416,0.5
53128,0.5
42619,0.5
159341,0.5
109307,0.5
197269,0.5
4517,0.5
87050,0.5
200262,0.5
187175,0.5
96900,0.5
139813,0.5
119154,0.5
61043,0.5
165694,0.5
36884,0.5
35788,0.5
39708,0.5
33954,0.5
38630,0.5
38494,0.5
223991,0.5
100685,0.5
233257,0.5
235420,0.5
155552,0.5
38737,0.5
3399,0.5
149694,0.5
128898,0.5
117959,0.5
84038,0.5
85930,0.5
245565,0.5
146653,0.5
144427,0.5
37017,0.5
110880,0.5
196843,0.5
124257,0.5
142679,0.5
207080,0.5
63247,0.5
168592,0.5
94842,0.5
191896,0.5
107675,0.5
186400,0.5
245626,0.5
31878,0.5
74088,0.5
248640,0.5
239338,0.5
107002,0.5
190391,0.5
42560,0.5
84946,0.5
151172,0.5
158838,0.5
37561,0.5
215125,0.5
14948,0.5
62953,0.5
42720,0.5
169997,0.5
192415,0.5
215127,0.5
180613,0.5
165783,0.5
247243,0.5
52777,0.5
203939,0.5
31773,0.5
126153,0.5
147183,0.5
244200,0.5
179400,0.5
131460,0.5
151592,0.5
59827,0.5
14649,0.5
220424,0.5
48383,0.5
103106,0.5
114312,0.5
249394,0.5
242213,0.5
192699,0.5
75576,0.5
143341,0.5
115285,0.5
29815,0.5
226575,0.5
176250,0.5
12714,0.5
22993,0.5
159049,0.5
215321,0.5
167250,0.5
35924,0.5
176977,0.5
17729,0.5
147016,0.5
246755,0.5
139276,0.5
80272,0.5
124242,0.5
12931,0.5
170408,0.5
34624,0.5
35934,0.5
110495,0.5
146781,0.5
178691,0.5
42074,0.5
62245,0.5
164027,0.5
121536,0.5
180925,0.5
47347,0.5
138566,0.5
89208,0.5
113364,0.5
249254,0.5
177901,0.5
232306,0.5
132094,0.5
146503,0.5
197840,0.5
248453,0.5
157468,0.5
148998,0.5
15640,0.5
197431,0.5
183600,0.5
177543,0.5
223623,0.5
207342,0.5
93706,0.5
124817,0.5
134350,0.5
53415,0.5
225948,0.5
206405,0.5
42669,0.5
26915,0.5
196811,0.5
101153,0.5
61672,0.5
122533,0.5
129374,0.5
117832,0.5
69907,0.5
116090,0.5
192440,0.5
113819,0.5
129095,0.5
162278,0.5
214666,0.5
32477,0.5
159310,0.5
93725,0.5
90927,0.5
243430,0.5
165656,0.5
67881,0.5
56390,0.5
201917,0.5
148568,0.5
227545,0.5
175727,0.5
3173,0.5
219276,0.5
56958,0.5
10084,0.5
71388,0.5
200502,0.5
58368,0.5
80861,0.5
161605,0.5
156083,0.5
178035,0.5
190744,0.5
77760,0.5
83214,0.5
208626,0.5
140967,0.5
12916,0.5
210325,0.5
82357,0.5
11488,0.5
234057,0.5
134575,0.5
9728,0.5
54978,0.5
150898,0.5
198656,0.5
20437,0.5
54954,0.5
89170,0.5
205231,0.5
87396,0.5
106804,0.5
209890,0.5
104020,0.5
130741,0.5
91490,0.5
229293,0.5
45203,0.5
141182,0.5
215712,0.5
241615,0.5
184343,0.5
96489,0.5
108153,0.5
189907,0.5
163472,0.5
146013,0.5
209858,0.5
142803,0.5
101100,0.5
18738,0.5
68760,0.5
111013,0.5
124812,0.5
171834,0.5
25389,0.5
236874,0.5
35799,0.5
14,0.5
120522,0.5
97193,0.5
125271,0.5
243818,0.5
249495,0.5
194870,0.5
186787,0.5
165066,0.5
54700,0.5
55250,0.5
184482,0.5
184604,0.5
190227,0.5
147106,0.5
240720,0.5
158567,0.5
156864,0.5
29482,0.5
125195,0.5
157100,0.5
26449,0.5
95330,0.5
126705,0.5
206438,0.5
14389,0.5
25371,0.5
226844,0.5
26621,0.5
95197,0.5
136700,0.5
141886,0.5
84728,0.5
198441,0.5
204371,0.5
169466,0.5
240855,0.5
89803,0.5
60966,0.5
141828,0.5
230907,0.5
103092,0.5
49121,0.5
62375,0.5
183181,0.5
47144,0.5
169761,0.5
115922,0.5
102384,0.5
7023,0.5
7988,0.5
175703,0.5
88421,0.5
98232,0.5
74117,0.5
70006,0.5
77293,0.5
134792,0.5
132978,0.5
20349,0.5
68574,0.5
131742,0.5
36757,0.5
143271,0.5
72085,0.5
154584,0.5
34352,0.5
159664,0.5
80212,0.5
36487,0.5
173851,0.5
163030,0.5
212594,0.5
32776,0.5
13601,0.5
236711,0.5
240658,0.5
177251,0.5
85301,0.5
67670,0.5
112232,0.5
249350,0.5
1638,0.5
171662,0.5
206378,0.5
11249,0.5
190164,0.5
75835,0.5
4244,0.5
33221,0.5
75347,0.5
37635,0.5
30897,0.5
39424,0.5
48534,0.5
48574,0.5
195078,0.5
195487,0.5
133221,0.5
84699,0.5
164202,0.5
83267,0.5
74264,0.5
194160,0.5
74810,0.5
101873,0.5
151693,0.5
17348,0.5
214887,0.5
23023,0.5
176143,0.5
178063,0.5
69199,0.5
201652,0.5
229081,0.5
62502,0.5
49141,0.5
78563,0.5
189278,0.5
25243,0.5
164992,0.5
89102,0.5
232460,0.5
114921,0.5
54651,0.5
67728,0.5
93695,0.5
176927,0.5
63809,0.5
182627,0.5
151841,0.5
221575,0.5
96913,0.5
190673,0.5
41438,0.5
62139,0.5
141884,0.5
27751,0.5
225532,0.5
112744,0.5
184440,0.5
229872,0.5
137600,0.5
119707,0.5
15946,0.5
171340,0.5
136335,0.5
29032,0.5
213682,0.5
116357,0.5
182253,0.5
171416,0.5
81684,0.5
20890,0.5
211084,0.5
230943,0.5
39995,0.5
121858,0.5
195654,0.5
63828,0.5
209042,0.5
199712,0.5
58037,0.5
27769,0.5
224821,0.5
68165,0.5
12307,0.5
33289,0.5
217491,0.5
172427,0.5
129204,0.5
93347,0.5
201306,0.5
174501,0.5
11940,0.5
156756,0.5
243201,0.5
173531,0.5
52148,0.5
108526,0.5
187752,0.5
104851,0.5
167934,0.5
60573,0.5
228784,0.5
108858,0.5
72653,0.5
84561,0.5
97891,0.5
239448,0.5
189813,0.5
61014,0.5
68899,0.5
209217,0.5
110456,0.5
85396,0.5
71264,0.5
30356,0.5
226679,0.5
58807,0.5
227078,0.5
94585,0.5
91182,0.5
242791,0.5
62089,0.5
23396,0.5
77084,0.5
158059,0.5
47807,0.5
57168,0.5
192340,0.5
249654,0.5
131522,0.5
33023,0.5
19123,0.5
135944,0.5
228282,0.5
99839,0.5
53436,0.5
148256,0.5
230330,0.5
157943,0.5
236982,0.5
78854,0.5
145734,0.5
136291,0.5
91857,0.5
87666,0.5
122833,0.5
194130,0.5
229082,0.5
85570,0.5
32913,0.5
125138,0.5
22485,0.5
102305,0.5
97996,0.5
111193,0.5
213425,0.5
233784,0.5
96783,0.5
102833,0.5
142050,0.5
110917,0.5
148314,0.5
239098,0.5
85333,0.5
111021,0.5
36589,0.5
156654,0.5
177187,0.5
123828,0.5
36996,0.5
141656,0.5
169283,0.5
177319,0.5
219007,0.5
95814,0.5
120386,0.5
30634,0.5
150984,0.5
236369,0.5
72462,0.5
154321,0.5
211210,0.5
28539,0.5
12637,0.5
91412,0.5
244587,0.5
243637,0.5
137952,0.5
127652,0.5
182167,0.5
15504,0.5
111027,0.5
102873,0.5
29542,0.5
235248,0.5
160713,0.5
191296,0.5
132279,0.5
131268,0.5
221573,0.5
185411,0.5
77176,0.5
185085,0.5
92693,0.5
215249,0.5
1521,0.5
16036,0.5
85041,0.5
99478,0.5
30073,0.5
230076,0.5
107878,0.5
125748,0.5
158524,0.5
240547,0.5
97846,0.5
61700,0.5
109760,0.5
28945,0.5
182267,0.5
40328,0.5
154599,0.5
65408,0.5
170652,0.5
223159,0.5
130927,0.5
141307,0.5
224222,0.5
111558,0.5
183952,0.5
131165,0.5
83627,0.5
147293,0.5
210739,0.5
241450,0.5
202260,0.5
223520,0.5
149560,0.5
130967,0.5
135484,0.5
161981,0.5
234813,0.5
153591,0.5
152682,0.5
198564,0.5
78546,0.5
70653,0.5
189467,0.5
186575,0.5
197313,0.5
210305,0.5
235557,0.5
28610,0.5
132708,0.5
193249,0.5
65246,0.5
180095,0.5
244129,0.5
41008,0.5
91636,0.5
223064,0.5
66663,0.5
193650,0.5
208051,0.5
39643,0.5
218831,0.5
72882,0.5
91091,0.5
113019,0.5
33446,0.5
105777,0.5
21007,0.5
45194,0.5
242119,0.5
49792,0.5
70028,0.5
49357,0.5
46345,0.5
149308,0.5
239923,0.5
127532,0.5
183709,0.5
18650,0.5
227955,0.5
20142,0.5
103561,0.5
74662,0.5
138425,0.5
120836,0.5
189598,0.5
183260,0.5
96802,0.5
21124,0.5
148750,0.5
170729,0.5
129625,0.5
236001,0.5
98846,0.5
173051,0.5
33514,0.5
93606,0.5
11509,0.5
162215,0.5
57377,0.5
97811,0.5
249249,0.5
65768,0.5
6975,0.5
16448,0.5
112328,0.5
165782,0.5
174832,0.5
156913,0.5
55291,0.5
168405,0.5
144442,0.5
100991,0.5
185219,0.5
143578,0.5
103889,0.5
46450,0.5
205519,0.5
173519,0.5
221289,0.5
19605,0.5
239287,0.5
202936,0.5
207842,0.5
117909,0.5
206212,0.5
44722,0.5
143222,0.5
195344,0.5
40777,0.5
223948,0.5
158335,0.5
98365,0.5
181500,0.5
239535,0.5
161727,0.5
187652,0.5
51253,0.5
160823,0.5
39618,0.5
235142,0.5
17398,0.5
134859,0.5
39841,0.5
188573,0.5
204754,0.5
172093,0.5
112913,0.5
210784,0.5
113840,0.5
211725,0.5
20083,0.5
104365,0.5
157381,0.5
65031,0.5
167657,0.5
109248,0.5
108401,0.5
158336,0.5
230727,0.5
77849,0.5
130248,0.5
157845,0.5
87065,0.5
119645,0.5
141317,0.5
120106,0.5
167781,0.5
81302,0.5
214769,0.5
206469,0.5
229639,0.5
110664,0.5
197439,0.5
26510,0.5
83971,0.5
70238,0.5
216602,0.5
75532,0.5
140437,0.5
143642,0.5
208240,0.5
213225,0.5
160062,0.5
197251,0.5
127685,0.5
178818,0.5
128548,0.5
129314,0.5
247363,0.5
131804,0.5
151116,0.5
16102,0.5
73092,0.5
4828,0.5
126430,0.5
35402,0.5
134219,0.5
170475,0.5
17169,0.5
59152,0.5
185785,0.5
218711,0.5
35255,0.5
141010,0.5
41264,0.5
189099,0.5
21086,0.5
244883,0.5
161195,0.5
103390,0.5
224747,0.5
129772,0.5
155602,0.5
197320,0.5
207783,0.5
13693,0.5
153523,0.5
91016,0.5
106958,0.5
41791,0.5
179215,0.5
106699,0.5
143339,0.5
76810,0.5
197285,0.5
157537,0.5
240798,0.5
9096,0.5
175109,0.5
99215,0.5
55957,0.5
55162,0.5
80498,0.5
98001,0.5
178850,0.5
170003,0.5
105393,0.5
183670,0.5
119565,0.5
60177,0.5
193171,0.5
103143,0.5
80034,0.5
233294,0.5
150854,0.5
56534,0.5
78195,0.5
58479,0.5
111522,0.5
143119,0.5
152429,0.5
99693,0.5
70572,0.5
173375,0.5
213322,0.5
77973,0.5
46215,0.5
117546,0.5
211197,0.5
137055,0.5
228001,0.5
199937,0.5
220708,0.5
137293,0.5
19044,0.5
58438,0.5
190987,0.5
17490,0.5
23347,0.5
73916,0.5
68001,0.5
15440,0.5
154459,0.5
180415,0.5
75691,0.5
62548,0.5
220620,0.5
85423,0.5
189584,0.5
114507,0.5
144885,0.5
111480,0.5
42352,0.5
168980,0.5
23264,0.5
84718,0.5
34998,0.5
131116,0.5
17472,0.5
133783,0.5
140231,0.5
10821,0.5
64170,0.5
201634,0.5
46335,0.5
203481,0.5
53999,0.5
193388,0.5
34609,0.5
102128,0.5
100703,0.5
96890,0.5
193869,0.5
236458,0.5
80545,0.5
201215,0.5
88038,0.5
10484,0.5
147574,0.5
93174,0.5
169450,0.5
97955,0.5
58435,0.5
206543,0.5
52821,0.5
242126,0.5
27696,0.5
85686,0.5
232489,0.5
79871,0.5
55779,0.5
213505,0.5
184380,0.5
167346,0.5
146955,0.5
141928,0.5
144018,0.5
248968,0.5
126570,0.5
58241,0.5
218526,0.5
211851,0.5
244413,0.5
81138,0.5
121885,0.5
191667,0.5
71543,0.5
197458,0.5
123574,0.5
117676,0.5
169746,0.5
8055,0.5
102625,0.5
214892,0.5
81419,0.5
92066,0.5
193919,0.5
132196,0.5
120915,0.5
72692,0.5
168791,0.5
161187,0.5
201007,0.5
58728,0.5
169302,0.5
48680,0.5
232843,0.5
173295,0.5
124188,0.5
166169,0.5
248985,0.5
162526,0.5
165279,0.5
133220,0.5
4707,0.5
220007,0.5
247441,0.5
122333,0.5
241660,0.5
63242,0.5
52555,0.5
170488,0.5
244659,0.5
12019,0.5
101611,0.5
33656,0.5
161204,0.5
247584,0.5
126977,0.5
63065,0.5
193408,0.5
199273,0.5
157766,0.5
1146,0.5
228010,0.5
31305,0.5
232742,0.5
142911,0.5
249784,0.5
187650,0.5
162361,0.5
46149,0.5
243011,0.5
184217,0.5
114387,0.5
136839,0.5
21151,0.5
51453,0.5
203872,0.5
32732,0.5
75219,0.5
170500,0.5
85180,0.5
148675,0.5
6106,0.5
76902,0.5
125238,0.5
30186,0.5
69497,0.5
36811,0.5
105876,0.5
170662,0.5
7766,0.5
152289,0.5
34255,0.5
157418,0.5
9290,0.5
97387,0.5
26562,0.5
96711,0.5
9008,0.5
200572,0.5
188379,0.5
184903,0.5
165269,0.5
143481,0.5
158120,0.5
7328,0.5
205418,0.5
154778,0.5
248240,0.5
50,0.5
90952,0.5
91284,0.5
68430,0.5
17714,0.5
180914,0.5
151988,0.5
232621,0.5
63251,0.5
181521,0.5
124858,0.5
43096,0.5
155710,0.5
62817,0.5
154952,0.5
179986,0.5
173634,0.5
201764,0.5
12178,0.5
171365,0.5
105479,0.5
81831,0.5
64764,0.5
56549,0.5
236055,0.5
146383,0.5
127842,0.5
109886,0.5
163134,0.5
202272,0.5
173547,0.5
190856,0.5
174372,0.5
242453,0.5
235825,0.5
108969,0.5
63863,0.5
247825,0.5
202456,0.5
62599,0.5
75654,0.5
87446,0.5
80880,0.5
27353,0.5
124753,0.5
123101,0.5
74609,0.5
16917,0.5
232424,0.5
169839,0.5
46821,0.5
25382,0.5
12164,0.5
120753,0.5
205206,0.5
111211,0.5
196756,0.5
218009,0.5
109420,0.5
218132,0.5
208588,0.5
91886,0.5
36688,0.5
177767,0.5
222774,0.5
160886,0.5
70022,0.5
133443,0.5
169654,0.5
231956,0.5
147629,0.5
71952,0.5
211309,0.5
186759,0.5
71573,0.5
65423,0.5
36520,0.5
2344,0.5
63003,0.5
222379,0.5
137297,0.5
92291,0.5
181242,0.5
58693,0.5
224857,0.5
35051,0.5
96835,0.5
22429,0.5
80267,0.5
163669,0.5
182479,0.5
248154,0.5
111457,0.5
44313,0.5
222363,0.5
220612,0.5
6500,0.5
91414,0.5
206578,0.5
13612,0.5
57904,0.5
30119,0.5
45033,0.5
35576,0.5
186433,0.5
221226,0.5
93171,0.5
178955,0.5
111832,0.5
70394,0.5
102740,0.5
147715,0.5
211446,0.5
208795,0.5
12811,0.5
238877,0.5
41489,0.5
73255,0.5
249714,0.5
130673,0.5
119677,0.5
135309,0.5
150453,0.5
173015,0.5
274,0.5
221314,0.5
203755,0.5
84520,0.5
44584,0.5
231546,0.5
115271,0.5
84128,0.5
116605,0.5
135279,0.5
70811,0.5
120666,0.5
225459,0.5
51351,0.5
144544,0.5
140887,0.5
121665,0.5
190444,0.5
84713,0.5
20883,0.5
196926,0.5
197755,0.5
223049,0.5
86701,0.5
137045,0.5
42932,0.5
241798,0.5
119975,0.5
53013,0.5
32986,0.5
139992,0.5
213432,0.5
75033,0.5
242030,0.5
123039,0.5
36255,0.5
178084,0.5
246167,0.5
115541,0.5
191985,0.5
129000,0.5
208048,0.5
89427,0.5
121788,0.5
187236,0.5
238617,0.5
83633,0.5
227983,0.5
66589,0.5
174515,0.5
162821,0.5
191219,0.5
173660,0.5
196903,0.5
135388,0.5
57323,0.5
34637,0.5
170628,0.5
155048,0.5
200831,0.5
74571,0.5
14775,0.5
33174,0.5
95168,0.5
246394,0.5
117424,0.5
37351,0.5
55520,0.5
225163,0.5
136922,0.5
160475,0.5
10257,0.5
27882,0.5
162991,0.5
159489,0.5
246482,0.5
173461,0.5
139339,0.5
173184,0.5
120785,0.5
70391,0.5
163174,0.5
205844,0.5
162103,0.5
213286,0.5
126597,0.5
97289,0.5
142722,0.5
91218,0.5
119390,0.5
48723,0.5
134230,0.5
134127,0.5
195157,0.5
132194,0.5
200061,0.5
210014,0.5
63059,0.5
201060,0.5
38703,0.5
99962,0.5
52003,0.5
13038,0.5
31205,0.5
185982,0.5
44888,0.5
87420,0.5
207246,0.5
121038,0.5
132500,0.5
132684,0.5
53432,0.5
104039,0.5
154583,0.5
239219,0.5
88606,0.5
165985,0.5
246745,0.5
27872,0.5
91260,0.5
213017,0.5
97513,0.5
7021,0.5
118476,0.5
23386,0.5
237307,0.5
82235,0.5
209864,0.5
181509,0.5
142862,0.5
249069,0.5
43461,0.5
138837,0.5
216402,0.5
110087,0.5
19293,0.5
191925,0.5
239928,0.5
230132,0.5
17897,0.5
86564,0.5
186754,0.5
249941,0.5
125025,0.5
108837,0.5
39316,0.5
115859,0.5
208915,0.5
17374,0.5
125789,0.5
12181,0.5
11646,0.5
234098,0.5
21374,0.5
123146,0.5
167295,0.5
175206,0.5
231543,0.5
181164,0.5
212444,0.5
200233,0.5
121280,0.5
152007,0.5
63838,0.5
91923,0.5
90665,0.5
153629,0.5
145251,0.5
170326,0.5
79908,0.5
169224,0.5
99435,0.5
205287,0.5
163022,0.5
248988,0.5
156306,0.5
156041,0.5
104315,0.5
195395,0.5
3721,0.5
67244,0.5
61376,0.5
212019,0.5
50670,0.5
125329,0.5
200172,0.5
138572,0.5
206889,0.5
82616,0.5
246395,0.5
34504,0.5
62898,0.5
204767,0.5
197006,0.5
166232,0.5
86676,0.5
74676,0.5
154252,0.5
198628,0.5
55877,0.5
120385,0.5
136938,0.5
49982,0.5
248546,0.5
59599,0.5
86066,0.5
167420,0.5
123034,0.5
8176,0.5
75476,0.5
214872,0.5
75089,0.5
142907,0.5
228738,0.5
239377,0.5
197077,0.5
149685,0.5
196786,0.5
225259,0.5
128069,0.5
102887,0.5
122756,0.5
94820,0.5
218511,0.5
108908,0.5
244343,0.5
683,0.5
225865,0.5
74759,0.5
144126,0.5
109782,0.5
69015,0.5
15533,0.5
186653,0.5
28223,0.5
150441,0.5
141144,0.5
239041,0.5
77287,0.5
231966,0.5
213625,0.5
237208,0.5
21234,0.5
22113,0.5
130444,0.5
215977,0.5
145898,0.5
75044,0.5
49856,0.5
36061,0.5
136470,0.5
140787,0.5
79028,0.5
72365,0.5
82093,0.5
169856,0.5
71188,0.5
125979,0.5
5870,0.5
124554,0.5
147208,0.5
76896,0.5
220298,0.5
238611,0.5
202088,0.5
224759,0.5
102340,0.5
140264,0.5
27466,0.5
232376,0.5
210618,0.5
55401,0.5
160426,0.5
163936,0.5
98596,0.5
191316,0.5
96131,0.5
147216,0.5
242494,0.5
1223,0.5
137397,0.5
232936,0.5
138826,0.5
189219,0.5
9424,0.5
215476,0.5
29707,0.5
99799,0.5
113039,0.5
188430,0.5
182390,0.5
42583,0.5
110384,0.5
9285,0.5
157407,0.5
141386,0.5
142212,0.5
131019,0.5
2979,0.5
196899,0.5
175198,0.5
229843,0.5
158646,0.5
92660,0.5
17491,0.5
176726,0.5
194408,0.5
206612,0.5
146197,0.5
108021,0.5
49883,0.5
126474,0.5
152281,0.5
248850,0.5
246155,0.5
99166,0.5
207935,0.5
180292,0.5
206945,0.5
33084,0.5
98047,0.5
199121,0.5
73868,0.5
64256,0.5
200289,0.5
42918,0.5
147984,0.5
145547,0.5
166921,0.5
239631,0.5
132173,0.5
129640,0.5
249488,0.5
129711,0.5
241656,0.5
11651,0.5
157514,0.5
76564,0.5
90543,0.5
119131,0.5
148621,0.5
87557,0.5
185484,0.5
92043,0.5
187591,0.5
197387,0.5
15709,0.5
39981,0.5
143080,0.5
35935,0.5
188126,0.5
153720,0.5
113569,0.5
207001,0.5
242106,0.5
116009,0.5
12186,0.5
178308,0.5
96264,0.5
97357,0.5
4881,0.5
127800,0.5
217941,0.5
198468,0.5
65744,0.5
94220,0.5
222664,0.5
25033,0.5
160190,0.5
202310,0.5
28792,0.5
53855,0.5
77374,0.5
49661,0.5
111948,0.5
102714,0.5
113807,0.5
63213,0.5
139903,0.5
65649,0.5
143948,0.5
71650,0.5
125871,0.5
53277,0.5
68498,0.5
202723,0.5
86449,0.5
101547,0.5
48154,0.5
151669,0.5
146282,0.5
230602,0.5
15584,0.5
114577,0.5
197609,0.5
89835,0.5
196381,0.5
201950,0.5
87647,0.5
79696,0.5
127137,0.5
27190,0.5
145609,0.5
222436,0.5
164096,0.5
212217,0.5
6325,0.5
165967,0.5
69016,0.5
77525,0.5
11931,0.5
119186,0.5
209763,0.5
85282,0.5
242357,0.5
51603,0.5
180824,0.5
126700,0.5
154105,0.5
78626,0.5
238365,0.5
197183,0.5
117320,0.5
85296,0.5
138128,0.5
62742,0.5
11632,0.5
76675,0.5
149796,0.5
18065,0.5
218570,0.5
108113,0.5
10882,0.5
116311,0.5
240630,0.5
22422,0.5
226629,0.5
158965,0.5
83440,0.5
82687,0.5
27090,0.5
44077,0.5
88166,0.5
165089,0.5
206901,0.5
227710,0.5
201753,0.5
117931,0.5
91164,0.5
196191,0.5
136071,0.5
38076,0.5
139532,0.5
143273,0.5
38586,0.5
120230,0.5
127578,0.5
179048,0.5
92857,0.5
48001,0.5
2510,0.5
102784,0.5
125967,0.5
46950,0.5
27705,0.5
114058,0.5
196779,0.5
108966,0.5
11475,0.5
162942,0.5
6221,0.5
31354,0.5
25784,0.5
127303,0.5
80836,0.5
219348,0.5
27534,0.5
160427,0.5
5282,0.5
161334,0.5
7992,0.5
105036,0.5
64467,0.5
242952,0.5
156593,0.5
248226,0.5
151302,0.5
37534,0.5
95741,0.5
87967,0.5
55996,0.5
130068,0.5
240623,0.5
88079,0.5
125699,0.5
158103,0.5
215545,0.5
19984,0.5
102514,0.5
142355,0.5
110430,0.5
215749,0.5
5820,0.5
199074,0.5
204553,0.5
103357,0.5
146435,0.5
235448,0.5
187529,0.5
228381,0.5
149902,0.5
198443,0.5
59726,0.5
127198,0.5
194997,0.5
219557,0.5
178651,0.5
135898,0.5
184412,0.5
83592,0.5
61924,0.5
198292,0.5
128245,0.5
4231,0.5
105223,0.5
55155,0.5
108947,0.5
32571,0.5
141937,0.5
123286,0.5
193579,0.5
32872,0.5
161395,0.5
225791,0.5
165397,0.5
84899,0.5
197317,0.5
119095,0.5
178801,0.5
14583,0.5
23251,0.5
53985,0.5
91940,0.5
235827,0.5
59648,0.5
89898,0.5
69523,0.5
127391,0.5
41497,0.5
99009,0.5
61015,0.5
73747,0.5
30561,0.5
164298,0.5
168150,0.5
46253,0.5
156106,0.5
44010,0.5
211102,0.5
134782,0.5
146621,0.5
54798,0.5
109657,0.5
60502,0.5
174846,0.5
146887,0.5
228407,0.5
110339,0.5
29624,0.5
4318,0.5
214988,0.5
85419,0.5
156315,0.5
196898,0.5
121241,0.5
5874,0.5
86287,0.5
91665,0.5
124249,0.5
130346,0.5
20622,0.5
247347,0.5
76176,0.5
225414,0.5
121573,0.5
82126,0.5
198269,0.5
20055,0.5
199097,0.5
783,0.5
169618,0.5
15891,0.5
2808,0.5
179759,0.5
184729,0.5
235965,0.5
15280,0.5
46864,0.5
44537,0.5
242968,0.5
202839,0.5
176241,0.5
24717,0.5
246463,0.5
72171,0.5
131164,0.5
12617,0.5
91242,0.5
21491,0.5
52408,0.5
16935,0.5
198306,0.5
188004,0.5
165572,0.5
136715,0.5
176964,0.5
63372,0.5
132219,0.5
33416,0.5
10195,0.5
135914,0.5
4499,0.5
2405,0.5
30125,0.5
177668,0.5
150663,0.5
175945,0.5
25159,0.5
93575,0.5
215737,0.5
215622,0.5
3031,0.5
236245,0.5
230173,0.5
68854,0.5
203189,0.5
41419,0.5
192047,0.5
204107,0.5
17289,0.5
241710,0.5
67145,0.5
85469,0.5
210392,0.5
223763,0.5
225162,0.5
184743,0.5
124964,0.5
184144,0.5
212154,0.5
243558,0.5
4804,0.5
90863,0.5
3135,0.5
105571,0.5
107989,0.5
117468,0.5
133264,0.5
133053,0.5
227160,0.5
109169,0.5
107070,0.5
123183,0.5
239885,0.5
238950,0.5
24750,0.5
42200,0.5
78366,0.5
217,0.5
31702,0.5
123012,0.5
132001,0.5
194479,0.5
99409,0.5
124319,0.5
18390,0.5
72423,0.5
189520,0.5
188823,0.5
95067,0.5
200688,0.5
227557,0.5
63650,0.5
242343,0.5
237524,0.5
115756,0.5
239317,0.5
223125,0.5
40725,0.5
34912,0.5
212709,0.5
201912,0.5
22079,0.5
205148,0.5
209978,0.5
171146,0.5
46843,0.5
97342,0.5
61084,0.5
141502,0.5
207745,0.5
124889,0.5
17505,0.5
32904,0.5
76882,0.5
1676,0.5
81531,0.5
248764,0.5
151168,0.5
43060,0.5
69110,0.5
189040,0.5
187925,0.5
55823,0.5
229041,0.5
165142,0.5
39550,0.5
189724,0.5
190958,0.5
72590,0.5
221871,0.5
159606,0.5
91639,0.5
84986,0.5
120996,0.5
181596,0.5
8281,0.5
160806,0.5
220648,0.5
161667,0.5
158649,0.5
155553,0.5
194573,0.5
61428,0.5
38264,0.5
54413,0.5
193542,0.5
125005,0.5
146649,0.5
65951,0.5
27561,0.5
8464,0.5
225640,0.5
154462,0.5
24027,0.5
181545,0.5
81315,0.5
79161,0.5
145832,0.5
149598,0.5
172028,0.5
109697,0.5
61711,0.5
734,0.5
195280,0.5
28450,0.5
36468,0.5
76910,0.5
218014,0.5
34639,0.5
31486,0.5
44595,0.5
213562,0.5
212972,0.5
13012,0.5
85404,0.5
67586,0.5
211367,0.5
68843,0.5
211412,0.5
188166,0.5
102969,0.5
164809,0.5
63353,0.5
98419,0.5
14534,0.5
155319,0.5
222881,0.5
29768,0.5
173122,0.5
238640,0.5
227517,0.5
169479,0.5
166088,0.5
207288,0.5
95668,0.5
123586,0.5
191008,0.5
174822,0.5
213125,0.5
115956,0.5
42818,0.5
55319,0.5
42308,0.5
68281,0.5
236605,0.5
118899,0.5
224019,0.5
212464,0.5
65347,0.5
214115,0.5
142908,0.5
223453,0.5
39739,0.5
104665,0.5
208029,0.5
136995,0.5
224226,0.5
202372,0.5
104416,0.5
102155,0.5
57030,0.5
153264,0.5
146184,0.5
162597,0.5
21258,0.5
93587,0.5
221835,0.5
241688,0.5
63227,0.5
182935,0.5
188542,0.5
30976,0.5
140808,0.5
233132,0.5
48933,0.5
66071,0.5
117354,0.5
223281,0.5
126963,0.5
10313,0.5
98788,0.5
120984,0.5
29976,0.5
583,0.5
173906,0.5
125274,0.5
23345,0.5
203590,0.5
194127,0.5
165634,0.5
204101,0.5
218636,0.5
185620,0.5
184170,0.5
96439,0.5
121200,0.5
189447,0.5
31131,0.5
190388,0.5
233457,0.5
249299,0.5
227331,0.5
171820,0.5
170039,0.5
203006,0.5
229737,0.5
174065,0.5
222802,0.5
205572,0.5
60780,0.5
51918,0.5
85234,0.5
222318,0.5
237468,0.5
132032,0.5
93473,0.5
223554,0.5
154012,0.5
70177,0.5
143331,0.5
126138,0.5
179452,0.5
158772,0.5
62637,0.5
183778,0.5
30770,0.5
155789,0.5
61669,0.5
72959,0.5
203483,0.5
7278,0.5
95722,0.5
170646,0.5
180852,0.5
21462,0.5
156476,0.5
147323,0.5
195855,0.5
152897,0.5
73362,0.5
161457,0.5
62134,0.5
200689,0.5
86763,0.5
236020,0.5
194157,0.5
158391,0.5
81384,0.5
231758,0.5
224927,0.5
182718,0.5
238583,0.5
231587,0.5
156973,0.5
68094,0.5
135943,0.5
187874,0.5
67616,0.5
8329,0.5
48048,0.5
245342,0.5
102335,0.5
173115,0.5
28725,0.5
124395,0.5
104253,0.5
162734,0.5
58849,0.5
208923,0.5
136447,0.5
81256,0.5
69029,0.5
55046,0.5
245151,0.5
30984,0.5
68361,0.5
118951,0.5
29854,0.5
200501,0.5
56729,0.5
216785,0.5
212560,0.5
63080,0.5
66978,0.5
111001,0.5
218445,0.5
152636,0.5
6443,0.5
35854,0.5
88949,0.5
98177,0.5
229281,0.5
115461,0.5
231806,0.5
111148,0.5
238696,0.5
220254,0.5
156038,0.5
170402,0.5
133347,0.5
21883,0.5
206161,0.5
25353,0.5
39611,0.5
1086,0.5
103342,0.5
212234,0.5
151531,0.5
37054,0.5
183401,0.5
154561,0.5
12873,0.5
152374,0.5
25982,0.5
168031,0.5
207202,0.5
45778,0.5
237125,0.5
86396,0.5
142170,0.5
62289,0.5
119801,0.5
235096,0.5
100926,0.5
152495,0.5
228846,0.5
12093,0.5
69968,0.5
152462,0.5
122293,0.5
186094,0.5
81385,0.5
125063,0.5
3032,0.5
35380,0.5
21779,0.5
93646,0.5
229030,0.5
56684,0.5
227128,0.5
4953,0.5
1228,0.5
67541,0.5
82393,0.5
27072,0.5
10720,0.5
125216,0.5
173753,0.5
3925,0.5
107919,0.5
238566,0.5
221385,0.5
184591,0.5
16212,0.5
164667,0.5
105184,0.5
142394,0.5
126188,0.5
204209,0.5
232282,0.5
181652,0.5
220962,0.5
38993,0.5
49019,0.5
154324,0.5
193081,0.5
110804,0.5
237224,0.5
110466,0.5
96012,0.5
99674,0.5
77748,0.5
103748,0.5
197372,0.5
203465,0.5
15242,0.5
239453,0.5
169247,0.5
163849,0.5
147974,0.5
179142,0.5
76255,0.5
243530,0.5
64304,0.5
89081,0.5
223951,0.5
82417,0.5
179488,0.5
222342,0.5
65330,0.5
227725,0.5
198598,0.5
75079,0.5
86788,0.5
236975,0.5
41240,0.5
241220,0.5
215586,0.5
221803,0.5
42604,0.5
173016,0.5
173967,0.5
230359,0.5
202054,0.5
103264,0.5
246037,0.5
241329,0.5
165922,0.5
243774,0.5
66285,0.5
86520,0.5
123645,0.5
23383,0.5
33122,0.5
160153,0.5
91917,0.5
12742,0.5
221204,0.5
235805,0.5
159001,0.5
113619,0.5
169541,0.5
78998,0.5
97080,0.5
75116,0.5
103708,0.5
195326,0.5
127813,0.5
174410,0.5
170359,0.5
187051,0.5
122560,0.5
245229,0.5
148885,0.5
167045,0.5
89863,0.5
62896,0.5
181424,0.5
246401,0.5
137733,0.5
148796,0.5
40707,0.5
193910,0.5
160042,0.5
154079,0.5
242186,0.5
211295,0.5
195692,0.5
95022,0.5
97745,0.5
115064,0.5
236156,0.5
15487,0.5
239194,0.5
208703,0.5
148214,0.5
174684,0.5
15887,0.5
126967,0.5
36137,0.5
171091,0.5
112071,0.5
24725,0.5
186674,0.5
92197,0.5
215436,0.5
156053,0.5
203849,0.5
74757,0.5
118183,0.5
204353,0.5
123393,0.5
194652,0.5
74207,0.5
114925,0.5
190619,0.5
172432,0.5
112597,0.5
13679,0.5
185560,0.5
117972,0.5
5114,0.5
9747,0.5
180619,0.5
135798,0.5
223202,0.5
150895,0.5
212711,0.5
42639,0.5
91210,0.5
59215,0.5
238758,0.5
116161,0.5
67013,0.5
38288,0.5
173971,0.5
228190,0.5
121156,0.5
115570,0.5
130295,0.5
110701,0.5
155468,0.5
234096,0.5
41582,0.5
103899,0.5
105656,0.5
6615,0.5
103705,0.5
19369,0.5
135594,0.5
12219,0.5
61559,0.5
7467,0.5
66658,0.5
165882,0.5
30201,0.5
121790,0.5
88745,0.5
88633,0.5
17324,0.5
206734,0.5
198764,0.5
198060,0.5
132121,0.5
231071,0.5
188440,0.5
196543,0.5
15023,0.5
19443,0.5
228776,0.5
214532,0.5
224360,0.5
97226,0.5
165897,0.5
229533,0.5
61439,0.5
137471,0.5
66620,0.5
97680,0.5
122735,0.5
127380,0.5
9425,0.5
174757,0.5
159203,0.5
234253,0.5
19060,0.5
14947,0.5
205654,0.5
108594,0.5
114210,0.5
184271,0.5
108373,0.5
232758,0.5
57840,0.5
118749,0.5
240611,0.5
101714,0.5
79757,0.5
60856,0.5
165923,0.5
78024,0.5
101790,0.5
80348,0.5
170138,0.5
66891,0.5
122370,0.5
246438,0.5
192412,0.5
10759,0.5
51638,0.5
77350,0.5
172338,0.5
23582,0.5
33599,0.5
148348,0.5
137914,0.5
63418,0.5
154736,0.5
192394,0.5
181412,0.5
249456,0.5
4080,0.5
50927,0.5
90773,0.5
214626,0.5
216899,0.5
18472,0.5
232383,0.5
7177,0.5
58734,0.5
227432,0.5
26843,0.5
97258,0.5
234545,0.5
43897,0.5
190882,0.5
148037,0.5
113239,0.5
136748,0.5
227979,0.5
20776,0.5
224125,0.5
87000,0.5
52714,0.5
205685,0.5
115753,0.5
169404,0.5
227012,0.5
248677,0.5
174213,0.5
177149,0.5
30369,0.5
95697,0.5
236737,0.5
155201,0.5
224439,0.5
23134,0.5
35456,0.5
150064,0.5
162062,0.5
120838,0.5
123363,0.5
64456,0.5
134184,0.5
54972,0.5
99771,0.5
95160,0.5
233515,0.5
37100,0.5
76282,0.5
75899,0.5
48920,0.5
230959,0.5
217074,0.5
176154,0.5
173805,0.5
83673,0.5
146689,0.5
219638,0.5
169807,0.5
85429,0.5
223757,0.5
94968,0.5
55815,0.5
39770,0.5
13205,0.5
224883,0.5
14398,0.5
24298,0.5
120376,0.5
167549,0.5
54023,0.5
187392,0.5
177704,0.5
212099,0.5
148301,0.5
120403,0.5
208811,0.5
175015,0.5
112468,0.5
69883,0.5
28096,0.5
163784,0.5
194550,0.5
41137,0.5
32471,0.5
208832,0.5
173114,0.5
75120,0.5
157166,0.5
246945,0.5
72942,0.5
83803,0.5
75494,0.5
208551,0.5
227678,0.5
176643,0.5
124316,0.5
44925,0.5
159985,0.5
190353,0.5
199716,0.5
182565,0.5
10997,0.5
128278,0.5
19714,0.5
175900,0.5
133934,0.5
110733,0.5
145230,0.5
137329,0.5
48376,0.5
52931,0.5
166821,0.5
8454,0.5
140830,0.5
142526,0.5
107792,0.5
230875,0.5
207824,0.5
220702,0.5
137108,0.5
112008,0.5
82926,0.5
104561,0.5
213570,0.5
136026,0.5
76877,0.5
144267,0.5
105914,0.5
2190,0.5
135352,0.5
92393,0.5
166788,0.5
92818,0.5
188316,0.5
240996,0.5
94206,0.5
22046,0.5
51621,0.5
211788,0.5
101112,0.5
62560,0.5
248516,0.5
34372,0.5
30418,0.5
111065,0.5
235615,0.5
100071,0.5
6992,0.5
194800,0.5
110911,0.5
110508,0.5
201129,0.5
87980,0.5
140813,0.5
176108,0.5
134527,0.5
216239,0.5
154205,0.5
150559,0.5
26064,0.5
26324,0.5
66356,0.5
15367,0.5
159930,0.5
191445,0.5
213007,0.5
82434,0.5
96899,0.5
24939,0.5
23523,0.5
45405,0.5
17853,0.5
4248,0.5
230319,0.5
91648,0.5
188653,0.5
10837,0.5
81571,0.5
38658,0.5
174566,0.5
57873,0.5
76064,0.5
59480,0.5
161366,0.5
103505,0.5
236924,0.5
20295,0.5
186467,0.5
202157,0.5
201140,0.5
237252,0.5
220879,0.5
183223,0.5
207937,0.5
205683,0.5
178745,0.5
15574,0.5
10003,0.5
179765,0.5
104130,0.5
57210,0.5
121938,0.5
140533,0.5
56874,0.5
160791,0.5
84938,0.5
247797,0.5
162023,0.5
237775,0.5
235040,0.5
69159,0.5
245898,0.5
166413,0.5
10713,0.5
211576,0.5
92241,0.5
168276,0.5
195212,0.5
239376,0.5
42274,0.5
242349,0.5
15281,0.5
84451,0.5
177003,0.5
62650,0.5
9561,0.5
183612,0.5
140794,0.5
245985,0.5
187324,0.5
240206,0.5
115217,0.5
80061,0.5
30192,0.5
238452,0.5
80113,0.5
36509,0.5
105106,0.5
189763,0.5
199414,0.5
17295,0.5
137635,0.5
41623,0.5
221371,0.5
62960,0.5
203623,0.5
61913,0.5
104449,0.5
232075,0.5
222053,0.5
124914,0.5
46133,0.5
89501,0.5
166736,0.5
87830,0.5
159787,0.5
156800,0.5
220103,0.5
53598,0.5
96354,0.5
49521,0.5
44102,0.5
78953,0.5
70678,0.5
90275,0.5
233275,0.5
107949,0.5
214327,0.5
45994,0.5
187315,0.5
91428,0.5
67067,0.5
143196,0.5
217861,0.5
200284,0.5
39175,0.5
100006,0.5
40014,0.5
187941,0.5
72136,0.5
13267,0.5
240838,0.5
117755,0.5
219717,0.5
244604,0.5
134468,0.5
511,0.5
245117,0.5
43760,0.5
208352,0.5
151348,0.5
233875,0.5
186313,0.5
216452,0.5
1447,0.5
25835,0.5
231747,0.5
97986,0.5
55528,0.5
42662,0.5
4637,0.5
32717,0.5
190906,0.5
1761,0.5
88074,0.5
83396,0.5
109941,0.5
106618,0.5
151877,0.5
92441,0.5
118582,0.5
34379,0.5
62576,0.5
72177,0.5
136345,0.5
196920,0.5
57444,0.5
228668,0.5
52127,0.5
215273,0.5
185968,0.5
112074,0.5
36097,0.5
228268,0.5
21996,0.5
137628,0.5
163758,0.5
168386,0.5
122200,0.5
212679,0.5
98895,0.5
157803,0.5
123194,0.5
126348,0.5
248173,0.5
107245,0.5
206912,0.5
192321,0.5
94331,0.5
9997,0.5
118536,0.5
106002,0.5
12279,0.5
112395,0.5
95465,0.5
30642,0.5
173200,0.5
135513,0.5
162770,0.5
215580,0.5
122262,0.5
210759,0.5
63880,0.5
227825,0.5
25507,0.5
112496,0.5
146566,0.5
92167,0.5
235232,0.5
83443,0.5
63728,0.5
194947,0.5
89875,0.5
88474,0.5
176944,0.5
164603,0.5
72412,0.5
74151,0.5
45651,0.5
148826,0.5
45449,0.5
134019,0.5
27519,0.5
64421,0.5
172503,0.5
61418,0.5
203984,0.5
207428,0.5
118470,0.5
165031,0.5
192127,0.5
227752,0.5
10939,0.5
110703,0.5
18010,0.5
154025,0.5
151752,0.5
50087,0.5
183455,0.5
27745,0.5
232603,0.5
133505,0.5
235371,0.5
4709,0.5
124651,0.5
66690,0.5
39958,0.5
208549,0.5
180302,0.5
11682,0.5
108330,0.5
83499,0.5
116820,0.5
248803,0.5
246381,0.5
80077,0.5
12338,0.5
211335,0.5
116006,0.5
202764,0.5
248574,0.5
10234,0.5
25813,0.5
131086,0.5
135236,0.5
41517,0.5
171567,0.5
103147,0.5
57854,0.5
179181,0.5
197950,0.5
25377,0.5
245637,0.5
209815,0.5
43387,0.5
192766,0.5
76799,0.5
246703,0.5
81377,0.5
133567,0.5
55531,0.5
34704,0.5
69955,0.5
126420,0.5
139453,0.5
128650,0.5
147932,0.5
184012,0.5
165527,0.5
9916,0.5
185568,0.5
50951,0.5
199334,0.5
225540,0.5
223890,0.5
188195,0.5
21465,0.5
9634,0.5
15493,0.5
229100,0.5
197513,0.5
232987,0.5
249987,0.5
177750,0.5
126770,0.5
152807,0.5
221365,0.5
48353,0.5
44153,0.5
109053,0.5
88553,0.5
83505,0.5
50598,0.5
202538,0.5
158817,0.5
220918,0.5
112225,0.5
40142,0.5
81245,0.5
214381,0.5
113029,0.5
178638,0.5
197697,0.5
36071,0.5
152556,0.5
102200,0.5
140030,0.5
32902,0.5
179024,0.5
102466,0.5
211302,0.5
196929,0.5
198837,0.5
245426,0.5
236135,0.5
1379,0.5
216898,0.5
191810,0.5
167133,0.5
35852,0.5
207734,0.5
81288,0.5
70930,0.5
244749,0.5
121217,0.5
140175,0.5
165780,0.5
9012,0.5
38710,0.5
11356,0.5
137151,0.5
90900,0.5
213053,0.5
27306,0.5
35089,0.5
196002,0.5
27228,0.5
163324,0.5
46851,0.5
101075,0.5
208042,0.5
128164,0.5
84684,0.5
1807,0.5
145945,0.5
13556,0.5
177988,0.5
228053,0.5
133256,0.5
154705,0.5
198351,0.5
156746,0.5
106710,0.5
145263,0.5
46891,0.5
12866,0.5
41829,0.5
68900,0.5
29971,0.5
1760,0.5
26747,0.5
191928,0.5
163895,0.5
44172,0.5
146329,0.5
100848,0.5
82666,0.5
213650,0.5
169574,0.5
116576,0.5
100692,0.5
214852,0.5
125388,0.5
106349,0.5
29251,0.5
9432,0.5
66990,0.5
92937,0.5
211535,0.5
78749,0.5
181538,0.5
99313,0.5
144306,0.5
118670,0.5
95577,0.5
61116,0.5
42369,0.5
21509,0.5
119106,0.5
45030,0.5
215799,0.5
67788,0.5
208258,0.5
231558,0.5
127988,0.5
104172,0.5
85544,0.5
151268,0.5
190075,0.5
49893,0.5
1284,0.5
54727,0.5
36062,0.5
89441,0.5
80878,0.5
236787,0.5
223007,0.5
245934,0.5
95509,0.5
109920,0.5
185157,0.5
119884,0.5
55516,0.5
151544,0.5
89782,0.5
165813,0.5
165742,0.5
232497,0.5
109284,0.5
146725,0.5
111011,0.5
153386,0.5
22280,0.5
210907,0.5
27134,0.5
12531,0.5
54353,0.5
218647,0.5
148291,0.5
242608,0.5
195392,0.5
53676,0.5
64159,0.5
210012,0.5
51538,0.5
155968,0.5
217552,0.5
240340,0.5
115560,0.5
235778,0.5
172889,0.5
171379,0.5
96446,0.5
182306,0.5
31681,0.5
47960,0.5
248285,0.5
4661,0.5
212989,0.5
86246,0.5
161908,0.5
106285,0.5
121053,0.5
245838,0.5
204478,0.5
47816,0.5
35130,0.5
66849,0.5
91654,0.5
214199,0.5
4344,0.5
73771,0.5
96834,0.5
170214,0.5
148639,0.5
2159,0.5
64529,0.5
140102,0.5
133257,0.5
241041,0.5
11057,0.5
97205,0.5
77780,0.5
142760,0.5
62839,0.5
117847,0.5
23915,0.5
211675,0.5
71290,0.5
149729,0.5
136504,0.5
137578,0.5
234043,0.5
106032,0.5
170178,0.5
103039,0.5
192840,0.5
22001,0.5
200647,0.5
59371,0.5
96420,0.5
206515,0.5
112678,0.5
217606,0.5
199196,0.5
174716,0.5
82450,0.5
51305,0.5
25819,0.5
153236,0.5
48234,0.5
169705,0.5
51927,0.5
193747,0.5
149515,0.5
108518,0.5
120616,0.5
28321,0.5
124421,0.5
166557,0.5
61959,0.5
207125,0.5
181050,0.5
247725,0.5
90667,0.5
56578,0.5
106385,0.5
25657,0.5
117045,0.5
108638,0.5
244337,0.5
93626,0.5
115059,0.5
2185,0.5
80438,0.5
28650,0.5
173762,0.5
12583,0.5
107616,0.5
4033,0.5
37673,0.5
1891,0.5
232431,0.5
66692,0.5
231308,0.5
211100,0.5
248567,0.5
213235,0.5
115720,0.5
124602,0.5
158638,0.5
94097,0.5
219618,0.5
45263,0.5
191583,0.5
104672,0.5
202363,0.5
180977,0.5
230337,0.5
57430,0.5
133820,0.5
125914,0.5
189055,0.5
91548,0.5
190136,0.5
232832,0.5
87563,0.5
204953,0.5
201606,0.5
19704,0.5
231965,0.5
68874,0.5
133943,0.5
229247,0.5
43682,0.5
105713,0.5
103943,0.5
89924,0.5
140691,0.5
6865,0.5
138089,0.5
61576,0.5
17325,0.5
79409,0.5
225940,0.5
135697,0.5
94503,0.5
105740,0.5
171585,0.5
20804,0.5
10172,0.5
174558,0.5
148692,0.5
149276,0.5
186117,0.5
199851,0.5
238328,0.5
72995,0.5
33776,0.5
94380,0.5
148478,0.5
155373,0.5
93735,0.5
243512,0.5
101128,0.5
41182,0.5
108570,0.5
153104,0.5
605,0.5
104177,0.5
200897,0.5
86964,0.5
221344,0.5
56372,0.5
65694,0.5
3168,0.5
83607,0.5
28229,0.5
162812,0.5
40513,0.5
193695,0.5
240694,0.5
163256,0.5
119381,0.5
169924,0.5
96208,0.5
91616,0.5
201102,0.5
208449,0.5
209744,0.5
129107,0.5
115047,0.5
66350,0.5
34753,0.5
189880,0.5
46428,0.5
17427,0.5
48850,0.5
205625,0.5
44740,0.5
244288,0.5
237152,0.5
98751,0.5
245175,0.5
116290,0.5
98746,0.5
248153,0.5
132744,0.5
134680,0.5
82408,0.5
126588,0.5
30368,0.5
96187,0.5
93940,0.5
42835,0.5
198580,0.5
152329,0.5
49483,0.5
138148,0.5
43817,0.5
25726,0.5
144798,0.5
849,0.5
27770,0.5
168781,0.5
144703,0.5
11724,0.5
84465,0.5
174942,0.5
102834,0.5
145390,0.5
26284,0.5
186520,0.5
64702,0.5
184212,0.5
77121,0.5
90956,0.5
167160,0.5
90189,0.5
162729,0.5
16886,0.5
160582,0.5
93279,0.5
22534,0.5
122187,0.5
17746,0.5
115665,0.5
22283,0.5
210723,0.5
188100,0.5
228988,0.5
137561,0.5
114368,0.5
163851,0.5
32809,0.5
226978,0.5
33725,0.5
57798,0.5
145220,0.5
121190,0.5
114337,0.5
57549,0.5
161197,0.5
199623,0.5
249095,0.5
136915,0.5
249613,0.5
180542,0.5
223501,0.5
199633,0.5
43338,0.5
40268,0.5
14151,0.5
115781,0.5
244146,0.5
125442,0.5
240776,0.5
137140,0.5
16939,0.5
40011,0.5
243604,0.5
29357,0.5
226341,0.5
174833,0.5
112265,0.5
196736,0.5
10487,0.5
102671,0.5
67287,0.5
190504,0.5
203888,0.5
15918,0.5
134564,0.5
60628,0.5
37172,0.5
181732,0.5
25400,0.5
4099,0.5
77006,0.5
13570,0.5
170354,0.5
104747,0.5
40715,0.5
57621,0.5
65394,0.5
225797,0.5
52687,0.5
82297,0.5
222058,0.5
206014,0.5
153042,0.5
102016,0.5
138358,0.5
170276,0.5
168475,0.5
169447,0.5
38927,0.5
13342,0.5
144173,0.5
129387,0.5
212564,0.5
158992,0.5
237693,0.5
135704,0.5
203663,0.5
194427,0.5
41426,0.5
152686,0.5
241850,0.5
236550,0.5
33477,0.5
122273,0.5
229580,0.5
208422,0.5
242521,0.5
239606,0.5
67283,0.5
212429,0.5
45083,0.5
17582,0.5
195987,0.5
109714,0.5
137741,0.5
116044,0.5
166170,0.5
170827,0.5
111244,0.5
157398,0.5
226702,0.5
185443,0.5
173370,0.5
138710,0.5
238063,0.5
68706,0.5
34171,0.5
156726,0.5
190408,0.5
241485,0.5
156851,0.5
158667,0.5
174337,0.5
21858,0.5
126842,0.5
227150,0.5
85385,0.5
241833,0.5
75308,0.5
51074,0.5
59053,0.5
36284,0.5
53715,0.5
190454,0.5
215939,0.5
226582,0.5
46181,0.5
200390,0.5
203007,0.5
77325,0.5
244391,0.5
151055,0.5
224762,0.5
191307,0.5
133985,0.5
169675,0.5
5124,0.5
149433,0.5
29627,0.5
240617,0.5
234644,0.5
146341,0.5
105063,0.5
17933,0.5
108088,0.5
231324,0.5
157031,0.5
124081,0.5
71077,0.5
35385,0.5
215080,0.5
194938,0.5
237509,0.5
243594,0.5
168193,0.5
120363,0.5
96309,0.5
209591,0.5
30019,0.5
152252,0.5
160107,0.5
189279,0.5
1728,0.5
109919,0.5
170666,0.5
64287,0.5
65487,0.5
113113,0.5
56918,0.5
64333,0.5
214147,0.5
162341,0.5
1694,0.5
61970,0.5
145208,0.5
95132,0.5
155601,0.5
237122,0.5
97917,0.5
22501,0.5
60986,0.5
218028,0.5
155914,0.5
170149,0.5
165220,0.5
113867,0.5
241472,0.5
140560,0.5
130326,0.5
236326,0.5
17664,0.5
181623,0.5
218976,0.5
36131,0.5
38400,0.5
140014,0.5
157077,0.5
113805,0.5
157142,0.5
4775,0.5
170098,0.5
39187,0.5
74876,0.5
45747,0.5
156538,0.5
190421,0.5
224417,0.5
121464,0.5
117654,0.5
40615,0.5
165725,0.5
214911,0.5
19196,0.5
28074,0.5
130660,0.5
49386,0.5
236565,0.5
223309,0.5
12878,0.5
227067,0.5
215304,0.5
45191,0.5
141618,0.5
91215,0.5
194836,0.5
181857,0.5
179324,0.5
25171,0.5
240852,0.5
1566,0.5
114112,0.5
122467,0.5
91645,0.5
93895,0.5
12354,0.5
241439,0.5
57249,0.5
57424,0.5
239951,0.5
161663,0.5
48482,0.5
63313,0.5
50861,0.5
118408,0.5
105997,0.5
116715,0.5
80472,0.5
167057,0.5
111295,0.5
16300,0.5
14601,0.5
10960,0.5
59596,0.5
145986,0.5
74056,0.5
90016,0.5
189739,0.5
157902,0.5
56247,0.5
22231,0.5
189782,0.5
113420,0.5
243457,0.5
108728,0.5
1615,0.5
9320,0.5
96631,0.5
75026,0.5
185901,0.5
14535,0.5
50525,0.5
174471,0.5
155814,0.5
71587,0.5
149216,0.5
81478,0.5
132824,0.5
196331,0.5
111800,0.5
33988,0.5
211180,0.5
94179,0.5
67619,0.5
2769,0.5
69395,0.5
179956,0.5
45431,0.5
23281,0.5
12460,0.5
163127,0.5
106608,0.5
137760,0.5
166298,0.5
193629,0.5
115009,0.5
63479,0.5
131431,0.5
187152,0.5
158730,0.5
36026,0.5
131781,0.5
196244,0.5
152122,0.5
27245,0.5
149788,0.5
15664,0.5
225976,0.5
40329,0.5
106746,0.5
60426,0.5
109016,0.5
173648,0.5
199609,0.5
81089,0.5
166281,0.5
193095,0.5
37451,0.5
119998,0.5
118184,0.5
192565,0.5
182147,0.5
178074,0.5
146368,0.5
72910,0.5
116188,0.5
114696,0.5
19864,0.5
82448,0.5
185942,0.5
60255,0.5
211995,0.5
61091,0.5
1059,0.5
90672,0.5
196367,0.5
94555,0.5
26482,0.5
65542,0.5
72451,0.5
123014,0.5
218758,0.5
84120,0.5
216974,0.5
219858,0.5
125566,0.5
51456,0.5
109691,0.5
74163,0.5
145283,0.5
163554,0.5
88385,0.5
8478,0.5
166398,0.5
145528,0.5
244931,0.5
147291,0.5
171937,0.5
136602,0.5
174237,0.5
68923,0.5
123050,0.5
63643,0.5
238728,0.5
119056,0.5
173214,0.5
142390,0.5
162443,0.5
14061,0.5
26429,0.5
189964,0.5
131678,0.5
76441,0.5
174639,0.5
228914,0.5
64101,0.5
24947,0.5
160903,0.5
216932,0.5
48086,0.5
76170,0.5
221899,0.5
120695,0.5
156963,0.5
220070,0.5
125984,0.5
177439,0.5
169603,0.5
135242,0.5
245388,0.5
241375,0.5
185688,0.5
177730,0.5
228530,0.5
2070,0.5
120858,0.5
165034,0.5
217846,0.5
130700,0.5
197820,0.5
4534,0.5
61394,0.5
213014,0.5
161885,0.5
92467,0.5
106128,0.5
148582,0.5
142851,0.5
1061,0.5
231254,0.5
130571,0.5
158911,0.5
228662,0.5
49216,0.5
94289,0.5
211889,0.5
150601,0.5
124849,0.5
72682,0.5
126973,0.5
243789,0.5
188415,0.5
117835,0.5
48062,0.5
94614,0.5
19066,0.5
5410,0.5
185241,0.5
122164,0.5
163144,0.5
117361,0.5
54251,0.5
172238,0.5
42665,0.5
190510,0.5
33096,0.5
94650,0.5
79122,0.5
128407,0.5
181514,0.5
163990,0.5
53211,0.5
6034,0.5
120217,0.5
14255,0.5
159229,0.5
125290,0.5
156694,0.5
162020,0.5
62391,0.5
43184,0.5
19879,0.5
164909,0.5
166410,0.5
70099,0.5
192217,0.5
247865,0.5
34327,0.5
240577,0.5
71504,0.5
126880,0.5
241345,0.5
94323,0.5
93805,0.5
73191,0.5
91138,0.5
164279,0.5
237640,0.5
228791,0.5
24993,0.5
116023,0.5
156620,0.5
44706,0.5
219696,0.5
23160,0.5
62836,0.5
242308,0.5
110317,0.5
104595,0.5
100996,0.5
45262,0.5
132973,0.5
8816,0.5
136375,0.5
69668,0.5
93919,0.5
54630,0.5
222028,0.5
115984,0.5
16364,0.5
136343,0.5
43926,0.5
26908,0.5
9404,0.5
199380,0.5
59592,0.5
162808,0.5
70071,0.5
249422,0.5
142116,0.5
227866,0.5
25666,0.5
241848,0.5
135052,0.5
150306,0.5
84822,0.5
163194,0.5
192808,0.5
94257,0.5
35594,0.5
176861,0.5
59623,0.5
103942,0.5
9870,0.5
194977,0.5
153023,0.5
92741,0.5
176938,0.5
107650,0.5
186890,0.5
212484,0.5
144111,0.5
90647,0.5
248041,0.5
125455,0.5
237105,0.5
102365,0.5
147290,0.5
122597,0.5
151298,0.5
119190,0.5
174707,0.5
242491,0.5
98512,0.5
81201,0.5
239163,0.5
166309,0.5
70880,0.5
210071,0.5
191669,0.5
60331,0.5
248976,0.5
214241,0.5
204297,0.5
184267,0.5
241429,0.5
242492,0.5
27374,0.5
45373,0.5
33888,0.5
4217,0.5
147756,0.5
21962,0.5
140761,0.5
58464,0.5
240558,0.5
245308,0.5
72122,0.5
99583,0.5
68428,0.5
81923,0.5
3287,0.5
44081,0.5
178587,0.5
24011,0.5
249924,0.5
22960,0.5
228380,0.5
114735,0.5
144047,0.5
26493,0.5
214767,0.5
125322,0.5
162105,0.5
43191,0.5
59931,0.5
117356,0.5
144253,0.5
120605,0.5
3467,0.5
161755,0.5
164451,0.5
204918,0.5
35586,0.5
71141,0.5
77147,0.5
24696,0.5
193279,0.5
75712,0.5
121710,0.5
12082,0.5
166429,0.5
142647,0.5
33710,0.5
235898,0.5
212561,0.5
111150,0.5
53041,0.5
233736,0.5
126077,0.5
80092,0.5
228161,0.5
11633,0.5
242836,0.5
14925,0.5
101957,0.5
162031,0.5
27158,0.5
196140,0.5
31163,0.5
39444,0.5
109460,0.5
132679,0.5
165157,0.5
233905,0.5
102725,0.5
98575,0.5
103212,0.5
170474,0.5
235850,0.5
154344,0.5
137052,0.5
136169,0.5
170108,0.5
244884,0.5
53911,0.5
168260,0.5
100253,0.5
36353,0.5
30082,0.5
154170,0.5
171345,0.5
109846,0.5
136831,0.5
77638,0.5
186550,0.5
52230,0.5
154422,0.5
239629,0.5
128348,0.5
171032,0.5
236504,0.5
87091,0.5
176278,0.5
105249,0.5
238318,0.5
215208,0.5
69644,0.5
127644,0.5
235961,0.5
75526,0.5
100820,0.5
57012,0.5
153439,0.5
62771,0.5
123124,0.5
144078,0.5
157768,0.5
60010,0.5
213056,0.5
246099,0.5
152746,0.5
200628,0.5
71358,0.5
48318,0.5
191877,0.5
79009,0.5
240100,0.5
207050,0.5
8955,0.5
229571,0.5
218489,0.5
55653,0.5
189998,0.5
176706,0.5
219571,0.5
122184,0.5
122024,0.5
59376,0.5
2481,0.5
249949,0.5
12110,0.5
90902,0.5
206785,0.5
185776,0.5
182298,0.5
146945,0.5
84937,0.5
29395,0.5
139680,0.5
2047,0.5
59337,0.5
249747,0.5
225535,0.5
63164,0.5
24303,0.5
160389,0.5
154017,0.5
33152,0.5
117082,0.5
173583,0.5
167061,0.5
25199,0.5
177717,0.5
53986,0.5
43232,0.5
107320,0.5
177431,0.5
130641,0.5
114743,0.5
211115,0.5
244825,0.5
129211,0.5
29018,0.5
176685,0.5
119432,0.5
130321,0.5
49656,0.5
79036,0.5
918,0.5
26680,0.5
81415,0.5
99491,0.5
68991,0.5
63341,0.5
70810,0.5
27858,0.5
205608,0.5
221935,0.5
21576,0.5
208469,0.5
203468,0.5
140569,0.5
166487,0.5
106087,0.5
13876,0.5
28791,0.5
82814,0.5
243683,0.5
127859,0.5
130708,0.5
28197,0.5
186353,0.5
167377,0.5
178272,0.5
154733,0.5
107431,0.5
1931,0.5
175907,0.5
125232,0.5
233435,0.5
182682,0.5
164674,0.5
194394,0.5
22109,0.5
160891,0.5
37027,0.5
181441,0.5
100862,0.5
189330,0.5
213884,0.5
175808,0.5
8552,0.5
31745,0.5
58733,0.5
79325,0.5
3644,0.5
157503,0.5
216057,0.5
75018,0.5
178985,0.5
162823,0.5
181121,0.5
139575,0.5
158582,0.5
74429,0.5
62263,0.5
230298,0.5
206498,0.5
96997,0.5
120827,0.5
103376,0.5
201559,0.5
192965,0.5
149937,0.5
76495,0.5
147220,0.5
184612,0.5
45279,0.5
25228,0.5
24320,0.5
3739,0.5
56074,0.5
230385,0.5
24552,0.5
112068,0.5
75119,0.5
179339,0.5
22967,0.5
209528,0.5
107939,0.5
68425,0.5
227820,0.5
233981,0.5
207090,0.5
106216,0.5
12769,0.5
98242,0.5
178738,0.5
68335,0.5
2090,0.5
239256,0.5
25600,0.5
224319,0.5
206001,0.5
221976,0.5
83050,0.5
214706,0.5
188576,0.5
30491,0.5
11881,0.5
35607,0.5
161062,0.5
34955,0.5
227219,0.5
144380,0.5
231693,0.5
128271,0.5
152917,0.5
119537,0.5
173503,0.5
136539,0.5
239019,0.5
158012,0.5
63416,0.5
154145,0.5
192988,0.5
141009,0.5
34156,0.5
108554,0.5
4175,0.5
50998,0.5
201819,0.5
228728,0.5
228684,0.5
211317,0.5
238799,0.5
182514,0.5
64192,0.5
99567,0.5
218185,0.5
79293,0.5
45707,0.5
159227,0.5
171917,0.5
168132,0.5
225525,0.5
37315,0.5
9749,0.5
148383,0.5
143783,0.5
132897,0.5
166919,0.5
129234,0.5
207788,0.5
73306,0.5
179527,0.5
82053,0.5
94325,0.5
218680,0.5
12017,0.5
155441,0.5
242005,0.5
132300,0.5
15754,0.5
27502,0.5
134374,0.5
129100,0.5
144156,0.5
191179,0.5
191069,0.5
1675,0.5
168864,0.5
74573,0.5
33336,0.5
74314,0.5
172096,0.5
156144,0.5
200559,0.5
42085,0.5
233201,0.5
46051,0.5
241083,0.5
85285,0.5
116816,0.5
104471,0.5
207891,0.5
76770,0.5
73509,0.5
123825,0.5
87599,0.5
60452,0.5
83061,0.5
248826,0.5
7334,0.5
126124,0.5
168062,0.5
207726,0.5
237849,0.5
203344,0.5
58455,0.5
108999,0.5
48819,0.5
5950,0.5
173747,0.5
64230,0.5
246231,0.5
174986,0.5
92165,0.5
51913,0.5
81,0.5
6953,0.5
19718,0.5
69866,0.5
39483,0.5
64689,0.5
216153,0.5
103377,0.5
29826,0.5
82952,0.5
243036,0.5
168157,0.5
236952,0.5
216799,0.5
99133,0.5
139965,0.5
159876,0.5
173631,0.5
225197,0.5
233039,0.5
9005,0.5
66372,0.5
203995,0.5
150626,0.5
190466,0.5
125978,0.5
71608,0.5
219769,0.5
175492,0.5
162939,0.5
110042,0.5
145954,0.5
12752,0.5
118338,0.5
38834,0.5
93679,0.5
34312,0.5
100789,0.5
76233,0.5
248221,0.5
63378,0.5
17302,0.5
97136,0.5
69095,0.5
165790,0.5
58247,0.5
53411,0.5
197532,0.5
217269,0.5
6962,0.5
18138,0.5
117232,0.5
193021,0.5
120138,0.5
99961,0.5
56500,0.5
10535,0.5
217206,0.5
103282,0.5
173896,0.5
201971,0.5
23312,0.5
19057,0.5
92056,0.5
225158,0.5
46951,0.5
234227,0.5
69842,0.5
103498,0.5
87536,0.5
196147,0.5
220920,0.5
232807,0.5
241494,0.5
188505,0.5
2705,0.5
106073,0.5
131134,0.5
170082,0.5
112870,0.5
124604,0.5
207586,0.5
143071,0.5
102209,0.5
229861,0.5
175807,0.5
122801,0.5
177521,0.5
242250,0.5
112788,0.5
117143,0.5
75681,0.5
34292,0.5
237746,0.5
84686,0.5
115803,0.5
176480,0.5
109050,0.5
35956,0.5
229343,0.5
207934,0.5
9932,0.5
56108,0.5
63579,0.5
107144,0.5
12008,0.5
138934,0.5
179226,0.5
41002,0.5
164331,0.5
243438,0.5
149594,0.5
121500,0.5
107753,0.5
170444,0.5
70959,0.5
214613,0.5
14619,0.5
193622,0.5
248904,0.5
239519,0.5
28089,0.5
178316,0.5
24823,0.5
194303,0.5
204869,0.5
86674,0.5
78002,0.5
123712,0.5
28449,0.5
219471,0.5
239616,0.5
169762,0.5
227940,0.5
249231,0.5
156582,0.5
225670,0.5
167150,0.5
114041,0.5
89945,0.5
26125,0.5
119830,0.5
182863,0.5
198119,0.5
163542,0.5
110929,0.5
169436,0.5
170454,0.5
183783,0.5
139051,0.5
94700,0.5
232884,0.5
164438,0.5
41333,0.5
159088,0.5
209594,0.5
224856,0.5
74464,0.5
189285,0.5
242246,0.5
18663,0.5
150512,0.5
159593,0.5
158678,0.5
217036,0.5
129433,0.5
199646,0.5
238861,0.5
87408,0.5
247322,0.5
157201,0.5
129019,0.5
176350,0.5
135840,0.5
120383,0.5
183718,0.5
236231,0.5
158235,0.5
240943,0.5
27601,0.5
157547,0.5
184515,0.5
74950,0.5
50902,0.5
151852,0.5
177908,0.5
126120,0.5
86766,0.5
131717,0.5
139861,0.5
192678,0.5
190789,0.5
80693,0.5
13801,0.5
176253,0.5
115563,0.5
213887,0.5
126923,0.5
208660,0.5
88449,0.5
230367,0.5
87077,0.5
159887,0.5
211876,0.5
102883,0.5
197596,0.5
210544,0.5
60684,0.5
222501,0.5
29335,0.5
203520,0.5
29479,0.5
134896,0.5
110555,0.5
241839,0.5
11999,0.5
56871,0.5
106485,0.5
179673,0.5
76378,0.5
14678,0.5
156098,0.5
140932,0.5
244001,0.5
188038,0.5
65257,0.5
164939,0.5
95645,0.5
54603,0.5
159202,0.5
28517,0.5
92933,0.5
231967,0.5
136019,0.5
48994,0.5
2531,0.5
28185,0.5
112706,0.5
49571,0.5
221851,0.5
112436,0.5
208993,0.5
249282,0.5
14463,0.5
83321,0.5
65732,0.5
248792,0.5
11774,0.5
154240,0.5
211059,0.5
121598,0.5
186076,0.5
186750,0.5
206021,0.5
172795,0.5
51919,0.5
12162,0.5
181733,0.5
85135,0.5
202126,0.5
37233,0.5
83086,0.5
66050,0.5
171293,0.5
153846,0.5
164246,0.5
131726,0.5
192804,0.5
87068,0.5
167529,0.5
153136,0.5
4144,0.5
49882,0.5
66962,0.5
157730,0.5
26560,0.5
222721,0.5
107382,0.5
124529,0.5
89702,0.5
184962,0.5
220409,0.5
179306,0.5
208234,0.5
103769,0.5
220981,0.5
27458,0.5
23566,0.5
102217,0.5
46279,0.5
200195,0.5
77730,0.5
16451,0.5
237787,0.5
44870,0.5
128918,0.5
77509,0.5
23838,0.5
156669,0.5
182246,0.5
62138,0.5
200013,0.5
88389,0.5
166872,0.5
13194,0.5
98300,0.5
49548,0.5
168138,0.5
74044,0.5
119151,0.5
246604,0.5
61346,0.5
74884,0.5
178374,0.5
161444,0.5
236539,0.5
59435,0.5
238518,0.5
214962,0.5
131182,0.5
112815,0.5
107566,0.5
89622,0.5
230327,0.5
48139,0.5
16195,0.5
185474,0.5
153566,0.5
196057,0.5
204190,0.5
92016,0.5
51359,0.5
102810,0.5
11017,0.5
92122,0.5
104480,0.5
241662,0.5
137089,0.5
32582,0.5
216829,0.5
235650,0.5
220223,0.5
72756,0.5
139797,0.5
26288,0.5
126215,0.5
155744,0.5
247801,0.5
153089,0.5
165719,0.5
15115,0.5
101810,0.5
171435,0.5
174910,0.5
138602,0.5
29207,0.5
54347,0.5
131028,0.5
167951,0.5
241923,0.5
121882,0.5
220914,0.5
111574,0.5
94126,0.5
145039,0.5
142084,0.5
109562,0.5
77158,0.5
185671,0.5
87775,0.5
53341,0.5
125533,0.5
211529,0.5
85705,0.5
13561,0.5
212137,0.5
134947,0.5
221884,0.5
94461,0.5
74729,0.5
151322,0.5
80712,0.5
175049,0.5
104105,0.5
191408,0.5
70784,0.5
49468,0.5
97362,0.5
6448,0.5
186182,0.5
226818,0.5
63062,0.5
246905,0.5
233191,0.5
63299,0.5
79046,0.5
68775,0.5
202235,0.5
138919,0.5
164573,0.5
172699,0.5
52095,0.5
76436,0.5
238620,0.5
15450,0.5
234248,0.5
207567,0.5
83561,0.5
237795,0.5
13845,0.5
91150,0.5
144215,0.5
47000,0.5
41397,0.5
215951,0.5
3376,0.5
92635,0.5
147386,0.5
48644,0.5
55,0.5
209596,0.5
97787,0.5
241135,0.5
235446,0.5
89742,0.5
36017,0.5
109362,0.5
127682,0.5
158587,0.5
59265,0.5
187733,0.5
160927,0.5
25278,0.5
79857,0.5
53923,0.5
226348,0.5
114516,0.5
232106,0.5
167892,0.5
32345,0.5
98011,0.5
216793,0.5
243100,0.5
165708,0.5
13951,0.5
7357,0.5
78651,0.5
27248,0.5
167112,0.5
99893,0.5
203211,0.5
165956,0.5
48798,0.5
63552,0.5
196450,0.5
219306,0.5
59675,0.5
822,0.5
152384,0.5
40939,0.5
175791,0.5
242801,0.5
139935,0.5
184219,0.5
59075,0.5
106117,0.5
20307,0.5
122133,0.5
13441,0.5
146602,0.5
68531,0.5
247590,0.5
215068,0.5
62768,0.5
238066,0.5
239178,0.5
134622,0.5
93855,0.5
90714,0.5
156933,0.5
88078,0.5
7957,0.5
37991,0.5
232834,0.5
138213,0.5
248858,0.5
219791,0.5
245703,0.5
134197,0.5
197395,0.5
150785,0.5
64761,0.5
52325,0.5
23593,0.5
23984,0.5
166505,0.5
55437,0.5
125998,0.5
13538,0.5
131735,0.5
230024,0.5
234018,0.5
89097,0.5
113168,0.5
8311,0.5
3747,0.5
68366,0.5
54913,0.5
112660,0.5
124649,0.5
151020,0.5
230657,0.5
86249,0.5
3919,0.5
112128,0.5
206938,0.5
58735,0.5
103589,0.5
98794,0.5
154456,0.5
181375,0.5
121579,0.5
157303,0.5
139136,0.5
226185,0.5
187015,0.5
245006,0.5
159952,0.5
140909,0.5
13767,0.5
73229,0.5
221158,0.5
127319,0.5
193248,0.5
21137,0.5
221312,0.5
242622,0.5
207015,0.5
103368,0.5
105934,0.5
248038,0.5
230493,0.5
97278,0.5
87414,0.5
6957,0.5
172689,0.5
210882,0.5
157293,0.5
163994,0.5
51606,0.5
67220,0.5
219863,0.5
83493,0.5
221396,0.5
20606,0.5
179014,0.5
14178,0.5
149485,0.5
32648,0.5
42739,0.5
209034,0.5
36675,0.5
35151,0.5
39962,0.5
222503,0.5
181191,0.5
245297,0.5
160814,0.5
130514,0.5
198452,0.5
153169,0.5
88290,0.5
122647,0.5
189733,0.5
76633,0.5
73929,0.5
65238,0.5
171041,0.5
110363,0.5
235975,0.5
59712,0.5
166846,0.5
21358,0.5
3433,0.5
164402,0.5
68377,0.5
22007,0.5
44830,0.5
171658,0.5
148537,0.5
134652,0.5
228850,0.5
203019,0.5
43901,0.5
193824,0.5
54968,0.5
22196,0.5
208186,0.5
95470,0.5
35258,0.5
189735,0.5
217797,0.5
50666,0.5
127946,0.5
82246,0.5
30624,0.5
92064,0.5
126064,0.5
48640,0.5
143275,0.5
224431,0.5
166667,0.5
234700,0.5
152401,0.5
73540,0.5
41181,0.5
14497,0.5
4327,0.5
173236,0.5
104501,0.5
169066,0.5
191308,0.5
147911,0.5
167602,0.5
125526,0.5
39937,0.5
111964,0.5
27697,0.5
165860,0.5
118746,0.5
150028,0.5
151204,0.5
116895,0.5
59353,0.5
5779,0.5
15528,0.5
82110,0.5
110249,0.5
126313,0.5
8391,0.5
43697,0.5
60695,0.5
12138,0.5
215822,0.5
148015,0.5
62539,0.5
139510,0.5
14415,0.5
109160,0.5
164214,0.5
82293,0.5
207303,0.5
151008,0.5
120261,0.5
64034,0.5
181841,0.5
187817,0.5
19901,0.5
179670,0.5
237505,0.5
140943,0.5
207403,0.5
139274,0.5
125082,0.5
134462,0.5
58951,0.5
83992,0.5
90769,0.5
182791,0.5
80568,0.5
134653,0.5
160978,0.5
108669,0.5
197074,0.5
163153,0.5
46595,0.5
222390,0.5
151590,0.5
89888,0.5
43424,0.5
170308,0.5
157235,0.5
163592,0.5
203668,0.5
8248,0.5
129480,0.5
50019,0.5
216455,0.5
130282,0.5
181963,0.5
5056,0.5
21161,0.5
107153,0.5
201195,0.5
209320,0.5
98992,0.5
66975,0.5
85287,0.5
223584,0.5
51215,0.5
198210,0.5
1809,0.5
109849,0.5
102383,0.5
39971,0.5
19091,0.5
81591,0.5
98909,0.5
19872,0.5
8560,0.5
26265,0.5
163029,0.5
194816,0.5
92535,0.5
197103,0.5
202677,0.5
102223,0.5
151746,0.5
195790,0.5
24364,0.5
176476,0.5
224106,0.5
4250,0.5
149651,0.5
144160,0.5
172459,0.5
208206,0.5
46301,0.5
122494,0.5
77030,0.5
100137,0.5
51966,0.5
148069,0.5
71382,0.5
122072,0.5
27931,0.5
198319,0.5
192354,0.5
52626,0.5
109534,0.5
121028,0.5
96713,0.5
208453,0.5
110149,0.5
155412,0.5
87740,0.5
211118,0.5
44542,0.5
208573,0.5
166938,0.5
152334,0.5
66022,0.5
8240,0.5
105508,0.5
53384,0.5
186369,0.5
6146,0.5
9896,0.5
109978,0.5
9941,0.5
120329,0.5
17655,0.5
248170,0.5
33761,0.5
170431,0.5
246569,0.5
181041,0.5
240128,0.5
21895,0.5
237556,0.5
195269,0.5
82582,0.5
197252,0.5
213121,0.5
135094,0.5
2637,0.5
117508,0.5
160727,0.5
236205,0.5
40249,0.5
115948,0.5
101736,0.5
3306,0.5
159908,0.5
222266,0.5
248884,0.5
6502,0.5
21308,0.5
22594,0.5
122713,0.5
220348,0.5
196752,0.5
136336,0.5
56564,0.5
149864,0.5
13454,0.5
207985,0.5
233547,0.5
104339,0.5
178432,0.5
153150,0.5
88714,0.5
40968,0.5
190239,0.5
155585,0.5
138477,0.5
185885,0.5
93789,0.5
16088,0.5
159176,0.5
113064,0.5
195359,0.5
190859,0.5
39533,0.5
123710,0.5
54123,0.5
236908,0.5
70164,0.5
238654,0.5
192439,0.5
214242,0.5
64622,0.5
166329,0.5
137457,0.5
137829,0.5
82030,0.5
12476,0.5
40669,0.5
17596,0.5
239494,0.5
148618,0.5
88688,0.5
34337,0.5
148384,0.5
239617,0.5
245402,0.5
241908,0.5
193591,0.5
224320,0.5
93012,0.5
8757,0.5
182920,0.5
183858,0.5
156672,0.5
149389,0.5
33708,0.5
18036,0.5
18319,0.5
95436,0.5
187728,0.5
20047,0.5
179940,0.5
194942,0.5
108923,0.5
23710,0.5
12102,0.5
112635,0.5
53220,0.5
206824,0.5
118686,0.5
81218,0.5
86001,0.5
172524,0.5
88181,0.5
118805,0.5
249296,0.5
194489,0.5
230121,0.5
177364,0.5
41690,0.5
12773,0.5
184837,0.5
68156,0.5
51857,0.5
168914,0.5
81121,0.5
158663,0.5
101552,0.5
87419,0.5
46850,0.5
81859,0.5
43177,0.5
47797,0.5
164242,0.5
24988,0.5
150590,0.5
210022,0.5
225971,0.5
190899,0.5
93051,0.5
71595,0.5
66168,0.5
56468,0.5
104688,0.5
52752,0.5
208198,0.5
179064,0.5
81677,0.5
242355,0.5
179387,0.5
34601,0.5
127404,0.5
243019,0.5
109586,0.5
103845,0.5
88881,0.5
218784,0.5
241194,0.5
54679,0.5
141676,0.5
101305,0.5
15179,0.5
29872,0.5
194220,0.5
126184,0.5
106706,0.5
6693,0.5
13667,0.5
128579,0.5
35175,0.5
229204,0.5
25107,0.5
239958,0.5
207057,0.5
81254,0.5
16185,0.5
161726,0.5
15342,0.5
174106,0.5
165449,0.5
181908,0.5
206518,0.5
108624,0.5
166950,0.5
164775,0.5
243449,0.5
239853,0.5
6379,0.5
141719,0.5
216848,0.5
130777,0.5
203299,0.5
36383,0.5
196223,0.5
34394,0.5
221281,0.5
210376,0.5
1159,0.5
120912,0.5
174818,0.5
94415,0.5
184178,0.5
68905,0.5
125072,0.5
160170,0.5
211492,0.5
72029,0.5
162810,0.5
176028,0.5
112361,0.5
76735,0.5
223000,0.5
243908,0.5
46703,0.5
88876,0.5
7248,0.5
231009,0.5
156379,0.5
68535,0.5
204854,0.5
239690,0.5
171955,0.5
38245,0.5
13393,0.5
17702,0.5
157044,0.5
5562,0.5
16304,0.5
30173,0.5
83761,0.5
179459,0.5
88503,0.5
57406,0.5
150025,0.5
36122,0.5
185699,0.5
198214,0.5
205547,0.5
72621,0.5
115332,0.5
162173,0.5
180775,0.5
140614,0.5
60698,0.5
123728,0.5
52093,0.5
72971,0.5
217851,0.5
2114,0.5
180960,0.5
11425,0.5
130638,0.5
194554,0.5
13882,0.5
129653,0.5
188047,0.5
76962,0.5
201389,0.5
212704,0.5
235089,0.5
88901,0.5
113441,0.5
172791,0.5
177677,0.5
131033,0.5
183900,0.5
185418,0.5
210976,0.5
115038,0.5
82727,0.5
149467,0.5
104212,0.5
39764,0.5
155788,0.5
235998,0.5
26863,0.5
92675,0.5
185812,0.5
41621,0.5
48669,0.5
222267,0.5
8012,0.5
227654,0.5
75152,0.5
29186,0.5
246947,0.5
211489,0.5
66685,0.5
146089,0.5
210869,0.5
230388,0.5
134389,0.5
19589,0.5
77000,0.5
104967,0.5
19999,0.5
79720,0.5
244319,0.5
32634,0.5
13061,0.5
61497,0.5
210273,0.5
96957,0.5
74771,0.5
80485,0.5
63796,0.5
171277,0.5
229447,0.5
39836,0.5
226390,0.5
95257,0.5
37807,0.5
152141,0.5
220551,0.5
175249,0.5
11350,0.5
13953,0.5
247302,0.5
19220,0.5
69606,0.5
169666,0.5
219278,0.5
153749,0.5
147921,0.5
17759,0.5
198624,0.5
123931,0.5
104731,0.5
107517,0.5
50427,0.5
1371,0.5
237101,0.5
115070,0.5
115621,0.5
230693,0.5
244299,0.5
62079,0.5
62884,0.5
127142,0.5
83617,0.5
144857,0.5
115738,0.5
73781,0.5
62492,0.5
246621,0.5
104786,0.5
105168,0.5
171771,0.5
152501,0.5
164174,0.5
240101,0.5
148014,0.5
33818,0.5
33185,0.5
14750,0.5
145469,0.5
51837,0.5
215037,0.5
207555,0.5
127224,0.5
15127,0.5
37857,0.5
72140,0.5
21482,0.5
52368,0.5
19759,0.5
33063,0.5
181262,0.5
112040,0.5
20352,0.5
80769,0.5
216796,0.5
130079,0.5
103094,0.5
218970,0.5
220434,0.5
221418,0.5
14346,0.5
150024,0.5
241575,0.5
176915,0.5
3218,0.5
46441,0.5
147564,0.5
197764,0.5
170166,0.5
53688,0.5
86868,0.5
168863,0.5
139045,0.5
50701,0.5
114433,0.5
69060,0.5
233765,0.5
39394,0.5
179032,0.5
228179,0.5
239067,0.5
153568,0.5
130312,0.5
218893,0.5
134732,0.5
243572,0.5
130968,0.5
59330,0.5
151702,0.5
199048,0.5
221107,0.5
213341,0.5
213790,0.5
243918,0.5
104050,0.5
220990,0.5
84150,0.5
130134,0.5
168239,0.5
66670,0.5
69064,0.5
210447,0.5
213777,0.5
44067,0.5
160002,0.5
7679,0.5
207058,0.5
224093,0.5
208038,0.5
172065,0.5
231310,0.5
75467,0.5
188381,0.5
27919,0.5
13895,0.5
151250,0.5
166393,0.5
166979,0.5
117881,0.5
25661,0.5
12506,0.5
93255,0.5
134394,0.5
151362,0.5
146415,0.5
110912,0.5
4769,0.5
57667,0.5
191725,0.5
192916,0.5
120582,0.5
76760,0.5
41142,0.5
93952,0.5
177813,0.5
147662,0.5
247826,0.5
32063,0.5
97874,0.5
141552,0.5
137892,0.5
151736,0.5
217130,0.5
89258,0.5
248256,0.5
82413,0.5
165287,0.5
83746,0.5
32989,0.5
164823,0.5
130163,0.5
43124,0.5
678,0.5
194359,0.5
232649,0.5
12687,0.5
3118,0.5
71583,0.5
88068,0.5
7870,0.5
245429,0.5
108407,0.5
188120,0.5
205183,0.5
7078,0.5
138382,0.5
45480,0.5
92281,0.5
87291,0.5
76803,0.5
26173,0.5
179912,0.5
242534,0.5
145375,0.5
145420,0.5
115454,0.5
201830,0.5
14173,0.5
223128,0.5
96332,0.5
121320,0.5
249125,0.5
148222,0.5
110181,0.5
13981,0.5
88250,0.5
36610,0.5
236030,0.5
68042,0.5
174263,0.5
79309,0.5
58152,0.5
83919,0.5
168272,0.5
110064,0.5
110849,0.5
80188,0.5
4391,0.5
181430,0.5
206933,0.5
218155,0.5
23597,0.5
160137,0.5
92758,0.5
89,0.5
82488,0.5
161398,0.5
163769,0.5
168662,0.5
201031,0.5
186859,0.5
84495,0.5
109862,0.5
220237,0.5
58619,0.5
108417,0.5
148395,0.5
215740,0.5
86225,0.5
52282,0.5
97635,0.5
233870,0.5
48596,0.5
100831,0.5
203903,0.5
96200,0.5
53081,0.5
34113,0.5
139527,0.5
59325,0.5
20505,0.5
80582,0.5
146324,0.5
27498,0.5
160696,0.5
63640,0.5
99516,0.5
39190,0.5
197286,0.5
248385,0.5
105637,0.5
231236,0.5
238661,0.5
192381,0.5
238623,0.5
208004,0.5
163399,0.5
65203,0.5
221734,0.5
219934,0.5
27766,0.5
124227,0.5
10982,0.5
104827,0.5
15539,0.5
1556,0.5
12647,0.5
89078,0.5
156631,0.5
18314,0.5
88462,0.5
192350,0.5
208231,0.5
248381,0.5
72020,0.5
151237,0.5
1790,0.5
124513,0.5
132595,0.5
179789,0.5
16201,0.5
139445,0.5
202881,0.5
163255,0.5
74416,0.5
25764,0.5
31795,0.5
138892,0.5
30230,0.5
103915,0.5
164912,0.5
155323,0.5
172145,0.5
200426,0.5
201804,0.5
127737,0.5
231083,0.5
223343,0.5
37428,0.5
101191,0.5
235354,0.5
100154,0.5
81227,0.5
130192,0.5
225167,0.5
131347,0.5
184247,0.5
222080,0.5
69222,0.5
13159,0.5
5363,0.5
170469,0.5
73908,0.5
134957,0.5
27714,0.5
134045,0.5
56250,0.5
50653,0.5
225480,0.5
233238,0.5
34879,0.5
167689,0.5
188228,0.5
195922,0.5
96399,0.5
157025,0.5
172488,0.5
220999,0.5
33161,0.5
219851,0.5
233676,0.5
110174,0.5
170626,0.5
67073,0.5
54287,0.5
10417,0.5
11879,0.5
91127,0.5
119602,0.5
152829,0.5
76062,0.5
201963,0.5
206066,0.5
81461,0.5
96883,0.5
169428,0.5
164811,0.5
33193,0.5
47313,0.5
164009,0.5
119121,0.5
247197,0.5
85318,0.5
176380,0.5
35199,0.5
119283,0.5
222678,0.5
49305,0.5
91741,0.5
88827,0.5
135395,0.5
53232,0.5
97209,0.5
104515,0.5
134590,0.5
245663,0.5
55548,0.5
59234,0.5
222356,0.5
142381,0.5
124376,0.5
5151,0.5
61272,0.5
228751,0.5
59020,0.5
88019,0.5
249642,0.5
126267,0.5
181916,0.5
34501,0.5
119097,0.5
165369,0.5
171210,0.5
95469,0.5
141258,0.5
200270,0.5
12855,0.5
24188,0.5
62434,0.5
13329,0.5
27043,0.5
154104,0.5
73912,0.5
154328,0.5
24408,0.5
126453,0.5
123166,0.5
166515,0.5
208668,0.5
84966,0.5
190310,0.5
32216,0.5
25304,0.5
175670,0.5
27676,0.5
9888,0.5
144687,0.5
27373,0.5
59010,0.5
41741,0.5
78206,0.5
237070,0.5
33618,0.5
106521,0.5
153052,0.5
92733,0.5
83809,0.5
153294,0.5
16905,0.5
136326,0.5
83925,0.5
182337,0.5
185167,0.5
180177,0.5
13208,0.5
6944,0.5
213346,0.5
21826,0.5
145023,0.5
151514,0.5
196395,0.5
119687,0.5
57312,0.5
190255,0.5
31772,0.5
244608,0.5
218153,0.5
113703,0.5
200294,0.5
246257,0.5
38725,0.5
155476,0.5
115204,0.5
76743,0.5
124946,0.5
239735,0.5
97909,0.5
21323,0.5
111740,0.5
73759,0.5
134825,0.5
8581,0.5
44145,0.5
25663,0.5
137544,0.5
179825,0.5
9124,0.5
106522,0.5
63012,0.5
174646,0.5
121626,0.5
77273,0.5
85190,0.5
230341,0.5
232572,0.5
208247,0.5
122424,0.5
83595,0.5
150754,0.5
104334,0.5
145669,0.5
12932,0.5
10071,0.5
188669,0.5
115406,0.5
178857,0.5
93674,0.5
49205,0.5
135428,0.5
231547,0.5
18064,0.5
13877,0.5
57719,0.5
222095,0.5
55163,0.5
84317,0.5
95850,0.5
135372,0.5
38007,0.5
229830,0.5
162853,0.5
166753,0.5
244588,0.5
38608,0.5
81618,0.5
129791,0.5
61897,0.5
199701,0.5
134141,0.5
116600,0.5
114859,0.5
116946,0.5
195059,0.5
39488,0.5
247619,0.5
45674,0.5
23923,0.5
245330,0.5
113412,0.5
98056,0.5
176131,0.5
43099,0.5
165760,0.5
227081,0.5
228065,0.5
103402,0.5
24532,0.5
198901,0.5
108640,0.5
222491,0.5
44203,0.5
143078,0.5
131007,0.5
227524,0.5
170812,0.5
49242,0.5
95723,0.5
244456,0.5
67017,0.5
249685,0.5
96680,0.5
237176,0.5
94385,0.5
105033,0.5
4013,0.5
172197,0.5
97301,0.5
22158,0.5
150056,0.5
69760,0.5
221741,0.5
233829,0.5
230983,0.5
172912,0.5
12948,0.5
112809,0.5
239964,0.5
44628,0.5
7221,0.5
185357,0.5
148393,0.5
239169,0.5
163914,0.5
220826,0.5
223383,0.5
143193,0.5
182190,0.5
195601,0.5
35363,0.5
186220,0.5
38715,0.5
68486,0.5
226916,0.5
134508,0.5
53739,0.5
29218,0.5
40701,0.5
91369,0.5
26469,0.5
235095,0.5
72492,0.5
104121,0.5
150114,0.5
41675,0.5
156801,0.5
125676,0.5
191487,0.5
107177,0.5
149918,0.5
115783,0.5
231605,0.5
189726,0.5
45773,0.5
144558,0.5
184337,0.5
208438,0.5
219555,0.5
229004,0.5
126041,0.5
225574,0.5
101062,0.5
8895,0.5
61555,0.5
224423,0.5
248234,0.5
168496,0.5
31897,0.5
222373,0.5
14164,0.5
81194,0.5
248630,0.5
137917,0.5
100556,0.5
16854,0.5
1247,0.5
224221,0.5
150638,0.5
79357,0.5
96376,0.5
150594,0.5
124366,0.5
229719,0.5
151292,0.5
11103,0.5
78210,0.5
60281,0.5
60920,0.5
209689,0.5
204720,0.5
22805,0.5
141302,0.5
104992,0.5
189720,0.5
88329,0.5
193750,0.5
60507,0.5
50513,0.5
55780,0.5
110704,0.5
53747,0.5
79188,0.5
248282,0.5
45440,0.5
49815,0.5
184620,0.5
118927,0.5
15046,0.5
131230,0.5
78476,0.5
239104,0.5
208889,0.5
117053,0.5
15718,0.5
11857,0.5
179588,0.5
8051,0.5
105971,0.5
7908,0.5
213897,0.5
208226,0.5
154402,0.5
220730,0.5
72557,0.5
232546,0.5
194509,0.5
138689,0.5
11037,0.5
17426,0.5
30035,0.5
92153,0.5
195836,0.5
153475,0.5
244052,0.5
86103,0.5
41217,0.5
14677,0.5
140672,0.5
94804,0.5
196113,0.5
11673,0.5
212653,0.5
13406,0.5
63907,0.5
150692,0.5
226537,0.5
236652,0.5
135644,0.5
147997,0.5
198595,0.5
154530,0.5
159649,0.5
18677,0.5
233425,0.5
19970,0.5
178090,0.5
143039,0.5
42951,0.5
204373,0.5
187651,0.5
10501,0.5
240956,0.5
102157,0.5
109906,0.5
92563,0.5
238389,0.5
233819,0.5
81914,0.5
51466,0.5
16106,0.5
23012,0.5
154984,0.5
147910,0.5
32626,0.5
90187,0.5
198788,0.5
41151,0.5
127600,0.5
133182,0.5
93134,0.5
118700,0.5
209454,0.5
162086,0.5
219243,0.5
27363,0.5
193935,0.5
206567,0.5
67665,0.5
65967,0.5
125395,0.5
225485,0.5
18723,0.5
95093,0.5
135863,0.5
143604,0.5
197954,0.5
169942,0.5
46995,0.5
51951,0.5
180961,0.5
123620,0.5
141296,0.5
59340,0.5
144169,0.5
110233,0.5
4468,0.5
65189,0.5
208714,0.5
221336,0.5
234942,0.5
51526,0.5
188226,0.5
113257,0.5
40664,0.5
235473,0.5
130058,0.5
129817,0.5
208346,0.5
150206,0.5
119178,0.5
97657,0.5
161096,0.5
226678,0.5
28904,0.5
69220,0.5
91816,0.5
132705,0.5
222688,0.5
94787,0.5
160054,0.5
75772,0.5
1829,0.5
183936,0.5
28740,0.5
86827,0.5
175732,0.5
47193,0.5
185878,0.5
222433,0.5
172477,0.5
179146,0.5
207966,0.5
112382,0.5
88862,0.5
10936,0.5
160965,0.5
141600,0.5
202731,0.5
6261,0.5
118492,0.5
92422,0.5
136069,0.5
87951,0.5
143191,0.5
93506,0.5
12881,0.5
228109,0.5
228243,0.5
96005,0.5
150645,0.5
200911,0.5
159623,0.5
131566,0.5
44748,0.5
131466,0.5
161976,0.5
239921,0.5
100506,0.5
240140,0.5
99865,0.5
186666,0.5
90311,0.5
72603,0.5
90824,0.5
57961,0.5
166244,0.5
220264,0.5
174218,0.5
10866,0.5
84333,0.5
169338,0.5
52579,0.5
51673,0.5
46967,0.5
84231,0.5
119304,0.5
177437,0.5
101600,0.5
16104,0.5
73462,0.5
198524,0.5
89909,0.5
64254,0.5
224473,0.5
60748,0.5
173441,0.5
38107,0.5
117323,0.5
68861,0.5
27727,0.5
155440,0.5
120381,0.5
104239,0.5
1217,0.5
122775,0.5
22812,0.5
185571,0.5
41420,0.5
155218,0.5
141263,0.5
94780,0.5
75639,0.5
143940,0.5
100344,0.5
85866,0.5
122316,0.5
24684,0.5
45293,0.5
172957,0.5
211735,0.5
58194,0.5
243954,0.5
211624,0.5
17611,0.5
86558,0.5
14020,0.5
244187,0.5
3106,0.5
240368,0.5
235233,0.5
24850,0.5
177928,0.5
224211,0.5
60945,0.5
159844,0.5
22431,0.5
209816,0.5
6603,0.5
74095,0.5
224542,0.5
160837,0.5
142941,0.5
14733,0.5
27511,0.5
3748,0.5
50168,0.5
127618,0.5
93221,0.5
1474,0.5
211211,0.5
188268,0.5
220318,0.5
180111,0.5
239684,0.5
72859,0.5
112291,0.5
242007,0.5
220508,0.5
46173,0.5
131488,0.5
202305,0.5
234779,0.5
124633,0.5
133137,0.5
144664,0.5
103095,0.5
35026,0.5
10943,0.5
5284,0.5
238282,0.5
51231,0.5
64947,0.5
120919,0.5
130112,0.5
205603,0.5
138918,0.5
48164,0.5
237761,0.5
100210,0.5
80171,0.5
110868,0.5
224650,0.5
15107,0.5
106183,0.5
134917,0.5
98292,0.5
20271,0.5
95739,0.5
105266,0.5
48845,0.5
183288,0.5
25226,0.5
150273,0.5
242096,0.5
187606,0.5
226701,0.5
141062,0.5
176088,0.5
14017,0.5
51773,0.5
100631,0.5
81236,0.5
203403,0.5
78407,0.5
248271,0.5
42747,0.5
224284,0.5
92734,0.5
214479,0.5
174138,0.5
137601,0.5
225068,0.5
78776,0.5
34941,0.5
17781,0.5
247832,0.5
206295,0.5
214735,0.5
176366,0.5
95445,0.5
17475,0.5
214212,0.5
68575,0.5
73248,0.5
41393,0.5
210265,0.5
175803,0.5
205699,0.5
213888,0.5
120226,0.5
198902,0.5
82036,0.5
169542,0.5
132054,0.5
234062,0.5
135551,0.5
105775,0.5
13341,0.5
79013,0.5
176732,0.5
204879,0.5
158405,0.5
124123,0.5
203028,0.5
191882,0.5
123718,0.5
81187,0.5
240505,0.5
53249,0.5
118753,0.5
139824,0.5
83408,0.5
229886,0.5
83163,0.5
56360,0.5
112891,0.5
130621,0.5
92918,0.5
133766,0.5
150079,0.5
249960,0.5
207986,0.5
92364,0.5
207530,0.5
135779,0.5
170429,0.5
12978,0.5
184690,0.5
249626,0.5
111316,0.5
94744,0.5
224941,0.5
102681,0.5
26456,0.5
93609,0.5
159078,0.5
137821,0.5
34375,0.5
228904,0.5
158126,0.5
49810,0.5
184989,0.5
56830,0.5
226892,0.5
173471,0.5
142446,0.5
228317,0.5
9408,0.5
83528,0.5
31644,0.5
165717,0.5
193119,0.5
164650,0.5
19781,0.5
205942,0.5
149512,0.5
206663,0.5
102869,0.5
67433,0.5
45214,0.5
115923,0.5
85711,0.5
205054,0.5
148033,0.5
58682,0.5
114053,0.5
167197,0.5
30461,0.5
130428,0.5
183454,0.5
100389,0.5
145619,0.5
28912,0.5
137986,0.5
102583,0.5
64743,0.5
122765,0.5
172670,0.5
242110,0.5
205741,0.5
201490,0.5
75950,0.5
249570,0.5
153055,0.5
245039,0.5
202392,0.5
217727,0.5
116996,0.5
77450,0.5
206849,0.5
38222,0.5
36261,0.5
134616,0.5
207768,0.5
234433,0.5
191967,0.5
138878,0.5
156497,0.5
75160,0.5
189196,0.5
34106,0.5
1238,0.5
8039,0.5
80784,0.5
43878,0.5
214020,0.5
242174,0.5
178558,0.5
170055,0.5
160096,0.5
48207,0.5
201936,0.5
22723,0.5
33427,0.5
78799,0.5
137171,0.5
216588,0.5
68681,0.5
240404,0.5
106404,0.5
141737,0.5
176228,0.5
162802,0.5
211917,0.5
113141,0.5
19656,0.5
141337,0.5
4086,0.5
9088,0.5
38071,0.5
92478,0.5
226181,0.5
116636,0.5
144176,0.5
75158,0.5
220266,0.5
12674,0.5
217441,0.5
167220,0.5
194565,0.5
91479,0.5
235294,0.5
38067,0.5
76879,0.5
226854,0.5
70465,0.5
196435,0.5
223810,0.5
225118,0.5
233749,0.5
157075,0.5
119539,0.5
191872,0.5
231706,0.5
67946,0.5
218444,0.5
46358,0.5
193374,0.5
58953,0.5
197837,0.5
240599,0.5
34345,0.5
19080,0.5
32991,0.5
234136,0.5
50152,0.5
242712,0.5
230360,0.5
92704,0.5
215003,0.5
78128,0.5
63,0.5
38509,0.5
97095,0.5
213116,0.5
38909,0.5
198028,0.5
195894,0.5
13298,0.5
216454,0.5
89786,0.5
212857,0.5
191480,0.5
33381,0.5
99640,0.5
154809,0.5
47756,0.5
82649,0.5
65608,0.5
14407,0.5
244067,0.5
119747,0.5
76952,0.5
113083,0.5
128420,0.5
246390,0.5
112567,0.5
172363,0.5
50681,0.5
23847,0.5
191334,0.5
236734,0.5
87245,0.5
71789,0.5
131102,0.5
209733,0.5
63849,0.5
119596,0.5
3859,0.5
214612,0.5
70961,0.5
172625,0.5
68763,0.5
22362,0.5
28354,0.5
108238,0.5
246200,0.5
120265,0.5
26111,0.5
138825,0.5
193046,0.5
86131,0.5
123832,0.5
72890,0.5
157058,0.5
184533,0.5
101328,0.5
202012,0.5
5260,0.5
41445,0.5
15700,0.5
209024,0.5
113952,0.5
83827,0.5
1113,0.5
235022,0.5
197234,0.5
14033,0.5
176727,0.5
65056,0.5
249247,0.5
149277,0.5
116935,0.5
60052,0.5
192502,0.5
21446,0.5
140205,0.5
144277,0.5
145447,0.5
187378,0.5
170533,0.5
183330,0.5
53126,0.5
148519,0.5
136960,0.5
172554,0.5
146140,0.5
2399,0.5
111679,0.5
31054,0.5
45315,0.5
84866,0.5
194208,0.5
245301,0.5
98731,0.5
212203,0.5
48895,0.5
23718,0.5
91214,0.5
74783,0.5
25638,0.5
114182,0.5
9205,0.5
200210,0.5
220092,0.5
248205,0.5
65767,0.5
241495,0.5
227024,0.5
89931,0.5
46171,0.5
205755,0.5
37261,0.5
129316,0.5
215715,0.5
144522,0.5
170060,0.5
169620,0.5
227624,0.5
86656,0.5
28794,0.5
110786,0.5
209052,0.5
153474,0.5
157853,0.5
165593,0.5
53905,0.5
99158,0.5
229408,0.5
87783,0.5
27536,0.5
210242,0.5
240308,0.5
187497,0.5
161017,0.5
220959,0.5
130930,0.5
76950,0.5
249774,0.5
98692,0.5
88496,0.5
243402,0.5
74177,0.5
31800,0.5
131178,0.5
94358,0.5
185084,0.5
12412,0.5
162121,0.5
245020,0.5
154161,0.5
216721,0.5
223844,0.5
12115,0.5
14345,0.5
238558,0.5
173589,0.5
30289,0.5
245403,0.5
14402,0.5
88792,0.5
148771,0.5
29922,0.5
148046,0.5
48293,0.5
173659,0.5
216468,0.5
183467,0.5
41213,0.5
7599,0.5
214492,0.5
172976,0.5
229039,0.5
154701,0.5
120036,0.5
32058,0.5
199368,0.5
56066,0.5
29048,0.5
147713,0.5
19955,0.5
161882,0.5
12068,0.5
73945,0.5
84292,0.5
158133,0.5
100183,0.5
39307,0.5
115015,0.5
110192,0.5
211782,0.5
93898,0.5
223696,0.5
196655,0.5
52413,0.5
144058,0.5
224176,0.5
10746,0.5
210830,0.5
27430,0.5
123357,0.5
211501,0.5
130008,0.5
88384,0.5
202559,0.5
245282,0.5
219242,0.5
17486,0.5
179933,0.5
36105,0.5
55284,0.5
84221,0.5
105490,0.5
28682,0.5
40141,0.5
115093,0.5
21785,0.5
30131,0.5
70430,0.5
21644,0.5
93147,0.5
202073,0.5
139100,0.5
56514,0.5
88561,0.5
119864,0.5
33228,0.5
133101,0.5
29566,0.5
125833,0.5
152140,0.5
73314,0.5
115359,0.5
150565,0.5
177330,0.5
88392,0.5
101242,0.5
172331,0.5
103325,0.5
180222,0.5
59124,0.5
3594,0.5
4219,0.5
123435,0.5
222617,0.5
119292,0.5
152801,0.5
157431,0.5
167921,0.5
218527,0.5
144102,0.5
219996,0.5
172229,0.5
110290,0.5
14048,0.5
223830,0.5
140692,0.5
125719,0.5
129750,0.5
21612,0.5
29882,0.5
115586,0.5
63292,0.5
205969,0.5
111304,0.5
206653,0.5
240532,0.5
62756,0.5
43117,0.5
192787,0.5
107182,0.5
35798,0.5
151542,0.5
108822,0.5
203683,0.5
72858,0.5
172189,0.5
47675,0.5
120779,0.5
230122,0.5
235521,0.5
113939,0.5
11941,0.5
3622,0.5
66206,0.5
155320,0.5
27439,0.5
155691,0.5
39529,0.5
234436,0.5
191939,0.5
167796,0.5
142585,0.5
147418,0.5
207131,0.5
137611,0.5
165819,0.5
69761,0.5
22935,0.5
35453,0.5
49356,0.5
213843,0.5
88637,0.5
203691,0.5
111240,0.5
70262,0.5
51037,0.5
42390,0.5
126747,0.5
133136,0.5
101798,0.5
44234,0.5
69468,0.5
7739,0.5
30731,0.5
182675,0.5
86273,0.5
16231,0.5
30492,0.5
216521,0.5
119819,0.5
93843,0.5
53515,0.5
77894,0.5
182346,0.5
219911,0.5
198420,0.5
125386,0.5
45400,0.5
22671,0.5
42042,0.5
188547,0.5
49115,0.5
110294,0.5
142312,0.5
140604,0.5
110483,0.5
33267,0.5
101545,0.5
27823,0.5
230404,0.5
191423,0.5
57320,0.5
2736,0.5
214827,0.5
132240,0.5
105748,0.5
48566,0.5
172933,0.5
249199,0.5
202326,0.5
56799,0.5
28109,0.5
211018,0.5
132316,0.5
245203,0.5
246471,0.5
100202,0.5
212114,0.5
58151,0.5
203275,0.5
124498,0.5
29195,0.5
227328,0.5
154543,0.5
77807,0.5
25869,0.5
149601,0.5
227111,0.5
181257,0.5
26650,0.5
245071,0.5
89021,0.5
156868,0.5
216018,0.5
48572,0.5
190143,0.5
214252,0.5
206919,0.5
234107,0.5
56169,0.5
22023,0.5
51548,0.5
180260,0.5
233326,0.5
131770,0.5
235032,0.5
219308,0.5
133119,0.5
21432,0.5
92451,0.5
146512,0.5
168979,0.5
86106,0.5
140023,0.5
196831,0.5
158650,0.5
185723,0.5
20,0.5
143671,0.5
212490,0.5
122611,0.5
157681,0.5
79578,0.5
145185,0.5
72468,0.5
131046,0.5
167469,0.5
7024,0.5
195646,0.5
149412,0.5
40404,0.5
172275,0.5
89659,0.5
84896,0.5
158894,0.5
11697,0.5
25653,0.5
202446,0.5
33188,0.5
158345,0.5
206187,0.5
42199,0.5
62496,0.5
241739,0.5
40861,0.5
185238,0.5
79280,0.5
50307,0.5
142816,0.5
181980,0.5
225792,0.5
38512,0.5
229545,0.5
103111,0.5
157554,0.5
134311,0.5
197680,0.5
108474,0.5
58492,0.5
210636,0.5
46122,0.5
224068,0.5
26484,0.5
159537,0.5
144352,0.5
121523,0.5
156006,0.5
102578,0.5
203688,0.5
67839,0.5
239341,0.5
32360,0.5
113634,0.5
145331,0.5
226228,0.5
20361,0.5
210513,0.5
52901,0.5
33070,0.5
241820,0.5
1579,0.5
248202,0.5
34368,0.5
235771,0.5
178335,0.5
53912,0.5
64149,0.5
102819,0.5
206763,0.5
169684,0.5
169117,0.5
181956,0.5
21048,0.5
125598,0.5
51252,0.5
90451,0.5
4646,0.5
90613,0.5
59284,0.5
115735,0.5
192695,0.5
43728,0.5
46827,0.5
152623,0.5
220775,0.5
127321,0.5
60374,0.5
49032,0.5
170223,0.5
28493,0.5
182148,0.5
53225,0.5
220029,0.5
200357,0.5
67799,0.5
6710,0.5
176263,0.5
225776,0.5
204435,0.5
77094,0.5
143957,0.5
60949,0.5
73089,0.5
247595,0.5
59878,0.5
26048,0.5
110221,0.5
847,0.5
74845,0.5
68238,0.5
192892,0.5
23098,0.5
224494,0.5
169725,0.5
183118,0.5
211079,0.5
233383,0.5
103606,0.5
158449,0.5
8412,0.5
130307,0.5
166025,0.5
66397,0.5
40361,0.5
24323,0.5
215334,0.5
143563,0.5
45075,0.5
122694,0.5
32151,0.5
65125,0.5
69298,0.5
162524,0.5
249893,0.5
19927,0.5
143324,0.5
129230,0.5
69170,0.5
14038,0.5
147302,0.5
150350,0.5
23808,0.5
74217,0.5
223706,0.5
6176,0.5
241681,0.5
169715,0.5
156022,0.5
146009,0.5
72998,0.5
227946,0.5
95938,0.5
127812,0.5
75745,0.5
228330,0.5
47340,0.5
107825,0.5
140773,0.5
65814,0.5
209975,0.5
26175,0.5
17525,0.5
125012,0.5
195574,0.5
20682,0.5
84940,0.5
115299,0.5
104420,0.5
9417,0.5
73445,0.5
80022,0.5
162318,0.5
117664,0.5
195146,0.5
154213,0.5
198579,0.5
161277,0.5
121098,0.5
170520,0.5
226029,0.5
154720,0.5
145763,0.5
236844,0.5
211947,0.5
108946,0.5
186021,0.5
224947,0.5
6904,0.5
53620,0.5
238060,0.5
233585,0.5
158798,0.5
229582,0.5
224482,0.5
109469,0.5
137306,0.5
244428,0.5
220225,0.5
133889,0.5
76312,0.5
66058,0.5
10088,0.5
38922,0.5
184430,0.5
16635,0.5
93008,0.5
93056,0.5
202468,0.5
245209,0.5
163856,0.5
193844,0.5
58506,0.5
242654,0.5
32969,0.5
234037,0.5
90907,0.5
188847,0.5
81866,0.5
54027,0.5
2998,0.5
115591,0.5
229606,0.5
157442,0.5
134855,0.5
184841,0.5
84286,0.5
173649,0.5
98939,0.5
65134,0.5
35012,0.5
60368,0.5
86378,0.5
64610,0.5
162520,0.5
38619,0.5
101842,0.5
183629,0.5
121555,0.5
79715,0.5
162761,0.5
232457,0.5
224218,0.5
90249,0.5
93801,0.5
200337,0.5
74083,0.5
81313,0.5
226170,0.5
141461,0.5
16931,0.5
59572,0.5
125260,0.5
5362,0.5
163089,0.5
159204,0.5
50720,0.5
176454,0.5
168765,0.5
64679,0.5
85800,0.5
167168,0.5
24447,0.5
197415,0.5
174800,0.5
235021,0.5
111445,0.5
216278,0.5
134664,0.5
141805,0.5
141191,0.5
73972,0.5
92595,0.5
247757,0.5
115138,0.5
130629,0.5
152958,0.5
74745,0.5
84409,0.5
68609,0.5
36005,0.5
66907,0.5
247409,0.5
90813,0.5
122858,0.5
178257,0.5
109521,0.5
19556,0.5
184312,0.5
124621,0.5
7827,0.5
183383,0.5
22947,0.5
87203,0.5
192856,0.5
175777,0.5
117013,0.5
119091,0.5
215900,0.5
74753,0.5
21385,0.5
103849,0.5
109991,0.5
230713,0.5
246075,0.5
3448,0.5
101262,0.5
91462,0.5
161789,0.5
12749,0.5
214116,0.5
182613,0.5
172782,0.5
159608,0.5
118672,0.5
109366,0.5
240211,0.5
26066,0.5
103052,0.5
79833,0.5
178424,0.5
189468,0.5
73749,0.5
76284,0.5
211836,0.5
173194,0.5
138159,0.5
19125,0.5
224755,0.5
205989,0.5
210501,0.5
143178,0.5
95400,0.5
94938,0.5
173498,0.5
90591,0.5
147774,0.5
210817,0.5
78178,0.5
97781,0.5
71929,0.5
191403,0.5
3836,0.5
32755,0.5
94497,0.5
175000,0.5
201342,0.5
128207,0.5
198432,0.5
161369,0.5
19142,0.5
74995,0.5
86226,0.5
194612,0.5
91721,0.5
219070,0.5
4619,0.5
161108,0.5
97566,0.5
135561,0.5
126724,0.5
119638,0.5
175523,0.5
32528,0.5
232986,0.5
33995,0.5
163526,0.5
122569,0.5
161198,0.5
70523,0.5
176532,0.5
132674,0.5
143063,0.5
191767,0.5
6375,0.5
228022,0.5
93106,0.5
7701,0.5
174277,0.5
152079,0.5
235128,0.5
239893,0.5
239745,0.5
198297,0.5
194815,0.5
155652,0.5
204990,0.5
199046,0.5
160547,0.5
129067,0.5
56791,0.5
112116,0.5
46836,0.5
248278,0.5
49407,0.5
150105,0.5
126125,0.5
225873,0.5
20740,0.5
10473,0.5
52105,0.5
226816,0.5
152844,0.5
163737,0.5
1152,0.5
30067,0.5
163845,0.5
84969,0.5
141331,0.5
39531,0.5
71470,0.5
18258,0.5
181386,0.5
116815,0.5
153910,0.5
171544,0.5
43045,0.5
111094,0.5
99257,0.5
161868,0.5
28431,0.5
82697,0.5
135056,0.5
116012,0.5
60971,0.5
78411,0.5
88383,0.5
1014,0.5
60910,0.5
225468,0.5
127601,0.5
126468,0.5
242517,0.5
244875,0.5
109010,0.5
98699,0.5
191735,0.5
128020,0.5
43646,0.5
100245,0.5
94284,0.5
99772,0.5
180908,0.5
82399,0.5
156932,0.5
196819,0.5
95512,0.5
35954,0.5
74305,0.5
222094,0.5
107318,0.5
243221,0.5
80300,0.5
23627,0.5
2462,0.5
41126,0.5
150868,0.5
77600,0.5
218117,0.5
186114,0.5
147272,0.5
208856,0.5
23575,0.5
234961,0.5
82178,0.5
58956,0.5
232721,0.5
119383,0.5
180317,0.5
141253,0.5
94817,0.5
34846,0.5
191309,0.5
64681,0.5
180195,0.5
154004,0.5
233495,0.5
100401,0.5
179611,0.5
104202,0.5
219171,0.5
141183,0.5
22279,0.5
118603,0.5
58604,0.5
71984,0.5
137979,0.5
151208,0.5
151102,0.5
34845,0.5
209845,0.5
1450,0.5
238464,0.5
216477,0.5
77529,0.5
85810,0.5
85740,0.5
82296,0.5
207646,0.5
62216,0.5
23971,0.5
111955,0.5
71140,0.5
46388,0.5
211761,0.5
149564,0.5
74135,0.5
13400,0.5
4287,0.5
80997,0.5
119965,0.5
102167,0.5
262,0.5
139571,0.5
66346,0.5
87898,0.5
210577,0.5
182184,0.5
152068,0.5
153176,0.5
174163,0.5
150810,0.5
209501,0.5
186276,0.5
149688,0.5
126406,0.5
55416,0.5
141723,0.5
171930,0.5
37320,0.5
134460,0.5
81508,0.5
43675,0.5
51816,0.5
235485,0.5
87118,0.5
216220,0.5
124256,0.5
177009,0.5
19225,0.5
214893,0.5
120947,0.5
28611,0.5
81951,0.5
246388,0.5
176574,0.5
84524,0.5
28677,0.5
25258,0.5
183076,0.5
193176,0.5
73273,0.5
165880,0.5
26721,0.5
78564,0.5
209949,0.5
96003,0.5
129836,0.5
136897,0.5
153443,0.5
18783,0.5
78671,0.5
194161,0.5
27576,0.5
198597,0.5
154261,0.5
239312,0.5
121016,0.5
217107,0.5
217276,0.5
41225,0.5
170183,0.5
9393,0.5
8946,0.5
107788,0.5
27971,0.5
41798,0.5
67049,0.5
68286,0.5
166935,0.5
85706,0.5
34625,0.5
173987,0.5
187623,0.5
168042,0.5
91126,0.5
83417,0.5
249604,0.5
204689,0.5
106368,0.5
219418,0.5
88199,0.5
249382,0.5
19803,0.5
80542,0.5
249034,0.5
244047,0.5
132784,0.5
224674,0.5
188278,0.5
184529,0.5
169411,0.5
27456,0.5
43896,0.5
176343,0.5
159449,0.5
45246,0.5
214614,0.5
26967,0.5
124158,0.5
158953,0.5
234202,0.5
108992,0.5
196264,0.5
128482,0.5
106544,0.5
64616,0.5
127593,0.5
190790,0.5
211986,0.5
195980,0.5
183236,0.5
62061,0.5
35030,0.5
156895,0.5
238724,0.5
181371,0.5
237275,0.5
179219,0.5
153634,0.5
103001,0.5
91015,0.5
102967,0.5
25412,0.5
112538,0.5
63150,0.5
237952,0.5
219776,0.5
190407,0.5
218418,0.5
40989,0.5
199829,0.5
25267,0.5
74533,0.5
212783,0.5
210263,0.5
231423,0.5
151423,0.5
133730,0.5
199709,0.5
9693,0.5
31820,0.5
11108,0.5
106757,0.5
207462,0.5
72875,0.5
72841,0.5
193130,0.5
59421,0.5
203259,0.5
27461,0.5
8977,0.5
96104,0.5
94602,0.5
4916,0.5
4569,0.5
111362,0.5
99489,0.5
168776,0.5
99338,0.5
115894,0.5
53290,0.5
171221,0.5
218588,0.5
222874,0.5
52519,0.5
189932,0.5
208695,0.5
164099,0.5
5526,0.5
242374,0.5
52641,0.5
110017,0.5
125936,0.5
135417,0.5
4547,0.5
185410,0.5
156246,0.5
22610,0.5
53712,0.5
166414,0.5
233997,0.5
127749,0.5
77867,0.5
154048,0.5
184703,0.5
23053,0.5
229741,0.5
239968,0.5
174032,0.5
33093,0.5
19601,0.5
225552,0.5
84310,0.5
38018,0.5
231128,0.5
29596,0.5
190960,0.5
158792,0.5
169512,0.5
61111,0.5
17095,0.5
192180,0.5
119086,0.5
440,0.5
206738,0.5
211993,0.5
113313,0.5
195237,0.5
249175,0.5
161772,0.5
140240,0.5
206966,0.5
145917,0.5
47074,0.5
185979,0.5
176715,0.5
109914,0.5
118414,0.5
73142,0.5
133801,0.5
142902,0.5
224944,0.5
75095,0.5
19914,0.5
27302,0.5
85811,0.5
124007,0.5
89872,0.5
218556,0.5
248815,0.5
124370,0.5
97921,0.5
12734,0.5
16770,0.5
199630,0.5
236612,0.5
133020,0.5
87249,0.5
146916,0.5
114443,0.5
165094,0.5
93838,0.5
210751,0.5
94043,0.5
145247,0.5
72272,0.5
49054,0.5
63035,0.5
175744,0.5
83711,0.5
101722,0.5
106516,0.5
13153,0.5
23507,0.5
31019,0.5
178211,0.5
183602,0.5
53106,0.5
95056,0.5
123985,0.5
112349,0.5
207020,0.5
160367,0.5
66905,0.5
82682,0.5
76677,0.5
79478,0.5
16594,0.5
5889,0.5
216142,0.5
33184,0.5
19811,0.5
105498,0.5
145603,0.5
176404,0.5
191117,0.5
114366,0.5
47325,0.5
207706,0.5
50717,0.5
122060,0.5
73982,0.5
114542,0.5
45257,0.5
82054,0.5
126736,0.5
78085,0.5
143440,0.5
88944,0.5
129380,0.5
199731,0.5
110107,0.5
99813,0.5
84082,0.5
217456,0.5
153978,0.5
69039,0.5
157812,0.5
204851,0.5
236267,0.5
225650,0.5
237863,0.5
168316,0.5
176266,0.5
121932,0.5
246920,0.5
37475,0.5
25670,0.5
122536,0.5
178761,0.5
143726,0.5
217713,0.5
124746,0.5
59594,0.5
178755,0.5
249010,0.5
218333,0.5
235587,0.5
53267,0.5
177026,0.5
128950,0.5
13045,0.5
38650,0.5
249374,0.5
198575,0.5
165401,0.5
115364,0.5
157950,0.5
154745,0.5
181444,0.5
204125,0.5
130866,0.5
199986,0.5
66788,0.5
115171,0.5
51168,0.5
131787,0.5
50590,0.5
207496,0.5
227310,0.5
122959,0.5
108470,0.5
140453,0.5
16183,0.5
23014,0.5
180728,0.5
74962,0.5
131851,0.5
173338,0.5
230138,0.5
109629,0.5
32093,0.5
196579,0.5
59092,0.5
65937,0.5
215486,0.5
182812,0.5
81632,0.5
33347,0.5
47091,0.5
75855,0.5
237563,0.5
138379,0.5
168188,0.5
25757,0.5
108488,0.5
249945,0.5
141592,0.5
49196,0.5
94397,0.5
50518,0.5
227413,0.5
199782,0.5
95466,0.5
149236,0.5
13416,0.5
55574,0.5
26239,0.5
148281,0.5
34540,0.5
122969,0.5
65717,0.5
110095,0.5
28544,0.5
74966,0.5
123145,0.5
29722,0.5
28153,0.5
186902,0.5
5616,0.5
155118,0.5
14475,0.5
34792,0.5
74389,0.5
54128,0.5
43463,0.5
167345,0.5
125830,0.5
168172,0.5
148976,0.5
129273,0.5
86125,0.5
213788,0.5
161303,0.5
233079,0.5
178100,0.5
173291,0.5
227724,0.5
102759,0.5
77001,0.5
238196,0.5
191420,0.5
95493,0.5
8917,0.5
62340,0.5
124995,0.5
123139,0.5
118207,0.5
13284,0.5
69749,0.5
145748,0.5
78158,0.5
119357,0.5
197476,0.5
69997,0.5
90082,0.5
37416,0.5
58632,0.5
194507,0.5
147166,0.5
110178,0.5
20831,0.5
135882,0.5
76716,0.5
46158,0.5
235041,0.5
148308,0.5
203830,0.5
113428,0.5
52776,0.5
224492,0.5
149593,0.5
228081,0.5
71755,0.5
233419,0.5
236311,0.5
105325,0.5
72611,0.5
103866,0.5
127649,0.5
148693,0.5
209955,0.5
147338,0.5
29561,0.5
234977,0.5
145330,0.5
203902,0.5
116669,0.5
210313,0.5
6877,0.5
226083,0.5
28851,0.5
100908,0.5
186539,0.5
73652,0.5
247848,0.5
41127,0.5
217584,0.5
3863,0.5
91868,0.5
102222,0.5
173372,0.5
11972,0.5
207832,0.5
6757,0.5
226153,0.5
164194,0.5
55387,0.5
188688,0.5
3013,0.5
68872,0.5
222536,0.5
63391,0.5
241075,0.5
90676,0.5
36074,0.5
108118,0.5
82341,0.5
136513,0.5
182084,0.5
113933,0.5
112002,0.5
236077,0.5
26749,0.5
50458,0.5
2056,0.5
180516,0.5
140252,0.5
24872,0.5
148828,0.5
80967,0.5
225713,0.5
149329,0.5
1622,0.5
78285,0.5
102642,0.5
245970,0.5
150264,0.5
233042,0.5
200990,0.5
150244,0.5
78627,0.5
211140,0.5
5775,0.5
100581,0.5
104912,0.5
73778,0.5
151987,0.5
78560,0.5
8692,0.5
76368,0.5
122826,0.5
165616,0.5
35171,0.5
16026,0.5
32623,0.5
97200,0.5
3605,0.5
47667,0.5
184823,0.5
6162,0.5
97757,0.5
165653,0.5
165152,0.5
69302,0.5
89362,0.5
30052,0.5
235034,0.5
107581,0.5
189389,0.5
101361,0.5
233080,0.5
81034,0.5
128425,0.5
167828,0.5
54834,0.5
15002,0.5
160565,0.5
235484,0.5
48429,0.5
244253,0.5
249666,0.5
100317,0.5
335,0.5
146577,0.5
48183,0.5
211400,0.5
67649,0.5
178253,0.5
90280,0.5
212582,0.5
111268,0.5
119192,0.5
204694,0.5
21808,0.5
170189,0.5
84511,0.5
76838,0.5
34565,0.5
6514,0.5
176114,0.5
154436,0.5
12362,0.5
211358,0.5
235224,0.5
212992,0.5
166773,0.5
219573,0.5
46219,0.5
52663,0.5
195975,0.5
43903,0.5
93503,0.5
161700,0.5
28159,0.5
33452,0.5
65562,0.5
109739,0.5
205733,0.5
12552,0.5
236809,0.5
233656,0.5
118336,0.5
196665,0.5
3743,0.5
96645,0.5
171721,0.5
185254,0.5
47528,0.5
56503,0.5
147244,0.5
61855,0.5
41899,0.5
231207,0.5
193272,0.5
2901,0.5
18413,0.5
140995,0.5
241387,0.5
136559,0.5
64582,0.5
215341,0.5
162594,0.5
132692,0.5
147512,0.5
39903,0.5
148589,0.5
178228,0.5
160373,0.5
108062,0.5
84111,0.5
243148,0.5
170515,0.5
2154,0.5
237872,0.5
92504,0.5
40562,0.5
222612,0.5
52365,0.5
38546,0.5
226866,0.5
243764,0.5
90631,0.5
35648,0.5
47440,0.5
66048,0.5
96976,0.5
187195,0.5
100052,0.5
44232,0.5
62511,0.5
196809,0.5
243189,0.5
74354,0.5
71860,0.5
222003,0.5
41788,0.5
105474,0.5
7600,0.5
60731,0.5
182585,0.5
204484,0.5
192522,0.5
220768,0.5
27831,0.5
157217,0.5
123546,0.5
184360,0.5
153544,0.5
119630,0.5
117848,0.5
28312,0.5
147185,0.5
79567,0.5
94192,0.5
175650,0.5
44871,0.5
77101,0.5
156856,0.5
152398,0.5
50639,0.5
222571,0.5
83522,0.5
212089,0.5
235904,0.5
143766,0.5
65944,0.5
131539,0.5
8008,0.5
157671,0.5
164673,0.5
180505,0.5
58019,0.5
150233,0.5
205244,0.5
226345,0.5
71971,0.5
225554,0.5
17304,0.5
193322,0.5
3147,0.5
216013,0.5
174179,0.5
245990,0.5
16718,0.5
234972,0.5
4725,0.5
79453,0.5
99613,0.5
233847,0.5
18484,0.5
195656,0.5
147128,0.5
10574,0.5
222248,0.5
59245,0.5
132082,0.5
7204,0.5
61399,0.5
170822,0.5
111946,0.5
74365,0.5
96860,0.5
202588,0.5
243828,0.5
10751,0.5
30342,0.5
70948,0.5
229655,0.5
31363,0.5
99630,0.5
198777,0.5
102239,0.5
180552,0.5
51111,0.5
186137,0.5
200696,0.5
88129,0.5
227533,0.5
228416,0.5
106480,0.5
46538,0.5
56636,0.5
13539,0.5
130979,0.5
9289,0.5
130283,0.5
151251,0.5
87199,0.5
243621,0.5
234334,0.5
117802,0.5
196690,0.5
94026,0.5
136381,0.5
90482,0.5
181414,0.5
45649,0.5
221508,0.5
231552,0.5
67995,0.5
44671,0.5
126111,0.5
93334,0.5
77877,0.5
47044,0.5
56233,0.5
74690,0.5
141819,0.5
130752,0.5
70500,0.5
13337,0.5
82441,0.5
9678,0.5
193587,0.5
202998,0.5
59516,0.5
195902,0.5
180313,0.5
223059,0.5
35827,0.5
172404,0.5
234161,0.5
113676,0.5
236507,0.5
229956,0.5
165566,0.5
95121,0.5
163411,0.5
170322,0.5
147845,0.5
218313,0.5
245390,0.5
223368,0.5
153144,0.5
142590,0.5
36124,0.5
195172,0.5
11440,0.5
157886,0.5
2211,0.5
8162,0.5
122630,0.5
40233,0.5
154250,0.5
79770,0.5
103414,0.5
68513,0.5
108629,0.5
158018,0.5
24183,0.5
227264,0.5
66450,0.5
63615,0.5
21813,0.5
79860,0.5
184905,0.5
198278,0.5
130419,0.5
110092,0.5
9611,0.5
179354,0.5
249743,0.5
28127,0.5
200281,0.5
172739,0.5
68438,0.5
230322,0.5
20928,0.5
99975,0.5
201743,0.5
4147,0.5
147473,0.5
119592,0.5
214204,0.5
38960,0.5
14735,0.5
210154,0.5
32368,0.5
90403,0.5
46955,0.5
228377,0.5
181917,0.5
133045,0.5
35858,0.5
108371,0.5
18049,0.5
191581,0.5
207815,0.5
191743,0.5
142708,0.5
49291,0.5
26032,0.5
84669,0.5
49691,0.5
3020,0.5
195585,0.5
81482,0.5
144892,0.5
199849,0.5
42849,0.5
37488,0.5
548,0.5
197671,0.5
25867,0.5
153950,0.5
97223,0.5
175502,0.5
90181,0.5
174288,0.5
155685,0.5
44762,0.5
85221,0.5
5086,0.5
132325,0.5
72928,0.5
165560,0.5
95107,0.5
176553,0.5
249973,0.5
133335,0.5
21597,0.5
121894,0.5
86400,0.5
136587,0.5
146044,0.5
165683,0.5
176796,0.5
50832,0.5
70713,0.5
114697,0.5
81329,0.5
10582,0.5
28621,0.5
27968,0.5
104563,0.5
184977,0.5
141113,0.5
197693,0.5
115388,0.5
108592,0.5
90805,0.5
156402,0.5
233975,0.5
190611,0.5
87688,0.5
234309,0.5
176192,0.5
171184,0.5
125413,0.5
249969,0.5
212414,0.5
302,0.5
80478,0.5
72984,0.5
209871,0.5
164187,0.5
83350,0.5
125749,0.5
97503,0.5
81511,0.5
145362,0.5
159242,0.5
42766,0.5
183272,0.5
25803,0.5
120221,0.5
30248,0.5
146624,0.5
231076,0.5
20969,0.5
46866,0.5
118537,0.5
232273,0.5
95196,0.5
112064,0.5
240747,0.5
243286,0.5
82552,0.5
24778,0.5
239016,0.5
127679,0.5
128112,0.5
62416,0.5
163869,0.5
92883,0.5
114535,0.5
154627,0.5
238552,0.5
17487,0.5
26694,0.5
135575,0.5
219487,0.5
157430,0.5
118381,0.5
162791,0.5
141932,0.5
111331,0.5
238017,0.5
173223,0.5
117782,0.5
113366,0.5
42091,0.5
182392,0.5
69335,0.5
97445,0.5
163730,0.5
241855,0.5
7753,0.5
154464,0.5
154516,0.5
72034,0.5
151749,0.5
147762,0.5
141251,0.5
156725,0.5
167013,0.5
38611,0.5
120991,0.5
91,0.5
178013,0.5
51477,0.5
241193,0.5
160617,0.5
228993,0.5
13093,0.5
46043,0.5
233946,0.5
165377,0.5
157513,0.5
99894,0.5
135800,0.5
49124,0.5
112456,0.5
213376,0.5
70143,0.5
145222,0.5
212510,0.5
214151,0.5
239803,0.5
169588,0.5
199349,0.5
164390,0.5
136634,0.5
116395,0.5
201899,0.5
70221,0.5
2187,0.5
151135,0.5
20943,0.5
89929,0.5
172920,0.5
93839,0.5
205450,0.5
119702,0.5
151182,0.5
162979,0.5
221300,0.5
33763,0.5
112932,0.5
133789,0.5
1886,0.5
95156,0.5
80792,0.5
121741,0.5
157635,0.5
184250,0.5
191440,0.5
71039,0.5
30804,0.5
214839,0.5
25898,0.5
139161,0.5
90285,0.5
121837,0.5
22486,0.5
21485,0.5
202645,0.5
103745,0.5
81926,0.5
209792,0.5
64050,0.5
155348,0.5
50469,0.5
30467,0.5
211930,0.5
54725,0.5
64076,0.5
53704,0.5
164821,0.5
86148,0.5
80813,0.5
237276,0.5
234389,0.5
186424,0.5
524,0.5
223661,0.5
14654,0.5
59939,0.5
80983,0.5
54186,0.5
28418,0.5
26214,0.5
230206,0.5
212589,0.5
13868,0.5
56026,0.5
119628,0.5
130269,0.5
12928,0.5
105728,0.5
138391,0.5
98539,0.5
31945,0.5
130488,0.5
190200,0.5
221198,0.5
57231,0.5
167041,0.5
231040,0.5
25721,0.5
218840,0.5
192725,0.5
12230,0.5
115707,0.5
147175,0.5
38533,0.5
181748,0.5
140702,0.5
71517,0.5
161666,0.5
125381,0.5
205396,0.5
95986,0.5
7175,0.5
80508,0.5
101508,0.5
8491,0.5
187965,0.5
130004,0.5
132081,0.5
155386,0.5
161653,0.5
172084,0.5
20086,0.5
109815,0.5
158836,0.5
16241,0.5
36579,0.5
112844,0.5
173342,0.5
111397,0.5
83355,0.5
204749,0.5
38876,0.5
209103,0.5
135264,0.5
175145,0.5
146071,0.5
163150,0.5
82765,0.5
79380,0.5
57756,0.5
186022,0.5
213984,0.5
37896,0.5
91025,0.5
191098,0.5
220738,0.5
120913,0.5
145644,0.5
189202,0.5
182846,0.5
62151,0.5
64383,0.5
24002,0.5
16739,0.5
236066,0.5
130691,0.5
162866,0.5
228515,0.5
220517,0.5
105960,0.5
2214,0.5
161456,0.5
143016,0.5
248656,0.5
195086,0.5
101013,0.5
129874,0.5
98076,0.5
227793,0.5
138959,0.5
70155,0.5
80274,0.5
83890,0.5
226728,0.5
4119,0.5
38599,0.5
128523,0.5
65006,0.5
163825,0.5
194080,0.5
229254,0.5
153283,0.5
123951,0.5
91861,0.5
182915,0.5
230556,0.5
229989,0.5
183732,0.5
50762,0.5
245473,0.5
68658,0.5
43776,0.5
102964,0.5
88775,0.5
168762,0.5
92606,0.5
112178,0.5
249487,0.5
30080,0.5
158269,0.5
25422,0.5
67224,0.5
31643,0.5
241970,0.5
62582,0.5
6026,0.5
217598,0.5
150804,0.5
45824,0.5
61204,0.5
198439,0.5
51291,0.5
6814,0.5
238977,0.5
74878,0.5
127274,0.5
246932,0.5
12351,0.5
198038,0.5
221801,0.5
154610,0.5
101809,0.5
53918,0.5
8059,0.5
27336,0.5
208731,0.5
168078,0.5
20288,0.5
144910,0.5
61392,0.5
51825,0.5
55760,0.5
168707,0.5
118343,0.5
197995,0.5
152681,0.5
38775,0.5
133999,0.5
221374,0.5
97704,0.5
182326,0.5
132088,0.5
176526,0.5
142676,0.5
197241,0.5
25610,0.5
6664,0.5
160041,0.5
33353,0.5
99450,0.5
58787,0.5
54595,0.5
31285,0.5
118986,0.5
212881,0.5
144903,0.5
2391,0.5
18132,0.5
237212,0.5
144119,0.5
8187,0.5
85281,0.5
149808,0.5
165470,0.5
132688,0.5
63814,0.5
76026,0.5
16585,0.5
42585,0.5
164718,0.5
107808,0.5
103272,0.5
37951,0.5
50137,0.5
74087,0.5
242678,0.5
206108,0.5
156478,0.5
83066,0.5
103025,0.5
228046,0.5
68986,0.5
120365,0.5
229238,0.5
52249,0.5
92336,0.5
194238,0.5
168180,0.5
179257,0.5
140040,0.5
159146,0.5
2838,0.5
149387,0.5
28118,0.5
25734,0.5
248876,0.5
167300,0.5
68768,0.5
109889,0.5
111639,0.5
41280,0.5
208053,0.5
178813,0.5
225439,0.5
4198,0.5
158845,0.5
174726,0.5
141166,0.5
21698,0.5
160072,0.5
26237,0.5
90315,0.5
106395,0.5
149014,0.5
60246,0.5
166346,0.5
83032,0.5
13673,0.5
117458,0.5
128644,0.5
159963,0.5
71736,0.5
246326,0.5
97431,0.5
159175,0.5
40816,0.5
182041,0.5
154114,0.5
117121,0.5
236967,0.5
71289,0.5
183021,0.5
71690,0.5
39040,0.5
97749,0.5
6380,0.5
112406,0.5
5720,0.5
70421,0.5
70812,0.5
4,0.5
60280,0.5
175204,0.5
45534,0.5
196432,0.5
156623,0.5
116546,0.5
135835,0.5
129656,0.5
106233,0.5
196944,0.5
202463,0.5
166747,0.5
135404,0.5
214012,0.5
73330,0.5
14902,0.5
239899,0.5
48015,0.5
208600,0.5
104757,0.5
39595,0.5
99074,0.5
153059,0.5
49674,0.5
94339,0.5
227909,0.5
27018,0.5
167239,0.5
58800,0.5
224336,0.5
199479,0.5
148918,0.5
96778,0.5
247427,0.5
37576,0.5
147381,0.5
142709,0.5
201719,0.5
205214,0.5
61996,0.5
167384,0.5
63191,0.5
114349,0.5
22525,0.5
126263,0.5
30516,0.5
103759,0.5
159223,0.5
59387,0.5
248517,0.5
221390,0.5
45867,0.5
230750,0.5
245790,0.5
92029,0.5
200339,0.5
225072,0.5
119287,0.5
40519,0.5
224724,0.5
204790,0.5
22745,0.5
224540,0.5
34362,0.5
23784,0.5
64848,0.5
15936,0.5
29955,0.5
134593,0.5
240635,0.5
2254,0.5
160050,0.5
124856,0.5
129586,0.5
130998,0.5
105636,0.5
49538,0.5
47596,0.5
72320,0.5
169038,0.5
24257,0.5
49946,0.5
192093,0.5
55265,0.5
46064,0.5
76352,0.5
71633,0.5
119990,0.5
244097,0.5
30318,0.5
137277,0.5
241204,0.5
177856,0.5
684,0.5
121196,0.5
239235,0.5
4073,0.5
206623,0.5
225536,0.5
50509,0.5
215263,0.5
182703,0.5
200404,0.5
241307,0.5
75014,0.5
107455,0.5
129332,0.5
149226,0.5
242680,0.5
76997,0.5
116455,0.5
151972,0.5
246328,0.5
23156,0.5
207258,0.5
55471,0.5
87106,0.5
86734,0.5
214398,0.5
20955,0.5
82306,0.5
167044,0.5
107891,0.5
26610,0.5
95237,0.5
162447,0.5
176604,0.5
111514,0.5
15601,0.5
70745,0.5
186537,0.5
223025,0.5
2167,0.5
161065,0.5
219821,0.5
230256,0.5
48229,0.5
84030,0.5
183535,0.5
189836,0.5
51657,0.5
159400,0.5
183729,0.5
167874,0.5
147022,0.5
32072,0.5
181145,0.5
216398,0.5
164698,0.5
237203,0.5
116038,0.5
75685,0.5
189181,0.5
33021,0.5
200387,0.5
157394,0.5
67531,0.5
32736,0.5
196954,0.5
167963,0.5
171827,0.5
136852,0.5
196062,0.5
138836,0.5
227792,0.5
249780,0.5
166566,0.5
85910,0.5
106529,0.5
24679,0.5
78449,0.5
61963,0.5
120528,0.5
247399,0.5
209455,0.5
98905,0.5
27352,0.5
164351,0.5
177609,0.5
118593,0.5
76871,0.5
232478,0.5
101869,0.5
106042,0.5
145809,0.5
135347,0.5
168093,0.5
232676,0.5
241152,0.5
172624,0.5
212999,0.5
225501,0.5
185043,0.5
174389,0.5
209222,0.5
56687,0.5
34287,0.5
208366,0.5
201953,0.5
45780,0.5
148344,0.5
185344,0.5
211112,0.5
91220,0.5
88317,0.5
151748,0.5
219080,0.5
182695,0.5
228066,0.5
10131,0.5
173937,0.5
33425,0.5
105009,0.5
54788,0.5
198973,0.5
42451,0.5
156590,0.5
165909,0.5
82194,0.5
23446,0.5
123721,0.5
67053,0.5
133826,0.5
157116,0.5
147697,0.5
171758,0.5
156870,0.5
223122,0.5
178918,0.5
72009,0.5
213148,0.5
144759,0.5
171342,0.5
104716,0.5
199845,0.5
17649,0.5
92811,0.5
136584,0.5
120973,0.5
74792,0.5
51620,0.5
137421,0.5
15411,0.5
44432,0.5
168612,0.5
110651,0.5
170374,0.5
29685,0.5
69684,0.5
157873,0.5
234685,0.5
40445,0.5
81806,0.5
180144,0.5
184632,0.5
134446,0.5
45970,0.5
204191,0.5
156202,0.5
113323,0.5
153906,0.5
199208,0.5
115471,0.5
40372,0.5
196265,0.5
26683,0.5
226478,0.5
28550,0.5
135560,0.5
4237,0.5
100717,0.5
35998,0.5
149550,0.5
234080,0.5
71575,0.5
8440,0.5
155734,0.5
164870,0.5
59527,0.5
18703,0.5
226090,0.5
22892,0.5
57492,0.5
225504,0.5
181206,0.5
143693,0.5
131610,0.5
155574,0.5
217291,0.5
55170,0.5
239769,0.5
139182,0.5
182643,0.5
580,0.5
28519,0.5
234359,0.5
31052,0.5
245093,0.5
57145,0.5
26762,0.5
200033,0.5
195972,0.5
161830,0.5
110529,0.5
237655,0.5
177071,0.5
198393,0.5
201692,0.5
131066,0.5
137573,0.5
90010,0.5
225927,0.5
177532,0.5
168944,0.5
40385,0.5
76371,0.5
78361,0.5
66327,0.5
227602,0.5
118014,0.5
232883,0.5
9560,0.5
129200,0.5
170483,0.5
195991,0.5
77022,0.5
238679,0.5
98825,0.5
188859,0.5
226464,0.5
226389,0.5
17857,0.5
47246,0.5
111672,0.5
130745,0.5
193123,0.5
230375,0.5
220855,0.5
36331,0.5
4801,0.5
224219,0.5
170066,0.5
225951,0.5
107518,0.5
127086,0.5
143833,0.5
157346,0.5
191517,0.5
238263,0.5
26508,0.5
112084,0.5
232472,0.5
118231,0.5
136164,0.5
226910,0.5
134856,0.5
186301,0.5
18733,0.5
68043,0.5
168434,0.5
203684,0.5
135992,0.5
61828,0.5
104418,0.5
44863,0.5
53025,0.5
105933,0.5
143006,0.5
62025,0.5
23070,0.5
146511,0.5
182711,0.5
162516,0.5
8332,0.5
179985,0.5
110645,0.5
239383,0.5
221977,0.5
155397,0.5
208212,0.5
234833,0.5
11478,0.5
168680,0.5
163532,0.5
4730,0.5
93278,0.5
148670,0.5
137740,0.5
5290,0.5
93913,0.5
133806,0.5
18189,0.5
43195,0.5
183286,0.5
197196,0.5
206935,0.5
84144,0.5
55351,0.5
80901,0.5
237812,0.5
76800,0.5
136732,0.5
49776,0.5
209095,0.5
24798,0.5
87401,0.5
118234,0.5
49189,0.5
148985,0.5
243574,0.5
182044,0.5
113992,0.5
15885,0.5
147744,0.5
45098,0.5
77956,0.5
231152,0.5
138073,0.5
146979,0.5
21738,0.5
98252,0.5
116777,0.5
141396,0.5
36663,0.5
239877,0.5
239358,0.5
131248,0.5
124479,0.5
73562,0.5
167016,0.5
148829,0.5
161129,0.5
45941,0.5
11836,0.5
57654,0.5
104278,0.5
55321,0.5
168081,0.5
183796,0.5
17177,0.5
202220,0.5
150113,0.5
180882,0.5
201618,0.5
7963,0.5
10022,0.5
187721,0.5
164752,0.5
146670,0.5
65256,0.5
107894,0.5
26599,0.5
184295,0.5
140182,0.5
148407,0.5
132283,0.5
88175,0.5
177643,0.5
128689,0.5
19657,0.5
8082,0.5
169333,0.5
188263,0.5
200947,0.5
75785,0.5
210944,0.5
99966,0.5
138693,0.5
34388,0.5
36360,0.5
217667,0.5
26941,0.5
85240,0.5
54008,0.5
189292,0.5
145167,0.5
152577,0.5
222657,0.5
17914,0.5
189297,0.5
25770,0.5
17031,0.5
194205,0.5
19918,0.5
223171,0.5
234705,0.5
222817,0.5
164906,0.5
93409,0.5
110450,0.5
151328,0.5
223568,0.5
84397,0.5
194838,0.5
118979,0.5
215295,0.5
16830,0.5
63481,0.5
113896,0.5
4212,0.5
8434,0.5
38739,0.5
227890,0.5
94696,0.5
155633,0.5
117635,0.5
165171,0.5
111443,0.5
222927,0.5
216265,0.5
97312,0.5
26543,0.5
21703,0.5
104436,0.5
212182,0.5
244583,0.5
44744,0.5
249339,0.5
191243,0.5
6315,0.5
236698,0.5
157106,0.5
192870,0.5
18113,0.5
70083,0.5
121361,0.5
27208,0.5
101184,0.5
223196,0.5
177831,0.5
207244,0.5
202382,0.5
93105,0.5
239469,0.5
196496,0.5
34081,0.5
122544,0.5
138313,0.5
74210,0.5
30337,0.5
57804,0.5
100467,0.5
229960,0.5
157005,0.5
73894,0.5
74213,0.5
242563,0.5
28727,0.5
87313,0.5
15931,0.5
8161,0.5
298,0.5
199991,0.5
111505,0.5
215953,0.5
167763,0.5
25414,0.5
153773,0.5
202630,0.5
34938,0.5
44306,0.5
186436,0.5
80782,0.5
125601,0.5
187579,0.5
92193,0.5
138974,0.5
38688,0.5
121064,0.5
51622,0.5
1983,0.5
156423,0.5
174714,0.5
61653,0.5
130607,0.5
12684,0.5
189632,0.5
19087,0.5
111483,0.5
160273,0.5
91712,0.5
39713,0.5
224378,0.5
108107,0.5
75307,0.5
235828,0.5
151716,0.5
154801,0.5
34536,0.5
51290,0.5
53374,0.5
118575,0.5
114105,0.5
128410,0.5
74381,0.5
171360,0.5
52468,0.5
185116,0.5
120929,0.5
168385,0.5
242066,0.5
216055,0.5
159212,0.5
20230,0.5
206921,0.5
138466,0.5
138956,0.5
45114,0.5
166521,0.5
24652,0.5
219369,0.5
102077,0.5
25029,0.5
117993,0.5
44372,0.5
127226,0.5
79916,0.5
204674,0.5
231879,0.5
93892,0.5
119251,0.5
97281,0.5
220948,0.5
179025,0.5
92620,0.5
22833,0.5
40847,0.5
219726,0.5
244945,0.5
85086,0.5
49894,0.5
71790,0.5
168640,0.5
224728,0.5
72840,0.5
8496,0.5
30939,0.5
128901,0.5
132434,0.5
174035,0.5
234969,0.5
218030,0.5
68212,0.5
93398,0.5
227913,0.5
129490,0.5
